game_date,pitcher,pitcher,batter,home_team,away_team,inning,outs_when_up,balls,strikes,pitch_type,pitch_type,p_throws,p_throws,type,des,release_speed,release_speed,pfx_x,pfx_x,pfx_z,pfx_z,release_spin_rate,release_spin_rate,spin_axis,spin_axis,release_extension,release_extension,release_pos_x,release_pos_x,release_pos_z,release_pos_z,cluster_id,cluster_size,distance_to_cluster,dominant_pitch_type_in_cluster,cluster_release_speed,cluster_HB,cluster_IVB,member_clusters,n_memberships
2025-09-15,680730,680730,686948,WSH,ATL,6,0,1,2,CU,CU,L,L,X,Drake Baldwin singles on a ground ball to right fielder Dylan Crews. Ha-Seong Kim scores.,79.8,79.8,-0.08,0.08,-0.63,-0.63,2254.0,2254.0,331.0,29.0,6.8,6.8,1.47,-1.47,6.38,6.38,cube65_cluster2,4,1.1144718658586235,CU,77.46691308243727,-3.8291129032258064,-11.446518817204302,cube58_cluster0;cube65_cluster0;cube66_cluster0,3
2025-09-15,680730,680730,686948,WSH,ATL,6,0,1,2,FF,FF,L,L,S,,92.5,92.5,0.33,-0.33,1.58,1.58,2097.0,2097.0,169.0,191.0,6.8,6.8,0.9,-0.9,6.45,6.45,cube22_cluster0,44,2.1048572090632742,FC,88.82845332305666,-1.3474977477043035,9.056608779489569,cube12_cluster0;cube13_cluster0;cube3_cluster0;cube4_cluster0,4
2025-09-15,683004,683004,665161,HOU,TEX,7,2,1,1,SL,SL,R,R,X,Jeremy Peña doubles (29) on a line drive to center fielder Michael Helman. Jesús Sánchez scores.,85.9,85.9,0.59,0.59,0.13,0.13,2367.0,2367.0,154.0,154.0,6.6,6.6,-1.19,-1.19,5.87,5.87,cube43_cluster0,144,0.9273753015486863,SL,87.05264300971788,-4.004743073818654,3.6350863620861684,cube43_cluster0,1
2025-09-15,683004,683004,665161,HOU,TEX,7,2,0,1,CH,CH,R,R,B,,90.4,90.4,-1.05,-1.05,0.67,0.67,1338.0,1338.0,218.0,218.0,6.9,6.9,-1.02,-1.02,5.76,5.76,cube3_cluster0,268,1.9948877813839736,CH,89.73428321085365,11.536857891248982,10.613841731058852,cube4_cluster0,1
2025-09-15,680730,680730,686948,WSH,ATL,6,0,0,2,FF,FF,L,L,B,,92.8,92.8,0.23,-0.23,1.57,1.57,2084.0,2084.0,172.0,188.0,6.7,6.7,0.84,-0.84,6.54,6.54,cube22_cluster0,44,2.0751909232336585,FC,88.82845332305666,-1.3474977477043035,9.056608779489569,cube12_cluster0;cube13_cluster0;cube3_cluster0;cube4_cluster0,4
2025-09-15,683004,683004,665161,HOU,TEX,7,2,0,0,SL,SL,R,R,S,,86.3,86.3,0.49,0.49,-0.1,-0.1,2517.0,2517.0,129.0,129.0,6.6,6.6,-1.23,-1.23,5.89,5.89,cube51_cluster0,138,0.9453453300628033,SL,86.5599691183964,-4.203859573250014,1.5652746114364327,cube51_cluster0,1
2025-09-15,680730,680730,686948,WSH,ATL,6,0,0,1,FF,FF,L,L,S,,91.9,91.9,0.85,-0.85,1.51,1.51,2084.0,2084.0,171.0,189.0,6.6,6.6,0.55,-0.55,6.58,6.58,cube3_cluster0,268,2.191014215679224,CH,89.73428321085365,11.536857891248982,10.613841731058852,cube3_cluster0,1
2025-09-15,683004,683004,660821,HOU,TEX,7,2,3,0,FF,FF,R,R,X,Jesús Sánchez doubles (21) on a fly ball to left fielder Wyatt Langford.,96.1,96.1,-0.83,-0.83,1.23,1.23,2430.0,2430.0,219.0,219.0,6.8,6.8,-1.33,-1.33,5.58,5.58,cube5_cluster0,516,1.429290545617866,FF,94.26601183041208,12.58960465467938,11.873748452415477,cube13_cluster0;cube14_cluster0;cube4_cluster0;cube5_cluster0,4
2025-09-15,680730,680730,686948,WSH,ATL,6,0,0,0,CU,CU,L,L,S,,79.9,79.9,0.07,-0.07,-0.63,-0.63,2365.0,2365.0,334.0,26.0,6.9,6.9,1.72,-1.72,6.28,6.28,cube65_cluster2,4,1.249207761480744,CU,77.46691308243727,-3.8291129032258064,-11.446518817204302,cube58_cluster0;cube66_cluster0,2
2025-09-15,683004,683004,660821,HOU,TEX,7,2,2,0,FF,FF,R,R,B,,96.4,96.4,-0.87,-0.87,1.24,1.24,2450.0,2450.0,219.0,219.0,6.8,6.8,-1.34,-1.34,5.62,5.62,cube5_cluster0,516,1.438705035221485,FF,94.26601183041208,12.58960465467938,11.873748452415477,cube13_cluster0;cube14_cluster0;cube4_cluster0;cube5_cluster0,4
2025-09-15,680730,680730,673490,WSH,ATL,6,0,2,2,CU,CU,L,L,X,Ha-Seong Kim doubles (4) on a sharp line drive to left fielder James Wood.,79.0,79.0,0.04,-0.04,-0.65,-0.65,2311.0,2311.0,341.0,19.0,6.7,6.7,1.22,-1.22,6.38,6.38,cube65_cluster2,4,1.2494210972742985,CU,77.46691308243727,-3.8291129032258064,-11.446518817204302,cube65_cluster0;cube66_cluster0,2
2025-09-15,683004,683004,660821,HOU,TEX,7,2,1,0,CH,CH,R,R,B,,88.2,88.2,-0.76,-0.76,0.47,0.47,1295.0,1295.0,226.0,226.0,6.4,6.4,-1.27,-1.27,5.77,5.77,cube12_cluster0,316,1.6721206799420083,CH,89.01009096911115,10.260232782391817,9.292479855944606,cube12_cluster0;cube13_cluster0;cube3_cluster0;cube4_cluster0,4
2025-09-15,680730,680730,673490,WSH,ATL,6,0,2,2,FF,FF,L,L,S,,92.5,92.5,0.65,-0.65,1.55,1.55,2066.0,2066.0,166.0,194.0,6.8,6.8,0.85,-0.85,6.49,6.49,cube3_cluster0,268,2.0761401294145787,CH,89.73428321085365,11.536857891248982,10.613841731058852,cube3_cluster0;cube4_cluster0,2
2025-09-15,680730,680730,673490,WSH,ATL,6,0,2,2,FF,FF,L,L,S,,93.5,93.5,0.51,-0.51,1.83,1.83,2240.0,2240.0,169.0,191.0,6.9,6.9,0.75,-0.75,6.47,6.47,cube22_cluster0,44,2.549989162328387,FC,88.82845332305666,-1.3474977477043035,9.056608779489569,cube3_cluster0;cube4_cluster0,2
2025-09-15,683004,683004,660821,HOU,TEX,7,2,0,0,CH,CH,R,R,B,,89.7,89.7,-1.35,-1.35,0.08,0.08,1406.0,1406.0,233.0,233.0,6.4,6.4,-1.24,-1.24,5.74,5.74,cube12_cluster0,316,1.8546452747863877,CH,89.01009096911115,10.260232782391817,9.292479855944606,cube12_cluster0;cube13_cluster0;cube3_cluster0;cube4_cluster0,4
2025-09-15,668678,668678,646240,AZ,SF,6,2,1,0,FF,FF,R,R,X,"Rafael Devers grounds out sharply, shortstop Geraldo Perdomo to first baseman Ildemaro Vargas.",94.4,94.4,-0.24,-0.24,1.22,1.22,2199.0,2199.0,208.0,208.0,6.6,6.6,-3.01,-3.01,5.84,5.84,cube6_cluster3,4,1.482182290150512,FF,96.83250199133,9.898196859286852,14.591325902230212,cube13_cluster0;cube14_cluster0,2
2025-09-15,675911,675911,686611,WSH,ATL,7,2,1,0,FF,FF,R,R,X,Dylan Crews flies out to right fielder Ronald Acuña Jr.,95.3,95.3,-0.95,-0.95,1.22,1.22,2384.0,2384.0,214.0,214.0,7.0,7.0,-1.58,-1.58,5.9,5.9,cube4_cluster0,983,1.3811612523014298,FF,92.73799323851703,11.87678282989603,11.880818729937886,cube13_cluster0;cube14_cluster0;cube4_cluster0;cube5_cluster0,4
2025-09-15,668678,668678,646240,AZ,SF,6,2,0,0,FF,FF,R,R,B,,93.8,93.8,-0.33,-0.33,1.16,1.16,2240.0,2240.0,202.0,202.0,6.6,6.6,-3.13,-3.13,5.93,5.93,cube6_cluster3,4,1.6004510021265221,FF,96.83250199133,9.898196859286852,14.591325902230212,cube13_cluster0;cube14_cluster0,2
2025-09-15,683004,683004,673237,HOU,TEX,7,1,1,0,FF,FF,R,R,X,Yainer Diaz flies out sharply to center fielder Michael Helman.,96.0,96.0,-0.57,-0.57,1.43,1.43,2419.0,2419.0,207.0,207.0,6.7,6.7,-1.08,-1.08,5.68,5.68,cube4_cluster0,983,1.7084584401407905,FF,92.73799323851703,11.87678282989603,11.880818729937886,cube13_cluster0;cube14_cluster0;cube4_cluster0;cube5_cluster0,4
2025-09-15,607074,607074,670242,MIN,NYY,6,1,1,2,FF,FF,L,L,S,"Yankees challenged (tag play), call on the field was overturned: Matt Wallner strikes out swinging and Luke Keaschall caught stealing 2nd, catcher Austin Wells to shortstop José Caballero to catcher Austin Wells.",96.2,96.2,0.72,-0.72,1.53,1.53,2368.0,2368.0,142.0,218.0,6.1,6.1,1.98,-1.98,6.43,6.43,cube4_cluster0,983,1.7056718329389897,FF,92.73799323851703,11.87678282989603,11.880818729937886,cube4_cluster0,1
2025-09-15,675911,675911,686611,WSH,ATL,7,2,0,0,FF,FF,R,R,B,,96.2,96.2,-0.59,-0.59,1.36,1.36,2335.0,2335.0,206.0,206.0,7.1,7.1,-1.65,-1.65,5.88,5.88,cube5_cluster0,516,1.609556475133662,FF,94.26601183041208,12.58960465467938,11.873748452415477,cube13_cluster0;cube14_cluster0;cube4_cluster0;cube5_cluster0,4
2025-09-15,680730,680730,673490,WSH,ATL,6,0,2,2,FF,FF,L,L,S,,92.4,92.4,0.62,-0.62,1.66,1.66,2116.0,2116.0,170.0,190.0,6.7,6.7,1.01,-1.01,6.48,6.48,cube3_cluster0,268,2.0644818228943995,CH,89.73428321085365,11.536857891248982,10.613841731058852,cube3_cluster0;cube4_cluster0,2
2025-09-15,668678,668678,642715,AZ,SF,6,1,3,1,CH,CH,R,R,X,"Willy Adames grounds out, third baseman Blaze Alexander to first baseman Ildemaro Vargas.",85.2,85.2,-0.93,-0.93,0.34,0.34,1485.0,1485.0,222.0,222.0,6.6,6.6,-3.27,-3.27,5.71,5.71,cube5_cluster1,6,2.2588340335379136,FF,89.65810794305177,14.773047413912295,10.026197271838102,cube13_cluster0,1
2025-09-15,683004,683004,673237,HOU,TEX,7,1,0,0,SL,SL,R,R,B,,86.5,86.5,0.5,0.5,0.09,0.09,2570.0,2570.0,169.0,169.0,6.7,6.7,-1.15,-1.15,5.79,5.79,cube43_cluster0,144,1.1947397186289443,SL,87.05264300971788,-4.004743073818654,3.6350863620861684,cube43_cluster0,1
2025-09-15,607074,607074,670242,MIN,NYY,6,1,1,2,SL,SL,L,L,S,,88.2,88.2,-0.44,0.44,0.0,0.0,2735.0,2735.0,303.0,57.0,5.9,5.9,2.43,-2.43,6.11,6.11,cube66_cluster0,381,1.5559350539864965,ST,82.47698152646831,-10.124080234445362,-2.88332382968971,cube58_cluster0;cube66_cluster0,2
2025-09-15,675911,675911,657557,WSH,ATL,7,1,1,2,FF,FF,R,R,S,Paul DeJong strikes out swinging.,96.2,96.2,-0.85,-0.85,1.35,1.35,2228.0,2228.0,209.0,209.0,6.9,6.9,-1.76,-1.76,5.94,5.94,cube4_cluster0,983,1.202859000365361,FF,92.73799323851703,11.87678282989603,11.880818729937886,cube4_cluster0;cube5_cluster0,2
2025-09-15,686218,686218,805249,LAD,PHI,7,0,3,1,FF,FF,R,R,X,Otto Kemp hits a ground-rule double (11) on a fly ball down the left-field line.,94.0,94.0,-0.85,-0.85,1.41,1.41,2380.0,2380.0,208.0,208.0,6.6,6.6,-1.02,-1.02,5.47,5.47,cube4_cluster0,983,1.6986055249384482,FF,92.73799323851703,11.87678282989603,11.880818729937886,cube13_cluster0;cube14_cluster0;cube4_cluster0;cube5_cluster0,4
2025-09-15,680730,680730,673490,WSH,ATL,6,0,1,2,FF,FF,L,L,B,,93.4,93.4,0.54,-0.54,1.57,1.57,2146.0,2146.0,172.0,188.0,6.9,6.9,0.81,-0.81,6.46,6.46,cube22_cluster0,44,2.3359355288905443,FC,88.82845332305666,-1.3474977477043035,9.056608779489569,cube12_cluster0;cube13_cluster0;cube3_cluster0;cube4_cluster0,4
2025-09-15,668678,668678,642715,AZ,SF,6,1,2,1,KC,KC,R,R,B,,80.9,80.9,0.38,0.38,-1.13,-1.13,2382.0,2382.0,35.0,35.0,6.6,6.6,-2.97,-2.97,5.94,5.94,cube67_cluster2,6,1.8591051012600577,CU,83.11739876493539,-8.352412707608828,-11.699528597119054,cube73_cluster0;cube74_cluster0,2
2025-09-15,680730,680730,673490,WSH,ATL,6,0,1,2,SL,SL,L,L,S,,85.2,85.2,-0.29,0.29,0.51,0.51,2385.0,2385.0,308.0,52.0,6.9,6.9,1.76,-1.76,5.98,5.98,cube58_cluster0,194,1.3976436440094815,SL,84.5104961347656,-6.359862250696315,0.3949475543105161,cube58_cluster0,1
2025-09-15,607074,607074,670242,MIN,NYY,6,1,1,2,FF,FF,L,L,S,,95.8,95.8,0.98,-0.98,1.3,1.3,2406.0,2406.0,141.0,219.0,6.2,6.2,1.93,-1.93,6.37,6.37,cube4_cluster0,983,1.4217930768380578,FF,92.73799323851703,11.87678282989603,11.880818729937886,cube4_cluster0,1
2025-09-15,686218,686218,805249,LAD,PHI,7,0,3,0,FF,FF,R,R,S,,93.1,93.1,-1.02,-1.02,1.29,1.29,2406.0,2406.0,206.0,206.0,6.7,6.7,-1.11,-1.11,5.46,5.46,cube4_cluster0,983,1.6452791601032022,FF,92.73799323851703,11.87678282989603,11.880818729937886,cube13_cluster0;cube14_cluster0;cube4_cluster0;cube5_cluster0,4
2025-09-15,675911,675911,657557,WSH,ATL,7,1,1,1,CU,CU,R,R,S,,74.2,74.2,0.79,0.79,-0.77,-0.77,2570.0,2570.0,59.0,59.0,6.6,6.6,-1.98,-1.98,5.96,5.96,cube73_cluster0,327,1.07486594460779,CU,80.47699441108988,-11.55224395022119,-8.074074661318553,cube73_cluster0,1
2025-09-15,683004,683004,605170,HOU,TEX,7,0,1,1,CH,CH,R,R,X,"Victor Caratini grounds out, second baseman Cody Freeman to first baseman Jake Burger.",89.6,89.6,-1.33,-1.33,0.21,0.21,1562.0,1562.0,236.0,236.0,6.5,6.5,-1.33,-1.33,5.72,5.72,cube12_cluster0,316,1.609705443985024,CH,89.01009096911115,10.260232782391817,9.292479855944606,cube13_cluster0;cube4_cluster0,2
2025-09-15,607074,607074,670242,MIN,NYY,6,1,1,1,SI,SI,L,L,S,,93.1,93.1,1.26,-1.26,0.52,0.52,2317.0,2317.0,131.0,229.0,6.3,6.3,2.26,-2.26,6.17,6.17,cube13_cluster0,1173,1.241735658836896,FF,91.32597348809763,10.933560927718538,9.887490835989844,cube13_cluster0,1
2025-09-15,668678,668678,642715,AZ,SF,6,1,2,0,KC,KC,R,R,S,,78.9,78.9,0.62,0.62,-1.2,-1.2,2421.0,2421.0,40.0,40.0,6.5,6.5,-3.13,-3.13,5.89,5.89,cube67_cluster3,1,1.827291216365513,SL,78.67358490566038,-15.561509433962266,-4.000754716981133,cube73_cluster0;cube74_cluster0,2
2025-09-15,680573,680573,519317,MIN,NYY,6,2,3,2,FF,FF,R,R,S,Giancarlo Stanton strikes out swinging.,95.3,95.3,-0.34,-0.34,1.5,1.5,2159.0,2159.0,190.0,190.0,7.0,7.0,-1.07,-1.07,6.42,6.42,cube22_cluster0,44,2.2843469763929605,FC,88.82845332305666,-1.3474977477043035,9.056608779489569,cube13_cluster0;cube4_cluster0,2
2025-09-15,686218,686218,805249,LAD,PHI,7,0,2,0,FF,FF,R,R,B,,93.2,93.2,-0.93,-0.93,1.36,1.36,2408.0,2408.0,210.0,210.0,6.8,6.8,-1.09,-1.09,5.44,5.44,cube4_cluster0,983,1.754959130453924,FF,92.73799323851703,11.87678282989603,11.880818729937886,cube13_cluster0;cube14_cluster0;cube4_cluster0;cube5_cluster0,4
2025-09-15,680730,680730,673490,WSH,ATL,6,0,1,2,SL,SL,L,L,S,,83.9,83.9,-0.4,0.4,0.33,0.33,2150.0,2150.0,300.0,60.0,6.7,6.7,1.92,-1.92,6.04,6.04,cube58_cluster0,194,1.2119245542212271,SL,84.5104961347656,-6.359862250696315,0.3949475543105161,cube58_cluster0,1
2025-09-15,675911,675911,657557,WSH,ATL,7,1,0,1,SL,SL,R,R,B,,82.6,82.6,0.52,0.52,0.37,0.37,2263.0,2263.0,170.0,170.0,6.9,6.9,-1.91,-1.91,5.81,5.81,cube33_cluster0,169,1.246043684864739,FC,88.23401695598267,-3.1239005241649638,6.236802891040705,cube33_cluster0;cube43_cluster0,2
2025-09-15,683004,683004,605170,HOU,TEX,7,0,0,1,CU,CU,R,R,B,,81.9,81.9,0.56,0.56,-0.92,-0.92,2756.0,2756.0,33.0,33.0,6.6,6.6,-1.12,-1.12,5.96,5.96,cube78_cluster0,39,1.2386662704971667,CU,78.25681411814729,-11.338603080771456,-13.991335793358099,cube73_cluster0,1
2025-09-15,680730,680730,673490,WSH,ATL,6,0,0,2,FF,FF,L,L,B,,92.3,92.3,0.43,-0.43,1.55,1.55,2056.0,2056.0,167.0,193.0,6.8,6.8,0.88,-0.88,6.46,6.46,cube3_cluster0,268,2.1017757033409663,CH,89.73428321085365,11.536857891248982,10.613841731058852,cube12_cluster0;cube13_cluster0;cube3_cluster0;cube4_cluster0,4
2025-09-15,686218,686218,805249,LAD,PHI,7,0,1,0,SL,SL,R,R,B,,86.4,86.4,0.43,0.43,0.62,0.62,2466.0,2466.0,215.0,215.0,6.7,6.7,-1.14,-1.14,5.35,5.35,cube23_cluster0,226,1.7651371500020296,FC,89.98051132303166,-0.8288022207088954,9.04754296913982,,0
2025-09-15,668678,668678,642715,AZ,SF,6,1,1,0,FF,FF,R,R,B,,92.8,92.8,-0.5,-0.5,1.43,1.43,2176.0,2176.0,206.0,206.0,6.6,6.6,-3.07,-3.07,5.99,5.99,cube6_cluster3,4,1.6451086250329985,FF,96.83250199133,9.898196859286852,14.591325902230212,cube13_cluster0;cube14_cluster0;cube4_cluster0;cube5_cluster0,4
2025-09-15,607074,607074,670242,MIN,NYY,6,1,0,1,SI,SI,L,L,B,,91.5,91.5,1.34,-1.34,0.57,0.57,2237.0,2237.0,137.0,223.0,6.1,6.1,2.32,-2.32,6.2,6.2,cube13_cluster0,1173,1.323630259224817,FF,91.32597348809763,10.933560927718538,9.887490835989844,cube13_cluster0;cube4_cluster0,2
2025-09-15,680573,680573,519317,MIN,NYY,6,2,3,2,SL,SL,R,R,S,,84.8,84.8,0.36,0.36,0.15,0.15,2308.0,2308.0,115.0,115.0,7.0,7.0,-1.5,-1.5,6.15,6.15,cube51_cluster0,138,1.2397619824531905,SL,86.5599691183964,-4.203859573250014,1.5652746114364327,cube51_cluster0,1
2025-09-15,675911,675911,657557,WSH,ATL,7,1,0,0,FF,FF,R,R,S,,95.7,95.7,-0.78,-0.78,1.5,1.5,2277.0,2277.0,215.0,215.0,7.0,7.0,-1.78,-1.78,5.89,5.89,cube5_cluster0,516,1.3835547650260633,FF,94.26601183041208,12.58960465467938,11.873748452415477,cube4_cluster0;cube5_cluster0,2
2025-09-15,683004,683004,605170,HOU,TEX,7,0,0,0,CU,CU,R,R,S,,80.6,80.6,0.23,0.23,-0.39,-0.39,2654.0,2654.0,29.0,29.0,6.6,6.6,-1.09,-1.09,5.98,5.98,cube65_cluster0,52,1.2567332765121275,CU,80.5172691598637,-7.955497641633661,-5.720742174043808,cube66_cluster0,1
2025-09-15,686218,686218,805249,LAD,PHI,7,0,0,0,FF,FF,R,R,B,,93.4,93.4,-0.85,-0.85,1.48,1.48,2478.0,2478.0,209.0,209.0,6.8,6.8,-0.83,-0.83,5.53,5.53,cube4_cluster0,983,2.048808082668268,FF,92.73799323851703,11.87678282989603,11.880818729937886,cube13_cluster0;cube14_cluster0;cube4_cluster0;cube5_cluster0,4
2025-09-15,668678,668678,642715,AZ,SF,6,1,0,0,FF,FF,R,R,B,,93.1,93.1,-0.52,-0.52,1.44,1.44,2334.0,2334.0,210.0,210.0,6.6,6.6,-3.14,-3.14,6.01,6.01,cube6_cluster3,4,1.652520890607775,FF,96.83250199133,9.898196859286852,14.591325902230212,cube13_cluster0;cube14_cluster0;cube4_cluster0;cube5_cluster0,4
2025-09-15,675911,675911,671277,WSH,ATL,7,0,2,1,FF,FF,R,R,X,Luis García Jr. flies out sharply to center fielder Michael Harris II.,94.6,94.6,-1.0,-1.0,1.31,1.31,2392.0,2392.0,211.0,211.0,7.0,7.0,-1.75,-1.75,5.83,5.83,cube5_cluster0,516,1.2596647206539806,FF,94.26601183041208,12.58960465467938,11.873748452415477,cube4_cluster0;cube5_cluster0,2
2025-09-15,680730,680730,673490,WSH,ATL,6,0,0,1,FF,FF,L,L,S,,91.1,91.1,0.71,-0.71,1.56,1.56,2159.0,2159.0,165.0,195.0,6.8,6.8,1.18,-1.18,6.46,6.46,cube3_cluster0,268,1.9558140032387137,CH,89.73428321085365,11.536857891248982,10.613841731058852,cube12_cluster0;cube13_cluster0;cube3_cluster0;cube4_cluster0,4
2025-09-15,607074,607074,670242,MIN,NYY,6,1,0,0,SI,SI,L,L,S,,93.6,93.6,1.27,-1.27,0.36,0.36,2269.0,2269.0,128.0,232.0,6.3,6.3,2.18,-2.18,6.2,6.2,cube13_cluster0,1173,1.3215421351238563,FF,91.32597348809763,10.933560927718538,9.887490835989844,cube13_cluster0,1
2025-09-15,683004,683004,676694,HOU,TEX,6,2,1,2,CU,CU,R,R,X,"Jake Meyers grounds out, third baseman Josh Jung to first baseman Jake Burger.",84.9,84.9,0.3,0.3,-0.73,-0.73,2803.0,2803.0,33.0,33.0,6.7,6.7,-0.9,-0.9,5.96,5.96,cube67_cluster2,6,1.6923417153530298,CU,83.11739876493539,-8.352412707608828,-11.699528597119054,cube66_cluster0,1
2025-09-15,680573,680573,519317,MIN,NYY,6,2,3,2,SL,SL,R,R,S,,86.8,86.8,0.26,0.26,0.34,0.34,2274.0,2274.0,160.0,160.0,7.0,7.0,-1.39,-1.39,6.25,6.25,cube43_cluster0,144,1.4674151081988167,SL,87.05264300971788,-4.004743073818654,3.6350863620861684,cube33_cluster0,1
2025-09-15,668678,668678,808982,AZ,SF,6,0,0,1,CH,CH,R,R,X,Jung Hoo Lee pops out to third baseman Blaze Alexander.,83.4,83.4,-0.92,-0.92,0.52,0.52,1454.0,1454.0,226.0,226.0,6.4,6.4,-3.26,-3.26,5.81,5.81,cube23_cluster1,15,2.4947465284319548,CH,87.14244152758266,13.779793742871872,-2.1495322200021145,cube13_cluster0;cube4_cluster0,2
2025-09-15,683004,683004,676694,HOU,TEX,6,2,1,1,FF,FF,R,R,S,,97.2,97.2,-0.56,-0.56,1.57,1.57,2516.0,2516.0,209.0,209.0,6.8,6.8,-1.14,-1.14,5.66,5.66,cube4_cluster0,983,1.951368080796702,FF,92.73799323851703,11.87678282989603,11.880818729937886,cube13_cluster0;cube14_cluster0;cube4_cluster0;cube5_cluster0,4
2025-09-15,607074,607074,668904,MIN,NYY,6,0,1,2,CH,CH,L,L,S,Royce Lewis strikes out swinging.,85.8,85.8,1.06,-1.06,0.14,0.14,1645.0,1645.0,134.0,226.0,6.7,6.7,2.26,-2.26,6.04,6.04,cube13_cluster0,1173,1.827936365274246,FF,91.32597348809763,10.933560927718538,9.887490835989844,cube13_cluster0,1
2025-09-15,680732,680732,641933,CWS,BAL,5,2,2,2,FF,FF,R,R,X,"Tyler O'Neill grounds into a force out, shortstop Colson Montgomery to second baseman Chase Meidroth. Gunnar Henderson out at 2nd.",94.8,94.8,-0.18,-0.18,1.54,1.54,2567.0,2567.0,193.0,193.0,7.2,7.2,-1.99,-1.99,6.33,6.33,cube23_cluster0,226,2.3219814071210063,FC,89.98051132303166,-0.8288022207088954,9.04754296913982,cube13_cluster0;cube14_cluster0,2
2025-09-15,680573,680573,519317,MIN,NYY,6,2,2,2,FS,FS,R,R,B,,89.7,89.7,-0.67,-0.67,0.61,0.61,1510.0,1510.0,210.0,210.0,7.2,7.2,-1.17,-1.17,6.25,6.25,cube3_cluster0,268,2.1060727344353185,CH,89.73428321085365,11.536857891248982,10.613841731058852,cube3_cluster0;cube4_cluster0,2
2025-09-15,686218,686218,669016,LAD,PHI,6,2,1,1,CH,CH,R,R,X,Brandon Marsh flies out to right fielder Teoscar Hernández.,83.4,83.4,-1.14,-1.14,0.77,0.77,1061.0,1061.0,252.0,252.0,6.5,6.5,-1.11,-1.11,5.45,5.45,cube13_cluster1,3,2.375932478384494,FS,84.2318346010472,7.0387863377694,1.0515447129672841,,0
2025-09-15,675911,675911,671277,WSH,ATL,7,0,1,1,CU,CU,R,R,B,,76.5,76.5,0.93,0.93,-0.78,-0.78,2737.0,2737.0,65.0,65.0,6.7,6.7,-1.96,-1.96,5.9,5.9,cube73_cluster0,327,1.0696133432710995,CU,80.47699441108988,-11.55224395022119,-8.074074661318553,cube73_cluster0,1
2025-09-15,680730,680730,673490,WSH,ATL,6,0,0,0,FF,FF,L,L,S,,90.9,90.9,0.69,-0.69,1.63,1.63,2166.0,2166.0,168.0,192.0,6.8,6.8,0.87,-0.87,6.55,6.55,cube3_cluster0,268,2.224462495277532,CH,89.73428321085365,11.536857891248982,10.613841731058852,cube12_cluster0;cube13_cluster0;cube3_cluster0;cube4_cluster0,4
2025-09-15,680732,680732,641933,CWS,BAL,5,2,2,1,KC,KC,R,R,S,,81.1,81.1,-0.02,-0.02,-1.32,-1.32,2518.0,2518.0,20.0,20.0,7.3,7.3,-2.27,-2.27,6.21,6.21,cube67_cluster2,6,1.8651208180057108,CU,83.11739876493539,-8.352412707608828,-11.699528597119054,,0
2025-09-15,680573,680573,519317,MIN,NYY,6,2,2,1,FF,FF,R,R,S,,93.8,93.8,-0.5,-0.5,1.45,1.45,2299.0,2299.0,197.0,197.0,6.9,6.9,-1.11,-1.11,6.38,6.38,cube4_cluster0,983,2.0317554053980693,FF,92.73799323851703,11.87678282989603,11.880818729937886,cube13_cluster0;cube4_cluster0,2
2025-09-15,675911,675911,671277,WSH,ATL,7,0,0,1,CU,CU,R,R,B,,77.0,77.0,1.09,1.09,-0.66,-0.66,2711.0,2711.0,67.0,67.0,6.6,6.6,-1.89,-1.89,5.91,5.91,cube73_cluster0,327,0.9408591591390424,CU,80.47699441108988,-11.55224395022119,-8.074074661318553,cube73_cluster0,1
2025-09-15,680694,680694,672820,CWS,BAL,5,2,2,2,SI,SI,R,R,S,Lenyn Sosa strikes out swinging.,94.3,94.3,-0.9,-0.9,1.21,1.21,2194.0,2194.0,185.0,185.0,6.5,6.5,-0.51,-0.51,6.6,6.6,cube3_cluster0,268,2.2219701592333148,CH,89.73428321085365,11.536857891248982,10.613841731058852,cube12_cluster0;cube3_cluster0,2
2025-09-15,680730,680730,645277,WSH,ATL,5,2,1,2,FF,FF,L,L,X,Ozzie Albies pops out to first baseman Josh Bell in foul territory.,94.4,94.4,0.63,-0.63,1.54,1.54,2128.0,2128.0,164.0,196.0,6.9,6.9,0.8,-0.8,6.45,6.45,cube3_cluster0,268,2.2416863796078426,CH,89.73428321085365,11.536857891248982,10.613841731058852,cube3_cluster0;cube4_cluster0,2
2025-09-15,592791,592791,502054,PIT,CHC,6,2,1,0,SI,SI,R,R,X,"Tommy Pham grounds into a force out, fielded by third baseman Matt Shaw. Spencer Horwitz out at 3rd.",92.3,92.3,-0.86,-0.86,1.02,1.02,2143.0,2143.0,203.0,203.0,6.8,6.8,-1.04,-1.04,6.05,6.05,cube4_cluster0,983,1.4187925448149454,FF,92.73799323851703,11.87678282989603,11.880818729937886,cube13_cluster0;cube4_cluster0,2
2025-09-15,683004,683004,676694,HOU,TEX,6,2,1,0,SL,SL,R,R,S,,84.9,84.9,0.29,0.29,0.26,0.26,2502.0,2502.0,116.0,116.0,6.8,6.8,-1.29,-1.29,5.82,5.82,cube51_cluster0,138,0.9409164422911811,SL,86.5599691183964,-4.203859573250014,1.5652746114364327,cube51_cluster0,1
2025-09-15,624133,624133,681624,LAD,PHI,6,2,1,1,FF,FF,L,L,X,Andy Pages lines out to center fielder Harrison Bader.,90.8,90.8,0.35,-0.35,0.74,0.74,1923.0,1923.0,127.0,233.0,6.1,6.1,2.24,-2.24,5.65,5.65,cube13_cluster0,1173,1.102334419381371,FF,91.32597348809763,10.933560927718538,9.887490835989844,cube13_cluster0,1
2025-09-15,686218,686218,669016,LAD,PHI,6,2,0,1,CH,CH,R,R,B,,84.6,84.6,-1.31,-1.31,0.56,0.56,1089.0,1089.0,256.0,256.0,6.5,6.5,-1.4,-1.4,5.49,5.49,cube13_cluster1,3,2.1153584972761235,FS,84.2318346010472,7.0387863377694,1.0515447129672841,cube3_cluster0;cube4_cluster0,2
2025-09-15,607074,607074,668904,MIN,NYY,6,0,1,1,FF,FF,L,L,S,,95.7,95.7,0.8,-0.8,1.43,1.43,2341.0,2341.0,139.0,221.0,6.2,6.2,2.14,-2.14,6.28,6.28,cube4_cluster0,983,1.3917182765550749,FF,92.73799323851703,11.87678282989603,11.880818729937886,cube4_cluster0,1
2025-09-15,668678,668678,808982,AZ,SF,6,0,0,0,KC,KC,R,R,S,,79.2,79.2,0.22,0.22,-1.08,-1.08,2356.0,2356.0,37.0,37.0,6.4,6.4,-3.24,-3.24,5.96,5.96,cube67_cluster3,1,2.0155862768229005,SL,78.67358490566038,-15.561509433962266,-4.000754716981133,cube73_cluster0;cube74_cluster0,2
2025-09-15,686218,686218,669016,LAD,PHI,6,2,0,0,FF,FF,R,R,S,,94.0,94.0,-0.49,-0.49,1.45,1.45,2371.0,2371.0,211.0,211.0,6.8,6.8,-1.3,-1.3,5.47,5.47,cube5_cluster0,516,1.6785899227340944,FF,94.26601183041208,12.58960465467938,11.873748452415477,cube13_cluster0;cube14_cluster0;cube4_cluster0;cube5_cluster0,4
2025-09-15,607074,607074,668904,MIN,NYY,6,0,1,0,SL,SL,L,L,S,,86.4,86.4,-0.27,0.27,-0.18,-0.18,2525.0,2525.0,299.0,61.0,5.9,5.9,2.44,-2.44,6.03,6.03,cube66_cluster0,381,1.4037626803962502,ST,82.47698152646831,-10.124080234445362,-2.88332382968971,cube58_cluster0;cube66_cluster0,2
2025-09-15,680694,680694,672820,CWS,BAL,5,2,1,2,CU,CU,R,R,B,,85.6,85.6,0.16,0.16,-0.61,-0.61,2615.0,2615.0,30.0,30.0,6.5,6.5,-0.77,-0.77,6.52,6.52,cube65_cluster0,52,1.685793888812866,CU,80.5172691598637,-7.955497641633661,-5.720742174043808,cube65_cluster0;cube66_cluster0,2
2025-09-15,680732,680732,641933,CWS,BAL,5,2,2,0,SL,SL,R,R,S,,86.7,86.7,0.54,0.54,0.48,0.48,2481.0,2481.0,179.0,179.0,7.1,7.1,-2.52,-2.52,6.12,6.12,cube34_cluster0,80,1.5925582382110741,FC,89.12332099959275,-2.9379632103369024,6.342505511607449,cube33_cluster0;cube34_cluster0,2
2025-09-15,683004,683004,676694,HOU,TEX,6,2,0,0,SL,SL,R,R,B,,85.0,85.0,0.49,0.49,0.2,0.2,2452.0,2452.0,131.0,131.0,6.6,6.6,-1.2,-1.2,5.74,5.74,cube43_cluster0,144,0.9505011924073328,SL,87.05264300971788,-4.004743073818654,3.6350863620861684,cube43_cluster0;cube51_cluster0,2
2025-09-15,624133,624133,681624,LAD,PHI,6,2,1,0,FF,FF,L,L,S,,91.5,91.5,0.42,-0.42,0.89,0.89,1953.0,1953.0,136.0,224.0,6.3,6.3,2.25,-2.25,5.65,5.65,cube13_cluster0,1173,0.8776109281219742,FF,91.32597348809763,10.933560927718538,9.887490835989844,cube13_cluster0,1
2025-09-15,675911,675911,671277,WSH,ATL,7,0,0,0,FF,FF,R,R,S,,93.2,93.2,-0.56,-0.56,1.55,1.55,2359.0,2359.0,206.0,206.0,6.9,6.9,-1.64,-1.64,5.88,5.88,cube4_cluster0,983,1.5086431311996973,FF,92.73799323851703,11.87678282989603,11.880818729937886,cube13_cluster0;cube14_cluster0;cube4_cluster0;cube5_cluster0,4
2025-09-15,668678,668678,687551,AZ,SF,5,2,1,2,CH,CH,R,R,X,Drew Gilbert flies out to right fielder Corbin Carroll.,84.2,84.2,-0.99,-0.99,0.33,0.33,1493.0,1493.0,227.0,227.0,6.5,6.5,-3.28,-3.28,5.64,5.64,cube24_cluster1,4,2.205416022272746,CH,87.80202822087334,14.29789321005082,-3.691264304536044,cube13_cluster0,1
2025-09-15,680573,680573,519317,MIN,NYY,6,2,1,1,FS,FS,R,R,B,,89.0,89.0,-0.55,-0.55,0.8,0.8,1362.0,1362.0,206.0,206.0,7.1,7.1,-1.1,-1.1,6.27,6.27,cube3_cluster0,268,2.160781202295173,CH,89.73428321085365,11.536857891248982,10.613841731058852,cube4_cluster0,1
2025-09-15,680730,680730,645277,WSH,ATL,5,2,1,2,FF,FF,L,L,S,,94.5,94.5,0.53,-0.53,1.67,1.67,2203.0,2203.0,166.0,194.0,6.8,6.8,0.82,-0.82,6.39,6.39,cube22_cluster0,44,2.2752041579325684,FC,88.82845332305666,-1.3474977477043035,9.056608779489569,cube3_cluster0;cube4_cluster0,2
2025-09-15,592791,592791,502054,PIT,CHC,6,2,0,0,FC,FC,R,R,B,,86.9,86.9,0.66,0.66,0.7,0.7,2537.0,2537.0,182.0,182.0,7.0,7.0,-1.25,-1.25,6.09,6.09,cube33_cluster0,169,1.63461423116058,FC,88.23401695598267,-3.1239005241649638,6.236802891040705,cube33_cluster0,1
2025-09-15,683004,683004,572233,HOU,TEX,6,1,0,2,CU,CU,R,R,S,Christian Walker strikes out swinging.,83.5,83.5,0.21,0.21,-1.25,-1.25,2744.0,2744.0,28.0,28.0,6.6,6.6,-0.87,-0.87,5.94,5.94,cube77_cluster0,15,1.6302078724799227,CU,78.06982973839553,-10.373560444574672,-15.067035103894916,cube66_cluster0;cube73_cluster0,2
2025-09-15,592791,592791,668804,PIT,CHC,6,2,3,2,FF,FF,R,R,B,Bryan Reynolds walks.,92.1,92.1,-0.33,-0.33,1.34,1.34,2152.0,2152.0,211.0,211.0,6.9,6.9,-1.17,-1.17,6.04,6.04,cube4_cluster0,983,1.6168896457972557,FF,92.73799323851703,11.87678282989603,11.880818729937886,cube13_cluster0;cube4_cluster0,2
2025-09-15,680573,680573,519317,MIN,NYY,6,2,1,0,SL,SL,R,R,S,,85.6,85.6,0.05,0.05,0.23,0.23,2405.0,2405.0,154.0,154.0,6.9,6.9,-1.68,-1.68,6.19,6.19,cube43_cluster0,144,1.1962861638313322,SL,87.05264300971788,-4.004743073818654,3.6350863620861684,cube33_cluster0;cube43_cluster0,2
2025-09-15,607074,607074,668904,MIN,NYY,6,0,0,0,CH,CH,L,L,B,,85.3,85.3,1.01,-1.01,0.64,0.64,1834.0,1834.0,128.0,232.0,6.5,6.5,2.26,-2.26,6.04,6.04,cube13_cluster0,1173,1.2241029138623511,FF,91.32597348809763,10.933560927718538,9.887490835989844,cube13_cluster0,1
2025-09-15,680694,680694,672820,CWS,BAL,5,2,1,2,SL,SL,R,R,S,,88.0,88.0,0.99,0.99,0.11,0.11,2509.0,2509.0,49.0,49.0,6.6,6.6,-0.9,-0.9,6.41,6.41,cube57_cluster0,32,1.6505665630482884,SL,83.65118122149555,-5.010806328553835,-0.8552029953918647,,0
2025-09-15,624133,624133,681624,LAD,PHI,6,2,0,0,FF,FF,L,L,B,,91.5,91.5,0.48,-0.48,0.89,0.89,1913.0,1913.0,133.0,227.0,6.1,6.1,2.37,-2.37,5.53,5.53,cube13_cluster0,1173,1.1750368622967353,FF,91.32597348809763,10.933560927718538,9.887490835989844,cube13_cluster0,1
2025-09-15,675911,675911,671277,WSH,ATL,6,2,0,0,FF,FF,R,R,S,,94.9,94.9,-0.64,-0.64,1.32,1.32,2169.0,2169.0,209.0,209.0,6.9,6.9,-1.82,-1.82,5.88,5.88,cube4_cluster0,983,1.1653988005949556,FF,92.73799323851703,11.87678282989603,11.880818729937886,cube13_cluster0;cube14_cluster0;cube4_cluster0;cube5_cluster0,4
2025-09-15,680730,680730,645277,WSH,ATL,5,2,1,2,CU,CU,L,L,S,,80.0,80.0,-0.01,0.01,-0.53,-0.53,2311.0,2311.0,331.0,29.0,6.9,6.9,1.51,-1.51,6.24,6.24,cube58_cluster2,5,1.3689794028656528,SL,85.46595452823905,-0.04526262806992336,-2.641776233356624,cube58_cluster0;cube66_cluster0,2
2025-09-15,668678,668678,687551,AZ,SF,5,2,0,2,CH,CH,R,R,B,,83.6,83.6,-1.12,-1.12,0.25,0.25,1479.0,1479.0,234.0,234.0,6.4,6.4,-3.33,-3.33,5.73,5.73,cube24_cluster1,4,2.173423475051097,CH,87.80202822087334,14.29789321005082,-3.691264304536044,cube13_cluster0,1
2025-09-15,686218,686218,592663,LAD,PHI,6,1,1,2,FF,FF,R,R,X,J.T. Realmuto flies out to right fielder Teoscar Hernández.,95.7,95.7,-0.52,-0.52,1.59,1.59,2378.0,2378.0,206.0,206.0,6.7,6.7,-1.02,-1.02,5.54,5.54,cube4_cluster0,983,1.908000702543236,FF,92.73799323851703,11.87678282989603,11.880818729937886,cube13_cluster0;cube14_cluster0;cube4_cluster0;cube5_cluster0,4
2025-09-15,680732,680732,641933,CWS,BAL,5,2,1,0,FF,FF,R,R,B,,93.5,93.5,-0.19,-0.19,1.44,1.44,2519.0,2519.0,199.0,199.0,7.3,7.3,-2.03,-2.03,6.33,6.33,cube23_cluster0,226,2.3272233594285576,FC,89.98051132303166,-0.8288022207088954,9.04754296913982,cube13_cluster0;cube14_cluster0,2
2025-09-15,641793,641793,575929,STL,CIN,6,2,2,2,FF,FF,R,R,X,Willson Contreras singles on a ground ball to left fielder Austin Hays. Alec Burleson scores.,91.2,91.2,-0.74,-0.74,1.41,1.41,1808.0,1808.0,207.0,207.0,6.4,6.4,-0.43,-0.43,6.26,6.26,cube3_cluster0,268,1.7402031773824598,CH,89.73428321085365,11.536857891248982,10.613841731058852,cube3_cluster0,1
2025-09-15,680694,680694,672820,CWS,BAL,5,2,1,1,SI,SI,R,R,S,,94.5,94.5,-0.5,-0.5,1.33,1.33,2077.0,2077.0,187.0,187.0,6.5,6.5,-0.74,-0.74,6.49,6.49,cube22_cluster0,44,1.9049361405329104,FC,88.82845332305666,-1.3474977477043035,9.056608779489569,cube12_cluster0;cube13_cluster0;cube3_cluster0;cube4_cluster0,4
2025-09-15,592791,592791,668804,PIT,CHC,6,2,2,2,CH,CH,R,R,B,,84.9,84.9,-1.53,-1.53,0.26,0.26,1853.0,1853.0,231.0,231.0,6.9,6.9,-1.2,-1.2,6.17,6.17,cube3_cluster0,268,1.81683348291617,CH,89.73428321085365,11.536857891248982,10.613841731058852,cube12_cluster0;cube13_cluster0;cube3_cluster0;cube4_cluster0,4
2025-09-15,675911,675911,695734,WSH,ATL,6,2,1,2,CH,CH,R,R,X,Daylen Lile singles on a fly ball to center fielder Michael Harris II.,86.8,86.8,-1.22,-1.22,0.52,0.52,2016.0,2016.0,231.0,231.0,7.0,7.0,-2.14,-2.14,5.72,5.72,cube14_cluster0,644,1.3452690760422652,FF,92.67733037261901,12.017251018938115,9.608444861229,cube13_cluster0;cube14_cluster0,2
2025-09-15,686218,686218,592663,LAD,PHI,6,1,1,1,FF,FF,R,R,S,,93.4,93.4,-0.37,-0.37,1.58,1.58,2314.0,2314.0,203.0,203.0,6.7,6.7,-1.05,-1.05,5.59,5.59,cube4_cluster0,983,1.8486103976134276,FF,92.73799323851703,11.87678282989603,11.880818729937886,cube13_cluster0;cube4_cluster0,2
2025-09-15,624133,624133,571970,LAD,PHI,6,1,0,2,SL,SL,L,L,S,Max Muncy strikes out swinging.,80.0,80.0,-0.91,0.91,0.33,0.33,2135.0,2135.0,281.0,79.0,6.5,6.5,2.17,-2.17,5.62,5.62,cube58_cluster0,194,1.2997860578325893,SL,84.5104961347656,-6.359862250696315,0.3949475543105161,cube58_cluster0,1
2025-09-15,680730,680730,645277,WSH,ATL,5,2,1,1,FF,FF,L,L,S,,93.2,93.2,0.69,-0.69,1.54,1.54,2183.0,2183.0,171.0,189.0,6.8,6.8,0.63,-0.63,6.48,6.48,cube3_cluster0,268,2.333544128738389,CH,89.73428321085365,11.536857891248982,10.613841731058852,cube12_cluster0;cube13_cluster0;cube3_cluster0;cube4_cluster0,4
2025-09-15,680573,680573,519317,MIN,NYY,6,2,0,0,SL,SL,R,R,B,,84.6,84.6,0.12,0.12,0.15,0.15,2366.0,2366.0,126.0,126.0,7.0,7.0,-1.39,-1.39,6.16,6.16,cube51_cluster0,138,1.338711670952869,SL,86.5599691183964,-4.203859573250014,1.5652746114364327,cube43_cluster0;cube51_cluster0,2
2025-09-15,680732,680732,641933,CWS,BAL,5,2,0,0,KC,KC,R,R,B,,81.8,81.8,0.27,0.27,-1.15,-1.15,2495.0,2495.0,17.0,17.0,7.1,7.1,-2.24,-2.24,6.23,6.23,cube67_cluster2,6,1.544918373530843,CU,83.11739876493539,-8.352412707608828,-11.699528597119054,cube73_cluster0;cube74_cluster0,2
2025-09-15,607074,607074,807712,MIN,NYY,6,0,3,2,SL,SL,L,L,S,Luke Keaschall strikes out swinging. Luke Keaschall to 1st. Passed ball by catcher Austin Wells.,89.4,89.4,-0.1,0.1,0.67,0.67,2461.0,2461.0,160.0,200.0,6.0,6.0,2.56,-2.56,6.08,6.08,cube23_cluster0,226,1.258810016014055,FC,89.98051132303166,-0.8288022207088954,9.04754296913982,cube23_cluster0,1
2025-09-15,668678,668678,687551,AZ,SF,5,2,0,2,CH,CH,R,R,S,,84.2,84.2,-1.07,-1.07,-0.1,-0.1,1468.0,1468.0,232.0,232.0,6.5,6.5,-3.23,-3.23,5.67,5.67,cube24_cluster1,4,1.9694079589684703,CH,87.80202822087334,14.29789321005082,-3.691264304536044,cube13_cluster0,1
2025-09-15,641793,641793,575929,STL,CIN,6,2,2,1,SL,SL,R,R,S,,88.1,88.1,-0.06,-0.06,0.66,0.66,2184.0,2184.0,203.0,203.0,6.3,6.3,-0.61,-0.61,6.14,6.14,cube22_cluster0,44,1.1443440658041106,FC,88.82845332305666,-1.3474977477043035,9.056608779489569,cube22_cluster0,1
2025-09-15,683004,683004,572233,HOU,TEX,6,1,0,1,FF,FF,R,R,S,,96.6,96.6,-0.58,-0.58,1.51,1.51,2388.0,2388.0,211.0,211.0,6.8,6.8,-1.05,-1.05,5.67,5.67,cube4_cluster0,983,1.8088638820204597,FF,92.73799323851703,11.87678282989603,11.880818729937886,cube13_cluster0;cube14_cluster0;cube4_cluster0;cube5_cluster0,4
2025-09-15,592791,592791,668804,PIT,CHC,6,2,2,1,FF,FF,R,R,S,,92.3,92.3,-0.47,-0.47,1.65,1.65,2280.0,2280.0,210.0,210.0,6.8,6.8,-1.21,-1.21,6.02,6.02,cube4_cluster0,983,1.6793689263609555,FF,92.73799323851703,11.87678282989603,11.880818729937886,cube13_cluster0;cube4_cluster0,2
2025-09-15,686218,686218,592663,LAD,PHI,6,1,1,0,FF,FF,R,R,S,,94.4,94.4,-0.61,-0.61,1.6,1.6,2349.0,2349.0,210.0,210.0,6.7,6.7,-1.12,-1.12,5.54,5.54,cube4_cluster0,983,1.7419429096616703,FF,92.73799323851703,11.87678282989603,11.880818729937886,cube13_cluster0;cube14_cluster0;cube4_cluster0;cube5_cluster0,4
2025-09-15,680694,680694,672820,CWS,BAL,5,2,1,0,SL,SL,R,R,S,,86.7,86.7,1.13,1.13,0.35,0.35,2408.0,2408.0,55.0,55.0,6.6,6.6,-1.21,-1.21,6.35,6.35,cube57_cluster0,32,1.5323663953132158,SL,83.65118122149555,-5.010806328553835,-0.8552029953918647,cube66_cluster0,1
2025-09-15,607074,607074,807712,MIN,NYY,6,0,2,2,FF,FF,L,L,B,,94.1,94.1,0.92,-0.92,1.25,1.25,2376.0,2376.0,138.0,222.0,6.3,6.3,1.83,-1.83,6.35,6.35,cube4_cluster0,983,1.2429516772298923,FF,92.73799323851703,11.87678282989603,11.880818729937886,cube13_cluster0;cube4_cluster0,2
2025-09-15,675911,675911,695734,WSH,ATL,6,2,0,2,CH,CH,R,R,B,,86.7,86.7,-1.39,-1.39,0.36,0.36,2093.0,2093.0,232.0,232.0,6.9,6.9,-1.91,-1.91,5.71,5.71,cube13_cluster0,1173,1.4330370182006624,FF,91.32597348809763,10.933560927718538,9.887490835989844,cube13_cluster0;cube14_cluster0,2
2025-09-15,680732,680732,683002,CWS,BAL,5,2,3,2,KC,KC,R,R,B,Gunnar Henderson walks. Jeremiah Jackson to 2nd.,82.2,82.2,0.18,0.18,-1.05,-1.05,2544.0,2544.0,24.0,24.0,7.3,7.3,-2.3,-2.3,6.15,6.15,cube67_cluster2,6,1.6225257185679225,CU,83.11739876493539,-8.352412707608828,-11.699528597119054,,0
2025-09-15,680573,680573,641355,MIN,NYY,6,1,1,2,FS,FS,R,R,S,Cody Bellinger strikes out swinging.,88.4,88.4,-0.82,-0.82,0.55,0.55,1189.0,1189.0,208.0,208.0,7.0,7.0,-1.11,-1.11,6.34,6.34,cube13_cluster1,3,1.9732263179855185,FS,84.2318346010472,7.0387863377694,1.0515447129672841,cube3_cluster0,1
2025-09-15,624133,624133,571970,LAD,PHI,6,1,0,1,SI,SI,L,L,S,,90.8,90.8,1.0,-1.0,0.37,0.37,2033.0,2033.0,148.0,212.0,5.9,5.9,2.25,-2.25,5.52,5.52,cube13_cluster0,1173,1.363208702350875,FF,91.32597348809763,10.933560927718538,9.887490835989844,cube13_cluster0,1
2025-09-15,683004,683004,572233,HOU,TEX,6,1,0,0,FF,FF,R,R,S,,96.3,96.3,-0.66,-0.66,1.47,1.47,2416.0,2416.0,213.0,213.0,6.8,6.8,-1.14,-1.14,5.65,5.65,cube4_cluster0,983,1.711146192781851,FF,92.73799323851703,11.87678282989603,11.880818729937886,cube13_cluster0;cube14_cluster0;cube4_cluster0;cube5_cluster0,4
2025-09-15,641793,641793,575929,STL,CIN,6,2,1,1,FS,FS,R,R,B,,83.5,83.5,-1.19,-1.19,0.18,0.18,1309.0,1309.0,239.0,239.0,6.3,6.3,-0.56,-0.56,6.08,6.08,cube12_cluster0,316,2.2332914379819258,CH,89.01009096911115,10.260232782391817,9.292479855944606,cube12_cluster0,1
2025-09-15,668678,668678,687551,AZ,SF,5,2,0,1,CH,CH,R,R,S,,83.0,83.0,-1.07,-1.07,0.11,0.11,1430.0,1430.0,234.0,234.0,6.4,6.4,-3.28,-3.28,5.79,5.79,cube24_cluster1,4,2.2032901732921126,CH,87.80202822087334,14.29789321005082,-3.691264304536044,cube13_cluster0,1
2025-09-15,680730,680730,645277,WSH,ATL,5,2,0,1,FS,FS,L,L,B,,84.7,84.7,0.46,-0.46,0.68,0.68,654.0,654.0,133.0,227.0,6.9,6.9,1.75,-1.75,6.15,6.15,cube13_cluster1,3,1.3703133205733482,FS,84.2318346010472,7.0387863377694,1.0515447129672841,,0
2025-09-15,675911,675911,695734,WSH,ATL,6,2,0,1,CU,CU,R,R,S,,77.9,77.9,1.11,1.11,-0.86,-0.86,2793.0,2793.0,58.0,58.0,6.9,6.9,-1.82,-1.82,5.89,5.89,cube73_cluster0,327,1.2726018982470775,CU,80.47699441108988,-11.55224395022119,-8.074074661318553,cube73_cluster0;cube74_cluster0,2
2025-09-15,680732,680732,683002,CWS,BAL,5,2,3,1,SL,SL,R,R,S,,88.7,88.7,0.2,0.2,0.54,0.54,2451.0,2451.0,188.0,188.0,7.1,7.1,-2.59,-2.59,6.04,6.04,cube34_cluster0,80,1.4601564315595281,FC,89.12332099959275,-2.9379632103369024,6.342505511607449,cube23_cluster0;cube24_cluster0;cube33_cluster0;cube34_cluster0,4
2025-09-15,680573,680573,641355,MIN,NYY,6,1,1,1,FF,FF,R,R,S,,93.3,93.3,-0.58,-0.58,1.32,1.32,2160.0,2160.0,200.0,200.0,6.9,6.9,-1.32,-1.32,6.38,6.38,cube4_cluster0,983,1.7401024327531471,FF,92.73799323851703,11.87678282989603,11.880818729937886,cube13_cluster0;cube4_cluster0,2
2025-09-15,624133,624133,571970,LAD,PHI,6,1,0,0,FF,FF,L,L,S,,92.3,92.3,0.56,-0.56,0.77,0.77,1895.0,1895.0,125.0,235.0,6.3,6.3,2.39,-2.39,5.49,5.49,cube14_cluster0,644,1.063839571082903,FF,92.67733037261901,12.017251018938115,9.608444861229,cube13_cluster0;cube14_cluster0,2
2025-09-15,607074,607074,807712,MIN,NYY,6,0,1,2,FF,FF,L,L,B,,95.9,95.9,0.79,-0.79,1.32,1.32,2474.0,2474.0,139.0,221.0,6.3,6.3,2.14,-2.14,6.35,6.35,cube4_cluster0,983,1.536486357700826,FF,92.73799323851703,11.87678282989603,11.880818729937886,cube13_cluster0;cube4_cluster0,2
2025-09-15,683004,683004,514888,HOU,TEX,6,0,0,2,SL,SL,R,R,S,Jose Altuve strikes out swinging.,86.3,86.3,0.13,0.13,0.08,0.08,2637.0,2637.0,91.0,91.0,6.6,6.6,-1.13,-1.13,5.74,5.74,cube51_cluster0,138,1.1854270371902984,SL,86.5599691183964,-4.203859573250014,1.5652746114364327,cube51_cluster0;cube58_cluster0,2
2025-09-15,641793,641793,575929,STL,CIN,6,2,0,1,SI,SI,R,R,B,,90.8,90.8,-1.32,-1.32,1.04,1.04,2008.0,2008.0,214.0,214.0,6.4,6.4,-0.8,-0.8,5.98,5.98,cube3_cluster0,268,1.193496983066186,CH,89.73428321085365,11.536857891248982,10.613841731058852,cube3_cluster0;cube4_cluster0,2
2025-09-15,669920,669920,694671,HOU,TEX,5,2,3,1,SI,SI,R,R,B,Wyatt Langford walks. Josh Smith to 2nd.,90.0,90.0,-1.64,-1.64,0.17,0.17,2171.0,2171.0,248.0,248.0,6.5,6.5,-1.45,-1.45,5.6,5.6,cube13_cluster0,1173,1.6561668478458236,FF,91.32597348809763,10.933560927718538,9.887490835989844,cube13_cluster0,1
2025-09-15,668678,668678,687551,AZ,SF,5,2,0,0,CH,CH,R,R,S,,83.3,83.3,-1.27,-1.27,-0.15,-0.15,1456.0,1456.0,230.0,230.0,6.6,6.6,-3.26,-3.26,5.78,5.78,cube24_cluster1,4,2.2064401976175123,CH,87.80202822087334,14.29789321005082,-3.691264304536044,cube13_cluster0,1
2025-09-15,592791,592791,668804,PIT,CHC,6,2,2,0,FF,FF,R,R,S,,91.8,91.8,-0.54,-0.54,1.41,1.41,2231.0,2231.0,209.0,209.0,6.7,6.7,-1.18,-1.18,6.09,6.09,cube4_cluster0,983,1.4394429135353248,FF,92.73799323851703,11.87678282989603,11.880818729937886,cube13_cluster0;cube4_cluster0,2
2025-09-15,680694,680694,672820,CWS,BAL,5,2,0,0,SL,SL,R,R,B,,87.1,87.1,1.27,1.27,0.12,0.12,2527.0,2527.0,60.0,60.0,6.5,6.5,-1.09,-1.09,6.32,6.32,cube57_cluster0,32,1.4870938883637095,SL,83.65118122149555,-5.010806328553835,-0.8552029953918647,,0
2025-09-15,686218,686218,592663,LAD,PHI,6,1,0,0,FF,FF,R,R,B,,93.2,93.2,-0.46,-0.46,1.45,1.45,2269.0,2269.0,207.0,207.0,6.8,6.8,-1.26,-1.26,5.53,5.53,cube4_cluster0,983,1.6205677189428875,FF,92.73799323851703,11.87678282989603,11.880818729937886,cube13_cluster0;cube14_cluster0;cube4_cluster0;cube5_cluster0,4
2025-09-15,680730,680730,645277,WSH,ATL,5,2,0,0,CU,CU,L,L,S,,80.3,80.3,-0.01,0.01,-0.49,-0.49,2306.0,2306.0,343.0,17.0,6.8,6.8,1.19,-1.19,6.35,6.35,cube65_cluster2,4,1.4760488220936951,CU,77.46691308243727,-3.8291129032258064,-11.446518817204302,cube66_cluster0,1
2025-09-15,668678,668678,669477,AZ,SF,5,2,2,2,FF,FF,R,R,X,Casey Schmitt singles on a line drive to right fielder Corbin Carroll.,93.5,93.5,-0.37,-0.37,1.36,1.36,2304.0,2304.0,207.0,207.0,6.6,6.6,-3.12,-3.12,5.88,5.88,cube6_cluster3,4,1.5173101213171247,FF,96.83250199133,9.898196859286852,14.591325902230212,cube13_cluster0;cube14_cluster0,2
2025-09-15,641793,641793,575929,STL,CIN,6,2,0,0,SI,SI,R,R,S,,90.4,90.4,-0.88,-0.88,1.13,1.13,1953.0,1953.0,213.0,213.0,6.4,6.4,-0.82,-0.82,5.97,5.97,cube3_cluster0,268,1.1028474644230473,CH,89.73428321085365,11.536857891248982,10.613841731058852,cube3_cluster0;cube4_cluster0,2
2025-09-15,680732,680732,683002,CWS,BAL,5,2,2,1,FF,FF,R,R,B,,94.6,94.6,-0.55,-0.55,1.46,1.46,2517.0,2517.0,199.0,199.0,7.2,7.2,-2.26,-2.26,6.33,6.33,cube5_cluster0,516,2.2325460274669333,FF,94.26601183041208,12.58960465467938,11.873748452415477,cube13_cluster0;cube14_cluster0;cube4_cluster0;cube5_cluster0,4
2025-09-15,680694,680694,691019,CWS,BAL,5,1,3,2,SI,SI,R,R,X,Kyle Teel flies out to left fielder Dylan Beavers.,95.4,95.4,-0.99,-0.99,1.33,1.33,2299.0,2299.0,187.0,187.0,6.5,6.5,-0.79,-0.79,6.45,6.45,cube3_cluster0,268,2.083114926867569,CH,89.73428321085365,11.536857891248982,10.613841731058852,cube12_cluster0;cube13_cluster0;cube3_cluster0;cube4_cluster0,4
2025-09-15,624133,624133,500743,LAD,PHI,6,1,3,1,CU,CU,L,L,B,Miguel Rojas walks. Alex Call to 2nd.,74.6,74.6,-0.76,0.76,-0.59,-0.59,2050.0,2050.0,301.0,59.0,6.3,6.3,2.07,-2.07,5.73,5.73,cube72_cluster1,4,0.755592966306457,CU,73.14815617664787,-13.649330552782773,-9.00283815300432,cube66_cluster0,1
2025-09-15,592791,592791,668804,PIT,CHC,6,2,1,0,FF,FF,R,R,B,,91.6,91.6,-0.61,-0.61,1.38,1.38,2138.0,2138.0,210.0,210.0,6.9,6.9,-1.31,-1.31,6.04,6.04,cube4_cluster0,983,1.4105529032151947,FF,92.73799323851703,11.87678282989603,11.880818729937886,cube13_cluster0;cube4_cluster0,2
2025-09-15,686218,686218,547180,LAD,PHI,6,0,2,2,SL,SL,R,R,S,Bryce Harper strikes out swinging.,87.8,87.8,0.48,0.48,0.52,0.52,2178.0,2178.0,186.0,186.0,6.6,6.6,-1.31,-1.31,5.41,5.41,cube33_cluster0,169,1.3571803371230742,FC,88.23401695598267,-3.1239005241649638,6.236802891040705,cube23_cluster0;cube33_cluster0,2
2025-09-15,683004,683004,514888,HOU,TEX,6,0,0,1,SL,SL,R,R,S,,85.9,85.9,0.45,0.45,0.11,0.11,2584.0,2584.0,110.0,110.0,6.8,6.8,-1.14,-1.14,5.75,5.75,cube51_cluster0,138,1.1099130135192892,SL,86.5599691183964,-4.203859573250014,1.5652746114364327,cube51_cluster0;cube58_cluster0,2
2025-09-15,680573,680573,641355,MIN,NYY,6,1,0,1,FS,FS,R,R,B,,87.1,87.1,-1.03,-1.03,0.81,0.81,1467.0,1467.0,212.0,212.0,7.0,7.0,-1.43,-1.43,6.1,6.1,cube3_cluster0,268,1.741259278867391,CH,89.73428321085365,11.536857891248982,10.613841731058852,cube3_cluster0;cube4_cluster0,2
2025-09-15,607074,607074,807712,MIN,NYY,6,0,0,2,SL,SL,L,L,B,,86.1,86.1,-0.49,0.49,0.3,0.3,2600.0,2600.0,76.0,284.0,6.3,6.3,2.49,-2.49,6.11,6.11,cube23_cluster0,226,2.6341604278721364,FC,89.98051132303166,-0.8288022207088954,9.04754296913982,,0
2025-09-15,675911,675911,695734,WSH,ATL,6,2,0,0,SL,SL,R,R,S,,82.3,82.3,0.63,0.63,0.09,0.09,2248.0,2248.0,121.0,121.0,6.9,6.9,-1.75,-1.75,5.86,5.86,cube51_cluster0,138,1.1797792309228,SL,86.5599691183964,-4.203859573250014,1.5652746114364327,cube51_cluster0,1
2025-09-15,680730,680730,660670,WSH,ATL,5,2,3,2,FF,FF,L,L,B,Ronald Acuña Jr. walks.,94.0,94.0,0.35,-0.35,1.55,1.55,2257.0,2257.0,171.0,189.0,6.9,6.9,0.92,-0.92,6.42,6.42,cube22_cluster0,44,2.1868996896662516,FC,88.82845332305666,-1.3474977477043035,9.056608779489569,cube13_cluster0;cube4_cluster0,2
2025-09-15,669920,669920,694671,HOU,TEX,5,2,2,1,CH,CH,R,R,B,,79.9,79.9,-1.38,-1.38,0.6,0.6,1906.0,1906.0,262.0,262.0,6.4,6.4,-1.24,-1.24,5.71,5.71,cube12_cluster0,316,1.8721807538352215,CH,89.01009096911115,10.260232782391817,9.292479855944606,cube12_cluster0;cube13_cluster0,2
2025-09-15,675911,675911,605137,WSH,ATL,6,1,1,2,FF,FF,R,R,X,Josh Bell lines out to left fielder Jurickson Profar.,94.8,94.8,-0.59,-0.59,1.26,1.26,2156.0,2156.0,217.0,217.0,7.0,7.0,-1.69,-1.69,5.87,5.87,cube4_cluster0,983,1.2659582765132351,FF,92.73799323851703,11.87678282989603,11.880818729937886,cube13_cluster0;cube14_cluster0;cube4_cluster0;cube5_cluster0,4
2025-09-15,680732,680732,683002,CWS,BAL,5,2,1,1,KC,KC,R,R,B,,83.2,83.2,0.14,0.14,-1.14,-1.14,2537.0,2537.0,18.0,18.0,7.2,7.2,-2.26,-2.26,6.18,6.18,cube67_cluster2,6,1.6114503906954467,CU,83.11739876493539,-8.352412707608828,-11.699528597119054,,0
2025-09-15,624133,624133,500743,LAD,PHI,6,1,2,1,SI,SI,L,L,B,,90.1,90.1,1.36,-1.36,0.07,0.07,1873.0,1873.0,161.0,199.0,6.4,6.4,2.22,-2.22,5.63,5.63,cube13_cluster0,1173,1.57671773075095,FF,91.32597348809763,10.933560927718538,9.887490835989844,cube13_cluster0,1
2025-09-15,683004,683004,514888,HOU,TEX,6,0,0,0,CU,CU,R,R,S,,81.8,81.8,0.28,0.28,-0.64,-0.64,2748.0,2748.0,42.0,42.0,6.5,6.5,-1.29,-1.29,6.03,6.03,cube65_cluster0,52,1.143606869840082,CU,80.5172691598637,-7.955497641633661,-5.720742174043808,cube66_cluster0;cube73_cluster0,2
2025-09-15,680573,680573,641355,MIN,NYY,6,1,0,0,SL,SL,R,R,S,,84.4,84.4,0.5,0.5,0.39,0.39,2407.0,2407.0,157.0,157.0,6.6,6.6,-1.67,-1.67,6.27,6.27,cube43_cluster0,144,1.0167117902632337,SL,87.05264300971788,-4.004743073818654,3.6350863620861684,cube42_cluster0;cube43_cluster0,2
2025-09-15,669920,669920,694671,HOU,TEX,5,2,1,1,FF,FF,R,R,B,,89.5,89.5,-0.76,-0.76,1.28,1.28,2348.0,2348.0,237.0,237.0,6.4,6.4,-1.43,-1.43,5.82,5.82,cube4_cluster0,983,1.100747453083918,FF,92.73799323851703,11.87678282989603,11.880818729937886,cube13_cluster0;cube4_cluster0,2
2025-09-15,592791,592791,668804,PIT,CHC,6,2,0,0,CH,CH,R,R,B,,85.2,85.2,-1.29,-1.29,0.66,0.66,1774.0,1774.0,228.0,228.0,6.8,6.8,-1.14,-1.14,6.16,6.16,cube3_cluster0,268,1.3735331999066216,CH,89.73428321085365,11.536857891248982,10.613841731058852,cube12_cluster0;cube13_cluster0;cube3_cluster0;cube4_cluster0,4
2025-09-15,607074,607074,807712,MIN,NYY,6,0,0,2,SL,SL,L,L,S,,86.4,86.4,-0.36,0.36,-0.13,-0.13,2676.0,2676.0,297.0,63.0,6.1,6.1,2.49,-2.49,6.17,6.17,cube59_cluster3,4,1.2598546421516075,SL,85.12251530257362,-5.961374472524924,0.02102759100394158,cube58_cluster0;cube66_cluster0,2
2025-09-15,641793,641793,676475,STL,CIN,6,2,0,1,FS,FS,R,R,X,Alec Burleson doubles (23) on a line drive to center fielder TJ Friedl. Brendan Donovan scores. Iván Herrera scores.,82.6,82.6,-1.12,-1.12,-0.15,-0.15,1157.0,1157.0,245.0,245.0,6.2,6.2,-0.74,-0.74,6.07,6.07,cube13_cluster1,3,2.5777511448969292,FS,84.2318346010472,7.0387863377694,1.0515447129672841,cube12_cluster0,1
2025-09-15,680730,680730,660670,WSH,ATL,5,2,3,2,FF,FF,L,L,S,,93.3,93.3,0.51,-0.51,1.68,1.68,2264.0,2264.0,170.0,190.0,6.8,6.8,0.83,-0.83,6.48,6.48,cube22_cluster0,44,2.2817733555453654,FC,88.82845332305666,-1.3474977477043035,9.056608779489569,cube12_cluster0;cube13_cluster0;cube3_cluster0;cube4_cluster0,4
2025-09-15,686218,686218,547180,LAD,PHI,6,0,1,2,FF,FF,R,R,B,,95.3,95.3,-0.82,-0.82,1.53,1.53,2345.0,2345.0,210.0,210.0,6.8,6.8,-1.4,-1.4,5.3,5.3,cube5_cluster0,516,1.595472893710328,FF,94.26601183041208,12.58960465467938,11.873748452415477,cube5_cluster0,1
2025-09-15,680694,680694,691019,CWS,BAL,5,1,3,2,SL,SL,R,R,S,,89.0,89.0,0.69,0.69,-0.08,-0.08,2619.0,2619.0,58.0,58.0,6.4,6.4,-1.28,-1.28,6.28,6.28,cube57_cluster0,32,1.126633270624257,SL,83.65118122149555,-5.010806328553835,-0.8552029953918647,cube58_cluster0;cube66_cluster0,2
2025-09-15,668678,668678,669477,AZ,SF,5,2,2,2,FF,FF,R,R,S,,93.2,93.2,-0.18,-0.18,1.18,1.18,2240.0,2240.0,214.0,214.0,6.5,6.5,-3.18,-3.18,5.9,5.9,cube24_cluster0,111,1.6709128210170037,FC,90.39472309229976,-0.35116486760382487,8.906212304019572,cube13_cluster0;cube14_cluster0,2
2025-09-15,683004,683004,621043,HOU,TEX,5,2,3,2,FF,FF,R,R,S,Carlos Correa called out on strikes.,96.5,96.5,-0.73,-0.73,1.68,1.68,2382.0,2382.0,218.0,218.0,6.9,6.9,-1.14,-1.14,5.59,5.59,cube4_cluster0,983,1.9116279119646626,FF,92.73799323851703,11.87678282989603,11.880818729937886,cube4_cluster0;cube5_cluster0,2
2025-09-15,680732,680732,683002,CWS,BAL,5,2,1,0,FF,FF,R,R,S,,93.9,93.9,-0.33,-0.33,1.48,1.48,2484.0,2484.0,193.0,193.0,7.3,7.3,-2.24,-2.24,6.27,6.27,cube15_cluster1,11,2.263910971319565,FF,95.07044777791452,10.01799709211646,12.914228470751997,cube14_cluster0,1
2025-09-15,624133,624133,500743,LAD,PHI,6,1,1,1,FF,FF,L,L,B,,91.4,91.4,0.38,-0.38,0.81,0.81,1861.0,1861.0,126.0,234.0,6.1,6.1,2.29,-2.29,5.66,5.66,cube13_cluster0,1173,1.1653090746856747,FF,91.32597348809763,10.933560927718538,9.887490835989844,cube13_cluster0,1
2025-09-15,680694,680694,691019,CWS,BAL,5,1,2,2,FF,FF,R,R,B,,92.9,92.9,0.17,0.17,1.18,1.18,2503.0,2503.0,175.0,175.0,6.4,6.4,-0.72,-0.72,6.57,6.57,cube42_cluster1,3,1.4720005590213248,FC,87.63142706302794,-5.957348927875244,5.6153508771929825,cube22_cluster0;cube23_cluster0,2
2025-09-15,668678,668678,669477,AZ,SF,5,2,2,2,CH,CH,R,R,S,,86.1,86.1,-1.01,-1.01,0.27,0.27,1516.0,1516.0,227.0,227.0,6.7,6.7,-3.21,-3.21,5.71,5.71,cube5_cluster1,6,2.1643881821176305,FF,89.65810794305177,14.773047413912295,10.026197271838102,cube13_cluster0;cube14_cluster0;cube4_cluster0;cube5_cluster0,4
2025-09-15,607074,607074,807712,MIN,NYY,6,0,0,1,FF,FF,L,L,S,,94.2,94.2,0.78,-0.78,1.71,1.71,2432.0,2432.0,140.0,220.0,6.4,6.4,1.97,-1.97,6.38,6.38,cube4_cluster0,983,1.6920786426140808,FF,92.73799323851703,11.87678282989603,11.880818729937886,cube4_cluster0,1
2025-09-15,641793,641793,676475,STL,CIN,6,2,0,0,SI,SI,R,R,S,,90.7,90.7,-1.1,-1.1,1.03,1.03,1909.0,1909.0,215.0,215.0,6.4,6.4,-0.75,-0.75,5.99,5.99,cube3_cluster0,268,1.1176691561155394,CH,89.73428321085365,11.536857891248982,10.613841731058852,cube3_cluster0;cube4_cluster0,2
2025-09-15,680730,680730,660670,WSH,ATL,5,2,2,2,CU,CU,L,L,B,,80.5,80.5,-0.17,0.17,-0.52,-0.52,2269.0,2269.0,330.0,30.0,6.8,6.8,1.63,-1.63,6.29,6.29,cube65_cluster2,4,1.1815657271821418,CU,77.46691308243727,-3.8291129032258064,-11.446518817204302,cube58_cluster0;cube66_cluster0,2
2025-09-15,592791,592791,687462,PIT,CHC,6,2,1,1,FC,FC,R,R,X,Spencer Horwitz doubles (22) on a sharp line drive to right fielder Willi Castro.,86.3,86.3,0.66,0.66,0.56,0.56,2509.0,2509.0,188.0,188.0,6.7,6.7,-1.34,-1.34,6.05,6.05,cube33_cluster0,169,1.2148780816257845,FC,88.23401695598267,-3.1239005241649638,6.236802891040705,cube33_cluster0,1
2025-09-15,675911,675911,605137,WSH,ATL,6,1,1,1,FF,FF,R,R,S,,95.7,95.7,-0.46,-0.46,1.37,1.37,2202.0,2202.0,209.0,209.0,6.9,6.9,-1.65,-1.65,5.83,5.83,cube4_cluster0,983,1.3377586448077796,FF,92.73799323851703,11.87678282989603,11.880818729937886,cube13_cluster0;cube14_cluster0;cube4_cluster0;cube5_cluster0,4
2025-09-15,669920,669920,694671,HOU,TEX,5,2,0,1,CH,CH,R,R,B,,79.5,79.5,-1.58,-1.58,-0.04,-0.04,1942.0,1942.0,262.0,262.0,6.6,6.6,-1.37,-1.37,5.62,5.62,cube23_cluster1,15,1.8717534637962305,CH,87.14244152758266,13.779793742871872,-2.1495322200021145,cube13_cluster0,1
2025-09-15,686218,686218,547180,LAD,PHI,6,0,1,1,FF,FF,R,R,S,,94.4,94.4,-0.76,-0.76,1.53,1.53,2337.0,2337.0,210.0,210.0,6.7,6.7,-1.21,-1.21,5.39,5.39,cube4_cluster0,983,1.7152662400554755,FF,92.73799323851703,11.87678282989603,11.880818729937886,cube4_cluster0;cube5_cluster0,2
2025-09-15,680573,680573,592450,MIN,NYY,6,1,3,1,SL,SL,R,R,B,Aaron Judge walks.,84.9,84.9,0.41,0.41,0.32,0.32,2413.0,2413.0,132.0,132.0,6.9,6.9,-1.52,-1.52,6.2,6.2,cube43_cluster0,144,1.2104025021051859,SL,87.05264300971788,-4.004743073818654,3.6350863620861684,cube43_cluster0;cube51_cluster0,2
2025-09-15,668678,668678,669477,AZ,SF,5,2,1,2,KC,KC,R,R,B,,80.4,80.4,0.38,0.38,-0.95,-0.95,2496.0,2496.0,29.0,29.0,6.7,6.7,-2.91,-2.91,5.91,5.91,cube67_cluster2,6,1.7390434534539998,CU,83.11739876493539,-8.352412707608828,-11.699528597119054,cube66_cluster0;cube67_cluster0;cube73_cluster0;cube74_cluster0,4
2025-09-15,607074,607074,807712,MIN,NYY,6,0,0,0,SL,SL,L,L,S,,85.7,85.7,-0.48,0.48,-0.06,-0.06,2467.0,2467.0,235.0,125.0,6.0,6.0,2.56,-2.56,6.04,6.04,cube50_cluster1,3,1.3509380000964593,SL,84.76644083107497,-3.5251273712737126,1.6661102077687442,cube51_cluster0,1
2025-09-15,680573,680573,592450,MIN,NYY,6,1,3,0,FF,FF,R,R,S,,93.3,93.3,-0.47,-0.47,1.64,1.64,2302.0,2302.0,192.0,192.0,6.9,6.9,-1.09,-1.09,6.42,6.42,cube22_cluster0,44,2.2209597219043804,FC,88.82845332305666,-1.3474977477043035,9.056608779489569,cube13_cluster0;cube4_cluster0,2
2025-09-15,683004,683004,621043,HOU,TEX,5,2,2,2,FF,FF,R,R,B,,98.5,98.5,-0.5,-0.5,1.64,1.64,2540.0,2540.0,210.0,210.0,6.9,6.9,-1.06,-1.06,5.59,5.59,cube4_cluster0,983,2.231078917374331,FF,92.73799323851703,11.87678282989603,11.880818729937886,cube14_cluster0;cube5_cluster0,2
2025-09-15,624133,624133,500743,LAD,PHI,6,1,1,0,FF,FF,L,L,S,,91.3,91.3,0.37,-0.37,0.86,0.86,1926.0,1926.0,132.0,228.0,6.0,6.0,2.31,-2.31,5.64,5.64,cube13_cluster0,1173,1.2028555186059433,FF,91.32597348809763,10.933560927718538,9.887490835989844,cube13_cluster0,1
2025-09-15,680694,680694,691019,CWS,BAL,5,1,2,1,SI,SI,R,R,S,,95.1,95.1,-0.89,-0.89,1.11,1.11,2250.0,2250.0,199.0,199.0,6.5,6.5,-0.76,-0.76,6.39,6.39,cube3_cluster0,268,1.7981253856851638,CH,89.73428321085365,11.536857891248982,10.613841731058852,cube12_cluster0;cube13_cluster0;cube3_cluster0;cube4_cluster0,4
2025-09-15,641793,641793,671056,STL,CIN,6,2,2,1,SI,SI,R,R,B,Iván Herrera hit by pitch. Brendan Donovan to 2nd.,90.5,90.5,-1.36,-1.36,0.89,0.89,1998.0,1998.0,215.0,215.0,6.3,6.3,-0.72,-0.72,6.01,6.01,cube3_cluster0,268,1.2155526006821828,CH,89.73428321085365,11.536857891248982,10.613841731058852,cube3_cluster0;cube4_cluster0,2
2025-09-15,680732,680732,683002,CWS,BAL,5,2,0,0,FF,FF,R,R,B,,95.2,95.2,-0.4,-0.4,1.59,1.59,2630.0,2630.0,200.0,200.0,7.2,7.2,-2.19,-2.19,6.31,6.31,cube15_cluster1,11,2.381468247553156,FF,95.07044777791452,10.01799709211646,12.914228470751997,cube14_cluster0,1
2025-09-15,680730,680730,660670,WSH,ATL,5,2,2,1,FF,FF,L,L,S,,92.3,92.3,0.17,-0.17,1.68,1.68,2162.0,2162.0,175.0,185.0,6.9,6.9,1.04,-1.04,6.45,6.45,cube22_cluster0,44,2.2104799848283534,FC,88.82845332305666,-1.3474977477043035,9.056608779489569,cube12_cluster0;cube13_cluster0,2
2025-09-15,675911,675911,605137,WSH,ATL,6,1,1,0,FF,FF,R,R,S,,95.4,95.4,-0.53,-0.53,1.29,1.29,2409.0,2409.0,212.0,212.0,6.9,6.9,-1.72,-1.72,5.84,5.84,cube5_cluster0,516,1.3491136596753535,FF,94.26601183041208,12.58960465467938,11.873748452415477,cube13_cluster0;cube14_cluster0;cube4_cluster0;cube5_cluster0,4
2025-09-15,669920,669920,694671,HOU,TEX,5,2,0,0,SI,SI,R,R,S,,89.8,89.8,-1.41,-1.41,-0.02,-0.02,2127.0,2127.0,247.0,247.0,6.5,6.5,-1.69,-1.69,5.47,5.47,cube23_cluster1,15,1.3719550865700039,CH,87.14244152758266,13.779793742871872,-2.1495322200021145,cube13_cluster0;cube14_cluster0,2
2025-09-15,592791,592791,687462,PIT,CHC,6,2,0,1,CU,CU,R,R,B,,79.9,79.9,0.74,0.74,-0.62,-0.62,2499.0,2499.0,31.0,31.0,6.9,6.9,-1.09,-1.09,6.19,6.19,cube65_cluster0,52,1.4609591367591919,CU,80.5172691598637,-7.955497641633661,-5.720742174043808,cube66_cluster0;cube73_cluster0,2
2025-09-15,686218,686218,547180,LAD,PHI,6,0,0,1,FF,FF,R,R,B,,95.6,95.6,-0.78,-0.78,1.39,1.39,2294.0,2294.0,210.0,210.0,6.8,6.8,-1.24,-1.24,5.3,5.3,cube5_cluster0,516,1.6699595192503591,FF,94.26601183041208,12.58960465467938,11.873748452415477,cube4_cluster0;cube5_cluster0,2
2025-09-15,680573,680573,592450,MIN,NYY,6,1,2,0,FS,FS,R,R,B,,87.7,87.7,-0.76,-0.76,0.88,0.88,1259.0,1259.0,211.0,211.0,6.9,6.9,-1.21,-1.21,6.27,6.27,cube3_cluster0,268,1.9720673367271477,CH,89.73428321085365,11.536857891248982,10.613841731058852,cube3_cluster0,1
2025-09-15,592791,592791,687462,PIT,CHC,6,2,0,0,ST,ST,R,R,S,,79.1,79.1,1.36,1.36,-0.15,-0.15,2700.0,2700.0,66.0,66.0,6.8,6.8,-1.3,-1.3,6.1,6.1,cube73_cluster0,327,1.6733035880635625,CU,80.47699441108988,-11.55224395022119,-8.074074661318553,cube66_cluster0;cube73_cluster0,2
2025-09-15,675911,675911,605137,WSH,ATL,6,1,0,0,CU,CU,R,R,B,,77.2,77.2,0.7,0.7,-0.97,-0.97,2631.0,2631.0,68.0,68.0,6.9,6.9,-1.89,-1.89,5.84,5.84,cube67_cluster2,6,1.2329285925980318,CU,83.11739876493539,-8.352412707608828,-11.699528597119054,cube73_cluster0;cube74_cluster0,2
2025-09-15,680694,680694,691019,CWS,BAL,5,1,2,0,SL,SL,R,R,S,,87.8,87.8,0.92,0.92,0.01,0.01,2605.0,2605.0,76.0,76.0,6.4,6.4,-0.99,-0.99,6.47,6.47,cube57_cluster0,32,1.3811834839095323,SL,83.65118122149555,-5.010806328553835,-0.8552029953918647,,0
2025-09-15,686218,686218,547180,LAD,PHI,6,0,0,0,CH,CH,R,R,S,,84.8,84.8,-0.71,-0.71,0.47,0.47,996.0,996.0,256.0,256.0,6.5,6.5,-1.26,-1.26,5.45,5.45,cube13_cluster1,3,2.0289645494760347,FS,84.2318346010472,7.0387863377694,1.0515447129672841,cube12_cluster0;cube13_cluster0;cube3_cluster0;cube4_cluster0,4
2025-09-15,624133,624133,500743,LAD,PHI,6,1,0,0,FC,FC,L,L,B,,87.2,87.2,-0.31,0.31,0.6,0.6,2071.0,2071.0,187.0,173.0,6.2,6.2,2.23,-2.23,5.7,5.7,cube33_cluster0,169,1.041943745789571,FC,88.23401695598267,-3.1239005241649638,6.236802891040705,cube23_cluster0;cube33_cluster0,2
2025-09-15,641793,641793,671056,STL,CIN,6,2,1,1,SL,SL,R,R,B,,87.1,87.1,-0.13,-0.13,0.5,0.5,2211.0,2211.0,204.0,204.0,6.3,6.3,-0.67,-0.67,6.14,6.14,cube22_cluster0,44,1.149823835966149,FC,88.82845332305666,-1.3474977477043035,9.056608779489569,cube22_cluster0,1
2025-09-15,669920,669920,669701,HOU,TEX,5,2,0,1,SI,SI,R,R,X,Josh Smith singles on a ground ball to right fielder Zach Cole. Dylan Moore scores.,91.0,91.0,-1.48,-1.48,0.25,0.25,2154.0,2154.0,249.0,249.0,6.5,6.5,-1.66,-1.66,5.59,5.59,cube13_cluster0,1173,1.4066531881034268,FF,91.32597348809763,10.933560927718538,9.887490835989844,cube13_cluster0;cube14_cluster0,2
2025-09-15,671212,671212,665489,TB,TOR,6,2,2,2,FF,FF,R,R,X,"Vladimir Guerrero Jr. grounds out softly, pitcher Joe Boyle to first baseman Yandy Díaz.",98.1,98.1,-0.62,-0.62,0.87,0.87,2476.0,2476.0,208.0,208.0,6.4,6.4,-0.93,-0.93,5.86,5.86,cube4_cluster0,983,1.7351322315560795,FF,92.73799323851703,11.87678282989603,11.880818729937886,cube13_cluster0,1
2025-09-15,683004,683004,621043,HOU,TEX,5,2,1,2,CU,CU,R,R,B,,82.0,82.0,0.61,0.61,-0.47,-0.47,2510.0,2510.0,37.0,37.0,6.3,6.3,-0.98,-0.98,6.01,6.01,cube65_cluster0,52,0.7126112074175598,CU,80.5172691598637,-7.955497641633661,-5.720742174043808,cube65_cluster0;cube66_cluster0,2
2025-09-15,680732,680732,669236,CWS,BAL,5,2,3,0,FF,FF,R,R,B,Jeremiah Jackson walks.,94.0,94.0,-0.53,-0.53,1.61,1.61,2641.0,2641.0,194.0,194.0,7.3,7.3,-1.91,-1.91,6.32,6.32,cube15_cluster1,11,2.4696637970156736,FF,95.07044777791452,10.01799709211646,12.914228470751997,cube13_cluster0;cube14_cluster0,2
2025-09-15,607074,607074,668885,MIN,NYY,5,1,1,2,SL,SL,L,L,X,"Austin Martin grounds into a double play, shortstop José Caballero to second baseman Jazz Chisholm Jr. to first baseman Paul Goldschmidt. Byron Buxton out at 2nd. Austin Martin out at 1st.",86.8,86.8,-0.67,0.67,-0.31,-0.31,2743.0,2743.0,321.0,39.0,6.0,6.0,2.4,-2.4,6.21,6.21,cube66_cluster0,381,1.4498656943668264,ST,82.47698152646831,-10.124080234445362,-2.88332382968971,cube66_cluster0,1
2025-09-15,680730,680730,660670,WSH,ATL,5,2,1,1,FF,FF,L,L,B,,93.6,93.6,0.4,-0.4,1.49,1.49,2093.0,2093.0,167.0,193.0,6.8,6.8,0.91,-0.91,6.5,6.5,cube22_cluster0,44,2.1100807848725807,FC,88.82845332305666,-1.3474977477043035,9.056608779489569,cube12_cluster0;cube13_cluster0;cube3_cluster0;cube4_cluster0,4
2025-09-15,668678,668678,669477,AZ,SF,5,2,1,2,KC,KC,R,R,S,,79.0,79.0,0.48,0.48,-1.06,-1.06,2382.0,2382.0,35.0,35.0,6.6,6.6,-3.12,-3.12,5.87,5.87,cube67_cluster3,1,1.8061921587534917,SL,78.67358490566038,-15.561509433962266,-4.000754716981133,cube67_cluster0;cube73_cluster0;cube74_cluster0,3
2025-09-15,592791,592791,669707,PIT,CHC,6,1,1,1,SI,SI,R,R,X,"Jared Triolo grounds out, third baseman Matt Shaw to first baseman Michael Busch.",91.3,91.3,-1.12,-1.12,1.02,1.02,2092.0,2092.0,198.0,198.0,6.8,6.8,-1.01,-1.01,6.1,6.1,cube3_cluster0,268,1.5282857082534627,CH,89.73428321085365,11.536857891248982,10.613841731058852,cube13_cluster0;cube4_cluster0,2
2025-09-15,624133,624133,669743,LAD,PHI,6,1,2,2,FF,FF,L,L,X,Alex Call singles on a ground ball to right fielder Max Kepler.,91.8,91.8,0.38,-0.38,0.77,0.77,1883.0,1883.0,130.0,230.0,6.0,6.0,2.22,-2.22,5.72,5.72,cube13_cluster0,1173,1.159851977385133,FF,91.32597348809763,10.933560927718538,9.887490835989844,cube13_cluster0,1
2025-09-15,680694,680694,691019,CWS,BAL,5,1,1,0,FF,FF,R,R,B,,93.4,93.4,0.07,0.07,1.54,1.54,2483.0,2483.0,186.0,186.0,6.4,6.4,-0.88,-0.88,6.57,6.57,cube22_cluster0,44,1.8333241295012017,FC,88.82845332305666,-1.3474977477043035,9.056608779489569,cube12_cluster0;cube13_cluster0;cube22_cluster0;cube23_cluster0,4
2025-09-15,671212,671212,665489,TB,TOR,6,2,2,2,FS,FS,R,R,S,,94.0,94.0,-1.36,-1.36,0.36,0.36,1951.0,1951.0,234.0,234.0,6.4,6.4,-0.95,-0.95,5.84,5.84,cube12_cluster0,316,1.444087683318361,CH,89.01009096911115,10.260232782391817,9.292479855944606,cube13_cluster0;cube4_cluster0,2
2025-09-15,675911,675911,695578,WSH,ATL,6,0,1,1,CH,CH,R,R,X,"James Wood grounds out softly, pitcher Spencer Strider to first baseman Matt Olson.",85.0,85.0,-1.25,-1.25,0.49,0.49,2147.0,2147.0,225.0,225.0,6.8,6.8,-2.08,-2.08,5.78,5.78,cube13_cluster0,1173,1.272821838121228,FF,91.32597348809763,10.933560927718538,9.887490835989844,cube13_cluster0,1
2025-09-15,668678,668678,669477,AZ,SF,5,2,1,1,KC,KC,R,R,S,,80.2,80.2,0.36,0.36,-0.94,-0.94,2377.0,2377.0,26.0,26.0,6.5,6.5,-3.01,-3.01,5.92,5.92,cube67_cluster3,1,1.8816944859400924,SL,78.67358490566038,-15.561509433962266,-4.000754716981133,cube73_cluster0;cube74_cluster0,2
2025-09-15,669920,669920,669701,HOU,TEX,5,2,0,0,ST,ST,R,R,S,,78.4,78.4,1.47,1.47,0.11,0.11,2647.0,2647.0,68.0,68.0,6.2,6.2,-1.89,-1.89,5.51,5.51,cube65_cluster1,5,1.191918541296326,ST,79.83113104371454,-13.87824519299928,1.6911752817070245,cube66_cluster0;cube73_cluster0,2
2025-09-15,607074,607074,668885,MIN,NYY,5,1,1,1,CH,CH,L,L,S,,82.3,82.3,0.84,-0.84,0.38,0.38,1637.0,1637.0,131.0,229.0,6.1,6.1,2.14,-2.14,6.23,6.23,cube12_cluster0,316,1.5073311386126504,CH,89.01009096911115,10.260232782391817,9.292479855944606,cube12_cluster0,1
2025-09-15,686218,686218,656941,LAD,PHI,6,0,3,2,FF,FF,R,R,B,Kyle Schwarber walks.,95.5,95.5,-0.75,-0.75,1.51,1.51,2439.0,2439.0,206.0,206.0,6.6,6.6,-1.01,-1.01,5.53,5.53,cube4_cluster0,983,1.823612069894051,FF,92.73799323851703,11.87678282989603,11.880818729937886,cube13_cluster0;cube14_cluster0;cube4_cluster0;cube5_cluster0,4
2025-09-15,683004,683004,621043,HOU,TEX,5,2,0,2,CU,CU,R,R,B,,84.5,84.5,0.08,0.08,-0.58,-0.58,2676.0,2676.0,34.0,34.0,6.6,6.6,-0.95,-0.95,5.95,5.95,cube65_cluster0,52,1.4822245192164663,CU,80.5172691598637,-7.955497641633661,-5.720742174043808,cube66_cluster0,1
2025-09-15,641793,641793,671056,STL,CIN,6,2,1,0,FF,FF,R,R,S,,90.3,90.3,-0.5,-0.5,1.46,1.46,1967.0,1967.0,210.0,210.0,6.5,6.5,-0.57,-0.57,6.07,6.07,cube3_cluster0,268,1.7130722055593137,CH,89.73428321085365,11.536857891248982,10.613841731058852,cube12_cluster0;cube13_cluster0;cube3_cluster0;cube4_cluster0,4
2025-09-15,669461,669461,701398,STL,CIN,6,2,1,1,CH,CH,L,L,X,Sal Stewart flies out to center fielder Victor Scott II.,87.7,87.7,1.33,-1.33,0.85,0.85,1843.0,1843.0,133.0,227.0,6.2,6.2,0.78,-0.78,6.39,6.39,cube3_cluster0,268,1.1815697967474668,CH,89.73428321085365,11.536857891248982,10.613841731058852,cube3_cluster0,1
2025-09-15,680573,680573,592450,MIN,NYY,6,1,1,0,FS,FS,R,R,B,,88.2,88.2,-0.85,-0.85,0.64,0.64,1343.0,1343.0,214.0,214.0,6.9,6.9,-1.32,-1.32,6.29,6.29,cube3_cluster0,268,1.8272001165724199,CH,89.73428321085365,11.536857891248982,10.613841731058852,cube3_cluster0;cube4_cluster0,2
2025-09-15,680732,680732,669236,CWS,BAL,5,2,2,0,SL,SL,R,R,B,,87.4,87.4,0.52,0.52,0.43,0.43,2429.0,2429.0,160.0,160.0,7.3,7.3,-2.33,-2.33,6.12,6.12,cube44_cluster0,35,1.6833046759457206,SL,87.43039514356485,-4.560198707426779,3.7204129901025347,cube33_cluster0;cube34_cluster0;cube43_cluster0,3
2025-09-15,680730,680730,660670,WSH,ATL,5,2,0,1,CU,CU,L,L,B,,80.1,80.1,-0.16,0.16,-0.6,-0.6,2285.0,2285.0,345.0,15.0,6.8,6.8,1.38,-1.38,6.26,6.26,cube65_cluster2,4,1.2857008255504456,CU,77.46691308243727,-3.8291129032258064,-11.446518817204302,cube58_cluster0;cube65_cluster0;cube66_cluster0,3
2025-09-15,675911,675911,695578,WSH,ATL,6,0,0,1,CU,CU,R,R,B,,75.8,75.8,1.01,1.01,-0.74,-0.74,2574.0,2574.0,65.0,65.0,6.7,6.7,-1.96,-1.96,5.9,5.9,cube73_cluster0,327,1.0921965846312522,CU,80.47699441108988,-11.55224395022119,-8.074074661318553,cube73_cluster0,1
2025-09-15,669461,669461,701398,STL,CIN,6,2,0,1,SI,SI,L,L,B,,94.9,94.9,1.22,-1.22,0.99,0.99,1996.0,1996.0,145.0,215.0,6.6,6.6,0.44,-0.44,6.42,6.42,cube3_cluster0,268,1.844963663143827,CH,89.73428321085365,11.536857891248982,10.613841731058852,cube3_cluster0;cube4_cluster0,2
2025-09-15,686218,686218,656941,LAD,PHI,6,0,3,2,FF,FF,R,R,S,,94.9,94.9,-0.71,-0.71,1.52,1.52,2326.0,2326.0,209.0,209.0,6.7,6.7,-1.15,-1.15,5.49,5.49,cube4_cluster0,983,1.6697884240593655,FF,92.73799323851703,11.87678282989603,11.880818729937886,cube4_cluster0;cube5_cluster0,2
2025-09-15,680732,680732,669236,CWS,BAL,5,2,1,0,KC,KC,R,R,B,,81.3,81.3,-0.09,-0.09,-0.84,-0.84,2384.0,2384.0,17.0,17.0,7.3,7.3,-2.25,-2.25,6.24,6.24,cube67_cluster2,6,1.8877772265367678,CU,83.11739876493539,-8.352412707608828,-11.699528597119054,,0
2025-09-15,671212,671212,665489,TB,TOR,6,2,1,2,FS,FS,R,R,B,,93.8,93.8,-1.5,-1.5,0.26,0.26,2036.0,2036.0,230.0,230.0,6.5,6.5,-1.02,-1.02,5.73,5.73,cube12_cluster0,316,1.6863018287179683,CH,89.01009096911115,10.260232782391817,9.292479855944606,cube13_cluster0;cube4_cluster0,2
2025-09-15,607074,607074,668885,MIN,NYY,5,1,0,1,FF,FF,L,L,B,,95.5,95.5,1.0,-1.0,1.32,1.32,2422.0,2422.0,136.0,224.0,6.2,6.2,1.93,-1.93,6.38,6.38,cube4_cluster0,983,1.4569118122656601,FF,92.73799323851703,11.87678282989603,11.880818729937886,cube4_cluster0,1
2025-09-15,683004,683004,621043,HOU,TEX,5,2,0,1,SI,SI,R,R,S,,96.5,96.5,-1.0,-1.0,1.16,1.16,2325.0,2325.0,212.0,212.0,6.9,6.9,-0.88,-0.88,5.7,5.7,cube4_cluster0,983,1.7667217121085674,FF,92.73799323851703,11.87678282989603,11.880818729937886,cube4_cluster0;cube5_cluster0,2
2025-09-15,668678,668678,669477,AZ,SF,5,2,1,0,KC,KC,R,R,S,,79.8,79.8,0.4,0.4,-1.06,-1.06,2406.0,2406.0,30.0,30.0,6.5,6.5,-3.02,-3.02,5.96,5.96,cube67_cluster3,1,1.9599065794706854,SL,78.67358490566038,-15.561509433962266,-4.000754716981133,cube73_cluster0;cube74_cluster0,2
2025-09-15,680730,680730,660670,WSH,ATL,5,2,0,0,FS,FS,L,L,S,,84.9,84.9,0.25,-0.25,0.87,0.87,1060.0,1060.0,140.0,220.0,7.3,7.3,1.45,-1.45,6.26,6.26,cube13_cluster1,3,1.7038741030404478,FS,84.2318346010472,7.0387863377694,1.0515447129672841,,0
2025-09-15,592791,592791,669707,PIT,CHC,6,1,1,0,FF,FF,R,R,S,,91.0,91.0,-0.68,-0.68,1.42,1.42,2263.0,2263.0,208.0,208.0,7.0,7.0,-1.0,-1.0,6.16,6.16,cube4_cluster0,983,1.8805923487544454,FF,92.73799323851703,11.87678282989603,11.880818729937886,cube13_cluster0;cube4_cluster0,2
2025-09-15,669920,669920,664238,HOU,TEX,5,2,2,1,SI,SI,R,R,X,Dylan Moore singles on a ground ball to second baseman Jose Altuve.,90.6,90.6,-1.47,-1.47,0.28,0.28,2134.0,2134.0,241.0,241.0,6.4,6.4,-1.34,-1.34,5.58,5.58,cube13_cluster0,1173,1.4480783988627284,FF,91.32597348809763,10.933560927718538,9.887490835989844,cube13_cluster0,1
2025-09-15,624133,624133,669743,LAD,PHI,6,1,1,2,SI,SI,L,L,B,,90.7,90.7,0.89,-0.89,0.65,0.65,1972.0,1972.0,142.0,218.0,6.2,6.2,2.08,-2.08,5.76,5.76,cube13_cluster0,1173,0.5841625238972918,FF,91.32597348809763,10.933560927718538,9.887490835989844,cube13_cluster0,1
2025-09-15,680573,680573,592450,MIN,NYY,6,1,0,0,FF,FF,R,R,B,,92.2,92.2,-0.63,-0.63,1.5,1.5,2335.0,2335.0,195.0,195.0,6.7,6.7,-1.0,-1.0,6.59,6.59,cube22_cluster0,44,2.0701128548947705,FC,88.82845332305666,-1.3474977477043035,9.056608779489569,cube12_cluster0;cube13_cluster0;cube3_cluster0;cube4_cluster0,4
2025-09-15,680694,680694,691019,CWS,BAL,5,1,0,0,SI,SI,R,R,B,,94.7,94.7,-1.0,-1.0,1.37,1.37,2186.0,2186.0,191.0,191.0,6.4,6.4,-0.91,-0.91,6.57,6.57,cube3_cluster0,268,1.8905108375817785,CH,89.73428321085365,11.536857891248982,10.613841731058852,cube3_cluster0;cube4_cluster0,2
2025-09-15,641793,641793,671056,STL,CIN,6,2,0,0,SI,SI,R,R,B,,91.0,91.0,-1.2,-1.2,1.04,1.04,1855.0,1855.0,212.0,212.0,6.4,6.4,-0.65,-0.65,6.01,6.01,cube3_cluster0,268,1.2663959876275328,CH,89.73428321085365,11.536857891248982,10.613841731058852,cube3_cluster0;cube4_cluster0,2
2025-09-15,686218,686218,656941,LAD,PHI,6,0,3,2,FF,FF,R,R,S,,94.5,94.5,-0.57,-0.57,1.44,1.44,2369.0,2369.0,203.0,203.0,6.7,6.7,-0.99,-0.99,5.58,5.58,cube4_cluster0,983,1.7919146138523459,FF,92.73799323851703,11.87678282989603,11.880818729937886,cube13_cluster0;cube14_cluster0;cube4_cluster0;cube5_cluster0,4
2025-09-15,641793,641793,680977,STL,CIN,6,2,3,2,SL,SL,R,R,X,Brendan Donovan singles on a sharp line drive to right fielder Noelvi Marte.,86.5,86.5,0.5,0.5,0.8,0.8,2164.0,2164.0,203.0,203.0,6.2,6.2,-0.74,-0.74,6.2,6.2,cube22_cluster0,44,1.0630429796037573,FC,88.82845332305666,-1.3474977477043035,9.056608779489569,cube22_cluster0,1
2025-09-15,592791,592791,669707,PIT,CHC,6,1,0,0,FC,FC,R,R,B,,85.4,85.4,0.85,0.85,0.46,0.46,2577.0,2577.0,166.0,166.0,6.9,6.9,-1.1,-1.1,6.12,6.12,cube43_cluster0,144,1.5777207290783806,SL,87.05264300971788,-4.004743073818654,3.6350863620861684,cube43_cluster0,1
2025-09-15,680732,680732,669236,CWS,BAL,5,2,0,0,FF,FF,R,R,B,,94.5,94.5,-0.58,-0.58,1.22,1.22,2652.0,2652.0,193.0,193.0,7.2,7.2,-1.94,-1.94,6.34,6.34,cube23_cluster0,226,2.30127781209513,FC,89.98051132303166,-0.8288022207088954,9.04754296913982,cube13_cluster0;cube14_cluster0,2
2025-09-15,680730,680730,621566,WSH,ATL,5,2,1,0,CU,CU,L,L,X,Matt Olson homers (26) on a fly ball to right field. Marcell Ozuna scores. Michael Harris II scores.,80.5,80.5,0.2,-0.2,-0.58,-0.58,2381.0,2381.0,340.0,20.0,6.6,6.6,1.42,-1.42,6.36,6.36,cube65_cluster2,4,1.2130852768064004,CU,77.46691308243727,-3.8291129032258064,-11.446518817204302,cube65_cluster0;cube66_cluster0,2
2025-09-15,680573,680573,663757,MIN,NYY,6,0,0,0,CU,CU,R,R,X,Trent Grisham lines out sharply to center fielder Byron Buxton.,79.2,79.2,0.39,0.39,-0.63,-0.63,2671.0,2671.0,40.0,40.0,6.7,6.7,-1.25,-1.25,6.46,6.46,cube65_cluster0,52,1.4153153923132142,CU,80.5172691598637,-7.955497641633661,-5.720742174043808,cube65_cluster0;cube66_cluster0;cube72_cluster0;cube73_cluster0,4
2025-09-15,624133,624133,669743,LAD,PHI,6,1,1,1,FC,FC,L,L,S,,87.1,87.1,-0.08,0.08,0.57,0.57,2041.0,2041.0,155.0,205.0,6.5,6.5,2.1,-2.1,5.69,5.69,cube23_cluster0,226,0.9506441156701568,FC,89.98051132303166,-0.8288022207088954,9.04754296913982,cube23_cluster0,1
2025-09-15,669461,669461,701398,STL,CIN,6,2,0,0,FF,FF,L,L,S,,94.7,94.7,0.39,-0.39,1.33,1.33,2054.0,2054.0,153.0,207.0,6.6,6.6,0.38,-0.38,6.56,6.56,cube3_cluster0,268,2.238238444865191,CH,89.73428321085365,11.536857891248982,10.613841731058852,cube12_cluster0;cube3_cluster0,2
2025-09-15,669920,669920,664238,HOU,TEX,5,2,2,0,SI,SI,R,R,S,,90.9,90.9,-1.63,-1.63,0.01,0.01,2206.0,2206.0,245.0,245.0,6.4,6.4,-1.39,-1.39,5.45,5.45,cube23_cluster1,15,1.7505399621457187,CH,87.14244152758266,13.779793742871872,-2.1495322200021145,cube13_cluster0;cube14_cluster0,2
2025-09-15,680694,680694,643565,CWS,BAL,5,0,0,2,SI,SI,R,R,S,Mike Tauchman strikes out swinging.,94.3,94.3,-1.15,-1.15,1.34,1.34,2256.0,2256.0,183.0,183.0,6.4,6.4,-0.99,-0.99,6.55,6.55,cube3_cluster0,268,1.9854090449751867,CH,89.73428321085365,11.536857891248982,10.613841731058852,cube12_cluster0;cube13_cluster0;cube3_cluster0;cube4_cluster0,4
2025-09-15,668678,668678,669477,AZ,SF,5,2,0,0,FF,FF,R,R,B,,93.2,93.2,-0.19,-0.19,1.42,1.42,2463.0,2463.0,209.0,209.0,6.6,6.6,-3.0,-3.0,5.93,5.93,cube24_cluster0,111,1.6728889806562153,FC,90.39472309229976,-0.35116486760382487,8.906212304019572,cube13_cluster0;cube14_cluster0,2
2025-09-15,607074,607074,668885,MIN,NYY,5,1,0,0,SI,SI,L,L,S,,92.8,92.8,1.1,-1.1,0.4,0.4,2309.0,2309.0,126.0,234.0,6.2,6.2,2.33,-2.33,6.2,6.2,cube13_cluster0,1173,1.382272415177978,FF,91.32597348809763,10.933560927718538,9.887490835989844,cube13_cluster0,1
2025-09-15,671212,671212,665489,TB,TOR,6,2,0,2,FF,FF,R,R,B,,97.2,97.2,-0.17,-0.17,0.99,0.99,2641.0,2641.0,209.0,209.0,6.5,6.5,-0.81,-0.81,5.8,5.8,cube22_cluster0,44,1.8877597452222152,FC,88.82845332305666,-1.3474977477043035,9.056608779489569,cube13_cluster0;cube23_cluster0,2
2025-09-15,675911,675911,695578,WSH,ATL,6,0,0,0,FF,FF,R,R,S,,94.4,94.4,-0.54,-0.54,1.45,1.45,2335.0,2335.0,209.0,209.0,7.0,7.0,-1.55,-1.55,5.83,5.83,cube4_cluster0,983,1.5573160893773876,FF,92.73799323851703,11.87678282989603,11.880818729937886,cube13_cluster0;cube14_cluster0;cube4_cluster0;cube5_cluster0,4
2025-09-15,683004,683004,621043,HOU,TEX,5,2,0,0,SL,SL,R,R,S,,86.9,86.9,0.4,0.4,0.31,0.31,2608.0,2608.0,120.0,120.0,6.7,6.7,-1.07,-1.07,5.84,5.84,cube51_cluster0,138,1.1205516024832225,SL,86.5599691183964,-4.203859573250014,1.5652746114364327,cube51_cluster0,1
2025-09-15,686218,686218,656941,LAD,PHI,6,0,3,2,FF,FF,R,R,S,,95.2,95.2,-0.88,-0.88,1.55,1.55,2356.0,2356.0,208.0,208.0,6.7,6.7,-1.11,-1.11,5.49,5.49,cube4_cluster0,983,1.7286909885937094,FF,92.73799323851703,11.87678282989603,11.880818729937886,cube4_cluster0;cube5_cluster0,2
2025-09-15,683004,683004,805904,HOU,TEX,5,2,1,2,FF,FF,R,R,X,Zach Cole homers (2) on a fly ball to right field. Jeremy Peña scores.,95.9,95.9,-0.73,-0.73,1.56,1.56,2381.0,2381.0,211.0,211.0,6.7,6.7,-1.22,-1.22,5.61,5.61,cube4_cluster0,983,1.6137272658413704,FF,92.73799323851703,11.87678282989603,11.880818729937886,cube4_cluster0;cube5_cluster0,2
2025-09-15,671212,671212,665489,TB,TOR,6,2,0,2,FS,FS,R,R,S,,94.0,94.0,-1.17,-1.17,0.38,0.38,2067.0,2067.0,225.0,225.0,6.5,6.5,-1.05,-1.05,5.83,5.83,cube12_cluster0,316,1.3964494669028475,CH,89.01009096911115,10.260232782391817,9.292479855944606,cube13_cluster0;cube4_cluster0,2
2025-09-15,680573,680573,669224,MIN,NYY,5,2,1,2,FF,FF,R,R,X,Austin Wells flies out to center fielder Byron Buxton.,94.4,94.4,-0.55,-0.55,1.61,1.61,2440.0,2440.0,197.0,197.0,6.9,6.9,-1.35,-1.35,6.33,6.33,cube4_cluster0,983,2.0386917109511864,FF,92.73799323851703,11.87678282989603,11.880818729937886,cube13_cluster0;cube4_cluster0,2
2025-09-15,669920,669920,664238,HOU,TEX,5,2,1,0,SI,SI,R,R,B,,90.3,90.3,-1.41,-1.41,0.34,0.34,2183.0,2183.0,243.0,243.0,6.4,6.4,-1.53,-1.53,5.52,5.52,cube13_cluster0,1173,1.322383489032023,FF,91.32597348809763,10.933560927718538,9.887490835989844,cube13_cluster0,1
2025-09-15,592791,592791,694377,PIT,CHC,6,0,1,1,FF,FF,R,R,X,Nick Yorke flies out to center fielder Pete Crow-Armstrong.,91.4,91.4,-0.61,-0.61,1.34,1.34,2277.0,2277.0,206.0,206.0,6.8,6.8,-1.04,-1.04,6.1,6.1,cube4_cluster0,983,1.6248724016170568,FF,92.73799323851703,11.87678282989603,11.880818729937886,cube13_cluster0;cube4_cluster0,2
2025-09-15,680732,680732,702616,CWS,BAL,5,1,0,2,KC,KC,R,R,X,"Jackson Holliday grounds out, pitcher Sean Burke to first baseman Lenyn Sosa.",83.7,83.7,0.33,0.33,-0.95,-0.95,2633.0,2633.0,29.0,29.0,7.1,7.1,-2.32,-2.32,6.15,6.15,cube67_cluster2,6,1.4252941681590432,CU,83.11739876493539,-8.352412707608828,-11.699528597119054,cube73_cluster0;cube74_cluster0,2
2025-09-15,675911,675911,682928,WSH,ATL,5,2,0,1,SL,SL,R,R,X,CJ Abrams flies out to right fielder Ronald Acuña Jr.,82.2,82.2,0.46,0.46,0.14,0.14,2328.0,2328.0,127.0,127.0,7.0,7.0,-1.88,-1.88,5.86,5.86,cube52_cluster1,9,1.274786786800098,SL,87.17033349644716,-3.7876297283127007,0.844764456834557,cube51_cluster0,1
2025-09-15,607074,607074,621439,MIN,NYY,5,1,0,0,CH,CH,L,L,X,Byron Buxton singles on a line drive to left fielder Cody Bellinger. Edouard Julien to 2nd.,84.1,84.1,1.16,-1.16,0.13,0.13,1621.0,1621.0,130.0,230.0,6.3,6.3,2.2,-2.2,6.13,6.13,cube12_cluster0,316,1.687794969550297,CH,89.01009096911115,10.260232782391817,9.292479855944606,cube12_cluster0;cube13_cluster0,2
2025-09-15,680730,680730,621566,WSH,ATL,5,2,0,0,FF,FF,L,L,B,,93.4,93.4,0.3,-0.3,1.55,1.55,2229.0,2229.0,173.0,187.0,6.9,6.9,0.7,-0.7,6.52,6.52,cube22_cluster0,44,2.3214626532111082,FC,88.82845332305666,-1.3474977477043035,9.056608779489569,cube12_cluster0;cube13_cluster0,2
2025-09-15,624133,624133,669743,LAD,PHI,6,1,0,1,FC,FC,L,L,B,,87.1,87.1,-0.12,0.12,0.57,0.57,2045.0,2045.0,156.0,204.0,6.0,6.0,2.24,-2.24,5.7,5.7,cube23_cluster0,226,1.171763506067564,FC,89.98051132303166,-0.8288022207088954,9.04754296913982,cube23_cluster0,1
2025-09-15,669461,669461,669720,STL,CIN,6,2,3,0,FF,FF,L,L,X,Austin Hays singles on a line drive to right fielder Lars Nootbaar.,94.7,94.7,0.6,-0.6,1.35,1.35,2102.0,2102.0,154.0,206.0,6.5,6.5,0.46,-0.46,6.57,6.57,cube3_cluster0,268,2.1032275599806467,CH,89.73428321085365,11.536857891248982,10.613841731058852,cube3_cluster0,1
2025-09-15,680694,680694,643565,CWS,BAL,5,0,0,1,SL,SL,R,R,S,,86.5,86.5,0.81,0.81,-0.01,-0.01,2501.0,2501.0,59.0,59.0,6.3,6.3,-1.29,-1.29,6.39,6.39,cube57_cluster0,32,0.9532714449469804,SL,83.65118122149555,-5.010806328553835,-0.8552029953918647,,0
2025-09-15,668678,668678,672275,AZ,SF,5,1,1,1,CH,CH,R,R,X,Patrick Bailey lines out to center fielder Alek Thomas.,84.1,84.1,-0.88,-0.88,0.34,0.34,1541.0,1541.0,229.0,229.0,6.5,6.5,-3.38,-3.38,5.76,5.76,cube5_cluster1,6,2.2810301380354443,FF,89.65810794305177,14.773047413912295,10.026197271838102,cube13_cluster0,1
2025-09-15,641793,641793,680977,STL,CIN,6,2,3,1,FF,FF,R,R,S,,90.6,90.6,-0.74,-0.74,1.31,1.31,1937.0,1937.0,213.0,213.0,6.3,6.3,-0.79,-0.79,6.12,6.12,cube3_cluster0,268,1.1913972565112265,CH,89.73428321085365,11.536857891248982,10.613841731058852,cube3_cluster0,1
2025-09-15,675911,675911,682928,WSH,ATL,5,2,0,0,FF,FF,R,R,S,,95.5,95.5,-0.78,-0.78,1.52,1.52,2376.0,2376.0,207.0,207.0,7.1,7.1,-1.73,-1.73,5.94,5.94,cube5_cluster0,516,1.6456718433511686,FF,94.26601183041208,12.58960465467938,11.873748452415477,cube4_cluster0;cube5_cluster0,2
2025-09-15,680732,680732,702616,CWS,BAL,5,1,0,1,FF,FF,R,R,S,,96.9,96.9,-0.41,-0.41,1.52,1.52,2654.0,2654.0,200.0,200.0,7.1,7.1,-2.27,-2.27,6.24,6.24,cube5_cluster0,516,2.2633384360649664,FF,94.26601183041208,12.58960465467938,11.873748452415477,cube14_cluster0,1
2025-09-15,680573,680573,669224,MIN,NYY,5,2,1,2,FF,FF,R,R,S,,94.8,94.8,-0.57,-0.57,1.42,1.42,2098.0,2098.0,197.0,197.0,6.9,6.9,-1.17,-1.17,6.33,6.33,cube4_cluster0,983,1.861782717515219,FF,92.73799323851703,11.87678282989603,11.880818729937886,cube13_cluster0;cube4_cluster0,2
2025-09-15,686218,686218,656941,LAD,PHI,6,0,3,2,CH,CH,R,R,S,,86.3,86.3,-1.3,-1.3,0.32,0.32,1200.0,1200.0,257.0,257.0,6.5,6.5,-1.12,-1.12,5.43,5.43,cube23_cluster1,15,2.253850135349553,CH,87.14244152758266,13.779793742871872,-2.1495322200021145,cube12_cluster0;cube13_cluster0,2
2025-09-15,592791,592791,694377,PIT,CHC,6,0,0,1,ST,ST,R,R,B,,80.2,80.2,0.86,0.86,0.16,0.16,2662.0,2662.0,55.0,55.0,6.9,6.9,-1.2,-1.2,6.03,6.03,cube58_cluster0,194,1.693134189061572,SL,84.5104961347656,-6.359862250696315,0.3949475543105161,cube66_cluster0,1
2025-09-15,680730,680730,595777,WSH,ATL,5,1,1,1,FF,FF,L,L,X,"Jurickson Profar grounds out, third baseman Paul DeJong to first baseman Josh Bell.",92.6,92.6,0.33,-0.33,1.55,1.55,2272.0,2272.0,167.0,193.0,6.7,6.7,0.8,-0.8,6.51,6.51,cube22_cluster0,44,2.0203930329134927,FC,88.82845332305666,-1.3474977477043035,9.056608779489569,cube12_cluster0;cube13_cluster0,2
2025-09-15,678906,678906,677950,AZ,SF,4,2,0,1,CU,CU,R,R,X,"Alek Thomas grounds out, first baseman Rafael Devers to pitcher Kai-Wei Teng.",82.2,82.2,1.11,1.11,-0.69,-0.69,2637.0,2637.0,34.0,34.0,6.4,6.4,-2.17,-2.17,5.57,5.57,cube74_cluster0,95,0.7594120658091044,ST,81.58280060620267,-13.628576142052651,-5.303629922931518,cube73_cluster0;cube74_cluster0,2
2025-09-15,668678,668678,672275,AZ,SF,5,1,0,1,CH,CH,R,R,B,,84.7,84.7,-1.02,-1.02,0.28,0.28,1603.0,1603.0,227.0,227.0,6.6,6.6,-3.24,-3.24,5.77,5.77,cube5_cluster1,6,2.1883043393104944,FF,89.65810794305177,14.773047413912295,10.026197271838102,cube13_cluster0,1
2025-09-15,624133,624133,669743,LAD,PHI,6,1,0,0,FF,FF,L,L,S,,91.0,91.0,0.31,-0.31,0.73,0.73,1789.0,1789.0,125.0,235.0,6.1,6.1,2.29,-2.29,5.53,5.53,cube13_cluster0,1173,1.3817525658167351,FF,91.32597348809763,10.933560927718538,9.887490835989844,cube13_cluster0,1
2025-09-15,669461,669461,669720,STL,CIN,6,2,2,0,FF,FF,L,L,B,,94.3,94.3,0.69,-0.69,1.36,1.36,2099.0,2099.0,153.0,207.0,6.5,6.5,0.59,-0.59,6.5,6.5,cube3_cluster0,268,1.8973205322185593,CH,89.73428321085365,11.536857891248982,10.613841731058852,cube3_cluster0;cube4_cluster0,2
2025-09-15,671212,671212,665489,TB,TOR,6,2,0,1,FF,FF,R,R,S,,98.4,98.4,-0.74,-0.74,1.33,1.33,2613.0,2613.0,220.0,220.0,6.4,6.4,-0.96,-0.96,5.75,5.75,cube4_cluster0,983,1.9178907860884307,FF,92.73799323851703,11.87678282989603,11.880818729937886,cube13_cluster0;cube14_cluster0;cube4_cluster0;cube5_cluster0,4
2025-09-15,683004,683004,805904,HOU,TEX,5,2,1,2,SL,SL,R,R,S,,88.0,88.0,0.24,0.24,0.48,0.48,2417.0,2417.0,156.0,156.0,6.5,6.5,-1.35,-1.35,5.83,5.83,cube43_cluster0,144,0.6828318979708863,SL,87.05264300971788,-4.004743073818654,3.6350863620861684,cube33_cluster0;cube43_cluster0,2
2025-09-15,641793,641793,680977,STL,CIN,6,2,2,1,FF,FF,R,R,B,,90.4,90.4,-0.73,-0.73,1.29,1.29,1932.0,1932.0,216.0,216.0,6.2,6.2,-0.84,-0.84,6.14,6.14,cube3_cluster0,268,1.1000384923993265,CH,89.73428321085365,11.536857891248982,10.613841731058852,cube3_cluster0,1
2025-09-15,669920,669920,664238,HOU,TEX,5,2,0,0,SI,SI,R,R,B,,90.9,90.9,-1.44,-1.44,0.32,0.32,2221.0,2221.0,244.0,244.0,6.3,6.3,-1.37,-1.37,5.6,5.6,cube13_cluster0,1173,1.4354760639730997,FF,91.32597348809763,10.933560927718538,9.887490835989844,cube13_cluster0,1
2025-09-15,680694,680694,643565,CWS,BAL,5,0,0,0,SI,SI,R,R,S,,92.5,92.5,-0.85,-0.85,1.28,1.28,2179.0,2179.0,199.0,199.0,6.3,6.3,-0.96,-0.96,6.53,6.53,cube3_cluster0,268,1.6007695169277636,CH,89.73428321085365,11.536857891248982,10.613841731058852,cube12_cluster0;cube3_cluster0,2
2025-09-15,607074,607074,666397,MIN,NYY,5,1,1,2,CH,CH,L,L,X,Edouard Julien singles on a sharp line drive to right fielder Aaron Judge.,85.4,85.4,1.19,-1.19,0.08,0.08,1724.0,1724.0,125.0,235.0,6.5,6.5,2.36,-2.36,6.14,6.14,cube13_cluster0,1173,1.8648049084497826,FF,91.32597348809763,10.933560927718538,9.887490835989844,cube13_cluster0,1
2025-09-15,680732,680732,702616,CWS,BAL,5,1,0,0,FF,FF,R,R,S,,95.9,95.9,-0.3,-0.3,1.49,1.49,2626.0,2626.0,199.0,199.0,7.3,7.3,-1.98,-1.98,6.3,6.3,cube15_cluster1,11,2.376828114177542,FF,95.07044777791452,10.01799709211646,12.914228470751997,cube14_cluster0,1
2025-09-15,669920,669920,641680,HOU,TEX,5,1,1,2,CH,CH,R,R,X,Jonah Heim lines out sharply to center fielder Jake Meyers.,80.1,80.1,-1.67,-1.67,0.36,0.36,1842.0,1842.0,264.0,264.0,6.4,6.4,-1.32,-1.32,5.74,5.74,cube23_cluster1,15,2.0009305614821837,CH,87.14244152758266,13.779793742871872,-2.1495322200021145,cube13_cluster0,1
2025-09-15,680573,680573,669224,MIN,NYY,5,2,0,2,FF,FF,R,R,B,,94.9,94.9,-0.4,-0.4,1.38,1.38,2141.0,2141.0,201.0,201.0,6.8,6.8,-1.38,-1.38,6.37,6.37,cube4_cluster0,983,1.7196022194518141,FF,92.73799323851703,11.87678282989603,11.880818729937886,cube13_cluster0;cube4_cluster0,2
2025-09-15,683004,683004,805904,HOU,TEX,5,2,1,2,CH,CH,R,R,S,,89.4,89.4,-1.12,-1.12,0.41,0.41,1286.0,1286.0,228.0,228.0,6.6,6.6,-1.2,-1.2,5.76,5.76,cube3_cluster0,268,1.847492799676063,CH,89.73428321085365,11.536857891248982,10.613841731058852,cube3_cluster0;cube4_cluster0,2
2025-09-15,607074,607074,666397,MIN,NYY,5,1,1,2,SL,SL,L,L,S,,88.3,88.3,-0.15,0.15,0.43,0.43,2562.0,2562.0,118.0,242.0,5.9,5.9,2.5,-2.5,6.12,6.12,cube23_cluster0,226,1.8771127116584287,FC,89.98051132303166,-0.8288022207088954,9.04754296913982,,0
2025-09-15,678906,678906,677950,AZ,SF,4,2,0,0,CU,CU,R,R,S,,81.7,81.7,1.17,1.17,-0.66,-0.66,2738.0,2738.0,44.0,44.0,6.4,6.4,-2.22,-2.22,5.58,5.58,cube74_cluster0,95,0.5619960382404573,ST,81.58280060620267,-13.628576142052651,-5.303629922931518,cube73_cluster0;cube74_cluster0,2
2025-09-15,680730,680730,595777,WSH,ATL,5,1,0,1,FS,FS,L,L,B,,84.9,84.9,0.47,-0.47,0.94,0.94,1141.0,1141.0,139.0,221.0,6.9,6.9,1.51,-1.51,6.27,6.27,cube13_cluster1,3,1.7017537961739848,FS,84.2318346010472,7.0387863377694,1.0515447129672841,cube3_cluster0,1
2025-09-15,624133,624133,518692,LAD,PHI,6,0,0,0,SL,SL,L,L,X,Freddie Freeman flies out to left fielder Brandon Marsh.,82.2,82.2,-0.4,0.4,0.48,0.48,2174.0,2174.0,247.0,113.0,6.0,6.0,2.33,-2.33,5.6,5.6,cube52_cluster0,25,1.476753394446116,SL,87.17795916965139,-4.451177468094217,2.170340230630463,,0
2025-09-15,669461,669461,669720,STL,CIN,6,2,1,0,CU,CU,L,L,B,,75.5,75.5,-0.98,0.98,-1.45,-1.45,2889.0,2889.0,337.0,23.0,6.3,6.3,0.49,-0.49,6.65,6.65,cube77_cluster0,15,1.635687436685012,CU,78.06982973839553,-10.373560444574672,-15.067035103894916,,0
2025-09-15,686218,686218,656941,LAD,PHI,6,0,2,2,SL,SL,R,R,B,,88.8,88.8,0.38,0.38,0.68,0.68,2358.0,2358.0,192.0,192.0,6.7,6.7,-0.99,-0.99,5.44,5.44,cube33_cluster0,169,1.6328404141491757,FC,88.23401695598267,-3.1239005241649638,6.236802891040705,cube23_cluster0;cube33_cluster0,2
2025-09-15,592791,592791,694377,PIT,CHC,6,0,0,0,FF,FF,R,R,S,,91.5,91.5,-0.56,-0.56,1.39,1.39,2278.0,2278.0,205.0,205.0,6.8,6.8,-1.08,-1.08,6.1,6.1,cube4_cluster0,983,1.6372448858040662,FF,92.73799323851703,11.87678282989603,11.880818729937886,cube13_cluster0;cube4_cluster0,2
2025-09-15,668678,668678,672275,AZ,SF,5,1,0,0,CH,CH,R,R,S,,83.5,83.5,-0.97,-0.97,0.17,0.17,1561.0,1561.0,235.0,235.0,6.4,6.4,-3.37,-3.37,5.77,5.77,cube24_cluster1,4,2.149208553005031,CH,87.80202822087334,14.29789321005082,-3.691264304536044,cube13_cluster0,1
2025-09-15,671212,671212,665489,TB,TOR,6,2,0,0,SL,SL,R,R,S,,89.7,89.7,0.42,0.42,-0.08,-0.08,2715.0,2715.0,93.0,93.0,6.4,6.4,-0.98,-0.98,5.82,5.82,cube57_cluster1,5,1.167443737981893,SL,84.4555766444267,-4.522769280798219,-0.11781077608958196,cube58_cluster0,1
2025-09-15,675911,675911,690987,WSH,ATL,5,1,0,0,FF,FF,R,R,X,Robert Hassell III flies out to left fielder Jurickson Profar.,95.1,95.1,-0.78,-0.78,1.34,1.34,2305.0,2305.0,211.0,211.0,6.9,6.9,-1.81,-1.81,5.83,5.83,cube5_cluster0,516,1.1391883799529645,FF,94.26601183041208,12.58960465467938,11.873748452415477,cube13_cluster0;cube14_cluster0;cube4_cluster0;cube5_cluster0,4
2025-09-15,641793,641793,680977,STL,CIN,6,2,2,0,SL,SL,R,R,S,,86.7,86.7,-0.15,-0.15,0.78,0.78,2159.0,2159.0,206.0,206.0,6.1,6.1,-0.87,-0.87,6.19,6.19,cube22_cluster0,44,0.85548349434883,FC,88.82845332305666,-1.3474977477043035,9.056608779489569,cube12_cluster0;cube22_cluster0,2
2025-09-15,680694,680694,666150,CWS,BAL,5,0,1,2,CU,CU,R,R,X,Dominic Fletcher doubles (3) on a sharp line drive to right fielder Tyler O'Neill.,82.9,82.9,0.43,0.43,-0.67,-0.67,2523.0,2523.0,32.0,32.0,6.5,6.5,-0.8,-0.8,6.56,6.56,cube65_cluster0,52,1.4823747436464925,CU,80.5172691598637,-7.955497641633661,-5.720742174043808,cube65_cluster0;cube66_cluster0,2
2025-09-15,607074,607074,666397,MIN,NYY,5,1,0,2,SL,SL,L,L,B,,88.0,88.0,0.21,-0.21,0.53,0.53,2540.0,2540.0,215.0,145.0,6.0,6.0,2.31,-2.31,6.17,6.17,cube50_cluster1,3,1.5460174427270892,SL,84.76644083107497,-3.5251273712737126,1.6661102077687442,cube33_cluster0,1
2025-09-15,641793,641793,680977,STL,CIN,6,2,1,0,SI,SI,R,R,B,,90.1,90.1,-1.12,-1.12,1.11,1.11,1984.0,1984.0,217.0,217.0,6.1,6.1,-0.95,-0.95,6.09,6.09,cube3_cluster0,268,0.8950502002736022,CH,89.73428321085365,11.536857891248982,10.613841731058852,cube3_cluster0,1
2025-09-15,680732,680732,681297,CWS,BAL,5,0,3,2,KC,KC,R,R,S,Colton Cowser called out on strikes.,81.7,81.7,0.11,0.11,-0.82,-0.82,2390.0,2390.0,22.0,22.0,7.1,7.1,-2.21,-2.21,6.3,6.3,cube65_cluster2,4,1.5025075829714691,CU,77.46691308243727,-3.8291129032258064,-11.446518817204302,cube66_cluster0,1
2025-09-15,678906,678906,545121,AZ,SF,4,1,3,2,ST,ST,R,R,X,Ildemaro Vargas flies out to right fielder Drew Gilbert.,86.2,86.2,0.66,0.66,0.62,0.62,2784.0,2784.0,63.0,63.0,6.3,6.3,-2.35,-2.35,5.31,5.31,cube67_cluster0,152,1.2264843403634127,ST,83.21108910576972,-12.188986866329156,0.17080679660382098,cube58_cluster0;cube59_cluster1,2
2025-09-15,686218,686218,656941,LAD,PHI,6,0,1,2,SL,SL,R,R,B,,88.4,88.4,0.36,0.36,0.45,0.45,2358.0,2358.0,167.0,167.0,6.7,6.7,-0.86,-0.86,5.55,5.55,cube43_cluster0,144,1.5297728409274698,SL,87.05264300971788,-4.004743073818654,3.6350863620861684,cube33_cluster0,1
2025-09-15,592791,592791,663698,PIT,CHC,5,2,0,0,ST,ST,R,R,X,Joey Bart pops out to second baseman Nico Hoerner.,80.4,80.4,1.12,1.12,0.07,0.07,2693.0,2693.0,52.0,52.0,6.8,6.8,-1.28,-1.28,6.14,6.14,cube66_cluster0,381,1.6369934893533227,ST,82.47698152646831,-10.124080234445362,-2.88332382968971,cube66_cluster0;cube73_cluster0,2
2025-09-15,669920,669920,641680,HOU,TEX,5,1,0,2,CH,CH,R,R,B,,81.8,81.8,-1.7,-1.7,0.35,0.35,1947.0,1947.0,266.0,266.0,6.2,6.2,-1.43,-1.43,5.64,5.64,cube23_cluster1,15,1.749057541640753,CH,87.14244152758266,13.779793742871872,-2.1495322200021145,cube12_cluster0;cube13_cluster0,2
2025-09-15,675911,675911,656180,WSH,ATL,5,0,1,2,SL,SL,R,R,S,Riley Adams strikes out swinging.,81.6,81.6,0.68,0.68,-0.16,-0.16,2320.0,2320.0,110.0,110.0,7.0,7.0,-1.77,-1.77,5.87,5.87,cube51_cluster0,138,1.3581853088179285,SL,86.5599691183964,-4.203859573250014,1.5652746114364327,cube58_cluster0,1
2025-09-15,671212,671212,664770,TB,TOR,6,1,2,2,SL,SL,R,R,S,Nathan Lukes strikes out swinging.,89.3,89.3,0.53,0.53,-0.01,-0.01,2698.0,2698.0,91.0,91.0,6.3,6.3,-1.06,-1.06,5.77,5.77,cube57_cluster1,5,1.0090080045278476,SL,84.4555766444267,-4.522769280798219,-0.11781077608958196,cube58_cluster0;cube58_cluster1,2
2025-09-15,683004,683004,805904,HOU,TEX,5,2,0,2,FF,FF,R,R,B,,96.9,96.9,-1.05,-1.05,1.39,1.39,2403.0,2403.0,224.0,224.0,6.7,6.7,-1.23,-1.23,5.58,5.58,cube4_cluster0,983,1.5192425787777657,FF,92.73799323851703,11.87678282989603,11.880818729937886,cube4_cluster0;cube5_cluster0,2
2025-09-15,680573,680573,669224,MIN,NYY,5,2,0,1,FS,FS,R,R,S,,86.9,86.9,-0.86,-0.86,0.32,0.32,1056.0,1056.0,220.0,220.0,7.0,7.0,-1.4,-1.4,6.2,6.2,cube13_cluster1,3,1.2759884419676248,FS,84.2318346010472,7.0387863377694,1.0515447129672841,cube3_cluster0,1
2025-09-15,680730,680730,595777,WSH,ATL,5,1,0,0,FF,FF,L,L,S,,92.5,92.5,0.76,-0.76,1.25,1.25,2069.0,2069.0,165.0,195.0,6.8,6.8,0.85,-0.85,6.47,6.47,cube3_cluster0,268,1.8691482269346185,CH,89.73428321085365,11.536857891248982,10.613841731058852,cube12_cluster0;cube13_cluster0;cube3_cluster0;cube4_cluster0,4
2025-09-15,624133,624133,606192,LAD,PHI,5,2,0,1,CU,CU,L,L,X,"Teoscar Hernández grounds out, second baseman Weston Wilson to first baseman Bryce Harper.",75.4,75.4,-0.59,0.59,-0.85,-0.85,2114.0,2114.0,310.0,50.0,6.3,6.3,2.06,-2.06,5.66,5.66,cube72_cluster1,4,0.8240277087403753,CU,73.14815617664787,-13.649330552782773,-9.00283815300432,cube66_cluster0;cube73_cluster0,2
2025-09-15,668678,668678,671218,AZ,SF,5,0,0,1,SL,SL,R,R,X,Heliot Ramos flies out to right fielder Corbin Carroll.,87.9,87.9,0.45,0.45,0.51,0.51,2201.0,2201.0,152.0,152.0,6.5,6.5,-2.94,-2.94,5.95,5.95,cube44_cluster0,35,1.3605752666167774,SL,87.43039514356485,-4.560198707426779,3.7204129901025347,cube33_cluster0;cube34_cluster0;cube43_cluster0;cube44_cluster0,4
2025-09-15,680694,680694,666150,CWS,BAL,5,0,1,1,SI,SI,R,R,S,,91.5,91.5,-0.91,-0.91,1.25,1.25,2110.0,2110.0,189.0,189.0,6.4,6.4,-0.98,-0.98,6.55,6.55,cube3_cluster0,268,1.6409930221127664,CH,89.73428321085365,11.536857891248982,10.613841731058852,cube12_cluster0;cube3_cluster0,2
2025-09-15,669461,669461,669720,STL,CIN,6,2,0,0,SL,SL,L,L,B,,85.8,85.8,-0.47,0.47,-0.12,-0.12,2678.0,2678.0,275.0,85.0,6.3,6.3,0.55,-0.55,6.55,6.55,cube50_cluster0,16,1.5615835321982174,SL,84.90007193384722,-3.20169019761113,0.4617852580480657,,0
2025-09-15,680732,680732,681297,CWS,BAL,5,0,2,2,FF,FF,R,R,B,,94.8,94.8,-0.48,-0.48,1.46,1.46,2518.0,2518.0,203.0,203.0,7.3,7.3,-2.15,-2.15,6.28,6.28,cube15_cluster1,11,2.1701967439360415,FF,95.07044777791452,10.01799709211646,12.914228470751997,cube14_cluster0;cube5_cluster0,2
2025-09-15,669920,669920,641680,HOU,TEX,5,1,0,2,FF,FF,R,R,S,,91.7,91.7,-1.0,-1.0,0.98,0.98,2266.0,2266.0,241.0,241.0,6.3,6.3,-1.63,-1.63,5.73,5.73,cube4_cluster0,983,0.8086735501284336,FF,92.73799323851703,11.87678282989603,11.880818729937886,cube13_cluster0;cube4_cluster0,2
2025-09-15,677952,677952,683737,PIT,CHC,4,2,0,2,CU,CU,R,R,X,"Michael Busch grounds out, second baseman Nick Yorke to first baseman Spencer Horwitz.",85.9,85.9,0.36,0.36,-1.09,-1.09,2684.0,2684.0,33.0,33.0,6.2,6.2,-1.03,-1.03,6.33,6.33,cube72_cluster0,77,1.3118202258486737,CU,78.89146033796635,-9.531561177600954,-10.534460563196083,cube65_cluster0;cube66_cluster0;cube72_cluster0;cube73_cluster0,4
2025-09-15,680694,680694,666150,CWS,BAL,5,0,0,1,CU,CU,R,R,B,,82.6,82.6,0.16,0.16,-0.79,-0.79,2339.0,2339.0,41.0,41.0,6.3,6.3,-0.88,-0.88,6.65,6.65,cube65_cluster0,52,1.5243899562659937,CU,80.5172691598637,-7.955497641633661,-5.720742174043808,cube65_cluster0,1
2025-09-15,592791,592791,669261,PIT,CHC,5,1,2,2,FC,FC,R,R,S,Jack Suwinski called out on strikes.,86.5,86.5,0.58,0.58,0.79,0.79,2574.0,2574.0,171.0,171.0,6.6,6.6,-1.39,-1.39,6.04,6.04,cube33_cluster0,169,1.146369273271052,FC,88.23401695598267,-3.1239005241649638,6.236802891040705,cube33_cluster0,1
2025-09-15,668678,668678,671218,AZ,SF,5,0,0,0,FF,FF,R,R,S,,92.0,92.0,-0.32,-0.32,1.47,1.47,2259.0,2259.0,211.0,211.0,6.5,6.5,-2.99,-2.99,5.99,5.99,cube24_cluster0,111,1.8066492133072967,FC,90.39472309229976,-0.35116486760382487,8.906212304019572,cube13_cluster0;cube14_cluster0,2
2025-09-15,641793,641793,680977,STL,CIN,6,2,0,0,SL,SL,R,R,B,,85.4,85.4,0.04,0.04,0.64,0.64,2062.0,2062.0,195.0,195.0,6.1,6.1,-0.73,-0.73,6.32,6.32,cube22_cluster0,44,1.146503371292521,FC,88.82845332305666,-1.3474977477043035,9.056608779489569,cube22_cluster0,1
2025-09-15,624133,624133,606192,LAD,PHI,5,2,0,0,FC,FC,L,L,S,,88.8,88.8,-0.02,0.02,0.46,0.46,1934.0,1934.0,142.0,218.0,6.1,6.1,2.31,-2.31,5.62,5.62,cube23_cluster0,226,1.4299528632653526,FC,89.98051132303166,-0.8288022207088954,9.04754296913982,cube23_cluster0,1
2025-09-15,675911,675911,656180,WSH,ATL,5,0,0,2,SL,SL,R,R,B,,84.4,84.4,0.71,0.71,0.22,0.22,2290.0,2290.0,156.0,156.0,7.2,7.2,-1.81,-1.81,5.82,5.82,cube44_cluster0,35,1.5237647536509191,SL,87.43039514356485,-4.560198707426779,3.7204129901025347,cube43_cluster0;cube44_cluster0,2
2025-09-15,680730,680730,805373,WSH,ATL,5,0,1,2,FF,FF,L,L,X,"Nacho Alvarez Jr. grounds out, pitcher Mitchell Parker to first baseman Josh Bell. Marcell Ozuna to 3rd. Michael Harris II to 2nd.",93.3,93.3,0.52,-0.52,1.5,1.5,2194.0,2194.0,170.0,190.0,6.7,6.7,0.88,-0.88,6.5,6.5,cube22_cluster0,44,2.0366190419316887,FC,88.82845332305666,-1.3474977477043035,9.056608779489569,cube12_cluster0;cube13_cluster0;cube3_cluster0;cube4_cluster0,4
2025-09-15,671212,671212,664770,TB,TOR,6,1,2,1,SL,SL,R,R,S,,89.2,89.2,0.3,0.3,0.11,0.11,2719.0,2719.0,105.0,105.0,6.1,6.1,-1.14,-1.14,5.79,5.79,cube57_cluster1,5,0.9737624014650136,SL,84.4555766444267,-4.522769280798219,-0.11781077608958196,cube51_cluster0;cube58_cluster0;cube58_cluster1,3
2025-09-15,683004,683004,805904,HOU,TEX,5,2,0,2,CH,CH,R,R,S,,90.6,90.6,-1.01,-1.01,0.24,0.24,1306.0,1306.0,233.0,233.0,6.4,6.4,-1.19,-1.19,5.76,5.76,cube12_cluster0,316,1.8266641023526504,CH,89.01009096911115,10.260232782391817,9.292479855944606,cube12_cluster0;cube13_cluster0;cube3_cluster0;cube4_cluster0,4
2025-09-15,686218,686218,656941,LAD,PHI,6,0,0,2,FF,FF,R,R,B,,95.3,95.3,-0.81,-0.81,1.6,1.6,2399.0,2399.0,207.0,207.0,6.8,6.8,-0.76,-0.76,5.61,5.61,cube4_cluster0,983,2.099345405180526,FF,92.73799323851703,11.87678282989603,11.880818729937886,cube4_cluster0;cube5_cluster0,2
2025-09-15,678906,678906,545121,AZ,SF,4,1,2,2,CH,CH,R,R,B,,86.7,86.7,-1.24,-1.24,0.36,0.36,1797.0,1797.0,239.0,239.0,6.7,6.7,-2.2,-2.2,5.34,5.34,cube23_cluster1,15,1.385305109517249,CH,87.14244152758266,13.779793742871872,-2.1495322200021145,cube13_cluster0;cube14_cluster0,2
2025-09-15,607074,607074,666397,MIN,NYY,5,1,0,1,SI,SI,L,L,S,,88.4,88.4,1.25,-1.25,0.65,0.65,2206.0,2206.0,136.0,224.0,6.2,6.2,2.27,-2.27,6.26,6.26,cube13_cluster0,1173,1.2733106594243224,FF,91.32597348809763,10.933560927718538,9.887490835989844,cube13_cluster0,1
2025-09-15,669461,669461,609280,STL,CIN,6,1,2,1,CH,CH,L,L,X,"Miguel Andujar grounds out, third baseman Nolan Arenado to first baseman Willson Contreras.",87.8,87.8,1.34,-1.34,0.78,0.78,1802.0,1802.0,132.0,228.0,6.2,6.2,0.73,-0.73,6.43,6.43,cube3_cluster0,268,1.289497462696101,CH,89.73428321085365,11.536857891248982,10.613841731058852,cube3_cluster0,1
2025-09-15,680573,680573,669224,MIN,NYY,5,1,0,0,FS,FS,R,R,S,,86.9,86.9,-0.95,-0.95,0.61,0.61,962.0,962.0,217.0,217.0,6.8,6.8,-1.33,-1.33,6.32,6.32,cube13_cluster1,3,1.6971696133956231,FS,84.2318346010472,7.0387863377694,1.0515447129672841,cube3_cluster0,1
2025-09-15,680694,680694,666150,CWS,BAL,5,0,0,0,FF,FF,R,R,S,,90.6,90.6,0.04,0.04,1.33,1.33,2398.0,2398.0,192.0,192.0,6.2,6.2,-0.94,-0.94,6.6,6.6,cube22_cluster0,44,1.4260575491794087,FC,88.82845332305666,-1.3474977477043035,9.056608779489569,cube12_cluster0;cube22_cluster0,2
2025-09-15,680730,680730,805373,WSH,ATL,5,0,1,1,FF,FF,L,L,S,,91.8,91.8,0.69,-0.69,1.56,1.56,2208.0,2208.0,170.0,190.0,6.8,6.8,0.6,-0.6,6.56,6.56,cube22_cluster0,44,2.405635563197683,FC,88.82845332305666,-1.3474977477043035,9.056608779489569,cube12_cluster0;cube13_cluster0;cube3_cluster0;cube4_cluster0,4
2025-09-15,607074,607074,666397,MIN,NYY,5,1,0,0,SI,SI,L,L,S,,90.1,90.1,1.55,-1.55,1.05,1.05,2269.0,2269.0,132.0,228.0,6.3,6.3,2.29,-2.29,6.24,6.24,cube4_cluster0,983,1.3279495965872952,FF,92.73799323851703,11.87678282989603,11.880818729937886,cube4_cluster0,1
2025-09-15,678906,678906,545121,AZ,SF,4,1,2,2,ST,ST,R,R,S,,86.7,86.7,1.06,1.06,0.17,0.17,2920.0,2920.0,55.0,55.0,6.4,6.4,-2.29,-2.29,5.33,5.33,cube67_cluster0,152,0.9905686811931231,ST,83.21108910576972,-12.188986866329156,0.17080679660382098,cube67_cluster0,1
2025-09-15,683004,683004,805904,HOU,TEX,5,2,0,1,FF,FF,R,R,S,,96.8,96.8,-0.94,-0.94,1.62,1.62,2577.0,2577.0,213.0,213.0,6.6,6.6,-1.1,-1.1,5.72,5.72,cube4_cluster0,983,1.8816965629848352,FF,92.73799323851703,11.87678282989603,11.880818729937886,cube4_cluster0;cube5_cluster0,2
2025-09-15,669461,669461,609280,STL,CIN,6,1,2,0,FC,FC,L,L,S,,90.6,90.6,-0.31,0.31,0.89,0.89,2403.0,2403.0,164.0,196.0,6.5,6.5,0.62,-0.62,6.46,6.46,cube22_cluster0,44,1.4735121074806934,FC,88.82845332305666,-1.3474977477043035,9.056608779489569,cube22_cluster0;cube23_cluster0,2
2025-09-15,680573,680573,676609,MIN,NYY,5,1,1,1,FS,FS,R,R,X,José Caballero doubles (17) on a sharp line drive to left fielder Austin Martin.,86.5,86.5,-0.3,-0.3,1.05,1.05,1076.0,1076.0,214.0,214.0,7.1,7.1,-1.38,-1.38,6.19,6.19,cube13_cluster1,3,1.924123072247684,FS,84.2318346010472,7.0387863377694,1.0515447129672841,cube3_cluster0,1
2025-09-15,675911,675911,656180,WSH,ATL,5,0,0,2,SL,SL,R,R,S,,83.2,83.2,0.45,0.45,0.22,0.22,2339.0,2339.0,148.0,148.0,7.0,7.0,-1.66,-1.66,5.88,5.88,cube43_cluster0,144,1.2193946863132008,SL,87.05264300971788,-4.004743073818654,3.6350863620861684,cube43_cluster0,1
2025-09-15,668678,668678,805811,AZ,SF,4,2,2,2,KC,KC,R,R,S,Bryce Eldridge strikes out swinging.,80.6,80.6,0.64,0.64,-1.14,-1.14,2461.0,2461.0,40.0,40.0,6.5,6.5,-3.19,-3.19,5.78,5.78,cube67_cluster3,1,1.6845290202120877,SL,78.67358490566038,-15.561509433962266,-4.000754716981133,cube73_cluster0;cube74_cluster0,2
2025-09-15,686218,686218,656941,LAD,PHI,6,0,0,1,FF,FF,R,R,S,,95.9,95.9,-1.04,-1.04,1.32,1.32,2362.0,2362.0,211.0,211.0,6.7,6.7,-1.06,-1.06,5.47,5.47,cube4_cluster0,983,1.6615798943492588,FF,92.73799323851703,11.87678282989603,11.880818729937886,cube4_cluster0;cube5_cluster0,2
2025-09-15,641793,641793,687363,STL,CIN,6,1,0,1,FS,FS,R,R,X,Victor Scott II pops out to shortstop Elly De La Cruz.,81.7,81.7,-1.07,-1.07,0.45,0.45,993.0,993.0,249.0,249.0,6.1,6.1,-0.85,-0.85,6.1,6.1,cube3_cluster0,268,2.589980051055136,CH,89.73428321085365,11.536857891248982,10.613841731058852,cube12_cluster0,1
2025-09-15,671212,671212,664770,TB,TOR,6,1,2,0,SL,SL,R,R,S,,90.7,90.7,0.24,0.24,0.23,0.23,2631.0,2631.0,125.0,125.0,6.4,6.4,-1.15,-1.15,5.81,5.81,cube51_cluster0,138,1.1063169439484,SL,86.5599691183964,-4.203859573250014,1.5652746114364327,cube43_cluster0;cube51_cluster0,2
2025-09-15,669920,669920,641680,HOU,TEX,5,1,0,1,FF,FF,R,R,S,,90.7,90.7,-1.13,-1.13,1.09,1.09,2307.0,2307.0,241.0,241.0,6.2,6.2,-1.68,-1.68,5.81,5.81,cube4_cluster0,983,0.9258393575879705,FF,92.73799323851703,11.87678282989603,11.880818729937886,cube13_cluster0;cube4_cluster0,2
2025-09-15,680732,680732,681297,CWS,BAL,5,0,1,2,KC,KC,R,R,B,,83.0,83.0,-0.1,-0.1,-1.17,-1.17,2500.0,2500.0,17.0,17.0,7.1,7.1,-2.22,-2.22,6.26,6.26,cube65_cluster2,4,1.7284657073877256,CU,77.46691308243727,-3.8291129032258064,-11.446518817204302,,0
2025-09-15,624133,624133,605141,LAD,PHI,5,1,3,2,FC,FC,L,L,X,Mookie Betts out on a sacrifice fly to center fielder Harrison Bader. Chuckie Robinson scores. Shohei Ohtani to 3rd.,89.6,89.6,0.02,-0.02,0.86,0.86,2083.0,2083.0,153.0,207.0,6.3,6.3,2.34,-2.34,5.65,5.65,cube23_cluster0,226,0.9590563515404147,FC,89.98051132303166,-0.8288022207088954,9.04754296913982,cube13_cluster0;cube23_cluster0,2
2025-09-15,702056,702056,650490,TB,TOR,6,0,0,0,FF,FF,R,R,X,Yandy Díaz singles on a ground ball to center fielder Daulton Varsho.,92.0,92.0,-0.21,-0.21,1.7,1.7,2237.0,2237.0,196.0,196.0,6.1,6.1,-0.54,-0.54,7.1,7.1,cube42_cluster1,3,2.639484017740736,FC,87.63142706302794,-5.957348927875244,5.6153508771929825,cube12_cluster0;cube3_cluster0,2
2025-09-15,677952,677952,683737,PIT,CHC,4,2,0,1,CU,CU,R,R,S,,85.6,85.6,0.28,0.28,-0.88,-0.88,2769.0,2769.0,33.0,33.0,6.3,6.3,-0.94,-0.94,6.49,6.49,cube72_cluster0,77,1.5726457376054883,CU,78.89146033796635,-9.531561177600954,-10.534460563196083,cube65_cluster0;cube66_cluster0;cube72_cluster0;cube73_cluster0,4
2025-09-15,592791,592791,669261,PIT,CHC,5,1,1,2,FF,FF,R,R,B,,92.2,92.2,-0.46,-0.46,1.44,1.44,2264.0,2264.0,202.0,202.0,6.9,6.9,-0.96,-0.96,6.14,6.14,cube4_cluster0,983,1.9134208455178783,FF,92.73799323851703,11.87678282989603,11.880818729937886,cube13_cluster0;cube4_cluster0,2
2025-09-15,669461,669461,609280,STL,CIN,6,1,1,0,FF,FF,L,L,B,,95.2,95.2,0.39,-0.39,1.45,1.45,2159.0,2159.0,155.0,205.0,6.6,6.6,0.44,-0.44,6.55,6.55,cube22_cluster0,44,2.2495362674467225,FC,88.82845332305666,-1.3474977477043035,9.056608779489569,cube12_cluster0;cube13_cluster0;cube3_cluster0;cube4_cluster0,4
2025-09-15,680732,680732,681297,CWS,BAL,5,0,0,2,KC,KC,R,R,B,,82.8,82.8,0.07,0.07,-1.35,-1.35,2570.0,2570.0,25.0,25.0,7.3,7.3,-2.18,-2.18,6.19,6.19,cube67_cluster2,6,1.7379887473177085,CU,83.11739876493539,-8.352412707608828,-11.699528597119054,cube73_cluster0;cube74_cluster0,2
2025-09-15,607074,607074,640902,MIN,NYY,5,0,3,2,FF,FF,L,L,X,Jhonny Pereda flies out to right fielder Aaron Judge.,94.6,94.6,0.97,-0.97,1.58,1.58,2422.0,2422.0,147.0,213.0,6.2,6.2,2.07,-2.07,6.39,6.39,cube4_cluster0,983,1.6613952209215022,FF,92.73799323851703,11.87678282989603,11.880818729937886,cube4_cluster0,1
2025-09-15,680573,680573,676609,MIN,NYY,5,1,0,1,FS,FS,R,R,B,,87.3,87.3,-1.0,-1.0,1.0,1.0,1202.0,1202.0,212.0,212.0,7.0,7.0,-1.26,-1.26,6.25,6.25,cube13_cluster1,3,2.103678814896013,FS,84.2318346010472,7.0387863377694,1.0515447129672841,cube3_cluster0;cube4_cluster0,2
2025-09-15,671212,671212,664770,TB,TOR,6,1,1,0,FF,FF,R,R,B,,98.4,98.4,-0.53,-0.53,1.48,1.48,2685.0,2685.0,219.0,219.0,6.4,6.4,-1.07,-1.07,5.79,5.79,cube4_cluster0,983,2.0562798222538445,FF,92.73799323851703,11.87678282989603,11.880818729937886,cube13_cluster0;cube14_cluster0;cube4_cluster0;cube5_cluster0,4
2025-09-15,680694,680694,805367,CWS,BAL,4,2,1,2,SL,SL,R,R,X,Chase Meidroth flies out to center fielder Colton Cowser.,85.3,85.3,0.73,0.73,0.17,0.17,2521.0,2521.0,48.0,48.0,6.4,6.4,-1.2,-1.2,6.36,6.36,cube57_cluster0,32,1.145038312608143,SL,83.65118122149555,-5.010806328553835,-0.8552029953918647,cube57_cluster0;cube58_cluster0,2
2025-09-15,592791,592791,669261,PIT,CHC,5,1,1,1,CU,CU,R,R,S,,79.3,79.3,0.73,0.73,-0.92,-0.92,2596.0,2596.0,39.0,39.0,6.9,6.9,-1.11,-1.11,6.26,6.26,cube67_cluster2,6,1.5448956206413773,CU,83.11739876493539,-8.352412707608828,-11.699528597119054,cube73_cluster0,1
2025-09-15,680730,680730,805373,WSH,ATL,5,0,1,0,FF,FF,L,L,S,,91.8,91.8,0.68,-0.68,1.54,1.54,2167.0,2167.0,171.0,189.0,6.8,6.8,0.72,-0.72,6.54,6.54,cube3_cluster0,268,2.2802629663008482,CH,89.73428321085365,11.536857891248982,10.613841731058852,cube12_cluster0;cube13_cluster0;cube3_cluster0;cube4_cluster0,4
2025-09-15,677952,677952,683737,PIT,CHC,4,2,0,0,CU,CU,R,R,S,,83.5,83.5,0.38,0.38,-0.89,-0.89,2650.0,2650.0,39.0,39.0,6.1,6.1,-1.03,-1.03,6.52,6.52,cube72_cluster0,77,1.2445084106705044,CU,78.89146033796635,-9.531561177600954,-10.534460563196083,cube65_cluster0;cube72_cluster0,2
2025-09-15,702056,702056,802415,TB,TOR,5,2,0,2,SL,SL,R,R,S,"Chandler Simpson strikes out swinging, catcher Tyler Heineman to first baseman Vladimir Guerrero Jr.",88.5,88.5,-0.39,-0.39,0.55,0.55,2171.0,2171.0,208.0,208.0,6.1,6.1,-0.54,-0.54,7.05,7.05,cube42_cluster1,3,2.1672436405829694,FC,87.63142706302794,-5.957348927875244,5.6153508771929825,,0
2025-09-15,686218,686218,656941,LAD,PHI,6,0,0,0,FF,FF,R,R,S,,94.9,94.9,-0.74,-0.74,1.48,1.48,2367.0,2367.0,214.0,214.0,6.7,6.7,-0.96,-0.96,5.56,5.56,cube4_cluster0,983,1.7585269874614546,FF,92.73799323851703,11.87678282989603,11.880818729937886,cube4_cluster0;cube5_cluster0,2
2025-09-15,668678,668678,805811,AZ,SF,4,2,1,2,KC,KC,R,R,B,,81.8,81.8,0.52,0.52,-1.06,-1.06,2426.0,2426.0,42.0,42.0,6.3,6.3,-3.18,-3.18,5.83,5.83,cube67_cluster3,1,1.695018692173312,SL,78.67358490566038,-15.561509433962266,-4.000754716981133,cube73_cluster0;cube74_cluster0,2
2025-09-15,678906,678906,545121,AZ,SF,4,1,2,1,ST,ST,R,R,S,,83.9,83.9,1.52,1.52,0.1,0.1,2764.0,2764.0,60.0,60.0,6.4,6.4,-2.42,-2.42,5.35,5.35,cube67_cluster0,152,0.7708659537409833,ST,83.21108910576972,-12.188986866329156,0.17080679660382098,cube66_cluster0;cube67_cluster0;cube73_cluster0;cube74_cluster0,4
2025-09-15,669920,669920,641680,HOU,TEX,5,1,0,0,SI,SI,R,R,S,,90.9,90.9,-1.32,-1.32,0.19,0.19,2117.0,2117.0,241.0,241.0,6.4,6.4,-1.65,-1.65,5.59,5.59,cube13_cluster0,1173,1.2647989778148951,FF,91.32597348809763,10.933560927718538,9.887490835989844,cube13_cluster0,1
2025-09-15,624133,624133,605141,LAD,PHI,5,1,2,2,CH,CH,L,L,B,,80.4,80.4,0.79,-0.79,0.38,0.38,1172.0,1172.0,125.0,235.0,6.4,6.4,2.24,-2.24,5.56,5.56,cube13_cluster1,3,1.7487715126338954,FS,84.2318346010472,7.0387863377694,1.0515447129672841,cube12_cluster0;cube13_cluster0,2
2025-09-15,675911,675911,656180,WSH,ATL,5,0,0,1,SL,SL,R,R,S,,83.8,83.8,0.38,0.38,0.52,0.52,2307.0,2307.0,183.0,183.0,7.0,7.0,-1.9,-1.9,5.86,5.86,cube33_cluster0,169,1.2584782887865757,FC,88.23401695598267,-3.1239005241649638,6.236802891040705,cube33_cluster0,1
2025-09-15,641793,641793,687363,STL,CIN,6,1,0,0,SI,SI,R,R,S,,89.2,89.2,-1.17,-1.17,1.03,1.03,1909.0,1909.0,215.0,215.0,6.2,6.2,-0.8,-0.8,6.09,6.09,cube3_cluster0,268,0.9905982097704827,CH,89.73428321085365,11.536857891248982,10.613841731058852,cube3_cluster0,1
2025-09-15,683004,683004,805904,HOU,TEX,5,2,0,0,CU,CU,R,R,S,,80.5,80.5,0.46,0.46,-0.86,-0.86,2600.0,2600.0,31.0,31.0,6.4,6.4,-1.18,-1.18,5.95,5.95,cube72_cluster0,77,0.9626382746639075,CU,78.89146033796635,-9.531561177600954,-10.534460563196083,cube66_cluster0;cube73_cluster0,2
2025-09-15,675911,675911,656180,WSH,ATL,5,0,0,0,FF,FF,R,R,S,,93.9,93.9,-0.67,-0.67,1.66,1.66,2358.0,2358.0,206.0,206.0,7.1,7.1,-1.64,-1.64,5.95,5.95,cube4_cluster0,983,1.8055434897733056,FF,92.73799323851703,11.87678282989603,11.880818729937886,cube4_cluster0;cube5_cluster0,2
2025-09-15,680732,680732,681297,CWS,BAL,5,0,0,2,FF,FF,R,R,S,,95.5,95.5,-0.25,-0.25,1.75,1.75,2702.0,2702.0,199.0,199.0,7.1,7.1,-2.08,-2.08,6.42,6.42,cube23_cluster0,226,2.5797456969985606,FC,89.98051132303166,-0.8288022207088954,9.04754296913982,cube13_cluster0;cube14_cluster0,2
2025-09-15,686218,686218,664056,LAD,PHI,5,2,2,2,FF,FF,R,R,S,Harrison Bader strikes out swinging.,96.2,96.2,-0.96,-0.96,1.55,1.55,2555.0,2555.0,213.0,213.0,6.6,6.6,-1.03,-1.03,5.32,5.32,cube5_cluster0,516,2.0796384933482064,FF,94.26601183041208,12.58960465467938,11.873748452415477,cube4_cluster0;cube5_cluster0,2
2025-09-15,680730,680730,805373,WSH,ATL,5,0,0,0,FF,FF,L,L,B,,91.3,91.3,0.91,-0.91,1.37,1.37,2118.0,2118.0,161.0,199.0,6.8,6.8,1.24,-1.24,6.51,6.51,cube3_cluster0,268,1.7597937498827037,CH,89.73428321085365,11.536857891248982,10.613841731058852,cube3_cluster0;cube4_cluster0,2
2025-09-15,592791,592791,669261,PIT,CHC,5,1,1,0,FC,FC,R,R,S,,87.4,87.4,0.38,0.38,0.68,0.68,2536.0,2536.0,194.0,194.0,6.8,6.8,-1.28,-1.28,6.05,6.05,cube33_cluster0,169,1.3398254733030406,FC,88.23401695598267,-3.1239005241649638,6.236802891040705,cube23_cluster0;cube33_cluster0,2
2025-09-15,683004,683004,665161,HOU,TEX,5,1,1,0,SL,SL,R,R,X,"Jeremy Peña grounds into a force out, third baseman Josh Jung to second baseman Dylan Moore. Jesús Sánchez out at 2nd. Jeremy Peña to 1st.",86.9,86.9,0.24,0.24,0.37,0.37,2339.0,2339.0,178.0,178.0,6.5,6.5,-1.31,-1.31,5.8,5.8,cube33_cluster0,169,0.8697172007064644,FC,88.23401695598267,-3.1239005241649638,6.236802891040705,cube33_cluster0,1
2025-09-15,668678,668678,805811,AZ,SF,4,2,0,2,CH,CH,R,R,B,,84.7,84.7,-0.95,-0.95,0.13,0.13,1463.0,1463.0,226.0,226.0,6.4,6.4,-3.3,-3.3,5.75,5.75,cube24_cluster1,4,2.2150476724245682,CH,87.80202822087334,14.29789321005082,-3.691264304536044,cube13_cluster0,1
2025-09-15,680694,680694,805367,CWS,BAL,4,2,1,1,SL,SL,R,R,S,,83.4,83.4,1.05,1.05,-0.73,-0.73,2564.0,2564.0,50.0,50.0,6.6,6.6,-1.3,-1.3,6.28,6.28,cube65_cluster0,52,1.1510824803682835,CU,80.5172691598637,-7.955497641633661,-5.720742174043808,cube73_cluster0,1
2025-09-15,677952,677952,807713,PIT,CHC,4,1,1,0,FF,FF,R,R,X,Matt Shaw flies out to center fielder Jack Suwinski.,97.1,97.1,-0.48,-0.48,1.6,1.6,2408.0,2408.0,211.0,211.0,6.3,6.3,-0.71,-0.71,6.36,6.36,cube22_cluster0,44,2.061159959075743,FC,88.82845332305666,-1.3474977477043035,9.056608779489569,cube12_cluster0;cube13_cluster0;cube3_cluster0;cube4_cluster0,4
2025-09-15,702056,702056,802415,TB,TOR,5,2,0,1,FF,FF,R,R,S,,93.9,93.9,-0.22,-0.22,1.72,1.72,2340.0,2340.0,203.0,203.0,6.1,6.1,-0.54,-0.54,7.01,7.01,cube22_cluster0,44,2.5847332819770927,FC,88.82845332305666,-1.3474977477043035,9.056608779489569,cube12_cluster0;cube3_cluster0,2
2025-09-15,669920,669920,673962,HOU,TEX,5,1,2,2,CH,CH,R,R,X,Josh Jung homers (14) on a fly ball to left field. Alejandro Osuna scores.,79.8,79.8,-1.57,-1.57,0.08,0.08,1834.0,1834.0,270.0,270.0,6.3,6.3,-1.44,-1.44,5.58,5.58,cube23_cluster1,15,1.6254392685081358,CH,87.14244152758266,13.779793742871872,-2.1495322200021145,cube13_cluster0,1
2025-09-15,669461,669461,609280,STL,CIN,6,1,0,0,FF,FF,L,L,B,,94.8,94.8,0.4,-0.4,1.35,1.35,2200.0,2200.0,154.0,206.0,6.5,6.5,0.48,-0.48,6.53,6.53,cube22_cluster0,44,2.0526367147690094,FC,88.82845332305666,-1.3474977477043035,9.056608779489569,cube12_cluster0;cube13_cluster0;cube3_cluster0;cube4_cluster0,4
2025-09-15,678906,678906,545121,AZ,SF,4,1,1,1,CH,CH,R,R,B,,87.5,87.5,-1.38,-1.38,0.36,0.36,1747.0,1747.0,236.0,236.0,6.4,6.4,-2.3,-2.3,5.41,5.41,cube23_cluster1,15,1.1534702456556378,CH,87.14244152758266,13.779793742871872,-2.1495322200021145,cube13_cluster0;cube4_cluster0,2
2025-09-15,641793,641793,699625,STL,CIN,6,0,0,0,FS,FS,R,R,X,"Jimmy Crooks grounds out, shortstop Elly De La Cruz to first baseman Sal Stewart.",81.1,81.1,-1.1,-1.1,-0.16,-0.16,1144.0,1144.0,240.0,240.0,6.1,6.1,-0.75,-0.75,6.23,6.23,cube12_cluster0,316,2.6722330792074116,CH,89.01009096911115,10.260232782391817,9.292479855944606,cube12_cluster0,1
2025-09-15,607074,607074,640902,MIN,NYY,5,0,3,1,FF,FF,L,L,S,,94.0,94.0,0.98,-0.98,1.52,1.52,2440.0,2440.0,141.0,219.0,6.3,6.3,2.07,-2.07,6.34,6.34,cube4_cluster0,983,1.5187460065770453,FF,92.73799323851703,11.87678282989603,11.880818729937886,cube4_cluster0,1
2025-09-15,624133,624133,605141,LAD,PHI,5,1,2,1,FF,FF,L,L,S,,91.4,91.4,0.37,-0.37,0.87,0.87,1972.0,1972.0,138.0,222.0,6.5,6.5,2.22,-2.22,5.64,5.64,cube13_cluster0,1173,0.9034744919372988,FF,91.32597348809763,10.933560927718538,9.887490835989844,cube13_cluster0;cube14_cluster0,2
2025-09-15,680573,680573,676609,MIN,NYY,5,1,0,0,FF,FF,R,R,S,,93.7,93.7,-0.66,-0.66,1.43,1.43,2322.0,2322.0,198.0,198.0,6.8,6.8,-1.28,-1.28,6.32,6.32,cube4_cluster0,983,1.7376612534362577,FF,92.73799323851703,11.87678282989603,11.880818729937886,cube13_cluster0;cube4_cluster0,2
2025-09-15,671212,671212,664770,TB,TOR,6,1,0,0,FF,FF,R,R,B,,97.6,97.6,-0.65,-0.65,1.11,1.11,2509.0,2509.0,222.0,222.0,6.3,6.3,-1.2,-1.2,5.73,5.73,cube4_cluster0,983,1.5098478545533722,FF,92.73799323851703,11.87678282989603,11.880818729937886,cube13_cluster0,1
2025-09-15,680694,680694,805367,CWS,BAL,4,2,1,0,SL,SL,R,R,S,,85.3,85.3,1.3,1.3,-0.03,-0.03,2511.0,2511.0,66.0,66.0,6.2,6.2,-1.13,-1.13,6.43,6.43,cube57_cluster0,32,1.332180335669407,SL,83.65118122149555,-5.010806328553835,-0.8552029953918647,cube66_cluster0,1
2025-09-15,671212,671212,543807,TB,TOR,6,0,1,0,FF,FF,R,R,X,George Springer lines out sharply to left fielder Chandler Simpson.,98.2,98.2,-0.76,-0.76,1.21,1.21,2485.0,2485.0,226.0,226.0,6.4,6.4,-0.96,-0.96,5.83,5.83,cube4_cluster0,983,1.6783285867999684,FF,92.73799323851703,11.87678282989603,11.880818729937886,cube13_cluster0;cube4_cluster0,2
2025-09-15,686218,686218,664056,LAD,PHI,5,2,1,2,FF,FF,R,R,B,,95.1,95.1,-0.88,-0.88,1.51,1.51,2410.0,2410.0,208.0,208.0,6.7,6.7,-0.96,-0.96,5.41,5.41,cube4_cluster0,983,1.9399222163754606,FF,92.73799323851703,11.87678282989603,11.880818729937886,cube4_cluster0;cube5_cluster0,2
2025-09-15,680732,680732,681297,CWS,BAL,5,0,0,1,FF,FF,R,R,S,,94.3,94.3,-0.61,-0.61,1.43,1.43,2615.0,2615.0,201.0,201.0,7.2,7.2,-2.09,-2.09,6.34,6.34,cube5_cluster0,516,2.288199738420869,FF,94.26601183041208,12.58960465467938,11.873748452415477,cube13_cluster0;cube14_cluster0,2
2025-09-15,677952,677952,807713,PIT,CHC,4,1,0,0,SI,SI,R,R,B,,97.4,97.4,-1.5,-1.5,0.67,0.67,2346.0,2346.0,221.0,221.0,6.3,6.3,-0.96,-0.96,6.13,6.13,cube4_cluster0,983,1.7053379801117807,FF,92.73799323851703,11.87678282989603,11.880818729937886,cube4_cluster0,1
2025-09-15,675911,675911,686611,WSH,ATL,4,1,1,2,FF,FF,R,R,X,"Dylan Crews grounds into a double play, catcher Drake Baldwin to first baseman Matt Olson. Josh Bell out at home. Dylan Crews out at 1st.",95.9,95.9,-0.72,-0.72,1.37,1.37,2317.0,2317.0,206.0,206.0,7.0,7.0,-1.53,-1.53,5.93,5.93,cube4_cluster0,983,1.4985400557427606,FF,92.73799323851703,11.87678282989603,11.880818729937886,cube13_cluster0;cube14_cluster0;cube4_cluster0;cube5_cluster0,4
2025-09-15,678906,678906,545121,AZ,SF,4,1,1,0,ST,ST,R,R,S,,84.2,84.2,1.49,1.49,0.17,0.17,2763.0,2763.0,55.0,55.0,6.2,6.2,-2.41,-2.41,5.35,5.35,cube67_cluster0,152,0.9585251368592259,ST,83.21108910576972,-12.188986866329156,0.17080679660382098,cube66_cluster0;cube67_cluster0;cube73_cluster0;cube74_cluster0,4
2025-09-15,641793,641793,695336,STL,CIN,5,2,2,2,SI,SI,R,R,S,Thomas Saggese strikes out swinging.,91.8,91.8,-1.18,-1.18,0.97,0.97,1964.0,1964.0,213.0,213.0,6.3,6.3,-0.74,-0.74,6.01,6.01,cube3_cluster0,268,1.1434785945982235,CH,89.73428321085365,11.536857891248982,10.613841731058852,cube3_cluster0;cube4_cluster0,2
2025-09-15,680730,680730,671739,WSH,ATL,5,0,1,0,SL,SL,L,L,X,Michael Harris II singles on a line drive to center fielder Robert Hassell III. Marcell Ozuna to 2nd.,84.6,84.6,-0.36,0.36,0.33,0.33,2300.0,2300.0,280.0,80.0,6.8,6.8,1.58,-1.58,6.2,6.2,cube50_cluster0,16,1.2603381972060732,SL,84.90007193384722,-3.20169019761113,0.4617852580480657,cube51_cluster0;cube58_cluster0,2
2025-09-15,592791,592791,669261,PIT,CHC,5,1,0,0,CU,CU,R,R,B,,79.2,79.2,0.62,0.62,-0.7,-0.7,2564.0,2564.0,41.0,41.0,7.0,7.0,-1.13,-1.13,6.22,6.22,cube67_cluster2,6,1.5456867426155556,CU,83.11739876493539,-8.352412707608828,-11.699528597119054,cube66_cluster0;cube73_cluster0,2
2025-09-15,683004,683004,665161,HOU,TEX,5,1,0,0,SL,SL,R,R,B,,86.9,86.9,0.28,0.28,0.18,0.18,2381.0,2381.0,140.0,140.0,6.4,6.4,-1.21,-1.21,5.8,5.8,cube43_cluster0,144,0.7577387583151582,SL,87.05264300971788,-4.004743073818654,3.6350863620861684,cube43_cluster0,1
2025-09-15,668678,668678,805811,AZ,SF,4,2,0,1,FF,FF,R,R,S,,94.1,94.1,-0.34,-0.34,1.42,1.42,2292.0,2292.0,212.0,212.0,6.5,6.5,-2.93,-2.93,5.9,5.9,cube5_cluster0,516,1.6440274713967462,FF,94.26601183041208,12.58960465467938,11.873748452415477,cube13_cluster0;cube14_cluster0;cube4_cluster0;cube5_cluster0,4
2025-09-15,669920,669920,673962,HOU,TEX,5,1,1,2,SI,SI,R,R,B,,91.0,91.0,-1.48,-1.48,0.12,0.12,2131.0,2131.0,251.0,251.0,6.2,6.2,-1.67,-1.67,5.47,5.47,cube23_cluster1,15,1.3287959762975288,CH,87.14244152758266,13.779793742871872,-2.1495322200021145,cube13_cluster0,1
2025-09-15,702056,702056,802415,TB,TOR,5,2,0,0,FF,FF,R,R,S,,94.0,94.0,-0.23,-0.23,1.59,1.59,2231.0,2231.0,201.0,201.0,6.1,6.1,-0.67,-0.67,7.05,7.05,cube22_cluster0,44,2.463849717745774,FC,88.82845332305666,-1.3474977477043035,9.056608779489569,cube12_cluster0;cube3_cluster0,2
2025-09-15,607074,607074,640902,MIN,NYY,5,0,2,1,FF,FF,L,L,B,,92.9,92.9,0.92,-0.92,1.45,1.45,2369.0,2369.0,141.0,219.0,6.2,6.2,2.14,-2.14,6.36,6.36,cube4_cluster0,983,1.474521755870305,FF,92.73799323851703,11.87678282989603,11.880818729937886,cube4_cluster0,1
2025-09-15,624133,624133,605141,LAD,PHI,5,1,1,1,CH,CH,L,L,B,,79.3,79.3,0.79,-0.79,0.17,0.17,1109.0,1109.0,126.0,234.0,6.0,6.0,2.35,-2.35,5.67,5.67,cube23_cluster1,15,2.219761185955655,CH,87.14244152758266,13.779793742871872,-2.1495322200021145,cube12_cluster0,1
2025-09-15,680573,680573,641857,MIN,NYY,5,0,1,2,FS,FS,R,R,S,Ryan McMahon strikes out swinging.,87.1,87.1,-0.91,-0.91,0.54,0.54,973.0,973.0,216.0,216.0,6.8,6.8,-1.4,-1.4,6.25,6.25,cube13_cluster1,3,1.5550305659804566,FS,84.2318346010472,7.0387863377694,1.0515447129672841,cube3_cluster0,1
2025-09-15,669461,669461,682622,STL,CIN,6,0,2,2,FF,FF,L,L,S,Noelvi Marte called out on strikes.,94.5,94.5,0.29,-0.29,1.44,1.44,2132.0,2132.0,153.0,207.0,6.5,6.5,0.45,-0.45,6.54,6.54,cube22_cluster0,44,2.1197091794969194,FC,88.82845332305666,-1.3474977477043035,9.056608779489569,cube12_cluster0;cube3_cluster0,2
2025-09-15,675911,675911,686611,WSH,ATL,4,1,0,2,CU,CU,R,R,B,,79.2,79.2,0.92,0.92,-0.57,-0.57,2766.0,2766.0,62.0,62.0,6.9,6.9,-1.84,-1.84,5.93,5.93,cube73_cluster0,327,1.2436738839342538,CU,80.47699441108988,-11.55224395022119,-8.074074661318553,cube73_cluster0;cube74_cluster0,2
2025-09-15,683004,683004,660821,HOU,TEX,5,0,2,2,CH,CH,R,R,X,"Jesús Sánchez grounds into a force out, first baseman Jake Burger to shortstop Josh Smith. Yainer Diaz out at 2nd. Jesús Sánchez to 1st.",89.2,89.2,-1.32,-1.32,0.16,0.16,1365.0,1365.0,228.0,228.0,6.5,6.5,-1.22,-1.22,5.71,5.71,cube3_cluster0,268,1.9072811052922947,CH,89.73428321085365,11.536857891248982,10.613841731058852,cube3_cluster0;cube4_cluster0,2
2025-09-15,702056,702056,700246,TB,TOR,5,1,1,1,FF,FF,R,R,X,Carson Williams flies out to center fielder Daulton Varsho.,93.7,93.7,-0.24,-0.24,1.61,1.61,2191.0,2191.0,196.0,196.0,6.2,6.2,-0.54,-0.54,7.02,7.02,cube22_cluster0,44,2.5155126093802864,FC,88.82845332305666,-1.3474977477043035,9.056608779489569,cube12_cluster0;cube3_cluster0,2
2025-09-15,669920,669920,673962,HOU,TEX,5,1,0,2,FF,FF,R,R,B,,92.3,92.3,-1.27,-1.27,1.18,1.18,2371.0,2371.0,245.0,245.0,6.4,6.4,-1.23,-1.23,5.74,5.74,cube4_cluster0,983,1.3194383093902584,FF,92.73799323851703,11.87678282989603,11.880818729937886,cube13_cluster0;cube4_cluster0,2
2025-09-15,677952,677952,650489,PIT,CHC,4,0,1,2,SI,SI,R,R,X,"Willi Castro grounds out, third baseman Jared Triolo to first baseman Spencer Horwitz.",98.3,98.3,-1.36,-1.36,0.61,0.61,2391.0,2391.0,227.0,227.0,6.4,6.4,-0.91,-0.91,6.12,6.12,cube4_cluster0,983,1.7919829518568415,FF,92.73799323851703,11.87678282989603,11.880818729937886,cube13_cluster0;cube4_cluster0,2
2025-09-15,669461,669461,682622,STL,CIN,6,0,1,2,SL,SL,L,L,B,,87.9,87.9,-0.27,0.27,0.12,0.12,2735.0,2735.0,191.0,169.0,6.3,6.3,0.65,-0.65,6.47,6.47,cube42_cluster1,3,1.0609252255980306,FC,87.63142706302794,-5.957348927875244,5.6153508771929825,cube32_cluster0;cube33_cluster0,2
2025-09-15,592791,592791,693304,PIT,CHC,5,0,3,2,FF,FF,R,R,X,"Nick Gonzales grounds out, shortstop Dansby Swanson to first baseman Michael Busch.",93.2,93.2,-0.45,-0.45,1.46,1.46,2279.0,2279.0,206.0,206.0,6.9,6.9,-1.04,-1.04,6.1,6.1,cube4_cluster0,983,1.8220564726926376,FF,92.73799323851703,11.87678282989603,11.880818729937886,cube13_cluster0;cube4_cluster0,2
2025-09-15,686218,686218,664056,LAD,PHI,5,2,1,1,FF,FF,R,R,S,,95.2,95.2,-0.79,-0.79,1.46,1.46,2446.0,2446.0,208.0,208.0,6.7,6.7,-0.98,-0.98,5.31,5.31,cube4_cluster0,983,2.039129029870284,FF,92.73799323851703,11.87678282989603,11.880818729937886,cube13_cluster0;cube14_cluster0;cube4_cluster0;cube5_cluster0,4
2025-09-15,680730,680730,671739,WSH,ATL,5,0,0,0,FF,FF,L,L,B,,92.2,92.2,0.49,-0.49,1.72,1.72,2139.0,2139.0,162.0,198.0,6.8,6.8,1.1,-1.1,6.56,6.56,cube3_cluster0,268,2.1982993905387413,CH,89.73428321085365,11.536857891248982,10.613841731058852,cube3_cluster0;cube4_cluster0,2
2025-09-15,678906,678906,545121,AZ,SF,4,1,0,0,ST,ST,R,R,B,,84.3,84.3,1.27,1.27,0.12,0.12,2774.0,2774.0,62.0,62.0,6.5,6.5,-2.43,-2.43,5.32,5.32,cube67_cluster0,152,0.5797010989349886,ST,83.21108910576972,-12.188986866329156,0.17080679660382098,cube67_cluster0;cube74_cluster0,2
2025-09-15,607074,607074,640902,MIN,NYY,5,0,1,1,FF,FF,L,L,B,,93.2,93.2,0.86,-0.86,1.42,1.42,2421.0,2421.0,142.0,218.0,6.5,6.5,2.11,-2.11,6.3,6.3,cube4_cluster0,983,1.3836415568640374,FF,92.73799323851703,11.87678282989603,11.880818729937886,cube13_cluster0;cube4_cluster0,2
2025-09-15,680694,680694,805367,CWS,BAL,4,2,0,0,FF,FF,R,R,B,,92.2,92.2,0.24,0.24,0.98,0.98,2296.0,2296.0,178.0,178.0,6.4,6.4,-0.9,-0.9,6.55,6.55,cube42_cluster1,3,1.359235832723815,FC,87.63142706302794,-5.957348927875244,5.6153508771929825,cube22_cluster0;cube23_cluster0,2
2025-09-15,680732,680732,681297,CWS,BAL,5,0,0,0,FF,FF,R,R,S,,94.4,94.4,-0.39,-0.39,1.59,1.59,2636.0,2636.0,202.0,202.0,7.2,7.2,-2.12,-2.12,6.34,6.34,cube15_cluster1,11,2.43237354889899,FF,95.07044777791452,10.01799709211646,12.914228470751997,cube13_cluster0;cube14_cluster0,2
2025-09-15,624133,624133,605141,LAD,PHI,5,1,1,0,FC,FC,L,L,S,,86.6,86.6,-0.09,0.09,0.47,0.47,1985.0,1985.0,159.0,201.0,6.1,6.1,2.19,-2.19,5.72,5.72,cube23_cluster0,226,1.195938596599047,FC,89.98051132303166,-0.8288022207088954,9.04754296913982,cube23_cluster0,1
2025-09-15,680573,680573,641857,MIN,NYY,5,0,0,2,FF,FF,R,R,B,,93.9,93.9,-0.51,-0.51,1.43,1.43,2413.0,2413.0,199.0,199.0,6.6,6.6,-1.32,-1.32,6.46,6.46,cube22_cluster0,44,1.7757965927638133,FC,88.82845332305666,-1.3474977477043035,9.056608779489569,cube13_cluster0;cube4_cluster0,2
2025-09-15,641793,641793,695336,STL,CIN,5,2,2,1,FF,FF,R,R,S,,90.7,90.7,-0.83,-0.83,1.22,1.22,1797.0,1797.0,211.0,211.0,6.2,6.2,-0.75,-0.75,6.11,6.11,cube3_cluster0,268,1.1496095525350674,CH,89.73428321085365,11.536857891248982,10.613841731058852,cube3_cluster0,1
2025-09-15,668678,668678,805811,AZ,SF,4,2,0,0,CH,CH,R,R,S,,85.4,85.4,-1.0,-1.0,0.24,0.24,1468.0,1468.0,224.0,224.0,6.4,6.4,-3.22,-3.22,5.73,5.73,cube24_cluster1,4,2.2012308102628855,CH,87.80202822087334,14.29789321005082,-3.691264304536044,cube13_cluster0,1
2025-09-15,671212,671212,543807,TB,TOR,6,0,0,0,FS,FS,R,R,B,,93.0,93.0,-1.14,-1.14,0.29,0.29,1955.0,1955.0,234.0,234.0,6.3,6.3,-1.17,-1.17,5.84,5.84,cube12_cluster0,316,1.1814817269099271,CH,89.01009096911115,10.260232782391817,9.292479855944606,cube13_cluster0,1
2025-09-15,677952,677952,650489,PIT,CHC,4,0,1,2,CU,CU,R,R,S,,84.9,84.9,0.26,0.26,-1.03,-1.03,2774.0,2774.0,35.0,35.0,6.2,6.2,-0.79,-0.79,6.52,6.52,cube77_cluster0,15,1.5804915805622317,CU,78.06982973839553,-10.373560444574672,-15.067035103894916,cube65_cluster0;cube66_cluster0;cube72_cluster0;cube73_cluster0,4
2025-09-15,669461,669461,682622,STL,CIN,6,0,0,2,FF,FF,L,L,B,,94.3,94.3,0.51,-0.51,1.45,1.45,2106.0,2106.0,148.0,212.0,6.3,6.3,0.61,-0.61,6.59,6.59,cube3_cluster0,268,1.974059160752627,CH,89.73428321085365,11.536857891248982,10.613841731058852,cube3_cluster0,1
2025-09-15,607074,607074,640902,MIN,NYY,5,0,1,0,FF,FF,L,L,S,,94.0,94.0,0.87,-0.87,1.52,1.52,2410.0,2410.0,146.0,214.0,6.2,6.2,2.03,-2.03,6.4,6.4,cube4_cluster0,983,1.6003043278323774,FF,92.73799323851703,11.87678282989603,11.880818729937886,cube4_cluster0,1
2025-09-15,678906,678906,677942,AZ,SF,4,1,1,2,ST,ST,R,R,X,Blaze Alexander singles on a sharp line drive to center fielder Jung Hoo Lee.,84.4,84.4,1.48,1.48,-0.08,-0.08,2765.0,2765.0,51.0,51.0,6.6,6.6,-2.27,-2.27,5.38,5.38,cube74_cluster0,95,0.8056962533559067,ST,81.58280060620267,-13.628576142052651,-5.303629922931518,cube74_cluster0,1
2025-09-15,668678,668678,656305,AZ,SF,4,1,3,2,KC,KC,R,R,S,Matt Chapman called out on strikes.,79.8,79.8,0.67,0.67,-1.18,-1.18,2393.0,2393.0,36.0,36.0,6.5,6.5,-3.1,-3.1,5.89,5.89,cube67_cluster3,1,1.7945385306552166,SL,78.67358490566038,-15.561509433962266,-4.000754716981133,cube73_cluster0;cube74_cluster0,2
2025-09-15,683004,683004,660821,HOU,TEX,5,0,1,2,FF,FF,R,R,B,,96.7,96.7,-0.71,-0.71,1.44,1.44,2390.0,2390.0,216.0,216.0,6.7,6.7,-1.17,-1.17,5.7,5.7,cube4_cluster0,983,1.543567909039488,FF,92.73799323851703,11.87678282989603,11.880818729937886,cube4_cluster0;cube5_cluster0,2
2025-09-15,680694,680694,700337,CWS,BAL,4,0,1,2,FF,FF,R,R,X,"Edgar Quero grounds into a double play, second baseman Jackson Holliday to shortstop Gunnar Henderson to first baseman Ryan Mountcastle. Andrew Benintendi out at 2nd. Edgar Quero out at 1st.",92.9,92.9,0.41,0.41,1.11,1.11,2508.0,2508.0,172.0,172.0,6.5,6.5,-0.88,-0.88,6.55,6.55,cube42_cluster1,3,1.3463898738524678,FC,87.63142706302794,-5.957348927875244,5.6153508771929825,cube22_cluster0;cube23_cluster0,2
2025-09-15,641793,641793,695336,STL,CIN,5,2,2,0,SL,SL,R,R,S,,86.3,86.3,0.01,0.01,0.62,0.62,2108.0,2108.0,200.0,200.0,6.2,6.2,-0.7,-0.7,6.19,6.19,cube22_cluster0,44,1.0709038976458174,FC,88.82845332305666,-1.3474977477043035,9.056608779489569,cube22_cluster0,1
2025-09-15,671212,671212,665926,TB,TOR,5,2,0,2,SL,SL,R,R,X,"Andrés Giménez grounds out, second baseman Brandon Lowe to first baseman Yandy Díaz.",91.2,91.2,0.36,0.36,0.06,0.06,2681.0,2681.0,127.0,127.0,6.4,6.4,-1.06,-1.06,5.77,5.77,cube51_cluster0,138,1.2808213837870004,SL,86.5599691183964,-4.203859573250014,1.5652746114364327,cube51_cluster0,1
2025-09-15,680730,680730,542303,WSH,ATL,5,0,3,0,FF,FF,L,L,X,Marcell Ozuna singles on a sharp line drive to left fielder James Wood.,91.7,91.7,0.62,-0.62,1.5,1.5,2170.0,2170.0,168.0,192.0,7.0,7.0,1.25,-1.25,6.47,6.47,cube4_cluster0,983,2.114317943723696,FF,92.73799323851703,11.87678282989603,11.880818729937886,cube13_cluster0;cube4_cluster0,2
2025-09-15,624133,624133,605141,LAD,PHI,5,1,0,0,FC,FC,L,L,B,,87.5,87.5,-0.09,0.09,0.51,0.51,2054.0,2054.0,158.0,202.0,6.2,6.2,2.42,-2.42,5.66,5.66,cube23_cluster0,226,1.1592679853080523,FC,89.98051132303166,-0.8288022207088954,9.04754296913982,cube23_cluster0,1
2025-09-15,702056,702056,700246,TB,TOR,5,1,0,1,SL,SL,R,R,B,,87.7,87.7,-0.32,-0.32,0.62,0.62,2225.0,2225.0,202.0,202.0,6.0,6.0,-0.62,-0.62,7.13,7.13,cube42_cluster1,3,2.077887145235625,FC,87.63142706302794,-5.957348927875244,5.6153508771929825,,0
2025-09-15,680732,680732,694212,CWS,BAL,4,2,1,2,KC,KC,R,R,X,"Samuel Basallo grounds out, second baseman Chase Meidroth to first baseman Lenyn Sosa.",82.1,82.1,0.37,0.37,-1.16,-1.16,2539.0,2539.0,28.0,28.0,7.1,7.1,-2.33,-2.33,6.17,6.17,cube67_cluster2,6,1.4274249426116188,CU,83.11739876493539,-8.352412707608828,-11.699528597119054,cube66_cluster0;cube67_cluster2;cube73_cluster0;cube74_cluster0,4
2025-09-15,592791,592791,693304,PIT,CHC,5,0,2,2,CH,CH,R,R,B,,81.3,81.3,-0.82,-0.82,0.86,0.86,1675.0,1675.0,221.0,221.0,6.4,6.4,-0.99,-0.99,6.22,6.22,cube3_cluster0,268,1.3050487629053136,CH,89.73428321085365,11.536857891248982,10.613841731058852,cube12_cluster0;cube3_cluster0,2
2025-09-15,686218,686218,664056,LAD,PHI,5,2,0,1,CH,CH,R,R,B,,85.6,85.6,-0.98,-0.98,0.55,0.55,916.0,916.0,259.0,259.0,6.6,6.6,-1.14,-1.14,5.27,5.27,cube13_cluster1,3,2.3540254730623644,FS,84.2318346010472,7.0387863377694,1.0515447129672841,,0
2025-09-15,675911,675911,686611,WSH,ATL,4,1,0,1,CU,CU,R,R,S,,77.3,77.3,1.03,1.03,-0.63,-0.63,2781.0,2781.0,59.0,59.0,6.9,6.9,-1.79,-1.79,5.93,5.93,cube73_cluster0,327,1.2653384436651736,CU,80.47699441108988,-11.55224395022119,-8.074074661318553,cube73_cluster0,1
2025-09-15,669920,669920,673962,HOU,TEX,5,1,0,1,SI,SI,R,R,S,,90.6,90.6,-1.55,-1.55,0.4,0.4,2181.0,2181.0,249.0,249.0,6.5,6.5,-1.44,-1.44,5.5,5.5,cube13_cluster0,1173,1.5112272281871253,FF,91.32597348809763,10.933560927718538,9.887490835989844,cube13_cluster0;cube14_cluster0,2
2025-09-15,680573,680573,641857,MIN,NYY,5,0,0,1,FF,FF,R,R,S,,92.4,92.4,-0.58,-0.58,1.43,1.43,2295.0,2295.0,203.0,203.0,6.6,6.6,-1.25,-1.25,6.42,6.42,cube22_cluster0,44,1.7123841778935749,FC,88.82845332305666,-1.3474977477043035,9.056608779489569,cube12_cluster0;cube13_cluster0;cube3_cluster0;cube4_cluster0,4
2025-09-15,683004,683004,660821,HOU,TEX,5,0,1,1,CH,CH,R,R,S,,87.5,87.5,-0.6,-0.6,0.84,0.84,1296.0,1296.0,220.0,220.0,6.7,6.7,-1.28,-1.28,5.69,5.69,cube3_cluster0,268,1.8716357270431936,CH,89.73428321085365,11.536857891248982,10.613841731058852,cube3_cluster0;cube4_cluster0,2
2025-09-15,680694,680694,700337,CWS,BAL,4,0,1,1,SI,SI,R,R,S,,93.2,93.2,-1.02,-1.02,1.13,1.13,2282.0,2282.0,201.0,201.0,6.5,6.5,-0.97,-0.97,6.42,6.42,cube3_cluster0,268,1.645785279408562,CH,89.73428321085365,11.536857891248982,10.613841731058852,cube12_cluster0;cube13_cluster0;cube3_cluster0;cube4_cluster0,4
2025-09-15,669920,669920,673962,HOU,TEX,5,1,0,0,SI,SI,R,R,S,,90.2,90.2,-1.62,-1.62,0.21,0.21,2040.0,2040.0,252.0,252.0,6.5,6.5,-1.39,-1.39,5.49,5.49,cube23_cluster1,15,1.6690542368763595,CH,87.14244152758266,13.779793742871872,-2.1495322200021145,cube13_cluster0,1
2025-09-15,669461,669461,682622,STL,CIN,6,0,0,2,CU,CU,L,L,S,,77.2,77.2,-1.1,1.1,-1.54,-1.54,2995.0,2995.0,333.0,27.0,6.2,6.2,0.56,-0.56,6.58,6.58,cube77_cluster0,15,1.452980032342832,CU,78.06982973839553,-10.373560444574672,-15.067035103894916,,0
2025-09-15,680730,680730,542303,WSH,ATL,5,0,2,0,FF,FF,L,L,B,,91.4,91.4,0.69,-0.69,1.42,1.42,2099.0,2099.0,170.0,190.0,6.7,6.7,0.91,-0.91,6.58,6.58,cube3_cluster0,268,1.9818381900260975,CH,89.73428321085365,11.536857891248982,10.613841731058852,cube12_cluster0;cube13_cluster0;cube3_cluster0;cube4_cluster0,4
2025-09-15,592791,592791,693304,PIT,CHC,5,0,1,2,FC,FC,R,R,B,,87.7,87.7,0.63,0.63,0.65,0.65,2664.0,2664.0,161.0,161.0,7.0,7.0,-1.08,-1.08,6.05,6.05,cube43_cluster0,144,1.6667577281422117,SL,87.05264300971788,-4.004743073818654,3.6350863620861684,cube33_cluster0;cube43_cluster0,2
2025-09-15,678906,678906,677942,AZ,SF,4,1,0,2,FF,FF,R,R,B,,94.6,94.6,-0.6,-0.6,0.79,0.79,2653.0,2653.0,237.0,237.0,6.4,6.4,-2.28,-2.28,5.29,5.29,cube14_cluster0,644,1.3215359769512824,FF,92.67733037261901,12.017251018938115,9.608444861229,cube14_cluster0,1
2025-09-15,675911,675911,686611,WSH,ATL,4,1,0,0,CU,CU,R,R,S,,76.9,76.9,0.69,0.69,-0.75,-0.75,2688.0,2688.0,56.0,56.0,6.9,6.9,-1.85,-1.85,5.93,5.93,cube67_cluster2,6,1.2055310230760539,CU,83.11739876493539,-8.352412707608828,-11.699528597119054,cube73_cluster0,1
2025-09-15,702056,702056,700246,TB,TOR,5,1,0,0,FF,FF,R,R,S,,93.5,93.5,-0.34,-0.34,1.76,1.76,2418.0,2418.0,200.0,200.0,6.2,6.2,-0.36,-0.36,7.05,7.05,cube42_cluster1,3,2.766824025226188,FC,87.63142706302794,-5.957348927875244,5.6153508771929825,cube12_cluster0;cube3_cluster0,2
2025-09-15,668678,668678,656305,AZ,SF,4,1,3,2,CH,CH,R,R,S,,85.9,85.9,-1.01,-1.01,0.32,0.32,1567.0,1567.0,231.0,231.0,6.6,6.6,-3.28,-3.28,5.75,5.75,cube5_cluster1,6,2.133414146363143,FF,89.65810794305177,14.773047413912295,10.026197271838102,cube13_cluster0;cube14_cluster0,2
2025-09-15,641793,641793,695336,STL,CIN,5,2,1,0,SI,SI,R,R,B,,90.2,90.2,-0.9,-0.9,1.16,1.16,1924.0,1924.0,214.0,214.0,6.2,6.2,-0.66,-0.66,6.09,6.09,cube3_cluster0,268,1.2045928598871622,CH,89.73428321085365,11.536857891248982,10.613841731058852,cube3_cluster0,1
2025-09-15,677952,677952,650489,PIT,CHC,4,0,0,2,FF,FF,R,R,B,,97.7,97.7,-0.51,-0.51,1.42,1.42,2423.0,2423.0,219.0,219.0,6.4,6.4,-0.86,-0.86,6.25,6.25,cube22_cluster0,44,1.940377191683508,FC,88.82845332305666,-1.3474977477043035,9.056608779489569,cube13_cluster0;cube4_cluster0,2
2025-09-15,680732,680732,694212,CWS,BAL,4,2,1,1,FF,FF,R,R,S,,95.6,95.6,-0.41,-0.41,1.42,1.42,2403.0,2403.0,199.0,199.0,7.1,7.1,-2.18,-2.18,6.33,6.33,cube4_cluster0,983,2.1087916046557607,FF,92.73799323851703,11.87678282989603,11.880818729937886,cube13_cluster0;cube14_cluster0;cube4_cluster0;cube5_cluster0,4
2025-09-15,607074,607074,640902,MIN,NYY,5,0,0,0,FF,FF,L,L,B,,92.9,92.9,0.93,-0.93,1.58,1.58,2379.0,2379.0,147.0,213.0,6.3,6.3,2.07,-2.07,6.42,6.42,cube4_cluster0,983,1.606182035912696,FF,92.73799323851703,11.87678282989603,11.880818729937886,cube4_cluster0,1
2025-09-15,671212,671212,665926,TB,TOR,5,2,0,1,SL,SL,R,R,S,,92.2,92.2,0.45,0.45,0.06,0.06,2735.0,2735.0,135.0,135.0,6.5,6.5,-1.03,-1.03,5.7,5.7,cube43_cluster0,144,1.436398263243366,SL,87.05264300971788,-4.004743073818654,3.6350863620861684,cube43_cluster0;cube44_cluster0;cube51_cluster0;cube52_cluster0,4
2025-09-15,680573,680573,641857,MIN,NYY,5,0,0,0,FS,FS,R,R,S,,87.1,87.1,-0.75,-0.75,1.02,1.02,1379.0,1379.0,213.0,213.0,6.8,6.8,-1.38,-1.38,6.3,6.3,cube3_cluster0,268,1.6564471255590847,CH,89.73428321085365,11.536857891248982,10.613841731058852,cube3_cluster0,1
2025-09-15,686218,686218,664056,LAD,PHI,5,2,0,0,SL,SL,R,R,S,,86.1,86.1,0.41,0.41,0.17,0.17,2535.0,2535.0,128.0,128.0,6.5,6.5,-1.22,-1.22,5.25,5.25,cube52_cluster0,25,1.4828336246546285,SL,87.17795916965139,-4.451177468094217,2.170340230630463,cube51_cluster0,1
2025-09-15,624133,624133,660271,LAD,PHI,5,1,0,1,CU,CU,L,L,X,Shohei Ohtani doubles (22) on a ground ball to right fielder Max Kepler. Chuckie Robinson to 3rd.,76.1,76.1,-0.71,0.71,-0.68,-0.68,2008.0,2008.0,313.0,47.0,6.4,6.4,2.14,-2.14,5.71,5.71,cube72_cluster1,4,0.8519141319956504,CU,73.14815617664787,-13.649330552782773,-9.00283815300432,cube66_cluster0,1
2025-09-15,686218,686218,642215,LAD,PHI,5,1,3,2,SL,SL,R,R,X,"Weston Wilson grounds out softly, pitcher Emmet Sheehan to first baseman Freddie Freeman.",88.1,88.1,0.41,0.41,0.54,0.54,2407.0,2407.0,187.0,187.0,6.5,6.5,-1.12,-1.12,5.32,5.32,cube33_cluster0,169,1.513538998506411,FC,88.23401695598267,-3.1239005241649638,6.236802891040705,cube33_cluster0,1
2025-09-15,669920,669920,696030,HOU,TEX,5,0,0,1,CH,CH,R,R,X,"Alejandro Osuna grounds into a force out, third baseman Carlos Correa to shortstop Jeremy Peña. Adolis García out at 2nd. Alejandro Osuna to 1st.",80.8,80.8,-1.72,-1.72,0.12,0.12,1864.0,1864.0,262.0,262.0,6.3,6.3,-1.58,-1.58,5.6,5.6,cube23_cluster1,15,1.5120077306555273,CH,87.14244152758266,13.779793742871872,-2.1495322200021145,cube12_cluster0;cube13_cluster0,2
2025-09-15,669461,669461,682622,STL,CIN,6,0,0,1,SI,SI,L,L,S,,93.3,93.3,1.1,-1.1,1.17,1.17,2010.0,2010.0,147.0,213.0,6.4,6.4,0.69,-0.69,6.49,6.49,cube3_cluster0,268,1.51853956315676,CH,89.73428321085365,11.536857891248982,10.613841731058852,cube3_cluster0,1
2025-09-15,677952,677952,650489,PIT,CHC,4,0,0,1,CU,CU,R,R,S,,85.4,85.4,0.42,0.42,-0.95,-0.95,2533.0,2533.0,33.0,33.0,6.2,6.2,-0.82,-0.82,6.48,6.48,cube72_cluster0,77,1.485010302914453,CU,78.89146033796635,-9.531561177600954,-10.534460563196083,cube65_cluster0;cube66_cluster0;cube72_cluster0;cube73_cluster0,4
2025-09-15,680694,680694,700337,CWS,BAL,4,0,0,1,CU,CU,R,R,B,,82.8,82.8,0.26,0.26,-0.64,-0.64,2529.0,2529.0,35.0,35.0,6.3,6.3,-1.03,-1.03,6.59,6.59,cube65_cluster0,52,1.304193881018105,CU,80.5172691598637,-7.955497641633661,-5.720742174043808,cube65_cluster0,1
2025-09-15,624133,624133,660271,LAD,PHI,5,1,0,0,FF,FF,L,L,S,,91.4,91.4,0.43,-0.43,0.74,0.74,1821.0,1821.0,126.0,234.0,6.0,6.0,2.39,-2.39,5.45,5.45,cube13_cluster0,1173,1.4773220392124382,FF,91.32597348809763,10.933560927718538,9.887490835989844,cube13_cluster0,1
2025-09-15,678906,678906,677942,AZ,SF,4,1,0,1,SI,SI,R,R,S,,93.7,93.7,-1.36,-1.36,0.33,0.33,2346.0,2346.0,237.0,237.0,6.3,6.3,-2.28,-2.28,5.41,5.41,cube14_cluster0,644,1.0738403096182745,FF,92.67733037261901,12.017251018938115,9.608444861229,cube14_cluster0,1
2025-09-15,668678,668678,656305,AZ,SF,4,1,2,2,KC,KC,R,R,B,,80.5,80.5,0.58,0.58,-1.15,-1.15,2452.0,2452.0,38.0,38.0,6.5,6.5,-3.18,-3.18,5.84,5.84,cube67_cluster3,1,1.7811832979240063,SL,78.67358490566038,-15.561509433962266,-4.000754716981133,cube73_cluster0;cube74_cluster0,2
2025-09-15,680732,680732,694212,CWS,BAL,4,2,1,0,FF,FF,R,R,S,,94.8,94.8,-0.84,-0.84,1.38,1.38,2663.0,2663.0,201.0,201.0,7.2,7.2,-2.22,-2.22,6.26,6.26,cube5_cluster0,516,2.170582582221263,FF,94.26601183041208,12.58960465467938,11.873748452415477,cube14_cluster0;cube5_cluster0,2
2025-09-15,680573,680573,502671,MIN,NYY,4,2,0,2,FS,FS,R,R,S,Paul Goldschmidt strikes out swinging.,87.5,87.5,-0.18,-0.18,0.81,0.81,867.0,867.0,224.0,224.0,7.0,7.0,-1.26,-1.26,6.28,6.28,cube13_cluster1,3,1.8059321034876303,FS,84.2318346010472,7.0387863377694,1.0515447129672841,cube3_cluster0,1
2025-09-15,675911,675911,657557,WSH,ATL,4,1,1,1,SL,SL,R,R,X,Paul DeJong singles on a line drive to left fielder Jurickson Profar. Josh Bell to 3rd. Luis García Jr. to 2nd.,83.5,83.5,0.53,0.53,0.06,0.06,2304.0,2304.0,139.0,139.0,6.9,6.9,-1.85,-1.85,5.82,5.82,cube43_cluster0,144,1.1823726257831775,SL,87.05264300971788,-4.004743073818654,3.6350863620861684,cube43_cluster0;cube51_cluster0,2
2025-09-15,641793,641793,695336,STL,CIN,5,2,0,0,SI,SI,R,R,B,,91.1,91.1,-0.99,-0.99,1.21,1.21,1948.0,1948.0,213.0,213.0,6.2,6.2,-0.78,-0.78,6.01,6.01,cube3_cluster0,268,1.1300642243084182,CH,89.73428321085365,11.536857891248982,10.613841731058852,cube3_cluster0;cube4_cluster0,2
2025-09-15,592791,592791,693304,PIT,CHC,5,0,1,2,FF,FF,R,R,S,,92.3,92.3,-0.35,-0.35,1.43,1.43,2349.0,2349.0,203.0,203.0,6.8,6.8,-0.94,-0.94,6.14,6.14,cube22_cluster0,44,1.8407999982411805,FC,88.82845332305666,-1.3474977477043035,9.056608779489569,cube13_cluster0,1
2025-09-15,702056,702056,656484,TB,TOR,5,0,0,0,SL,SL,R,R,X,Tristan Gray flies out sharply to center fielder Daulton Varsho.,86.9,86.9,-0.28,-0.28,0.34,0.34,2135.0,2135.0,199.0,199.0,5.9,5.9,-0.63,-0.63,7.11,7.11,cube42_cluster1,3,2.132266538272708,FC,87.63142706302794,-5.957348927875244,5.6153508771929825,,0
2025-09-15,671212,671212,665926,TB,TOR,5,2,0,0,FF,FF,R,R,S,,98.5,98.5,-0.65,-0.65,0.97,0.97,2463.0,2463.0,227.0,227.0,6.4,6.4,-1.18,-1.18,5.69,5.69,cube4_cluster0,983,1.500240301280592,FF,92.73799323851703,11.87678282989603,11.880818729937886,cube13_cluster0;cube14_cluster0,2
2025-09-15,680730,680730,542303,WSH,ATL,5,0,1,0,FF,FF,L,L,B,,92.6,92.6,0.8,-0.8,1.31,1.31,2141.0,2141.0,162.0,198.0,6.8,6.8,1.35,-1.35,6.34,6.34,cube4_cluster0,983,1.54508338731378,FF,92.73799323851703,11.87678282989603,11.880818729937886,cube13_cluster0;cube4_cluster0,2
2025-09-15,607074,607074,686797,MIN,NYY,5,0,0,0,FF,FF,L,L,X,Brooks Lee homers (15) on a fly ball to left field.,92.4,92.4,0.58,-0.58,1.74,1.74,2357.0,2357.0,143.0,217.0,6.4,6.4,2.02,-2.02,6.43,6.43,cube4_cluster0,983,1.762443901882013,FF,92.73799323851703,11.87678282989603,11.880818729937886,cube4_cluster0,1
2025-09-15,683004,683004,660821,HOU,TEX,5,0,0,1,FF,FF,R,R,B,,95.4,95.4,-0.44,-0.44,1.47,1.47,2346.0,2346.0,213.0,213.0,6.6,6.6,-1.13,-1.13,5.67,5.67,cube4_cluster0,983,1.5883494503238862,FF,92.73799323851703,11.87678282989603,11.880818729937886,cube13_cluster0;cube4_cluster0,2
2025-09-15,680573,680573,502671,MIN,NYY,4,2,0,1,FF,FF,R,R,S,,93.4,93.4,-0.48,-0.48,1.55,1.55,2274.0,2274.0,199.0,199.0,6.9,6.9,-1.18,-1.18,6.45,6.45,cube4_cluster0,983,2.088373636586966,FF,92.73799323851703,11.87678282989603,11.880818729937886,cube13_cluster0;cube4_cluster0,2
2025-09-15,668678,668678,656305,AZ,SF,4,1,1,2,FF,FF,R,R,B,,93.1,93.1,-0.08,-0.08,1.23,1.23,2271.0,2271.0,208.0,208.0,6.4,6.4,-3.11,-3.11,5.91,5.91,cube24_cluster0,111,1.6241767276164494,FC,90.39472309229976,-0.35116486760382487,8.906212304019572,cube13_cluster0;cube14_cluster0,2
2025-09-15,686218,686218,642215,LAD,PHI,5,1,3,1,FF,FF,R,R,S,,93.3,93.3,-0.75,-0.75,1.25,1.25,2312.0,2312.0,211.0,211.0,6.6,6.6,-1.12,-1.12,5.38,5.38,cube4_cluster0,983,1.5721333128990287,FF,92.73799323851703,11.87678282989603,11.880818729937886,cube13_cluster0;cube14_cluster0;cube4_cluster0;cube5_cluster0,4
2025-09-15,671212,671212,623168,TB,TOR,5,1,0,0,FS,FS,R,R,X,Tyler Heineman flies out to center fielder Jake Mangum.,93.5,93.5,-1.33,-1.33,0.34,0.34,2067.0,2067.0,237.0,237.0,6.4,6.4,-0.99,-0.99,5.79,5.79,cube12_cluster0,316,1.5047447666237042,CH,89.01009096911115,10.260232782391817,9.292479855944606,cube13_cluster0;cube4_cluster0,2
2025-09-15,678906,678906,677942,AZ,SF,4,1,0,0,ST,ST,R,R,S,,85.2,85.2,1.39,1.39,0.19,0.19,2794.0,2794.0,64.0,64.0,6.4,6.4,-2.34,-2.34,5.38,5.38,cube67_cluster0,152,0.7944692304880039,ST,83.21108910576972,-12.188986866329156,0.17080679660382098,cube66_cluster0;cube67_cluster0;cube73_cluster0;cube74_cluster0,4
2025-09-15,669920,669920,696030,HOU,TEX,5,0,0,0,SI,SI,R,R,S,,90.2,90.2,-1.51,-1.51,0.22,0.22,2138.0,2138.0,248.0,248.0,6.4,6.4,-1.73,-1.73,5.61,5.61,cube13_cluster0,1173,1.390534375986436,FF,91.32597348809763,10.933560927718538,9.887490835989844,cube13_cluster0,1
2025-09-15,675911,675911,657557,WSH,ATL,4,1,1,0,SL,SL,R,R,S,,83.2,83.2,0.47,0.47,0.36,0.36,2228.0,2228.0,157.0,157.0,6.9,6.9,-1.78,-1.78,5.9,5.9,cube43_cluster0,144,1.1973683868903,SL,87.05264300971788,-4.004743073818654,3.6350863620861684,cube33_cluster0;cube43_cluster0,2
2025-09-15,624133,624133,642020,LAD,PHI,5,0,0,1,CU,CU,L,L,X,"Chuckie Robinson reaches on a fielder's choice out, pitcher Ranger Suarez to third baseman Otto Kemp. Andy Pages out at 3rd.",76.3,76.3,-0.61,0.61,-0.68,-0.68,2010.0,2010.0,306.0,54.0,6.0,6.0,2.07,-2.07,5.69,5.69,cube72_cluster1,4,1.118519758183201,CU,73.14815617664787,-13.649330552782773,-9.00283815300432,cube66_cluster0,1
2025-09-15,680730,680730,542303,WSH,ATL,5,0,0,0,CU,CU,L,L,B,,78.0,78.0,-0.17,0.17,-0.73,-0.73,2277.0,2277.0,333.0,27.0,6.8,6.8,1.36,-1.36,6.4,6.4,cube65_cluster2,4,1.0722183385925204,CU,77.46691308243727,-3.8291129032258064,-11.446518817204302,cube65_cluster0;cube66_cluster0,2
2025-09-15,702056,702056,663743,TB,TOR,4,2,1,2,FS,FS,R,R,S,Nick Fortes strikes out swinging.,84.3,84.3,-0.79,-0.79,0.47,0.47,1483.0,1483.0,222.0,222.0,5.9,5.9,-0.52,-0.52,7.1,7.1,cube3_cluster0,268,2.6869064947961756,CH,89.73428321085365,11.536857891248982,10.613841731058852,,0
2025-09-15,641793,641793,571448,STL,CIN,5,1,0,2,FS,FS,R,R,X,Nolan Arenado flies out to right fielder Noelvi Marte.,82.0,82.0,-1.04,-1.04,-0.32,-0.32,1026.0,1026.0,240.0,240.0,6.0,6.0,-0.66,-0.66,6.17,6.17,cube13_cluster1,3,2.9029364653598684,FS,84.2318346010472,7.0387863377694,1.0515447129672841,cube12_cluster0,1
2025-09-15,607074,607074,676812,MIN,NYY,4,2,0,0,FF,FF,L,L,X,"Carson McCusker grounds out, third baseman Ryan McMahon to first baseman Paul Goldschmidt.",92.3,92.3,0.72,-0.72,1.56,1.56,2317.0,2317.0,148.0,212.0,6.3,6.3,2.13,-2.13,6.4,6.4,cube4_cluster0,983,1.566480702199467,FF,92.73799323851703,11.87678282989603,11.880818729937886,cube13_cluster0;cube4_cluster0,2
2025-09-15,683004,683004,660821,HOU,TEX,5,0,0,0,CH,CH,R,R,S,,87.8,87.8,-0.97,-0.97,0.7,0.7,1384.0,1384.0,218.0,218.0,6.5,6.5,-1.36,-1.36,5.74,5.74,cube3_cluster0,268,1.4769396247848485,CH,89.73428321085365,11.536857891248982,10.613841731058852,cube3_cluster0;cube4_cluster0,2
2025-09-15,677952,677952,650489,PIT,CHC,4,0,0,0,FF,FF,R,R,S,,98.0,98.0,-0.81,-0.81,1.41,1.41,2609.0,2609.0,219.0,219.0,6.5,6.5,-0.84,-0.84,6.31,6.31,cube4_cluster0,983,2.195904015228983,FF,92.73799323851703,11.87678282989603,11.880818729937886,cube13_cluster0;cube4_cluster0,2
2025-09-15,680694,680694,700337,CWS,BAL,4,0,0,0,SL,SL,R,R,S,,84.8,84.8,0.78,0.78,0.3,0.3,2542.0,2542.0,45.0,45.0,6.3,6.3,-1.43,-1.43,6.48,6.48,cube57_cluster0,32,1.301669881892387,SL,83.65118122149555,-5.010806328553835,-0.8552029953918647,,0
2025-09-15,669461,669461,682622,STL,CIN,6,0,0,0,FF,FF,L,L,S,,93.1,93.1,0.68,-0.68,1.46,1.46,2126.0,2126.0,151.0,209.0,6.5,6.5,0.73,-0.73,6.52,6.52,cube3_cluster0,268,1.8373994704279635,CH,89.73428321085365,11.536857891248982,10.613841731058852,cube3_cluster0,1
2025-09-15,592791,592791,693304,PIT,CHC,5,0,1,2,ST,ST,R,R,S,,80.8,80.8,1.29,1.29,-0.28,-0.28,2838.0,2838.0,46.0,46.0,6.9,6.9,-1.15,-1.15,6.14,6.14,cube73_cluster0,327,1.7671160268013175,CU,80.47699441108988,-11.55224395022119,-8.074074661318553,cube73_cluster0,1
2025-09-15,680732,680732,694212,CWS,BAL,4,2,0,0,CH,CH,R,R,B,,86.3,86.3,-1.39,-1.39,0.53,0.53,1814.0,1814.0,236.0,236.0,7.5,7.5,-2.31,-2.31,5.95,5.95,cube15_cluster2,4,2.1162083673118732,SI,89.58860826939471,15.412970405553526,3.820621118012422,cube13_cluster0;cube4_cluster0,2
2025-09-15,592791,592791,693304,PIT,CHC,5,0,1,1,FC,FC,R,R,S,,85.5,85.5,0.46,0.46,0.45,0.45,2552.0,2552.0,155.0,155.0,6.8,6.8,-1.11,-1.11,6.18,6.18,cube43_cluster0,144,1.3155150042978685,SL,87.05264300971788,-4.004743073818654,3.6350863620861684,cube43_cluster0,1
2025-09-15,641793,641793,571448,STL,CIN,5,1,0,1,FS,FS,R,R,S,,82.5,82.5,-1.23,-1.23,-0.22,-0.22,1279.0,1279.0,245.0,245.0,6.0,6.0,-0.65,-0.65,6.19,6.19,cube12_cluster0,316,2.5862652109078748,CH,89.01009096911115,10.260232782391817,9.292479855944606,cube12_cluster0,1
2025-09-15,669920,669920,666969,HOU,TEX,5,0,2,2,CH,CH,R,R,X,Adolis García reaches on a fielding error by shortstop Jeremy Peña.,81.6,81.6,-1.49,-1.49,0.5,0.5,1914.0,1914.0,266.0,266.0,6.5,6.5,-1.35,-1.35,5.64,5.64,cube23_cluster1,15,1.954081176191573,CH,87.14244152758266,13.779793742871872,-2.1495322200021145,cube13_cluster0,1
2025-09-15,677952,677952,621020,PIT,CHC,4,0,1,2,SL,SL,R,R,X,Dansby Swanson doubles (23) on a fly ball to left fielder Tommy Pham. Pete Crow-Armstrong scores.,92.4,92.4,0.28,0.28,0.57,0.57,2630.0,2630.0,183.0,183.0,6.2,6.2,-0.87,-0.87,6.32,6.32,cube32_cluster0,41,1.276070917404456,SL,87.45742516293836,-3.2707771382581203,5.520714440411837,cube32_cluster0;cube33_cluster0,2
2025-09-15,680732,680732,691723,CWS,BAL,4,2,1,2,SI,SI,R,R,B,Coby Mayo hit by pitch. Ryan Mountcastle to 2nd.,95.4,95.4,-1.14,-1.14,1.26,1.26,2458.0,2458.0,205.0,205.0,7.1,7.1,-2.3,-2.3,6.24,6.24,cube5_cluster0,516,1.782459266591702,FF,94.26601183041208,12.58960465467938,11.873748452415477,cube5_cluster0,1
2025-09-15,680730,680730,686948,WSH,ATL,4,2,0,1,CU,CU,L,L,X,"Drake Baldwin grounds out, second baseman Luis García Jr. to first baseman Josh Bell.",78.7,78.7,-0.24,0.24,-0.56,-0.56,2285.0,2285.0,336.0,24.0,6.8,6.8,1.37,-1.37,6.33,6.33,cube65_cluster2,4,1.202957694571079,CU,77.46691308243727,-3.8291129032258064,-11.446518817204302,cube65_cluster0;cube66_cluster0,2
2025-09-15,680694,680694,643217,CWS,BAL,4,0,3,0,FF,FF,R,R,B,Andrew Benintendi walks.,90.8,90.8,-0.21,-0.21,1.24,1.24,2183.0,2183.0,198.0,198.0,6.3,6.3,-1.35,-1.35,6.41,6.41,cube22_cluster0,44,1.0631805860798198,FC,88.82845332305666,-1.3474977477043035,9.056608779489569,cube12_cluster0;cube13_cluster0,2
2025-09-15,675911,675911,657557,WSH,ATL,4,1,0,0,SL,SL,R,R,B,,83.8,83.8,0.64,0.64,0.26,0.26,2245.0,2245.0,167.0,167.0,7.0,7.0,-1.77,-1.77,5.8,5.8,cube44_cluster0,35,1.407468972750266,SL,87.43039514356485,-4.560198707426779,3.7204129901025347,cube33_cluster0;cube43_cluster0,2
2025-09-15,678906,678906,672515,AZ,SF,4,0,3,2,ST,ST,R,R,X,Gabriel Moreno lines out to third baseman Matt Chapman.,85.8,85.8,1.04,1.04,0.03,0.03,2756.0,2756.0,64.0,64.0,6.5,6.5,-2.3,-2.3,5.34,5.34,cube67_cluster0,152,0.5864225780885689,ST,83.21108910576972,-12.188986866329156,0.17080679660382098,cube67_cluster0,1
2025-09-15,671212,671212,676391,TB,TOR,5,0,1,1,FS,FS,R,R,X,Ernie Clement flies out to right fielder Josh Lowe.,93.2,93.2,-1.32,-1.32,0.31,0.31,2128.0,2128.0,229.0,229.0,6.5,6.5,-1.04,-1.04,5.84,5.84,cube12_cluster0,316,1.518254185601366,CH,89.01009096911115,10.260232782391817,9.292479855944606,cube13_cluster0;cube4_cluster0,2
2025-09-15,668678,668678,656305,AZ,SF,4,1,1,1,FF,FF,R,R,S,,93.7,93.7,-0.19,-0.19,1.22,1.22,2325.0,2325.0,211.0,211.0,6.4,6.4,-3.08,-3.08,5.99,5.99,cube24_cluster0,111,1.7010382234568133,FC,90.39472309229976,-0.35116486760382487,8.906212304019572,cube13_cluster0;cube14_cluster0,2
2025-09-15,624133,624133,642020,LAD,PHI,5,0,0,0,CU,CU,L,L,S,,75.4,75.4,-0.51,0.51,-0.68,-0.68,2065.0,2065.0,304.0,56.0,6.2,6.2,2.18,-2.18,5.7,5.7,cube72_cluster1,4,0.9722450310923633,CU,73.14815617664787,-13.649330552782773,-9.00283815300432,cube66_cluster0,1
2025-09-15,702056,702056,663743,TB,TOR,4,2,1,1,FS,FS,R,R,S,,83.9,83.9,-0.65,-0.65,0.54,0.54,1570.0,1570.0,213.0,213.0,6.3,6.3,-0.36,-0.36,7.13,7.13,cube3_cluster0,268,2.7426066229489474,CH,89.73428321085365,11.536857891248982,10.613841731058852,,0
2025-09-15,680573,680573,502671,MIN,NYY,4,2,0,0,SL,SL,R,R,S,,86.1,86.1,0.34,0.34,0.37,0.37,2382.0,2382.0,152.0,152.0,6.9,6.9,-1.38,-1.38,6.28,6.28,cube43_cluster0,144,1.298615288593698,SL,87.05264300971788,-4.004743073818654,3.6350863620861684,cube33_cluster0;cube43_cluster0,2
2025-09-15,683004,683004,673237,HOU,TEX,5,0,2,2,SL,SL,R,R,X,Yainer Diaz reaches on a throwing error by shortstop Josh Smith.,87.3,87.3,0.4,0.4,0.21,0.21,2423.0,2423.0,142.0,142.0,6.6,6.6,-1.07,-1.07,5.76,5.76,cube43_cluster0,144,0.9701719286103563,SL,87.05264300971788,-4.004743073818654,3.6350863620861684,cube43_cluster0,1
2025-09-15,686218,686218,642215,LAD,PHI,5,1,2,1,FF,FF,R,R,B,,94.9,94.9,-0.61,-0.61,1.32,1.32,2315.0,2315.0,209.0,209.0,6.6,6.6,-0.97,-0.97,5.5,5.5,cube4_cluster0,983,1.681423194794351,FF,92.73799323851703,11.87678282989603,11.880818729937886,cube13_cluster0;cube14_cluster0;cube4_cluster0;cube5_cluster0,4
2025-09-15,669461,669461,670770,STL,CIN,5,2,2,1,SL,SL,L,L,X,TJ Friedl flies out to center fielder Victor Scott II.,85.1,85.1,-0.45,0.45,-0.08,-0.08,2608.0,2608.0,249.0,111.0,6.2,6.2,0.55,-0.55,6.45,6.45,cube50_cluster0,16,1.3583036127463337,SL,84.90007193384722,-3.20169019761113,0.4617852580480657,,0
2025-09-15,607074,607074,670242,MIN,NYY,4,1,0,2,SL,SL,L,L,X,"Matt Wallner grounds out, pitcher Carlos Rodón to first baseman Paul Goldschmidt.",88.3,88.3,-0.22,0.22,0.48,0.48,2619.0,2619.0,353.0,7.0,6.0,6.0,2.24,-2.24,6.27,6.27,cube58_cluster2,5,2.048735625096554,SL,85.46595452823905,-0.04526262806992336,-2.641776233356624,,0
2025-09-15,668678,668678,656305,AZ,SF,4,1,0,1,FF,FF,R,R,B,,93.4,93.4,-0.38,-0.38,1.18,1.18,2148.0,2148.0,216.0,216.0,6.3,6.3,-3.2,-3.2,5.99,5.99,cube5_cluster0,516,1.9323068874997256,FF,94.26601183041208,12.58960465467938,11.873748452415477,cube13_cluster0;cube14_cluster0,2
2025-09-15,680694,680694,643217,CWS,BAL,4,0,2,0,SI,SI,R,R,B,,90.0,90.0,-0.62,-0.62,1.09,1.09,2060.0,2060.0,203.0,203.0,6.2,6.2,-1.2,-1.2,6.5,6.5,cube3_cluster0,268,1.1983310753665983,CH,89.73428321085365,11.536857891248982,10.613841731058852,cube12_cluster0,1
2025-09-15,678906,678906,672515,AZ,SF,4,0,2,2,FF,FF,R,R,B,,93.1,93.1,-0.39,-0.39,0.72,0.72,2669.0,2669.0,239.0,239.0,6.4,6.4,-2.25,-2.25,5.25,5.25,cube24_cluster0,111,1.4268481329994342,FC,90.39472309229976,-0.35116486760382487,8.906212304019572,cube24_cluster0,1
2025-09-15,702056,702056,663743,TB,TOR,4,2,0,1,FF,FF,R,R,B,,94.7,94.7,-0.35,-0.35,1.76,1.76,2363.0,2363.0,195.0,195.0,6.5,6.5,-0.38,-0.38,6.94,6.94,cube42_cluster1,3,2.740460944295027,FC,87.63142706302794,-5.957348927875244,5.6153508771929825,cube12_cluster0;cube3_cluster0,2
2025-09-15,680730,680730,686948,WSH,ATL,4,2,0,0,FF,FF,L,L,S,,92.3,92.3,0.48,-0.48,1.77,1.77,2167.0,2167.0,171.0,189.0,6.8,6.8,0.95,-0.95,6.47,6.47,cube22_cluster0,44,2.29043020775095,FC,88.82845332305666,-1.3474977477043035,9.056608779489569,cube12_cluster0;cube13_cluster0;cube3_cluster0;cube4_cluster0,4
2025-09-15,669461,669461,670770,STL,CIN,5,2,2,0,SI,SI,L,L,S,,94.2,94.2,1.09,-1.09,1.15,1.15,2079.0,2079.0,152.0,208.0,6.5,6.5,0.5,-0.5,6.44,6.44,cube3_cluster0,268,1.8048979803444243,CH,89.73428321085365,11.536857891248982,10.613841731058852,cube3_cluster0;cube4_cluster0,2
2025-09-15,675911,675911,671277,WSH,ATL,4,1,1,1,FF,FF,R,R,X,Luis García Jr. singles on a sharp line drive to left fielder Jurickson Profar. Josh Bell to 2nd.,95.1,95.1,-0.52,-0.52,1.47,1.47,2317.0,2317.0,213.0,213.0,6.8,6.8,-1.76,-1.76,5.94,5.94,cube4_cluster0,983,1.2953072524894111,FF,92.73799323851703,11.87678282989603,11.880818729937886,cube13_cluster0;cube14_cluster0;cube4_cluster0;cube5_cluster0,4
2025-09-15,669920,669920,666969,HOU,TEX,5,0,2,1,CH,CH,R,R,S,,80.4,80.4,-1.43,-1.43,0.0,0.0,1832.0,1832.0,271.0,271.0,6.2,6.2,-1.39,-1.39,5.63,5.63,cube23_cluster1,15,1.5887734396491697,CH,87.14244152758266,13.779793742871872,-2.1495322200021145,cube12_cluster0;cube13_cluster0,2
2025-09-15,641793,641793,571448,STL,CIN,5,1,0,0,FS,FS,R,R,S,,81.5,81.5,-1.14,-1.14,-0.28,-0.28,1054.0,1054.0,242.0,242.0,6.0,6.0,-0.65,-0.65,6.22,6.22,cube13_cluster1,3,2.9449400041689286,FS,84.2318346010472,7.0387863377694,1.0515447129672841,,0
2025-09-15,686218,686218,642215,LAD,PHI,5,1,2,0,SL,SL,R,R,S,,87.1,87.1,0.35,0.35,0.23,0.23,2354.0,2354.0,175.0,175.0,6.5,6.5,-1.25,-1.25,5.28,5.28,cube33_cluster0,169,1.491767063072354,FC,88.23401695598267,-3.1239005241649638,6.236802891040705,cube33_cluster0,1
2025-09-15,624133,624133,681624,LAD,PHI,5,0,0,1,CU,CU,L,L,X,Andy Pages doubles (25) on a sharp line drive to center fielder Harrison Bader.,75.4,75.4,-0.86,0.86,-0.81,-0.81,2173.0,2173.0,304.0,56.0,6.2,6.2,2.05,-2.05,5.71,5.71,cube72_cluster1,4,0.5867446849989391,CU,73.14815617664787,-13.649330552782773,-9.00283815300432,cube66_cluster0;cube72_cluster1;cube73_cluster0,3
2025-09-15,592791,592791,693304,PIT,CHC,5,0,1,0,SI,SI,R,R,S,,92.0,92.0,-1.07,-1.07,1.0,1.0,2245.0,2245.0,205.0,205.0,6.8,6.8,-1.05,-1.05,6.05,6.05,cube4_cluster0,983,1.4248221267415386,FF,92.73799323851703,11.87678282989603,11.880818729937886,cube13_cluster0;cube4_cluster0,2
2025-09-15,671212,671212,676391,TB,TOR,5,0,0,1,SL,SL,R,R,B,,90.8,90.8,0.52,0.52,-0.07,-0.07,2674.0,2674.0,138.0,138.0,6.5,6.5,-0.98,-0.98,5.71,5.71,cube43_cluster0,144,1.4101287905122597,SL,87.05264300971788,-4.004743073818654,3.6350863620861684,cube51_cluster0,1
2025-09-15,607074,607074,670242,MIN,NYY,4,1,0,1,SI,SI,L,L,S,,90.0,90.0,1.15,-1.15,0.62,0.62,2197.0,2197.0,130.0,230.0,6.3,6.3,2.27,-2.27,6.2,6.2,cube13_cluster0,1173,1.0961559337829379,FF,91.32597348809763,10.933560927718538,9.887490835989844,cube13_cluster0,1
2025-09-15,680732,680732,691723,CWS,BAL,4,2,1,2,FF,FF,R,R,S,,97.2,97.2,-0.52,-0.52,1.55,1.55,2640.0,2640.0,201.0,201.0,7.1,7.1,-2.11,-2.11,6.34,6.34,cube5_cluster0,516,2.342007718522726,FF,94.26601183041208,12.58960465467938,11.873748452415477,cube13_cluster0;cube14_cluster0;cube4_cluster0,3
2025-09-15,680573,680573,665862,MIN,NYY,4,1,1,2,SL,SL,R,R,S,Jazz Chisholm Jr. called out on strikes.,85.8,85.8,0.31,0.31,0.64,0.64,2306.0,2306.0,178.0,178.0,6.8,6.8,-1.48,-1.48,6.24,6.24,cube33_cluster0,169,1.2673550601480834,FC,88.23401695598267,-3.1239005241649638,6.236802891040705,cube23_cluster0;cube33_cluster0,2
2025-09-15,683004,683004,673237,HOU,TEX,5,0,1,2,CH,CH,R,R,B,,91.2,91.2,-1.08,-1.08,0.45,0.45,1318.0,1318.0,224.0,224.0,6.5,6.5,-1.0,-1.0,5.72,5.72,cube3_cluster0,268,1.8149397121971207,CH,89.73428321085365,11.536857891248982,10.613841731058852,cube3_cluster0;cube4_cluster0,2
2025-09-15,677952,677952,621020,PIT,CHC,4,0,1,2,CU,CU,R,R,S,,84.8,84.8,0.6,0.6,-1.3,-1.3,2883.0,2883.0,33.0,33.0,6.1,6.1,-0.64,-0.64,6.52,6.52,cube77_cluster0,15,1.4185499371868526,CU,78.06982973839553,-10.373560444574672,-15.067035103894916,cube72_cluster0;cube73_cluster0,2
2025-09-15,671212,671212,676391,TB,TOR,5,0,0,0,SL,SL,R,R,S,,90.4,90.4,0.43,0.43,0.21,0.21,2696.0,2696.0,138.0,138.0,6.3,6.3,-1.12,-1.12,5.82,5.82,cube43_cluster0,144,1.1493862413994071,SL,87.05264300971788,-4.004743073818654,3.6350863620861684,cube43_cluster0;cube51_cluster0,2
2025-09-15,677952,677952,621020,PIT,CHC,4,0,1,2,SI,SI,R,R,S,,98.1,98.1,-1.19,-1.19,0.91,0.91,2559.0,2559.0,209.0,209.0,6.5,6.5,-0.72,-0.72,6.19,6.19,cube4_cluster0,983,2.1081504060373004,FF,92.73799323851703,11.87678282989603,11.880818729937886,cube13_cluster0;cube4_cluster0,2
2025-09-15,680573,680573,665862,MIN,NYY,4,1,0,2,FF,FF,R,R,B,,93.6,93.6,-0.37,-0.37,1.53,1.53,2312.0,2312.0,195.0,195.0,6.5,6.5,-1.25,-1.25,6.48,6.48,cube22_cluster0,44,1.6971389814062205,FC,88.82845332305666,-1.3474977477043035,9.056608779489569,cube12_cluster0;cube13_cluster0;cube3_cluster0;cube4_cluster0,4
2025-09-15,680732,680732,691723,CWS,BAL,4,2,1,1,FF,FF,R,R,S,,95.3,95.3,-0.44,-0.44,1.47,1.47,2636.0,2636.0,198.0,198.0,7.2,7.2,-2.19,-2.19,6.38,6.38,cube5_cluster0,516,2.4464596354592305,FF,94.26601183041208,12.58960465467938,11.873748452415477,cube13_cluster0;cube14_cluster0,2
2025-09-15,668678,668678,656305,AZ,SF,4,1,0,0,FF,FF,R,R,S,,93.7,93.7,-0.34,-0.34,1.19,1.19,2331.0,2331.0,214.0,214.0,6.4,6.4,-3.08,-3.08,5.96,5.96,cube24_cluster0,111,1.6961547077789225,FC,90.39472309229976,-0.35116486760382487,8.906212304019572,cube13_cluster0;cube14_cluster0,2
2025-09-15,686218,686218,642215,LAD,PHI,5,1,1,0,SL,SL,R,R,B,,87.9,87.9,0.13,0.13,0.33,0.33,2299.0,2299.0,202.0,202.0,6.6,6.6,-1.17,-1.17,5.33,5.33,cube33_cluster0,169,1.6240775637113753,FC,88.23401695598267,-3.1239005241649638,6.236802891040705,cube23_cluster0;cube33_cluster0,2
2025-09-15,678906,678906,672515,AZ,SF,4,0,1,2,ST,ST,R,R,B,,85.9,85.9,1.26,1.26,-0.15,-0.15,2721.0,2721.0,58.0,58.0,6.4,6.4,-2.12,-2.12,5.35,5.35,cube67_cluster0,152,0.8397274231859143,ST,83.21108910576972,-12.188986866329156,0.17080679660382098,cube66_cluster0;cube67_cluster0;cube73_cluster0;cube74_cluster0,4
2025-09-15,683004,683004,673237,HOU,TEX,5,0,1,2,FF,FF,R,R,S,,97.1,97.1,-0.95,-0.95,1.55,1.55,2417.0,2417.0,215.0,215.0,6.9,6.9,-1.02,-1.02,5.65,5.65,cube4_cluster0,983,1.909798070778402,FF,92.73799323851703,11.87678282989603,11.880818729937886,cube4_cluster0;cube5_cluster0,2
2025-09-15,641793,641793,663457,STL,CIN,5,0,2,1,SI,SI,R,R,X,"Lars Nootbaar grounds out, second baseman Matt McLain to first baseman Sal Stewart.",90.1,90.1,-1.34,-1.34,0.87,0.87,1932.0,1932.0,215.0,215.0,6.2,6.2,-0.82,-0.82,6.07,6.07,cube3_cluster0,268,1.0239729193167344,CH,89.73428321085365,11.536857891248982,10.613841731058852,cube3_cluster0,1
2025-09-15,680694,680694,643217,CWS,BAL,4,0,1,0,CU,CU,R,R,B,,81.1,81.1,0.71,0.71,-0.48,-0.48,2461.0,2461.0,41.0,41.0,6.3,6.3,-1.15,-1.15,6.57,6.57,cube65_cluster0,52,1.0138928446664572,CU,80.5172691598637,-7.955497641633661,-5.720742174043808,cube65_cluster0,1
2025-09-15,607074,607074,670242,MIN,NYY,4,1,0,0,SL,SL,L,L,S,,88.0,88.0,-0.13,0.13,0.52,0.52,2453.0,2453.0,171.0,189.0,6.0,6.0,2.57,-2.57,6.15,6.15,cube23_cluster0,226,1.4031409132063557,FC,89.98051132303166,-0.8288022207088954,9.04754296913982,cube23_cluster0;cube33_cluster0,2
2025-09-15,669920,669920,666969,HOU,TEX,5,0,1,1,ST,ST,R,R,B,,80.7,80.7,1.25,1.25,0.0,0.0,2578.0,2578.0,64.0,64.0,6.5,6.5,-1.78,-1.78,5.42,5.42,cube66_cluster0,381,1.0775762913258728,ST,82.47698152646831,-10.124080234445362,-2.88332382968971,cube66_cluster0;cube73_cluster0,2
2025-09-15,702056,702056,663743,TB,TOR,4,2,0,0,FF,FF,R,R,S,,93.8,93.8,-0.27,-0.27,1.81,1.81,2406.0,2406.0,194.0,194.0,6.3,6.3,-0.39,-0.39,7.05,7.05,cube42_cluster1,3,2.726258102541724,FC,87.63142706302794,-5.957348927875244,5.6153508771929825,cube12_cluster0;cube3_cluster0,2
2025-09-15,675911,675911,671277,WSH,ATL,4,1,0,1,CH,CH,R,R,B,,86.5,86.5,-1.29,-1.29,0.48,0.48,1984.0,1984.0,236.0,236.0,6.9,6.9,-2.02,-2.02,5.87,5.87,cube13_cluster0,1173,1.3747117489687963,FF,91.32597348809763,10.933560927718538,9.887490835989844,cube13_cluster0,1
2025-09-15,624133,624133,681624,LAD,PHI,5,0,0,0,FF,FF,L,L,S,,91.6,91.6,0.22,-0.22,0.76,0.76,1795.0,1795.0,131.0,229.0,6.1,6.1,2.31,-2.31,5.63,5.63,cube13_cluster0,1173,1.3546967791399245,FF,91.32597348809763,10.933560927718538,9.887490835989844,cube13_cluster0,1
2025-09-15,669461,669461,670770,STL,CIN,5,2,1,0,SL,SL,L,L,B,,85.1,85.1,-0.56,0.56,-0.25,-0.25,2775.0,2775.0,274.0,86.0,6.3,6.3,0.59,-0.59,6.49,6.49,cube50_cluster0,16,1.6618335134178173,SL,84.90007193384722,-3.20169019761113,0.4617852580480657,,0
2025-09-15,680730,680730,673490,WSH,ATL,4,0,1,2,FS,FS,L,L,X,"Ha-Seong Kim grounds into a double play, shortstop CJ Abrams to second baseman Luis García Jr. to first baseman Josh Bell. Ronald Acuña Jr. scores. Ozzie Albies out at 2nd. Ha-Seong Kim out at 1st.",84.4,84.4,0.42,-0.42,0.6,0.6,715.0,715.0,134.0,226.0,7.0,7.0,1.38,-1.38,6.26,6.26,cube13_cluster1,3,1.5131006186683758,FS,84.2318346010472,7.0387863377694,1.0515447129672841,,0
2025-09-15,592791,592791,693304,PIT,CHC,5,0,0,0,FC,FC,R,R,B,,85.4,85.4,0.42,0.42,0.66,0.66,2560.0,2560.0,170.0,170.0,6.7,6.7,-1.23,-1.23,6.19,6.19,cube32_cluster0,41,1.303686830440696,SL,87.45742516293836,-3.2707771382581203,5.520714440411837,cube33_cluster0,1
2025-09-15,624133,624133,571970,LAD,PHI,5,0,2,0,SI,SI,L,L,X,Max Muncy homers (18) on a fly ball to right field.,89.6,89.6,0.99,-0.99,0.56,0.56,1863.0,1863.0,145.0,215.0,6.3,6.3,2.01,-2.01,5.72,5.72,cube13_cluster0,1173,0.7722372688502813,FF,91.32597348809763,10.933560927718538,9.887490835989844,cube13_cluster0;cube4_cluster0,2
2025-09-15,683004,683004,673237,HOU,TEX,5,0,0,2,CU,CU,R,R,B,,82.8,82.8,0.44,0.44,-0.49,-0.49,2489.0,2489.0,43.0,43.0,6.6,6.6,-1.07,-1.07,5.94,5.94,cube65_cluster0,52,1.0110905758573157,CU,80.5172691598637,-7.955497641633661,-5.720742174043808,cube66_cluster0,1
2025-09-15,669461,669461,670770,STL,CIN,5,2,0,0,FF,FF,L,L,B,,94.6,94.6,0.43,-0.43,1.43,1.43,2104.0,2104.0,153.0,207.0,6.6,6.6,0.34,-0.34,6.55,6.55,cube3_cluster0,268,2.3259548562592243,CH,89.73428321085365,11.536857891248982,10.613841731058852,cube12_cluster0;cube3_cluster0,2
2025-09-15,675911,675911,671277,WSH,ATL,4,1,0,0,FF,FF,R,R,S,,95.0,95.0,-0.54,-0.54,1.58,1.58,2302.0,2302.0,211.0,211.0,6.8,6.8,-1.7,-1.7,5.88,5.88,cube4_cluster0,983,1.3728495134753176,FF,92.73799323851703,11.87678282989603,11.880818729937886,cube13_cluster0;cube14_cluster0;cube4_cluster0;cube5_cluster0,4
2025-09-15,668678,668678,646240,AZ,SF,4,0,2,2,FF,FF,R,R,X,Rafael Devers lines out to left fielder Jake McCarthy.,94.1,94.1,-0.3,-0.3,1.17,1.17,2104.0,2104.0,208.0,208.0,6.6,6.6,-2.98,-2.98,5.9,5.9,cube6_cluster3,4,1.5573237084854712,FF,96.83250199133,9.898196859286852,14.591325902230212,cube13_cluster0;cube14_cluster0,2
2025-09-15,686218,686218,642215,LAD,PHI,5,1,0,0,FF,FF,R,R,B,,95.1,95.1,-0.17,-0.17,1.41,1.41,2406.0,2406.0,207.0,207.0,6.6,6.6,-0.86,-0.86,5.53,5.53,cube23_cluster0,226,2.031317727398795,FC,89.98051132303166,-0.8288022207088954,9.04754296913982,cube13_cluster0;cube14_cluster0,2
2025-09-15,680573,680573,665862,MIN,NYY,4,1,0,1,FS,FS,R,R,S,,86.3,86.3,-0.18,-0.18,1.04,1.04,1033.0,1033.0,215.0,215.0,7.0,7.0,-1.41,-1.41,6.28,6.28,cube13_cluster1,3,1.9441768706585918,FS,84.2318346010472,7.0387863377694,1.0515447129672841,cube3_cluster0,1
2025-09-15,678906,678906,672515,AZ,SF,4,0,1,2,CU,CU,R,R,S,,85.0,85.0,0.96,0.96,-0.46,-0.46,2827.0,2827.0,61.0,61.0,6.4,6.4,-2.27,-2.27,5.26,5.26,cube74_cluster0,95,0.7989636743256543,ST,81.58280060620267,-13.628576142052651,-5.303629922931518,cube67_cluster0;cube74_cluster0,2
2025-09-15,680694,680694,643217,CWS,BAL,4,0,0,0,FF,FF,R,R,B,,91.5,91.5,-0.06,-0.06,1.25,1.25,2206.0,2206.0,198.0,198.0,6.5,6.5,-1.22,-1.22,6.46,6.46,cube22_cluster0,44,1.266063012165939,FC,88.82845332305666,-1.3474977477043035,9.056608779489569,cube12_cluster0;cube13_cluster0,2
2025-09-15,607074,607074,668904,MIN,NYY,4,0,0,0,FF,FF,L,L,X,Royce Lewis flies out to right fielder Aaron Judge.,93.7,93.7,0.75,-0.75,1.59,1.59,2418.0,2418.0,149.0,211.0,6.1,6.1,2.07,-2.07,6.42,6.42,cube4_cluster0,983,1.7745962102475832,FF,92.73799323851703,11.87678282989603,11.880818729937886,cube12_cluster0;cube13_cluster0;cube3_cluster0;cube4_cluster0,4
2025-09-15,669920,669920,666969,HOU,TEX,5,0,0,1,SI,SI,R,R,B,,91.0,91.0,-1.43,-1.43,0.18,0.18,1994.0,1994.0,253.0,253.0,6.5,6.5,-1.46,-1.46,5.48,5.48,cube23_cluster1,15,1.511349531152558,CH,87.14244152758266,13.779793742871872,-2.1495322200021145,cube13_cluster0,1
2025-09-15,641793,641793,663457,STL,CIN,5,0,1,1,FS,FS,R,R,B,,82.0,82.0,-0.85,-0.85,0.03,0.03,1398.0,1398.0,236.0,236.0,6.0,6.0,-0.7,-0.7,6.17,6.17,cube12_cluster0,316,2.1305025565966003,CH,89.01009096911115,10.260232782391817,9.292479855944606,cube12_cluster0,1
2025-09-15,677952,677952,621020,PIT,CHC,4,0,0,2,CU,CU,R,R,B,,84.6,84.6,0.66,0.66,-0.81,-0.81,2702.0,2702.0,35.0,35.0,6.1,6.1,-0.63,-0.63,6.51,6.51,cube72_cluster0,77,1.5877675810358316,CU,78.89146033796635,-9.531561177600954,-10.534460563196083,cube65_cluster0;cube72_cluster0,2
2025-09-15,680732,680732,691723,CWS,BAL,4,2,0,1,FF,FF,R,R,B,,94.7,94.7,-0.31,-0.31,1.67,1.67,2583.0,2583.0,195.0,195.0,7.1,7.1,-2.03,-2.03,6.42,6.42,cube23_cluster0,226,2.4179260428352256,FC,89.98051132303166,-0.8288022207088954,9.04754296913982,cube13_cluster0;cube14_cluster0,2
2025-09-15,680730,680730,673490,WSH,ATL,4,0,1,2,FF,FF,L,L,S,,92.5,92.5,0.43,-0.43,1.51,1.51,2186.0,2186.0,173.0,187.0,6.8,6.8,0.74,-0.74,6.51,6.51,cube22_cluster0,44,2.176673564917905,FC,88.82845332305666,-1.3474977477043035,9.056608779489569,cube12_cluster0;cube13_cluster0;cube3_cluster0;cube4_cluster0,4
2025-09-15,702056,702056,663968,TB,TOR,4,1,0,2,FS,FS,R,R,S,Jake Mangum strikes out swinging.,83.7,83.7,-1.17,-1.17,0.3,0.3,1648.0,1648.0,225.0,225.0,6.1,6.1,-0.89,-0.89,7.13,7.13,cube3_cluster0,268,2.457105219544148,CH,89.73428321085365,11.536857891248982,10.613841731058852,,0
2025-09-15,592791,592791,457705,PIT,CHC,4,2,0,2,FF,FF,R,R,X,"Andrew McCutchen grounds out sharply, shortstop Dansby Swanson to first baseman Michael Busch.",92.0,92.0,-0.46,-0.46,1.52,1.52,2336.0,2336.0,201.0,201.0,6.8,6.8,-0.83,-0.83,6.15,6.15,cube22_cluster0,44,1.9925766560710785,FC,88.82845332305666,-1.3474977477043035,9.056608779489569,cube13_cluster0;cube4_cluster0,2
2025-09-15,671212,671212,662139,TB,TOR,4,2,1,2,FS,FS,R,R,X,"Daulton Varsho grounds out, second baseman Brandon Lowe to first baseman Yandy Díaz.",94.1,94.1,-1.27,-1.27,0.25,0.25,2070.0,2070.0,233.0,233.0,6.6,6.6,-1.09,-1.09,5.76,5.76,cube13_cluster0,1173,1.5814302425399926,FF,91.32597348809763,10.933560927718538,9.887490835989844,cube13_cluster0;cube4_cluster0,2
2025-09-15,669920,669920,666969,HOU,TEX,5,0,0,0,ST,ST,R,R,S,,78.6,78.6,1.15,1.15,-0.02,-0.02,2634.0,2634.0,67.0,67.0,6.3,6.3,-1.8,-1.8,5.6,5.6,cube66_cluster0,381,0.8981389792927029,ST,82.47698152646831,-10.124080234445362,-2.88332382968971,cube66_cluster0;cube73_cluster0,2
2025-09-15,669461,669461,680574,STL,CIN,5,1,0,1,CH,CH,L,L,X,Matt McLain flies out to right fielder Lars Nootbaar.,87.5,87.5,0.94,-0.94,1.02,1.02,1593.0,1593.0,132.0,228.0,6.3,6.3,0.85,-0.85,6.38,6.38,cube3_cluster0,268,1.2081913831552997,CH,89.73428321085365,11.536857891248982,10.613841731058852,cube3_cluster0,1
2025-09-15,641793,641793,663457,STL,CIN,5,0,0,1,SI,SI,R,R,B,,90.2,90.2,-1.19,-1.19,0.93,0.93,1994.0,1994.0,218.0,218.0,6.3,6.3,-0.88,-0.88,6.05,6.05,cube3_cluster0,268,0.9331938721019178,CH,89.73428321085365,11.536857891248982,10.613841731058852,cube3_cluster0;cube4_cluster0,2
2025-09-15,624133,624133,571970,LAD,PHI,5,0,1,0,CU,CU,L,L,B,,74.8,74.8,-0.75,0.75,-0.65,-0.65,2077.0,2077.0,307.0,53.0,6.1,6.1,1.99,-1.99,5.71,5.71,cube72_cluster1,4,0.8046416776284938,CU,73.14815617664787,-13.649330552782773,-9.00283815300432,cube66_cluster0;cube72_cluster1;cube73_cluster0,3
2025-09-15,668678,668678,646240,AZ,SF,4,0,2,2,KC,KC,R,R,S,,79.9,79.9,0.63,0.63,-1.23,-1.23,2454.0,2454.0,38.0,38.0,6.4,6.4,-3.28,-3.28,5.81,5.81,cube67_cluster3,1,1.7839455794520414,SL,78.67358490566038,-15.561509433962266,-4.000754716981133,cube73_cluster0;cube74_cluster0,2
2025-09-15,680694,680694,678554,CWS,BAL,3,2,1,2,SL,SL,R,R,S,Curtis Mead strikes out swinging.,88.8,88.8,0.78,0.78,0.03,0.03,2528.0,2528.0,59.0,59.0,6.6,6.6,-1.18,-1.18,6.28,6.28,cube57_cluster0,32,1.2873170569055972,SL,83.65118122149555,-5.010806328553835,-0.8552029953918647,cube58_cluster0;cube66_cluster0,2
2025-09-15,678906,678906,672515,AZ,SF,4,0,1,1,FF,FF,R,R,S,,92.8,92.8,-0.94,-0.94,0.88,0.88,2538.0,2538.0,236.0,236.0,6.4,6.4,-2.35,-2.35,5.29,5.29,cube14_cluster0,644,0.9786612691142855,FF,92.67733037261901,12.017251018938115,9.608444861229,cube14_cluster0,1
2025-09-15,677952,677952,621020,PIT,CHC,4,0,0,1,SI,SI,R,R,S,,97.3,97.3,-1.43,-1.43,0.61,0.61,2409.0,2409.0,222.0,222.0,6.3,6.3,-0.89,-0.89,6.15,6.15,cube4_cluster0,983,1.8355852406927742,FF,92.73799323851703,11.87678282989603,11.880818729937886,cube13_cluster0;cube4_cluster0,2
2025-09-15,607074,607074,807712,MIN,NYY,3,2,1,2,FF,FF,L,L,X,Luke Keaschall lines out to center fielder Trent Grisham.,95.1,95.1,1.04,-1.04,1.4,1.4,2426.0,2426.0,140.0,220.0,6.2,6.2,2.04,-2.04,6.39,6.39,cube4_cluster0,983,1.5324701125726417,FF,92.73799323851703,11.87678282989603,11.880818729937886,cube4_cluster0,1
2025-09-15,683004,683004,673237,HOU,TEX,5,0,0,2,FF,FF,R,R,S,,98.2,98.2,-0.84,-0.84,1.36,1.36,2412.0,2412.0,216.0,216.0,6.8,6.8,-0.92,-0.92,5.71,5.71,cube4_cluster0,983,1.8368194241780489,FF,92.73799323851703,11.87678282989603,11.880818729937886,cube4_cluster0;cube5_cluster0,2
2025-09-15,680573,680573,665862,MIN,NYY,4,1,0,0,FF,FF,R,R,S,,92.3,92.3,-0.33,-0.33,1.46,1.46,2186.0,2186.0,199.0,199.0,6.7,6.7,-1.31,-1.31,6.51,6.51,cube22_cluster0,44,1.7889380736601808,FC,88.82845332305666,-1.3474977477043035,9.056608779489569,cube12_cluster0;cube13_cluster0;cube3_cluster0;cube4_cluster0,4
2025-09-15,592791,592791,457705,PIT,CHC,4,2,0,1,CU,CU,R,R,S,,80.6,80.6,0.9,0.9,-0.64,-0.64,2698.0,2698.0,38.0,38.0,6.8,6.8,-0.96,-0.96,6.3,6.3,cube65_cluster0,52,1.5452406087892645,CU,80.5172691598637,-7.955497641633661,-5.720742174043808,cube73_cluster0,1
2025-09-15,675911,675911,695734,WSH,ATL,4,0,2,1,FF,FF,R,R,X,Daylen Lile flies out to left fielder Jurickson Profar.,94.5,94.5,-0.77,-0.77,1.29,1.29,2313.0,2313.0,216.0,216.0,6.8,6.8,-1.7,-1.7,5.89,5.89,cube4_cluster0,983,1.034421640924179,FF,92.73799323851703,11.87678282989603,11.880818729937886,cube13_cluster0;cube14_cluster0;cube4_cluster0;cube5_cluster0,4
2025-09-15,671212,671212,662139,TB,TOR,4,2,1,1,SL,SL,R,R,S,,91.8,91.8,0.04,0.04,0.21,0.21,2669.0,2669.0,139.0,139.0,6.4,6.4,-1.06,-1.06,5.79,5.79,cube43_cluster0,144,1.2611441939377155,SL,87.05264300971788,-4.004743073818654,3.6350863620861684,cube43_cluster0,1
2025-09-15,702056,702056,663968,TB,TOR,4,1,0,1,FS,FS,R,R,S,,83.5,83.5,-0.98,-0.98,0.82,0.82,1513.0,1513.0,211.0,211.0,6.1,6.1,-0.42,-0.42,7.2,7.2,cube3_cluster0,268,2.7901576037338174,CH,89.73428321085365,11.536857891248982,10.613841731058852,,0
2025-09-15,680730,680730,673490,WSH,ATL,4,0,0,2,FF,FF,L,L,B,,91.7,91.7,0.3,-0.3,1.51,1.51,2156.0,2156.0,167.0,193.0,6.6,6.6,0.69,-0.69,6.57,6.57,cube22_cluster0,44,1.996331582129787,FC,88.82845332305666,-1.3474977477043035,9.056608779489569,cube12_cluster0;cube3_cluster0,2
2025-09-15,686218,686218,681082,LAD,PHI,5,0,0,2,FF,FF,R,R,X,Bryson Stott lines out softly to shortstop Mookie Betts.,94.6,94.6,-0.33,-0.33,1.49,1.49,2472.0,2472.0,210.0,210.0,6.6,6.6,-1.04,-1.04,5.43,5.43,cube4_cluster0,983,2.0021165264140737,FF,92.73799323851703,11.87678282989603,11.880818729937886,cube13_cluster0;cube14_cluster0,2
2025-09-15,680732,680732,691723,CWS,BAL,4,2,0,0,KC,KC,R,R,S,,82.4,82.4,0.37,0.37,-1.09,-1.09,2556.0,2556.0,23.0,23.0,6.9,6.9,-2.18,-2.18,6.36,6.36,cube65_cluster2,4,1.3275144549388396,CU,77.46691308243727,-3.8291129032258064,-11.446518817204302,cube66_cluster0;cube73_cluster0,2
2025-09-15,680730,680730,673490,WSH,ATL,4,0,0,1,FF,FF,L,L,S,,91.6,91.6,0.69,-0.69,1.45,1.45,2141.0,2141.0,175.0,185.0,6.8,6.8,0.81,-0.81,6.48,6.48,cube3_cluster0,268,2.1502963857187702,CH,89.73428321085365,11.536857891248982,10.613841731058852,cube12_cluster0;cube13_cluster0;cube3_cluster0;cube4_cluster0,4
2025-09-15,624133,624133,571970,LAD,PHI,5,0,0,0,SI,SI,L,L,B,,89.9,89.9,1.35,-1.35,0.38,0.38,1861.0,1861.0,136.0,224.0,6.1,6.1,2.26,-2.26,5.71,5.71,cube13_cluster0,1173,1.2333225683422946,FF,91.32597348809763,10.933560927718538,9.887490835989844,cube13_cluster0;cube4_cluster0,2
2025-09-15,592791,592791,457705,PIT,CHC,4,2,0,0,FF,FF,R,R,S,,92.5,92.5,-0.54,-0.54,1.55,1.55,2335.0,2335.0,202.0,202.0,6.6,6.6,-1.13,-1.13,6.12,6.12,cube4_cluster0,983,1.6573119450138893,FF,92.73799323851703,11.87678282989603,11.880818729937886,cube13_cluster0;cube4_cluster0,2
2025-09-15,671212,671212,662139,TB,TOR,4,2,0,1,FS,FS,R,R,B,,93.5,93.5,-1.17,-1.17,0.01,0.01,2067.0,2067.0,236.0,236.0,6.4,6.4,-1.07,-1.07,5.83,5.83,cube12_cluster0,316,1.639673172770152,CH,89.01009096911115,10.260232782391817,9.292479855944606,cube13_cluster0,1
2025-09-15,702056,702056,663968,TB,TOR,4,1,0,0,FF,FF,R,R,S,,93.2,93.2,-0.31,-0.31,1.7,1.7,2300.0,2300.0,193.0,193.0,6.2,6.2,-0.54,-0.54,7.04,7.04,cube42_cluster1,3,2.594250900184293,FC,87.63142706302794,-5.957348927875244,5.6153508771929825,cube12_cluster0;cube3_cluster0,2
2025-09-15,607074,607074,807712,MIN,NYY,3,2,1,1,SL,SL,L,L,S,,85.8,85.8,-0.09,0.09,0.55,0.55,2580.0,2580.0,143.0,217.0,6.0,6.0,2.62,-2.62,5.99,5.99,cube23_cluster0,226,1.5414938179450364,FC,89.98051132303166,-0.8288022207088954,9.04754296913982,cube23_cluster0,1
2025-09-15,641793,641793,663457,STL,CIN,5,0,0,0,SL,SL,R,R,S,,85.9,85.9,-0.06,-0.06,0.53,0.53,2156.0,2156.0,201.0,201.0,6.0,6.0,-0.96,-0.96,6.22,6.22,cube22_cluster0,44,0.8430125434772464,FC,88.82845332305666,-1.3474977477043035,9.056608779489569,cube22_cluster0,1
2025-09-15,669920,669920,669394,HOU,TEX,4,2,0,2,CH,CH,R,R,S,Jake Burger strikes out swinging.,79.1,79.1,-1.45,-1.45,-0.09,-0.09,1770.0,1770.0,270.0,270.0,6.3,6.3,-1.35,-1.35,5.63,5.63,cube23_cluster1,15,1.706099413644673,CH,87.14244152758266,13.779793742871872,-2.1495322200021145,,0
2025-09-15,677952,677952,621020,PIT,CHC,4,0,0,0,SI,SI,R,R,S,,97.4,97.4,-1.35,-1.35,0.85,0.85,2377.0,2377.0,216.0,216.0,6.3,6.3,-1.03,-1.03,6.15,6.15,cube4_cluster0,983,1.5765598115011492,FF,92.73799323851703,11.87678282989603,11.880818729937886,cube4_cluster0,1
2025-09-15,686218,686218,681082,LAD,PHI,5,0,0,1,FF,FF,R,R,S,,93.8,93.8,-0.71,-0.71,1.59,1.59,2362.0,2362.0,203.0,203.0,6.7,6.7,-1.03,-1.03,5.55,5.55,cube4_cluster0,983,1.818725879011933,FF,92.73799323851703,11.87678282989603,11.880818729937886,cube13_cluster0;cube14_cluster0;cube4_cluster0;cube5_cluster0,4
2025-09-15,675911,675911,695734,WSH,ATL,4,0,1,1,CU,CU,R,R,B,,76.6,76.6,1.11,1.11,-0.81,-0.81,2732.0,2732.0,59.0,59.0,6.8,6.8,-1.82,-1.82,5.88,5.88,cube73_cluster0,327,1.1276896087332904,CU,80.47699441108988,-11.55224395022119,-8.074074661318553,cube73_cluster0,1
2025-09-15,680694,680694,678554,CWS,BAL,3,2,0,2,SL,SL,R,R,B,,87.3,87.3,0.48,0.48,0.2,0.2,2515.0,2515.0,49.0,49.0,6.8,6.8,-1.06,-1.06,6.39,6.39,cube57_cluster0,32,1.6434733326751534,SL,83.65118122149555,-5.010806328553835,-0.8552029953918647,,0
2025-09-15,678906,678906,672515,AZ,SF,4,0,0,1,SI,SI,R,R,B,,92.3,92.3,-1.14,-1.14,0.26,0.26,2384.0,2384.0,237.0,237.0,6.4,6.4,-2.24,-2.24,5.3,5.3,cube14_cluster0,644,1.072971049017191,FF,92.67733037261901,12.017251018938115,9.608444861229,cube14_cluster0,1
2025-09-15,680732,680732,687637,CWS,BAL,4,1,2,2,KC,KC,R,R,S,Dylan Beavers called out on strikes.,81.3,81.3,0.57,0.57,-1.1,-1.1,2452.0,2452.0,25.0,25.0,7.1,7.1,-2.33,-2.33,6.25,6.25,cube67_cluster2,6,1.4900594511949685,CU,83.11739876493539,-8.352412707608828,-11.699528597119054,cube66_cluster0;cube73_cluster0;cube74_cluster0,3
2025-09-15,683004,683004,673237,HOU,TEX,5,0,0,2,SL,SL,R,R,S,,88.5,88.5,0.36,0.36,0.29,0.29,2427.0,2427.0,146.0,146.0,6.7,6.7,-0.97,-0.97,5.79,5.79,cube43_cluster0,144,1.14506592592588,SL,87.05264300971788,-4.004743073818654,3.6350863620861684,cube43_cluster0,1
2025-09-15,680573,680573,519317,MIN,NYY,4,0,1,2,SL,SL,R,R,S,Giancarlo Stanton strikes out swinging.,86.0,86.0,0.37,0.37,0.58,0.58,2284.0,2284.0,165.0,165.0,6.9,6.9,-1.5,-1.5,6.22,6.22,cube43_cluster0,144,1.3703985231308102,SL,87.05264300971788,-4.004743073818654,3.6350863620861684,cube33_cluster0,1
2025-09-15,668678,668678,646240,AZ,SF,4,0,1,2,FF,FF,R,R,B,,94.2,94.2,-0.5,-0.5,1.47,1.47,2322.0,2322.0,215.0,215.0,6.5,6.5,-3.13,-3.13,5.83,5.83,cube6_cluster3,4,1.5281540786996675,FF,96.83250199133,9.898196859286852,14.591325902230212,cube14_cluster0;cube5_cluster0,2
2025-09-15,669461,669461,680574,STL,CIN,5,1,0,0,FF,FF,L,L,S,,93.8,93.8,0.53,-0.53,1.23,1.23,2136.0,2136.0,150.0,210.0,6.4,6.4,0.47,-0.47,6.54,6.54,cube3_cluster0,268,1.979641454507855,CH,89.73428321085365,11.536857891248982,10.613841731058852,cube12_cluster0;cube3_cluster0,2
2025-09-15,678906,678906,672515,AZ,SF,4,0,0,0,ST,ST,R,R,S,,83.6,83.6,0.97,0.97,0.03,0.03,2752.0,2752.0,60.0,60.0,6.5,6.5,-2.34,-2.34,5.42,5.42,cube67_cluster0,152,0.44551450627144645,ST,83.21108910576972,-12.188986866329156,0.17080679660382098,cube66_cluster0;cube67_cluster0,2
2025-09-15,669461,669461,663647,STL,CIN,5,0,0,0,FF,FF,L,L,X,Ke'Bryan Hayes flies out to right fielder Lars Nootbaar.,92.7,92.7,0.64,-0.64,1.4,1.4,2132.0,2132.0,151.0,209.0,6.5,6.5,0.61,-0.61,6.55,6.55,cube3_cluster0,268,1.9259921685663945,CH,89.73428321085365,11.536857891248982,10.613841731058852,cube12_cluster0;cube3_cluster0,2
2025-09-15,680730,680730,673490,WSH,ATL,4,0,0,0,FF,FF,L,L,S,,92.4,92.4,0.66,-0.66,1.46,1.46,2203.0,2203.0,169.0,191.0,6.8,6.8,1.16,-1.16,6.48,6.48,cube4_cluster0,983,2.005741903833661,FF,92.73799323851703,11.87678282989603,11.880818729937886,cube12_cluster0;cube13_cluster0;cube3_cluster0;cube4_cluster0,4
2025-09-15,669920,669920,669394,HOU,TEX,4,2,0,1,ST,ST,R,R,S,,77.9,77.9,1.28,1.28,0.13,0.13,2608.0,2608.0,68.0,68.0,6.2,6.2,-1.87,-1.87,5.45,5.45,cube65_cluster1,5,1.146896503796758,ST,79.83113104371454,-13.87824519299928,1.6911752817070245,cube66_cluster0;cube73_cluster0,2
2025-09-15,668678,668678,646240,AZ,SF,4,0,1,2,FF,FF,R,R,S,,94.0,94.0,-0.16,-0.16,1.52,1.52,2304.0,2304.0,210.0,210.0,6.4,6.4,-3.24,-3.24,5.93,5.93,cube6_cluster3,4,1.941639267689094,FF,96.83250199133,9.898196859286852,14.591325902230212,cube13_cluster0;cube14_cluster0,2
2025-09-15,683004,683004,673237,HOU,TEX,5,0,0,1,FF,FF,R,R,S,,97.6,97.6,-1.0,-1.0,1.3,1.3,2545.0,2545.0,219.0,219.0,6.7,6.7,-1.17,-1.17,5.68,5.68,cube4_cluster0,983,1.6753709875176863,FF,92.73799323851703,11.87678282989603,11.880818729937886,cube4_cluster0;cube5_cluster0,2
2025-09-15,677952,677952,691718,PIT,CHC,4,0,1,1,CH,CH,R,R,X,Pete Crow-Armstrong doubles (36) on a sharp line drive to center fielder Jack Suwinski.,91.0,91.0,-1.23,-1.23,0.59,0.59,2057.0,2057.0,223.0,223.0,6.2,6.2,-0.97,-0.97,6.15,6.15,cube3_cluster0,268,0.9970754430870418,CH,89.73428321085365,11.536857891248982,10.613841731058852,cube12_cluster0;cube13_cluster0;cube3_cluster0;cube4_cluster0,4
2025-09-15,671212,671212,662139,TB,TOR,4,2,0,0,FF,FF,R,R,S,,98.3,98.3,-0.42,-0.42,1.22,1.22,2727.0,2727.0,215.0,215.0,6.5,6.5,-1.11,-1.11,5.82,5.82,cube23_cluster0,226,2.027250212341178,FC,89.98051132303166,-0.8288022207088954,9.04754296913982,cube13_cluster0;cube14_cluster0,2
2025-09-15,607074,607074,807712,MIN,NYY,3,2,1,0,FF,FF,L,L,S,,94.7,94.7,0.77,-0.77,1.5,1.5,2324.0,2324.0,141.0,219.0,6.3,6.3,2.17,-2.17,6.28,6.28,cube4_cluster0,983,1.3823705492235987,FF,92.73799323851703,11.87678282989603,11.880818729937886,cube4_cluster0,1
2025-09-15,641793,641793,575929,STL,CIN,4,2,2,2,FF,FF,R,R,X,Willson Contreras flies out to right fielder Noelvi Marte.,91.1,91.1,-0.59,-0.59,1.43,1.43,1965.0,1965.0,217.0,217.0,6.3,6.3,-0.79,-0.79,6.02,6.02,cube3_cluster0,268,1.3539113279175703,CH,89.73428321085365,11.536857891248982,10.613841731058852,cube3_cluster0;cube4_cluster0,2
2025-09-15,592791,592791,502054,PIT,CHC,4,1,0,2,ST,ST,R,R,X,Tommy Pham flies out to center fielder Pete Crow-Armstrong.,80.3,80.3,1.49,1.49,0.05,0.05,2724.0,2724.0,54.0,54.0,6.8,6.8,-1.17,-1.17,6.17,6.17,cube65_cluster0,52,1.875451994373433,CU,80.5172691598637,-7.955497641633661,-5.720742174043808,cube66_cluster0;cube73_cluster0,2
2025-09-15,624133,624133,500743,LAD,PHI,4,1,1,1,FF,FF,L,L,X,"Miguel Rojas grounds into a double play, shortstop Bryson Stott to second baseman Weston Wilson to first baseman Bryce Harper. Alex Call out at 2nd. Miguel Rojas out at 1st.",91.9,91.9,0.56,-0.56,0.63,0.63,1857.0,1857.0,129.0,231.0,6.2,6.2,2.27,-2.27,5.59,5.59,cube13_cluster0,1173,1.0501230700295994,FF,91.32597348809763,10.933560927718538,9.887490835989844,cube13_cluster0,1
2025-09-15,675911,675911,695734,WSH,ATL,4,0,1,0,SL,SL,R,R,S,,81.7,81.7,0.25,0.25,0.22,0.22,2299.0,2299.0,89.0,89.0,6.8,6.8,-1.85,-1.85,5.86,5.86,cube58_cluster0,194,1.1219190519456927,SL,84.5104961347656,-6.359862250696315,0.3949475543105161,cube51_cluster0;cube58_cluster0,2
2025-09-15,702056,702056,666139,TB,TOR,4,0,0,2,SL,SL,R,R,S,Josh Lowe strikes out swinging.,87.3,87.3,-0.06,-0.06,0.37,0.37,2262.0,2262.0,204.0,204.0,6.0,6.0,-0.65,-0.65,7.15,7.15,cube42_cluster1,3,1.960465519540936,FC,87.63142706302794,-5.957348927875244,5.6153508771929825,,0
2025-09-15,680573,680573,519317,MIN,NYY,4,0,0,2,SL,SL,R,R,B,,85.2,85.2,0.34,0.34,0.66,0.66,2234.0,2234.0,175.0,175.0,6.9,6.9,-1.29,-1.29,6.26,6.26,cube32_cluster0,41,1.5269415898668008,SL,87.45742516293836,-3.2707771382581203,5.520714440411837,cube32_cluster0;cube33_cluster0,2
2025-09-15,680694,680694,678554,CWS,BAL,3,2,0,2,CU,CU,R,R,S,,83.7,83.7,0.45,0.45,-1.04,-1.04,2680.0,2680.0,33.0,33.0,6.4,6.4,-0.87,-0.87,6.52,6.52,cube72_cluster0,77,1.5286486412673592,CU,78.89146033796635,-9.531561177600954,-10.534460563196083,cube65_cluster0;cube66_cluster0;cube72_cluster0;cube73_cluster0,4
2025-09-15,680732,680732,687637,CWS,BAL,4,1,1,2,CH,CH,R,R,B,,88.3,88.3,-1.4,-1.4,0.43,0.43,1825.0,1825.0,227.0,227.0,7.2,7.2,-2.39,-2.39,6.01,6.01,cube14_cluster0,644,1.9963087195033289,FF,92.67733037261901,12.017251018938115,9.608444861229,cube13_cluster0;cube14_cluster0;cube4_cluster0;cube5_cluster0,4
2025-09-15,686218,686218,681082,LAD,PHI,5,0,0,0,FF,FF,R,R,S,,94.0,94.0,-0.81,-0.81,1.52,1.52,2443.0,2443.0,209.0,209.0,6.6,6.6,-1.09,-1.09,5.41,5.41,cube4_cluster0,983,1.8215902497948873,FF,92.73799323851703,11.87678282989603,11.880818729937886,cube13_cluster0;cube14_cluster0;cube4_cluster0;cube5_cluster0,4
2025-09-15,702056,702056,666139,TB,TOR,4,0,0,1,FF,FF,R,R,S,,94.1,94.1,-0.37,-0.37,1.69,1.69,2330.0,2330.0,197.0,197.0,6.2,6.2,-0.45,-0.45,7.11,7.11,cube42_cluster1,3,2.729219346907372,FC,87.63142706302794,-5.957348927875244,5.6153508771929825,cube12_cluster0;cube3_cluster0,2
2025-09-15,680730,680730,645277,WSH,ATL,4,0,0,0,CU,CU,L,L,X,Ozzie Albies singles on a fly ball to right fielder Dylan Crews. Matt Olson scores. Ronald Acuña Jr. to 3rd.,79.0,79.0,-0.23,0.23,-0.55,-0.55,2385.0,2385.0,332.0,28.0,6.8,6.8,1.17,-1.17,6.36,6.36,cube65_cluster2,4,1.3986405413560061,CU,77.46691308243727,-3.8291129032258064,-11.446518817204302,cube65_cluster0;cube66_cluster0,2
2025-09-15,677952,677952,691718,PIT,CHC,4,0,0,1,CU,CU,R,R,B,,84.1,84.1,0.25,0.25,-0.96,-0.96,2569.0,2569.0,37.0,37.0,6.0,6.0,-0.83,-0.83,6.55,6.55,cube72_cluster0,77,1.5164778760256539,CU,78.89146033796635,-9.531561177600954,-10.534460563196083,cube65_cluster0,1
2025-09-15,641793,641793,575929,STL,CIN,4,2,2,1,SI,SI,R,R,S,,91.1,91.1,-1.24,-1.24,1.09,1.09,2021.0,2021.0,216.0,216.0,6.3,6.3,-0.68,-0.68,5.97,5.97,cube3_cluster0,268,1.28814749840266,CH,89.73428321085365,11.536857891248982,10.613841731058852,cube3_cluster0;cube4_cluster0,2
2025-09-15,680694,680694,678554,CWS,BAL,3,2,0,1,SL,SL,R,R,S,,87.0,87.0,0.71,0.71,0.4,0.4,2545.0,2545.0,71.0,71.0,6.5,6.5,-1.36,-1.36,6.2,6.2,cube57_cluster0,32,1.14799516900076,SL,83.65118122149555,-5.010806328553835,-0.8552029953918647,cube58_cluster0,1
2025-09-15,686218,686218,596146,LAD,PHI,4,2,1,2,FF,FF,R,R,S,Max Kepler strikes out swinging.,95.4,95.4,-0.82,-0.82,1.56,1.56,2400.0,2400.0,213.0,213.0,6.6,6.6,-1.24,-1.24,5.35,5.35,cube5_cluster0,516,1.7354678079269978,FF,94.26601183041208,12.58960465467938,11.873748452415477,cube4_cluster0;cube5_cluster0,2
2025-09-15,683004,683004,673237,HOU,TEX,5,0,0,0,FF,FF,R,R,S,,94.4,94.4,-1.03,-1.03,1.21,1.21,2386.0,2386.0,213.0,213.0,6.7,6.7,-1.24,-1.24,5.64,5.64,cube4_cluster0,983,1.3114134393700347,FF,92.73799323851703,11.87678282989603,11.880818729937886,cube13_cluster0;cube14_cluster0;cube4_cluster0;cube5_cluster0,4
2025-09-15,678906,678906,682998,AZ,SF,3,2,2,2,ST,ST,R,R,S,Corbin Carroll called out on strikes.,85.0,85.0,1.47,1.47,0.14,0.14,2824.0,2824.0,57.0,57.0,6.3,6.3,-2.39,-2.39,5.26,5.26,cube67_cluster0,152,0.9581583870129543,ST,83.21108910576972,-12.188986866329156,0.17080679660382098,cube67_cluster0;cube74_cluster0,2
2025-09-15,680573,680573,519317,MIN,NYY,4,0,0,1,FS,FS,R,R,S,,83.8,83.8,-0.76,-0.76,0.85,0.85,915.0,915.0,216.0,216.0,6.6,6.6,-1.09,-1.09,6.49,6.49,cube13_cluster1,3,2.267376818850364,FS,84.2318346010472,7.0387863377694,1.0515447129672841,cube3_cluster0,1
2025-09-15,592791,592791,502054,PIT,CHC,4,1,0,1,SI,SI,R,R,S,,92.4,92.4,-1.05,-1.05,1.06,1.06,2201.0,2201.0,199.0,199.0,6.7,6.7,-0.94,-0.94,6.09,6.09,cube4_cluster0,983,1.5224836600383562,FF,92.73799323851703,11.87678282989603,11.880818729937886,cube13_cluster0;cube4_cluster0,2
2025-09-15,671212,671212,676914,TB,TOR,4,1,3,2,SL,SL,R,R,S,Davis Schneider strikes out swinging.,88.8,88.8,0.43,0.43,-0.2,-0.2,2584.0,2584.0,95.0,95.0,6.5,6.5,-1.03,-1.03,5.78,5.78,cube51_cluster0,138,1.2489360066002124,SL,86.5599691183964,-4.203859573250014,1.5652746114364327,cube58_cluster0,1
2025-09-15,675911,675911,695734,WSH,ATL,4,0,0,0,SL,SL,R,R,B,,81.5,81.5,0.59,0.59,0.09,0.09,2253.0,2253.0,122.0,122.0,6.8,6.8,-1.7,-1.7,5.86,5.86,cube51_cluster0,138,1.0921728086516957,SL,86.5599691183964,-4.203859573250014,1.5652746114364327,cube51_cluster0,1
2025-09-15,624133,624133,500743,LAD,PHI,4,1,1,0,CH,CH,L,L,S,,79.3,79.3,0.73,-0.73,0.26,0.26,1111.0,1111.0,119.0,241.0,6.0,6.0,2.15,-2.15,5.61,5.61,cube23_cluster1,15,2.1657230742122775,CH,87.14244152758266,13.779793742871872,-2.1495322200021145,cube12_cluster0,1
2025-09-15,668678,668678,646240,AZ,SF,4,0,1,2,CH,CH,R,R,S,,83.6,83.6,-0.92,-0.92,0.44,0.44,1506.0,1506.0,227.0,227.0,6.4,6.4,-3.44,-3.44,5.74,5.74,cube5_cluster1,6,2.3514694989689326,FF,89.65810794305177,14.773047413912295,10.026197271838102,cube13_cluster0,1
2025-09-15,607074,607074,807712,MIN,NYY,3,2,0,0,FF,FF,L,L,B,,93.6,93.6,0.7,-0.7,1.54,1.54,2323.0,2323.0,143.0,217.0,6.3,6.3,2.23,-2.23,6.33,6.33,cube4_cluster0,983,1.507741047431832,FF,92.73799323851703,11.87678282989603,11.880818729937886,cube4_cluster0,1
2025-09-15,680732,680732,687637,CWS,BAL,4,1,0,2,KC,KC,R,R,B,,83.9,83.9,0.22,0.22,-1.24,-1.24,2637.0,2637.0,29.0,29.0,7.2,7.2,-2.25,-2.25,6.21,6.21,cube67_cluster2,6,1.6179873288928333,CU,83.11739876493539,-8.352412707608828,-11.699528597119054,cube73_cluster0;cube74_cluster0,2
2025-09-15,669461,669461,682829,STL,CIN,4,2,0,0,FF,FF,L,L,X,"Elly De La Cruz grounds out, shortstop Thomas Saggese to first baseman Willson Contreras.",94.5,94.5,0.79,-0.79,1.19,1.19,2143.0,2143.0,146.0,214.0,6.4,6.4,0.33,-0.33,6.58,6.58,cube3_cluster0,268,2.096140529427418,CH,89.73428321085365,11.536857891248982,10.613841731058852,cube3_cluster0,1
2025-09-15,669920,669920,669394,HOU,TEX,4,2,0,0,SI,SI,R,R,S,,89.6,89.6,-1.42,-1.42,0.16,0.16,2046.0,2046.0,254.0,254.0,6.6,6.6,-1.5,-1.5,5.45,5.45,cube23_cluster1,15,1.5470943005270192,CH,87.14244152758266,13.779793742871872,-2.1495322200021145,cube13_cluster0;cube14_cluster0,2
2025-09-15,675911,675911,605137,WSH,ATL,4,0,3,2,CU,CU,R,R,B,Josh Bell walks.,75.9,75.9,1.22,1.22,-0.89,-0.89,2700.0,2700.0,60.0,60.0,6.7,6.7,-1.83,-1.83,5.99,5.99,cube73_cluster0,327,1.123809136816193,CU,80.47699441108988,-11.55224395022119,-8.074074661318553,cube73_cluster0;cube78_cluster0,2
2025-09-15,669461,669461,663886,STL,CIN,4,1,3,2,SL,SL,L,L,S,Tyler Stephenson strikes out swinging.,85.7,85.7,-0.5,0.5,0.0,0.0,2689.0,2689.0,259.0,101.0,6.2,6.2,0.48,-0.48,6.55,6.55,cube50_cluster0,16,1.578711993162511,SL,84.90007193384722,-3.20169019761113,0.4617852580480657,,0
2025-09-15,683004,683004,605170,HOU,TEX,4,2,0,1,CU,CU,R,R,X,Victor Caratini lines out sharply to center fielder Wyatt Langford.,83.7,83.7,0.47,0.47,-0.83,-0.83,2750.0,2750.0,28.0,28.0,6.6,6.6,-1.08,-1.08,5.89,5.89,cube67_cluster2,6,1.380161677352684,CU,83.11739876493539,-8.352412707608828,-11.699528597119054,cube66_cluster0;cube73_cluster0,2
2025-09-15,668678,668678,646240,AZ,SF,4,0,0,2,FF,FF,R,R,B,,94.5,94.5,-0.59,-0.59,1.47,1.47,2338.0,2338.0,210.0,210.0,6.5,6.5,-3.05,-3.05,5.88,5.88,cube6_cluster3,4,1.5675244561006565,FF,96.83250199133,9.898196859286852,14.591325902230212,cube13_cluster0;cube14_cluster0;cube4_cluster0;cube5_cluster0,4
2025-09-15,641793,641793,575929,STL,CIN,4,2,2,0,SI,SI,R,R,S,,91.5,91.5,-1.17,-1.17,1.12,1.12,1991.0,1991.0,215.0,215.0,6.3,6.3,-0.76,-0.76,6.04,6.04,cube3_cluster0,268,1.1521080245864335,CH,89.73428321085365,11.536857891248982,10.613841731058852,cube3_cluster0;cube4_cluster0,2
2025-09-15,686218,686218,596146,LAD,PHI,4,2,0,2,FF,FF,R,R,B,,95.7,95.7,-0.68,-0.68,1.43,1.43,2321.0,2321.0,209.0,209.0,6.6,6.6,-1.1,-1.1,5.5,5.5,cube4_cluster0,983,1.6193586209995514,FF,92.73799323851703,11.87678282989603,11.880818729937886,cube13_cluster0;cube14_cluster0;cube4_cluster0;cube5_cluster0,4
2025-09-15,669920,669920,592626,HOU,TEX,4,1,0,1,SI,SI,R,R,X,Joc Pederson lines out sharply to center fielder Jake Meyers.,90.6,90.6,-1.38,-1.38,0.34,0.34,2055.0,2055.0,254.0,254.0,6.4,6.4,-2.02,-2.02,5.4,5.4,cube23_cluster1,15,1.2213004349966066,CH,87.14244152758266,13.779793742871872,-2.1495322200021145,cube13_cluster0;cube14_cluster0,2
2025-09-15,592791,592791,502054,PIT,CHC,4,1,0,0,ST,ST,R,R,S,,80.7,80.7,1.22,1.22,0.07,0.07,2604.0,2604.0,62.0,62.0,6.9,6.9,-1.22,-1.22,6.18,6.18,cube65_cluster0,52,1.8092148964893273,CU,80.5172691598637,-7.955497641633661,-5.720742174043808,cube66_cluster0,1
2025-09-15,680694,680694,678554,CWS,BAL,3,2,0,0,SI,SI,R,R,S,,94.5,94.5,-0.97,-0.97,0.93,0.93,2253.0,2253.0,195.0,195.0,6.6,6.6,-1.14,-1.14,6.34,6.34,cube4_cluster0,983,1.5734745922917963,FF,92.73799323851703,11.87678282989603,11.880818729937886,cube13_cluster0;cube4_cluster0,2
2025-09-15,702056,702056,666139,TB,TOR,4,0,0,0,FS,FS,R,R,S,,82.9,82.9,-0.99,-0.99,0.67,0.67,1721.0,1721.0,211.0,211.0,6.1,6.1,-0.59,-0.59,7.27,7.27,cube3_cluster0,268,2.7228841915084447,CH,89.73428321085365,11.536857891248982,10.613841731058852,,0
2025-09-15,678906,678906,682998,AZ,SF,3,2,1,2,FF,FF,R,R,B,,94.2,94.2,-0.73,-0.73,0.95,0.95,2624.0,2624.0,233.0,233.0,6.5,6.5,-2.28,-2.28,5.32,5.32,cube14_cluster0,644,1.1551875819103818,FF,92.67733037261901,12.017251018938115,9.608444861229,cube14_cluster0,1
2025-09-15,671212,671212,676914,TB,TOR,4,1,2,2,FF,FF,R,R,B,,98.2,98.2,-0.32,-0.32,0.97,0.97,2587.0,2587.0,213.0,213.0,6.4,6.4,-0.96,-0.96,5.84,5.84,cube22_cluster0,44,1.7879879484683476,FC,88.82845332305666,-1.3474977477043035,9.056608779489569,cube13_cluster0,1
2025-09-15,680730,680730,660670,WSH,ATL,4,0,2,2,FF,FF,L,L,X,Ronald Acuña Jr. singles on a line drive to center fielder Robert Hassell III. Matt Olson to 3rd.,93.0,93.0,0.51,-0.51,1.34,1.34,2130.0,2130.0,171.0,189.0,6.9,6.9,0.8,-0.8,6.51,6.51,cube22_cluster0,44,2.1994853759289277,FC,88.82845332305666,-1.3474977477043035,9.056608779489569,cube12_cluster0;cube13_cluster0;cube3_cluster0;cube4_cluster0,4
2025-09-15,680732,680732,687637,CWS,BAL,4,1,0,1,FF,FF,R,R,S,,95.1,95.1,-0.37,-0.37,1.55,1.55,2564.0,2564.0,199.0,199.0,7.2,7.2,-2.16,-2.16,6.31,6.31,cube15_cluster1,11,2.3448225115169694,FF,95.07044777791452,10.01799709211646,12.914228470751997,cube13_cluster0;cube14_cluster0,2
2025-09-15,680573,680573,519317,MIN,NYY,4,0,0,0,FF,FF,R,R,S,,90.7,90.7,-0.41,-0.41,1.6,1.6,2180.0,2180.0,196.0,196.0,6.8,6.8,-0.91,-0.91,6.54,6.54,cube22_cluster0,44,2.1326298275696067,FC,88.82845332305666,-1.3474977477043035,9.056608779489569,cube12_cluster0;cube13_cluster0;cube3_cluster0;cube4_cluster0,4
2025-09-15,677952,677952,691718,PIT,CHC,4,0,0,0,FF,FF,R,R,S,,97.4,97.4,-0.48,-0.48,1.56,1.56,2447.0,2447.0,210.0,210.0,6.5,6.5,-0.65,-0.65,6.4,6.4,cube22_cluster0,44,2.2005095620377046,FC,88.82845332305666,-1.3474977477043035,9.056608779489569,cube12_cluster0;cube13_cluster0;cube3_cluster0;cube4_cluster0,4
2025-09-15,607074,607074,668885,MIN,NYY,3,1,3,2,FF,FF,L,L,X,"Austin Martin grounds into a force out, shortstop José Caballero to second baseman Jazz Chisholm Jr. Jhonny Pereda scores. Edouard Julien out at 2nd. Austin Martin to 1st.",95.8,95.8,0.91,-0.91,1.24,1.24,2399.0,2399.0,144.0,216.0,6.2,6.2,1.99,-1.99,6.39,6.39,cube4_cluster0,983,1.4371693831185888,FF,92.73799323851703,11.87678282989603,11.880818729937886,cube13_cluster0;cube4_cluster0,2
2025-09-15,624133,624133,500743,LAD,PHI,4,1,0,0,CU,CU,L,L,B,,75.2,75.2,-1.02,1.02,-0.47,-0.47,2030.0,2030.0,308.0,52.0,6.2,6.2,2.18,-2.18,5.65,5.65,cube72_cluster1,4,0.8129769609801369,CU,73.14815617664787,-13.649330552782773,-9.00283815300432,cube66_cluster0;cube72_cluster1;cube73_cluster0,3
2025-09-15,624133,624133,669743,LAD,PHI,4,0,3,2,CU,CU,L,L,X,"Alex Call grounds into a force out, second baseman Weston Wilson to shortstop Bryson Stott. Freddie Freeman out at 2nd. Alex Call to 1st.",75.2,75.2,-0.7,0.7,-0.75,-0.75,2047.0,2047.0,305.0,55.0,6.3,6.3,2.1,-2.1,5.65,5.65,cube72_cluster1,4,0.8054327004565867,CU,73.14815617664787,-13.649330552782773,-9.00283815300432,cube66_cluster0;cube72_cluster1;cube73_cluster0,3
2025-09-15,680732,680732,687637,CWS,BAL,4,1,0,0,FF,FF,R,R,S,,94.8,94.8,-0.39,-0.39,1.57,1.57,2529.0,2529.0,202.0,202.0,7.4,7.4,-2.38,-2.38,6.2,6.2,cube15_cluster1,11,2.115269430158421,FF,95.07044777791452,10.01799709211646,12.914228470751997,cube14_cluster0;cube5_cluster0,2
2025-09-15,683004,683004,605170,HOU,TEX,4,2,0,0,CH,CH,R,R,S,,90.9,90.9,-1.22,-1.22,0.39,0.39,1526.0,1526.0,222.0,222.0,6.6,6.6,-1.21,-1.21,5.72,5.72,cube3_cluster0,268,1.5534214484431628,CH,89.73428321085365,11.536857891248982,10.613841731058852,cube4_cluster0,1
2025-09-15,669920,669920,592626,HOU,TEX,4,1,0,0,ST,ST,R,R,S,,78.0,78.0,1.32,1.32,-0.23,-0.23,2668.0,2668.0,68.0,68.0,6.3,6.3,-1.87,-1.87,5.37,5.37,cube74_cluster0,95,1.0777452491540482,ST,81.58280060620267,-13.628576142052651,-5.303629922931518,cube73_cluster0,1
2025-09-15,686218,686218,596146,LAD,PHI,4,2,0,1,CH,CH,R,R,S,,86.1,86.1,-0.9,-0.9,0.0,0.0,986.0,986.0,261.0,261.0,6.4,6.4,-1.26,-1.26,5.37,5.37,cube13_cluster1,3,2.2184184450194726,FS,84.2318346010472,7.0387863377694,1.0515447129672841,cube12_cluster0;cube13_cluster0,2
2025-09-15,668678,668678,646240,AZ,SF,4,0,0,1,CH,CH,R,R,S,,84.2,84.2,-1.3,-1.3,0.11,0.11,1657.0,1657.0,228.0,228.0,6.4,6.4,-3.24,-3.24,5.78,5.78,cube24_cluster1,4,2.047700681893667,CH,87.80202822087334,14.29789321005082,-3.691264304536044,cube13_cluster0,1
2025-09-15,702056,702056,691406,TB,TOR,3,2,2,2,SL,SL,R,R,S,Junior Caminero strikes out swinging.,89.5,89.5,-0.36,-0.36,0.26,0.26,2227.0,2227.0,210.0,210.0,5.8,5.8,-0.55,-0.55,7.08,7.08,cube42_cluster1,3,2.3293187802214916,FC,87.63142706302794,-5.957348927875244,5.6153508771929825,,0
2025-09-15,607074,607074,668885,MIN,NYY,3,1,2,2,SL,SL,L,L,B,,88.7,88.7,-0.35,0.35,0.23,0.23,2685.0,2685.0,331.0,29.0,6.2,6.2,2.43,-2.43,6.08,6.08,cube66_cluster0,381,1.6393261699420485,ST,82.47698152646831,-10.124080234445362,-2.88332382968971,cube58_cluster0,1
2025-09-15,680573,680573,641355,MIN,NYY,3,2,3,2,FS,FS,R,R,S,Cody Bellinger strikes out swinging.,87.3,87.3,-0.77,-0.77,0.68,0.68,978.0,978.0,220.0,220.0,7.0,7.0,-1.23,-1.23,6.27,6.27,cube13_cluster1,3,1.6747017042961783,FS,84.2318346010472,7.0387863377694,1.0515447129672841,cube3_cluster0,1
2025-09-15,592791,592791,668804,PIT,CHC,4,0,1,2,FF,FF,R,R,X,Bryan Reynolds lines out sharply to center fielder Pete Crow-Armstrong.,93.1,93.1,-0.44,-0.44,1.47,1.47,2334.0,2334.0,207.0,207.0,6.8,6.8,-1.14,-1.14,6.12,6.12,cube4_cluster0,983,1.7130382964907533,FF,92.73799323851703,11.87678282989603,11.880818729937886,cube13_cluster0;cube4_cluster0,2
2025-09-15,675911,675911,605137,WSH,ATL,4,0,3,2,FF,FF,R,R,S,,96.2,96.2,-0.51,-0.51,1.36,1.36,2369.0,2369.0,201.0,201.0,7.0,7.0,-1.58,-1.58,5.93,5.93,cube4_cluster0,983,1.639988098423242,FF,92.73799323851703,11.87678282989603,11.880818729937886,cube13_cluster0;cube14_cluster0;cube4_cluster0;cube5_cluster0,4
2025-09-15,678906,678906,682998,AZ,SF,3,2,1,1,ST,ST,R,R,S,,84.9,84.9,1.4,1.4,0.02,0.02,2773.0,2773.0,61.0,61.0,6.5,6.5,-2.34,-2.34,5.31,5.31,cube67_cluster0,152,0.7111187380285544,ST,83.21108910576972,-12.188986866329156,0.17080679660382098,cube67_cluster0;cube74_cluster0,2
2025-09-15,680730,680730,660670,WSH,ATL,4,0,1,2,CU,CU,L,L,B,,79.8,79.8,0.02,-0.02,-0.48,-0.48,2358.0,2358.0,347.0,13.0,7.0,7.0,1.57,-1.57,6.26,6.26,cube58_cluster2,5,1.5014098637074347,SL,85.46595452823905,-0.04526262806992336,-2.641776233356624,cube58_cluster0;cube66_cluster0,2
2025-09-15,641793,641793,575929,STL,CIN,4,2,1,0,SL,SL,R,R,B,,85.9,85.9,0.15,0.15,0.66,0.66,2208.0,2208.0,190.0,190.0,6.1,6.1,-0.74,-0.74,6.23,6.23,cube22_cluster0,44,0.9804514885741014,FC,88.82845332305666,-1.3474977477043035,9.056608779489569,cube22_cluster0,1
2025-09-15,677952,677952,608348,PIT,CHC,3,2,0,2,SI,SI,R,R,X,"Carson Kelly grounds out, third baseman Jared Triolo to first baseman Spencer Horwitz.",98.1,98.1,-1.35,-1.35,0.71,0.71,2387.0,2387.0,218.0,218.0,6.5,6.5,-0.89,-0.89,6.14,6.14,cube4_cluster0,983,1.7687610509705742,FF,92.73799323851703,11.87678282989603,11.880818729937886,cube13_cluster0;cube4_cluster0,2
2025-09-15,671212,671212,676914,TB,TOR,4,1,2,1,SL,SL,R,R,S,,90.7,90.7,0.56,0.56,-0.08,-0.08,2773.0,2773.0,134.0,134.0,6.7,6.7,-0.94,-0.94,5.87,5.87,cube43_cluster0,144,1.618642652845176,SL,87.05264300971788,-4.004743073818654,3.6350863620861684,cube51_cluster0;cube52_cluster0,2
2025-09-15,680694,680694,695657,CWS,BAL,3,2,3,2,SI,SI,R,R,B,Colson Montgomery walks. Mike Tauchman to 2nd.,95.3,95.3,-0.81,-0.81,1.32,1.32,2154.0,2154.0,198.0,198.0,6.7,6.7,-0.92,-0.92,6.21,6.21,cube4_cluster0,983,1.7270824960526048,FF,92.73799323851703,11.87678282989603,11.880818729937886,cube4_cluster0,1
2025-09-15,669461,669461,663886,STL,CIN,4,1,2,2,CU,CU,L,L,B,,76.9,76.9,-0.95,0.95,-1.41,-1.41,2940.0,2940.0,329.0,31.0,6.2,6.2,0.54,-0.54,6.62,6.62,cube77_cluster0,15,1.4431456385552188,CU,78.06982973839553,-10.373560444574672,-15.067035103894916,,0
2025-09-15,607074,607074,668885,MIN,NYY,3,1,2,2,FF,FF,L,L,S,,95.0,95.0,0.85,-0.85,1.59,1.59,2438.0,2438.0,141.0,219.0,6.2,6.2,1.94,-1.94,6.39,6.39,cube4_cluster0,983,1.6577795728073772,FF,92.73799323851703,11.87678282989603,11.880818729937886,cube4_cluster0,1
2025-09-15,683004,683004,676694,HOU,TEX,4,1,1,1,SL,SL,R,R,X,"Jake Meyers grounds out, shortstop Josh Smith to first baseman Jake Burger.",88.0,88.0,0.27,0.27,0.3,0.3,2400.0,2400.0,151.0,151.0,6.7,6.7,-1.27,-1.27,5.77,5.77,cube43_cluster0,144,0.8488508914119832,SL,87.05264300971788,-4.004743073818654,3.6350863620861684,cube33_cluster0;cube43_cluster0,2
2025-09-15,702056,702056,691406,TB,TOR,3,2,2,1,FF,FF,R,R,S,,94.2,94.2,-0.54,-0.54,1.52,1.52,2294.0,2294.0,203.0,203.0,6.3,6.3,-0.48,-0.48,6.93,6.93,cube22_cluster0,44,2.490533367900899,FC,88.82845332305666,-1.3474977477043035,9.056608779489569,cube12_cluster0;cube3_cluster0,2
2025-09-15,680732,680732,663624,CWS,BAL,4,1,2,2,SL,SL,R,R,X,Ryan Mountcastle singles on a line drive to left fielder Andrew Benintendi.,88.7,88.7,0.5,0.5,0.44,0.44,2330.0,2330.0,170.0,170.0,7.1,7.1,-2.32,-2.32,6.2,6.2,cube33_cluster0,169,1.6406518996480886,FC,88.23401695598267,-3.1239005241649638,6.236802891040705,cube33_cluster0;cube34_cluster0,2
2025-09-15,592791,592791,668804,PIT,CHC,4,0,1,1,FC,FC,R,R,S,,85.5,85.5,0.47,0.47,0.86,0.86,2502.0,2502.0,177.0,177.0,6.5,6.5,-1.32,-1.32,6.13,6.13,cube32_cluster0,41,1.0700296043401782,SL,87.45742516293836,-3.2707771382581203,5.520714440411837,cube32_cluster0;cube33_cluster0,2
2025-09-15,668678,668678,646240,AZ,SF,4,0,0,0,CH,CH,R,R,S,,83.6,83.6,-1.45,-1.45,0.18,0.18,1627.0,1627.0,223.0,223.0,6.5,6.5,-3.29,-3.29,5.82,5.82,cube24_cluster1,4,2.3018398605908663,CH,87.80202822087334,14.29789321005082,-3.691264304536044,cube13_cluster0;cube4_cluster0,2
2025-09-15,680694,680694,695657,CWS,BAL,3,2,2,2,SI,SI,R,R,B,,94.1,94.1,-1.03,-1.03,1.09,1.09,2254.0,2254.0,195.0,195.0,6.4,6.4,-0.94,-0.94,6.43,6.43,cube3_cluster0,268,1.661361234299412,CH,89.73428321085365,11.536857891248982,10.613841731058852,cube12_cluster0;cube13_cluster0;cube3_cluster0;cube4_cluster0,4
2025-09-15,671212,671212,676914,TB,TOR,4,1,1,1,FF,FF,R,R,B,,99.1,99.1,-0.36,-0.36,0.91,0.91,2470.0,2470.0,207.0,207.0,6.4,6.4,-0.94,-0.94,5.8,5.8,cube22_cluster0,44,1.7675590286920289,FC,88.82845332305666,-1.3474977477043035,9.056608779489569,cube13_cluster0,1
2025-09-15,669920,669920,694671,HOU,TEX,4,1,1,1,SI,SI,R,R,X,Wyatt Langford singles on a sharp line drive to right fielder Zach Cole.,90.9,90.9,-1.25,-1.25,0.28,0.28,2094.0,2094.0,245.0,245.0,6.5,6.5,-1.51,-1.51,5.49,5.49,cube13_cluster0,1173,1.3533713728985268,FF,91.32597348809763,10.933560927718538,9.887490835989844,cube13_cluster0;cube14_cluster0,2
2025-09-15,624133,624133,669743,LAD,PHI,4,0,2,2,SI,SI,L,L,B,,90.9,90.9,0.66,-0.66,0.6,0.6,1825.0,1825.0,140.0,220.0,6.3,6.3,2.03,-2.03,5.71,5.71,cube13_cluster0,1173,0.815342564964288,FF,91.32597348809763,10.933560927718538,9.887490835989844,cube13_cluster0,1
2025-09-15,686218,686218,596146,LAD,PHI,4,2,0,0,SL,SL,R,R,S,,86.6,86.6,0.44,0.44,0.19,0.19,2391.0,2391.0,171.0,171.0,6.5,6.5,-1.33,-1.33,5.3,5.3,cube43_cluster0,144,1.4161907622684344,SL,87.05264300971788,-4.004743073818654,3.6350863620861684,cube33_cluster0;cube43_cluster0,2
2025-09-15,675911,675911,605137,WSH,ATL,4,0,3,1,FF,FF,R,R,S,,95.1,95.1,-0.71,-0.71,1.38,1.38,2324.0,2324.0,212.0,212.0,7.0,7.0,-1.61,-1.61,5.85,5.85,cube4_cluster0,983,1.4266823905262462,FF,92.73799323851703,11.87678282989603,11.880818729937886,cube13_cluster0;cube14_cluster0;cube4_cluster0;cube5_cluster0,4
2025-09-15,680730,680730,660670,WSH,ATL,4,0,0,2,FS,FS,L,L,B,,84.4,84.4,0.41,-0.41,-0.14,-0.14,752.0,752.0,143.0,217.0,6.7,6.7,1.37,-1.37,6.26,6.26,cube13_cluster1,3,1.5718664910316493,FS,84.2318346010472,7.0387863377694,1.0515447129672841,,0
2025-09-15,678906,678906,682998,AZ,SF,3,2,1,0,ST,ST,R,R,S,,83.1,83.1,1.36,1.36,-0.12,-0.12,2723.0,2723.0,56.0,56.0,6.4,6.4,-2.5,-2.5,5.27,5.27,cube67_cluster0,152,0.64884223048973,ST,83.21108910576972,-12.188986866329156,0.17080679660382098,cube67_cluster0;cube74_cluster0,2
2025-09-15,641793,641793,575929,STL,CIN,4,2,0,0,FS,FS,R,R,B,,81.4,81.4,-1.06,-1.06,-0.66,-0.66,828.0,828.0,250.0,250.0,6.0,6.0,-0.62,-0.62,6.17,6.17,cube13_cluster1,3,3.1230889579543133,FS,84.2318346010472,7.0387863377694,1.0515447129672841,,0
2025-09-15,680573,680573,641355,MIN,NYY,3,2,3,1,FF,FF,R,R,S,,93.8,93.8,-0.33,-0.33,1.67,1.67,2357.0,2357.0,197.0,197.0,6.8,6.8,-1.21,-1.21,6.46,6.46,cube22_cluster0,44,2.1052390102984626,FC,88.82845332305666,-1.3474977477043035,9.056608779489569,cube13_cluster0;cube4_cluster0,2
2025-09-15,669461,669461,663886,STL,CIN,4,1,2,1,SI,SI,L,L,S,,94.2,94.2,1.24,-1.24,1.12,1.12,2120.0,2120.0,151.0,209.0,6.3,6.3,0.68,-0.68,6.5,6.5,cube3_cluster0,268,1.6542440790719468,CH,89.73428321085365,11.536857891248982,10.613841731058852,cube3_cluster0,1
2025-09-15,677952,677952,608348,PIT,CHC,3,2,0,1,SI,SI,R,R,S,,97.3,97.3,-1.52,-1.52,0.6,0.6,2399.0,2399.0,219.0,219.0,6.4,6.4,-1.11,-1.11,6.12,6.12,cube4_cluster0,983,1.6365648542061737,FF,92.73799323851703,11.87678282989603,11.880818729937886,cube13_cluster0;cube4_cluster0,2
2025-09-15,680732,680732,663624,CWS,BAL,4,1,1,2,FF,FF,R,R,B,,95.6,95.6,-0.55,-0.55,1.49,1.49,2561.0,2561.0,199.0,199.0,7.0,7.0,-1.97,-1.97,6.39,6.39,cube4_cluster0,983,2.157261305746231,FF,92.73799323851703,11.87678282989603,11.880818729937886,cube13_cluster0;cube14_cluster0;cube4_cluster0;cube5_cluster0,4
2025-09-15,686218,686218,805249,LAD,PHI,4,1,1,0,SL,SL,R,R,X,"Otto Kemp grounds out softly, third baseman Max Muncy to first baseman Freddie Freeman.",86.9,86.9,0.01,0.01,0.42,0.42,2316.0,2316.0,188.0,188.0,6.4,6.4,-1.23,-1.23,5.38,5.38,cube33_cluster0,169,1.368036952457073,FC,88.23401695598267,-3.1239005241649638,6.236802891040705,cube23_cluster0;cube33_cluster0,2
2025-09-15,677952,677952,608348,PIT,CHC,3,2,0,0,FF,FF,R,R,S,,97.8,97.8,-0.74,-0.74,1.24,1.24,2412.0,2412.0,219.0,219.0,6.6,6.6,-0.86,-0.86,6.24,6.24,cube4_cluster0,983,1.8651485048339909,FF,92.73799323851703,11.87678282989603,11.880818729937886,cube13_cluster0;cube4_cluster0,2
2025-09-15,702056,702056,691406,TB,TOR,3,2,1,1,SL,SL,R,R,B,,89.0,89.0,-0.49,-0.49,0.35,0.35,2228.0,2228.0,207.0,207.0,6.1,6.1,-0.52,-0.52,7.08,7.08,cube42_cluster1,3,2.1984793096100814,FC,87.63142706302794,-5.957348927875244,5.6153508771929825,,0
2025-09-15,669920,669920,694671,HOU,TEX,4,1,1,0,SI,SI,R,R,S,,91.7,91.7,-1.35,-1.35,0.15,0.15,2144.0,2144.0,245.0,245.0,6.4,6.4,-1.51,-1.51,5.57,5.57,cube13_cluster0,1173,1.4439055280290234,FF,91.32597348809763,10.933560927718538,9.887490835989844,cube13_cluster0,1
2025-09-15,592791,592791,668804,PIT,CHC,4,0,0,1,CH,CH,R,R,B,,83.5,83.5,-1.25,-1.25,0.61,0.61,1803.0,1803.0,226.0,226.0,6.3,6.3,-1.21,-1.21,6.23,6.23,cube12_cluster0,316,0.9941843665805005,CH,89.01009096911115,10.260232782391817,9.292479855944606,cube12_cluster0;cube3_cluster0,2
2025-09-15,624133,624133,669743,LAD,PHI,4,0,1,2,FF,FF,L,L,B,,91.3,91.3,0.32,-0.32,0.94,0.94,1875.0,1875.0,129.0,231.0,6.0,6.0,2.43,-2.43,5.54,5.54,cube13_cluster0,1173,1.4318601543763918,FF,91.32597348809763,10.933560927718538,9.887490835989844,cube13_cluster0,1
2025-09-15,680730,680730,660670,WSH,ATL,4,0,0,1,FF,FF,L,L,S,,92.0,92.0,0.69,-0.69,1.48,1.48,2096.0,2096.0,170.0,190.0,6.8,6.8,0.84,-0.84,6.52,6.52,cube3_cluster0,268,2.098847383458979,CH,89.73428321085365,11.536857891248982,10.613841731058852,cube12_cluster0;cube13_cluster0;cube3_cluster0;cube4_cluster0,4
2025-09-15,671212,671212,676914,TB,TOR,4,1,1,0,FF,FF,R,R,S,,98.2,98.2,-0.25,-0.25,1.33,1.33,2611.0,2611.0,221.0,221.0,6.3,6.3,-0.98,-0.98,5.93,5.93,cube22_cluster0,44,1.9125184605832977,FC,88.82845332305666,-1.3474977477043035,9.056608779489569,cube13_cluster0,1
2025-09-15,641793,641793,676475,STL,CIN,4,1,0,0,SI,SI,R,R,X,"Alec Burleson grounds out, first baseman Sal Stewart to pitcher Zack Littell.",90.7,90.7,-1.28,-1.28,1.07,1.07,1940.0,1940.0,213.0,213.0,6.2,6.2,-0.87,-0.87,6.06,6.06,cube3_cluster0,268,0.9972508667925831,CH,89.73428321085365,11.536857891248982,10.613841731058852,cube3_cluster0;cube4_cluster0,2
2025-09-15,675911,675911,605137,WSH,ATL,4,0,2,1,FF,FF,R,R,B,,95.8,95.8,-0.67,-0.67,1.48,1.48,2364.0,2364.0,211.0,211.0,7.0,7.0,-1.67,-1.67,5.89,5.89,cube5_cluster0,516,1.5274842084004931,FF,94.26601183041208,12.58960465467938,11.873748452415477,cube13_cluster0;cube14_cluster0;cube4_cluster0;cube5_cluster0,4
2025-09-15,668678,668678,642715,AZ,SF,3,2,2,2,CH,CH,R,R,S,Willy Adames strikes out swinging.,86.0,86.0,-1.13,-1.13,0.22,0.22,1558.0,1558.0,230.0,230.0,6.7,6.7,-3.13,-3.13,5.75,5.75,cube24_cluster1,4,2.162527887072831,CH,87.80202822087334,14.29789321005082,-3.691264304536044,cube13_cluster0;cube14_cluster0;cube4_cluster0;cube5_cluster0,4
2025-09-15,678906,678906,682998,AZ,SF,3,2,0,0,FF,FF,R,R,B,,92.7,92.7,-0.59,-0.59,1.14,1.14,2506.0,2506.0,230.0,230.0,6.4,6.4,-2.47,-2.47,5.31,5.31,cube14_cluster0,644,1.1202905381001602,FF,92.67733037261901,12.017251018938115,9.608444861229,cube14_cluster0,1
2025-09-15,669461,669461,663886,STL,CIN,4,1,1,1,CH,CH,L,L,B,,87.0,87.0,1.23,-1.23,0.82,0.82,1695.0,1695.0,126.0,234.0,6.3,6.3,1.03,-1.03,6.33,6.33,cube3_cluster0,268,0.9827308427710788,CH,89.73428321085365,11.536857891248982,10.613841731058852,cube3_cluster0,1
2025-09-15,678024,678024,683002,CWS,BAL,9,2,3,2,ST,ST,R,R,X,"Gunnar Henderson grounds out, second baseman Chase Meidroth to first baseman Lenyn Sosa.",81.7,81.7,1.14,1.14,-0.5,-0.5,2369.0,2369.0,53.0,53.0,6.6,6.6,-1.93,-1.93,5.78,5.78,cube66_cluster0,381,0.8426364023813232,ST,82.47698152646831,-10.124080234445362,-2.88332382968971,cube66_cluster0;cube73_cluster0,2
2025-09-15,680694,680694,695657,CWS,BAL,3,2,1,2,SI,SI,R,R,B,,94.7,94.7,-0.54,-0.54,1.26,1.26,2326.0,2326.0,183.0,183.0,6.4,6.4,-0.72,-0.72,6.45,6.45,cube22_cluster0,44,1.782297900923465,FC,88.82845332305666,-1.3474977477043035,9.056608779489569,cube12_cluster0;cube13_cluster0,2
2025-09-15,683004,683004,676694,HOU,TEX,4,1,1,0,SL,SL,R,R,S,,87.0,87.0,0.42,0.42,0.21,0.21,2612.0,2612.0,84.0,84.0,6.8,6.8,-1.13,-1.13,5.71,5.71,cube51_cluster0,138,1.383319386807126,SL,86.5599691183964,-4.203859573250014,1.5652746114364327,cube58_cluster0,1
2025-09-15,680573,680573,641355,MIN,NYY,3,2,2,1,FS,FS,R,R,B,,87.1,87.1,-0.63,-0.63,1.18,1.18,1335.0,1335.0,206.0,206.0,7.0,7.0,-1.09,-1.09,6.35,6.35,cube3_cluster0,268,2.1378401844832964,CH,89.73428321085365,11.536857891248982,10.613841731058852,,0
2025-09-15,607074,607074,668885,MIN,NYY,3,1,2,1,FF,FF,L,L,S,,95.2,95.2,1.17,-1.17,1.29,1.29,2280.0,2280.0,142.0,218.0,6.3,6.3,2.14,-2.14,6.33,6.33,cube4_cluster0,983,1.2612095966554824,FF,92.73799323851703,11.87678282989603,11.880818729937886,cube4_cluster0,1
2025-09-15,680573,680573,641355,MIN,NYY,3,2,1,1,FF,FF,R,R,B,,93.7,93.7,-0.63,-0.63,1.67,1.67,2339.0,2339.0,202.0,202.0,6.8,6.8,-1.2,-1.2,6.39,6.39,cube4_cluster0,983,1.99518872554678,FF,92.73799323851703,11.87678282989603,11.880818729937886,cube4_cluster0,1
2025-09-15,680694,680694,695657,CWS,BAL,3,2,0,2,SL,SL,R,R,B,,88.2,88.2,1.22,1.22,-0.17,-0.17,2547.0,2547.0,64.0,64.0,6.6,6.6,-0.98,-0.98,6.35,6.35,cube57_cluster0,32,1.6150988029675262,SL,83.65118122149555,-5.010806328553835,-0.8552029953918647,,0
2025-09-15,624133,624133,669743,LAD,PHI,4,0,0,2,CU,CU,L,L,B,,73.8,73.8,-0.91,0.91,-0.88,-0.88,2049.0,2049.0,312.0,48.0,6.3,6.3,2.11,-2.11,5.71,5.71,cube72_cluster1,4,0.588535325226374,CU,73.14815617664787,-13.649330552782773,-9.00283815300432,cube72_cluster1;cube73_cluster0,2
2025-09-15,683004,683004,676694,HOU,TEX,4,1,0,0,SI,SI,R,R,B,,96.5,96.5,-1.26,-1.26,1.04,1.04,2427.0,2427.0,214.0,214.0,6.9,6.9,-1.0,-1.0,5.67,5.67,cube4_cluster0,983,1.7599679829285253,FF,92.73799323851703,11.87678282989603,11.880818729937886,cube4_cluster0;cube5_cluster0,2
2025-09-15,678024,678024,683002,CWS,BAL,9,2,3,1,CH,CH,R,R,S,,85.7,85.7,-1.11,-1.11,0.12,0.12,1462.0,1462.0,244.0,244.0,6.6,6.6,-1.64,-1.64,5.81,5.81,cube13_cluster1,3,1.7190842529253783,FS,84.2318346010472,7.0387863377694,1.0515447129672841,cube12_cluster0;cube13_cluster0,2
2025-09-15,669461,669461,663886,STL,CIN,4,1,0,1,CH,CH,L,L,B,,86.1,86.1,1.15,-1.15,1.05,1.05,1667.0,1667.0,133.0,227.0,6.1,6.1,0.73,-0.73,6.41,6.41,cube3_cluster0,268,1.3592409562498016,CH,89.73428321085365,11.536857891248982,10.613841731058852,cube3_cluster0,1
2025-09-15,641793,641793,671056,STL,CIN,4,0,3,2,SI,SI,R,R,X,"Iván Herrera grounds out, second baseman Matt McLain to first baseman Sal Stewart.",91.9,91.9,-1.23,-1.23,1.08,1.08,1966.0,1966.0,216.0,216.0,6.3,6.3,-0.73,-0.73,5.97,5.97,cube3_cluster0,268,1.2035297159791778,CH,89.73428321085365,11.536857891248982,10.613841731058852,cube3_cluster0;cube4_cluster0,2
2025-09-15,669920,669920,694671,HOU,TEX,4,1,0,0,CH,CH,R,R,B,,81.2,81.2,-1.49,-1.49,0.11,0.11,1685.0,1685.0,264.0,264.0,6.3,6.3,-1.45,-1.45,5.75,5.75,cube23_cluster1,15,1.6485444515594123,CH,87.14244152758266,13.779793742871872,-2.1495322200021145,cube12_cluster0;cube13_cluster0,2
2025-09-15,677952,677952,694208,PIT,CHC,3,1,1,0,FF,FF,R,R,X,Moisés Ballesteros flies out to center fielder Jack Suwinski.,96.8,96.8,-0.47,-0.47,1.46,1.46,2427.0,2427.0,216.0,216.0,6.4,6.4,-0.81,-0.81,6.28,6.28,cube22_cluster0,44,1.9144235681036357,FC,88.82845332305666,-1.3474977477043035,9.056608779489569,cube12_cluster0;cube13_cluster0;cube3_cluster0;cube4_cluster0,4
2025-09-15,671212,671212,676914,TB,TOR,4,1,0,0,FF,FF,R,R,B,,98.0,98.0,-0.43,-0.43,1.19,1.19,2784.0,2784.0,216.0,216.0,6.5,6.5,-0.92,-0.92,5.82,5.82,cube22_cluster0,44,2.2209850719055373,FC,88.82845332305666,-1.3474977477043035,9.056608779489569,cube13_cluster0;cube14_cluster0,2
2025-09-15,668678,668678,642715,AZ,SF,3,2,1,2,CH,CH,R,R,B,,85.1,85.1,-0.87,-0.87,0.14,0.14,1625.0,1625.0,221.0,221.0,6.5,6.5,-3.16,-3.16,5.78,5.78,cube24_cluster1,4,2.174060710022802,CH,87.80202822087334,14.29789321005082,-3.691264304536044,cube13_cluster0,1
2025-09-15,607074,607074,668885,MIN,NYY,3,1,1,1,SI,SI,L,L,B,,91.3,91.3,1.46,-1.46,0.54,0.54,2247.0,2247.0,131.0,229.0,6.4,6.4,2.3,-2.3,6.2,6.2,cube13_cluster0,1173,1.3010676538422696,FF,91.32597348809763,10.933560927718538,9.887490835989844,cube13_cluster0;cube4_cluster0,2
2025-09-15,675911,675911,605137,WSH,ATL,4,0,1,1,CH,CH,R,R,B,,86.0,86.0,-1.01,-1.01,0.88,0.88,2071.0,2071.0,222.0,222.0,6.8,6.8,-1.89,-1.89,5.88,5.88,cube13_cluster0,1173,1.0189534604877777,FF,91.32597348809763,10.933560927718538,9.887490835989844,cube13_cluster0;cube4_cluster0,2
2025-09-15,680732,680732,663624,CWS,BAL,4,1,1,1,FF,FF,R,R,S,,94.9,94.9,-0.38,-0.38,1.57,1.57,2612.0,2612.0,200.0,200.0,7.2,7.2,-2.07,-2.07,6.38,6.38,cube23_cluster0,226,2.457838123241468,FC,89.98051132303166,-0.8288022207088954,9.04754296913982,cube13_cluster0;cube14_cluster0,2
2025-09-15,702056,702056,691406,TB,TOR,3,2,1,0,SL,SL,R,R,S,,88.7,88.7,-0.28,-0.28,0.65,0.65,2233.0,2233.0,204.0,204.0,6.1,6.1,-0.6,-0.6,7.16,7.16,cube42_cluster1,3,2.0795169074970423,FC,87.63142706302794,-5.957348927875244,5.6153508771929825,,0
2025-09-15,678906,678906,606466,AZ,SF,3,1,0,0,FF,FF,R,R,X,Ketel Marte flies out to left fielder Heliot Ramos.,92.5,92.5,-0.75,-0.75,1.29,1.29,2559.0,2559.0,226.0,226.0,6.4,6.4,-2.13,-2.13,5.49,5.49,cube5_cluster0,516,1.1061069306905462,FF,94.26601183041208,12.58960465467938,11.873748452415477,cube13_cluster0;cube14_cluster0,2
2025-09-15,686218,686218,805249,LAD,PHI,4,1,0,0,SL,SL,R,R,B,,86.3,86.3,0.37,0.37,0.38,0.38,2382.0,2382.0,156.0,156.0,6.6,6.6,-1.17,-1.17,5.34,5.34,cube43_cluster0,144,1.35969249188415,SL,87.05264300971788,-4.004743073818654,3.6350863620861684,cube33_cluster0;cube43_cluster0,2
2025-09-15,592791,592791,668804,PIT,CHC,4,0,0,0,FC,FC,R,R,S,,85.7,85.7,0.52,0.52,0.89,0.89,2550.0,2550.0,175.0,175.0,6.6,6.6,-1.44,-1.44,6.12,6.12,cube33_cluster0,169,1.1997450436468138,FC,88.23401695598267,-3.1239005241649638,6.236802891040705,cube33_cluster0,1
2025-09-15,680730,680730,660670,WSH,ATL,4,0,0,0,FF,FF,L,L,S,,92.1,92.1,0.69,-0.69,1.4,1.4,2122.0,2122.0,167.0,193.0,6.8,6.8,0.97,-0.97,6.53,6.53,cube3_cluster0,268,1.9846979703235639,CH,89.73428321085365,11.536857891248982,10.613841731058852,cube12_cluster0;cube13_cluster0;cube3_cluster0;cube4_cluster0,4
2025-09-15,680732,680732,663624,CWS,BAL,4,1,1,0,FF,FF,R,R,S,,94.0,94.0,-0.46,-0.46,1.55,1.55,2558.0,2558.0,200.0,200.0,7.2,7.2,-1.99,-1.99,6.37,6.37,cube4_cluster0,983,2.369961179237476,FF,92.73799323851703,11.87678282989603,11.880818729937886,cube13_cluster0;cube14_cluster0,2
2025-09-15,678906,678906,672695,AZ,SF,3,1,2,2,SI,SI,R,R,X,Geraldo Perdomo singles on a sharp ground ball to center fielder Jung Hoo Lee.,94.0,94.0,-1.28,-1.28,0.13,0.13,2333.0,2333.0,240.0,240.0,6.2,6.2,-2.51,-2.51,5.38,5.38,cube14_cluster0,644,1.3783940102882943,FF,92.67733037261901,12.017251018938115,9.608444861229,cube14_cluster0,1
2025-09-15,671212,671212,680718,TB,TOR,4,1,1,0,SL,SL,R,R,X,Addison Barger singles on a ground ball to second baseman Brandon Lowe.,91.5,91.5,0.68,0.68,0.06,0.06,2690.0,2690.0,130.0,130.0,6.6,6.6,-1.11,-1.11,5.75,5.75,cube51_cluster0,138,1.3719066716999735,SL,86.5599691183964,-4.203859573250014,1.5652746114364327,cube51_cluster0;cube52_cluster0,2
2025-09-15,678024,678024,683002,CWS,BAL,9,2,2,1,CU,CU,R,R,B,,81.7,81.7,0.91,0.91,-1.0,-1.0,2323.0,2323.0,30.0,30.0,6.1,6.1,-1.41,-1.41,6.12,6.12,cube72_cluster0,77,0.7763167251636373,CU,78.89146033796635,-9.531561177600954,-10.534460563196083,cube72_cluster0;cube73_cluster0,2
2025-09-15,680730,680730,621566,WSH,ATL,4,0,3,2,FF,FF,L,L,X,Matt Olson doubles (37) on a sharp line drive to left fielder James Wood.,93.3,93.3,0.42,-0.42,1.55,1.55,2132.0,2132.0,173.0,187.0,6.9,6.9,0.81,-0.81,6.36,6.36,cube22_cluster0,44,2.238120134809104,FC,88.82845332305666,-1.3474977477043035,9.056608779489569,cube12_cluster0;cube13_cluster0;cube3_cluster0;cube4_cluster0,4
2025-09-15,680573,680573,641355,MIN,NYY,3,2,0,1,FF,FF,R,R,B,,94.0,94.0,-0.38,-0.38,1.58,1.58,2401.0,2401.0,203.0,203.0,6.9,6.9,-1.44,-1.44,6.37,6.37,cube4_cluster0,983,1.9999680613661521,FF,92.73799323851703,11.87678282989603,11.880818729937886,cube13_cluster0;cube4_cluster0,2
2025-09-15,675911,675911,605137,WSH,ATL,4,0,0,1,FF,FF,R,R,B,,95.8,95.8,-0.67,-0.67,1.34,1.34,2250.0,2250.0,209.0,209.0,7.0,7.0,-1.63,-1.63,5.92,5.92,cube4_cluster0,983,1.3942929292443687,FF,92.73799323851703,11.87678282989603,11.880818729937886,cube13_cluster0;cube14_cluster0;cube4_cluster0;cube5_cluster0,4
2025-09-15,668678,668678,642715,AZ,SF,3,2,1,2,KC,KC,R,R,S,,80.1,80.1,0.28,0.28,-1.09,-1.09,2439.0,2439.0,32.0,32.0,6.6,6.6,-2.82,-2.82,6.01,6.01,cube67_cluster2,6,1.7534200475211694,CU,83.11739876493539,-8.352412707608828,-11.699528597119054,cube66_cluster0;cube73_cluster0;cube74_cluster0,3
2025-09-15,680694,680694,695657,CWS,BAL,3,2,0,1,FF,FF,R,R,S,,94.6,94.6,0.17,0.17,1.4,1.4,2483.0,2483.0,194.0,194.0,6.5,6.5,-0.78,-0.78,6.49,6.49,cube22_cluster0,44,1.7922413440062719,FC,88.82845332305666,-1.3474977477043035,9.056608779489569,cube12_cluster0;cube13_cluster0;cube22_cluster0;cube23_cluster0,4
2025-09-15,669461,669461,663886,STL,CIN,4,1,0,0,FF,FF,L,L,S,,93.4,93.4,0.43,-0.43,1.37,1.37,2094.0,2094.0,149.0,211.0,6.4,6.4,0.62,-0.62,6.58,6.58,cube3_cluster0,268,1.930106507960105,CH,89.73428321085365,11.536857891248982,10.613841731058852,cube12_cluster0;cube3_cluster0,2
2025-09-15,686218,686218,669016,LAD,PHI,4,0,2,2,CH,CH,R,R,X,Brandon Marsh pops out to second baseman Miguel Rojas.,83.8,83.8,-0.79,-0.79,0.6,0.6,933.0,933.0,259.0,259.0,6.6,6.6,-1.2,-1.2,5.4,5.4,cube13_cluster1,3,2.1367597188161036,FS,84.2318346010472,7.0387863377694,1.0515447129672841,cube12_cluster0;cube3_cluster0,2
2025-09-15,607074,607074,668885,MIN,NYY,3,1,1,0,FF,FF,L,L,S,,93.1,93.1,0.98,-0.98,1.45,1.45,2278.0,2278.0,142.0,218.0,6.4,6.4,1.96,-1.96,6.35,6.35,cube4_cluster0,983,1.2540731915338457,FF,92.73799323851703,11.87678282989603,11.880818729937886,cube4_cluster0,1
2025-09-15,592791,592791,687462,PIT,CHC,3,2,1,2,FF,FF,R,R,X,Spencer Horwitz flies out to center fielder Pete Crow-Armstrong.,93.0,93.0,-0.49,-0.49,1.58,1.58,2360.0,2360.0,209.0,209.0,6.8,6.8,-1.06,-1.06,6.13,6.13,cube4_cluster0,983,1.8392775452253938,FF,92.73799323851703,11.87678282989603,11.880818729937886,cube13_cluster0;cube4_cluster0,2
2025-09-15,624133,624133,669743,LAD,PHI,4,0,0,1,CU,CU,L,L,S,,74.4,74.4,-0.82,0.82,-0.66,-0.66,1966.0,1966.0,302.0,58.0,6.2,6.2,2.03,-2.03,5.65,5.65,cube72_cluster1,4,0.8950537169444736,CU,73.14815617664787,-13.649330552782773,-9.00283815300432,cube66_cluster0;cube72_cluster1;cube73_cluster0,3
2025-09-15,683004,683004,572233,HOU,TEX,4,0,0,0,FF,FF,R,R,X,"Christian Walker grounds out, shortstop Josh Smith to first baseman Jake Burger.",96.2,96.2,-0.94,-0.94,1.52,1.52,2433.0,2433.0,210.0,210.0,6.9,6.9,-1.14,-1.14,5.62,5.62,cube4_cluster0,983,1.822514748054377,FF,92.73799323851703,11.87678282989603,11.880818729937886,cube4_cluster0;cube5_cluster0,2
2025-09-15,669920,669920,669701,HOU,TEX,4,0,3,2,SI,SI,R,R,S,Josh Smith called out on strikes.,91.6,91.6,-1.28,-1.28,0.3,0.3,2068.0,2068.0,245.0,245.0,6.4,6.4,-1.48,-1.48,5.68,5.68,cube13_cluster0,1173,1.2293412011685416,FF,91.32597348809763,10.933560927718538,9.887490835989844,cube13_cluster0,1
2025-09-15,641793,641793,671056,STL,CIN,4,0,3,2,SL,SL,R,R,S,,86.9,86.9,0.08,0.08,0.7,0.7,2283.0,2283.0,196.0,196.0,6.1,6.1,-0.69,-0.69,6.26,6.26,cube22_cluster0,44,0.9855842747050518,FC,88.82845332305666,-1.3474977477043035,9.056608779489569,cube22_cluster0,1
2025-09-15,677952,677952,694208,PIT,CHC,3,1,0,0,CU,CU,R,R,B,,85.1,85.1,0.23,0.23,-0.92,-0.92,2658.0,2658.0,26.0,26.0,6.4,6.4,-0.91,-0.91,6.32,6.32,cube72_cluster0,77,1.511223151837384,CU,78.89146033796635,-9.531561177600954,-10.534460563196083,cube65_cluster0;cube66_cluster0,2
2025-09-15,702056,702056,691406,TB,TOR,3,2,0,0,FF,FF,R,R,B,,93.6,93.6,-0.39,-0.39,1.77,1.77,2384.0,2384.0,199.0,199.0,6.3,6.3,-0.39,-0.39,6.92,6.92,cube22_cluster0,44,2.6722322611703504,FC,88.82845332305666,-1.3474977477043035,9.056608779489569,cube12_cluster0;cube3_cluster0,2
2025-09-15,624133,624133,669743,LAD,PHI,4,0,0,0,SI,SI,L,L,S,,91.2,91.2,1.18,-1.18,0.27,0.27,1806.0,1806.0,132.0,228.0,6.2,6.2,2.32,-2.32,5.55,5.55,cube23_cluster1,15,1.2492323807348635,CH,87.14244152758266,13.779793742871872,-2.1495322200021145,cube13_cluster0;cube4_cluster0,2
2025-09-15,683004,683004,514888,HOU,TEX,3,2,1,0,SL,SL,R,R,X,Jose Altuve pops out to second baseman Dylan Moore.,87.7,87.7,0.36,0.36,0.06,0.06,2711.0,2711.0,79.0,79.0,6.8,6.8,-1.35,-1.35,5.71,5.71,cube58_cluster0,194,1.3112976004826198,SL,84.5104961347656,-6.359862250696315,0.3949475543105161,cube58_cluster0,1
2025-09-15,592791,592791,687462,PIT,CHC,3,2,1,2,CH,CH,R,R,S,,82.7,82.7,-1.06,-1.06,0.69,0.69,1924.0,1924.0,226.0,226.0,6.5,6.5,-1.17,-1.17,6.21,6.21,cube12_cluster0,316,1.1043395965481815,CH,89.01009096911115,10.260232782391817,9.292479855944606,cube12_cluster0,1
2025-09-15,677952,677952,664023,PIT,CHC,3,1,0,1,CH,CH,R,R,X,Ian Happ singles on a sharp ground ball to right fielder Bryan Reynolds. Nico Hoerner to 3rd.,91.5,91.5,-1.27,-1.27,0.62,0.62,2043.0,2043.0,223.0,223.0,6.4,6.4,-1.15,-1.15,6.14,6.14,cube3_cluster0,268,0.9002139625984451,CH,89.73428321085365,11.536857891248982,10.613841731058852,cube12_cluster0;cube13_cluster0;cube3_cluster0;cube4_cluster0,4
2025-09-15,702056,702056,664040,TB,TOR,3,1,1,2,FS,FS,R,R,S,Brandon Lowe strikes out swinging.,84.2,84.2,-0.83,-0.83,0.5,0.5,1419.0,1419.0,220.0,220.0,6.2,6.2,-0.51,-0.51,7.08,7.08,cube3_cluster0,268,2.6446099720308784,CH,89.73428321085365,11.536857891248982,10.613841731058852,,0
2025-09-15,680732,680732,663624,CWS,BAL,4,1,0,0,FF,FF,R,R,B,,93.4,93.4,-0.5,-0.5,1.82,1.82,2565.0,2565.0,199.0,199.0,7.1,7.1,-2.06,-2.06,6.43,6.43,cube4_cluster0,983,2.4942715904994546,FF,92.73799323851703,11.87678282989603,11.880818729937886,cube13_cluster0;cube14_cluster0;cube4_cluster0,3
2025-09-15,675911,675911,605137,WSH,ATL,4,0,0,0,FF,FF,R,R,S,,95.8,95.8,-0.55,-0.55,1.38,1.38,2174.0,2174.0,207.0,207.0,7.1,7.1,-1.51,-1.51,5.9,5.9,cube4_cluster0,983,1.6120687249132695,FF,92.73799323851703,11.87678282989603,11.880818729937886,cube13_cluster0;cube14_cluster0;cube4_cluster0;cube5_cluster0,4
2025-09-15,678024,678024,683002,CWS,BAL,9,2,1,1,SI,SI,R,R,B,,92.8,92.8,-0.94,-0.94,0.56,0.56,2227.0,2227.0,225.0,225.0,5.8,5.8,-1.9,-1.9,5.74,5.74,cube13_cluster0,1173,1.1981142847511947,FF,91.32597348809763,10.933560927718538,9.887490835989844,cube13_cluster0,1
2025-09-15,668678,668678,642715,AZ,SF,3,2,0,2,FF,FF,R,R,B,,93.6,93.6,-0.14,-0.14,1.44,1.44,2179.0,2179.0,198.0,198.0,6.7,6.7,-2.66,-2.66,6.1,6.1,cube23_cluster0,226,1.7636733378197536,FC,89.98051132303166,-0.8288022207088954,9.04754296913982,cube13_cluster0;cube14_cluster0,2
2025-09-15,607074,607074,668885,MIN,NYY,3,1,0,0,FF,FF,L,L,B,,94.2,94.2,1.03,-1.03,1.51,1.51,2386.0,2386.0,142.0,218.0,6.4,6.4,2.12,-2.12,6.28,6.28,cube4_cluster0,983,1.3824692056366001,FF,92.73799323851703,11.87678282989603,11.880818729937886,cube4_cluster0,1
2025-09-15,680730,680730,621566,WSH,ATL,4,0,3,2,CU,CU,L,L,S,,78.7,78.7,-0.16,0.16,-0.35,-0.35,2277.0,2277.0,335.0,25.0,6.8,6.8,1.37,-1.37,6.31,6.31,cube58_cluster2,5,1.3984189274556083,SL,85.46595452823905,-0.04526262806992336,-2.641776233356624,cube58_cluster0;cube65_cluster0;cube66_cluster0,3
2025-09-15,680694,680694,695657,CWS,BAL,3,2,0,0,SI,SI,R,R,S,,94.5,94.5,-0.64,-0.64,1.02,1.02,2229.0,2229.0,194.0,194.0,6.5,6.5,-0.91,-0.91,6.36,6.36,cube22_cluster0,44,1.5646103782625824,FC,88.82845332305666,-1.3474977477043035,9.056608779489569,cube12_cluster0;cube13_cluster0,2
2025-09-15,671212,671212,680718,TB,TOR,4,1,0,0,FF,FF,R,R,B,,97.3,97.3,-0.32,-0.32,0.92,0.92,2614.0,2614.0,210.0,210.0,6.4,6.4,-1.17,-1.17,5.8,5.8,cube23_cluster0,226,1.6167475318396185,FC,89.98051132303166,-0.8288022207088954,9.04754296913982,cube13_cluster0;cube14_cluster0;cube23_cluster0,3
2025-09-15,678906,678906,672695,AZ,SF,3,1,2,2,ST,ST,R,R,S,,85.9,85.9,1.51,1.51,0.21,0.21,2808.0,2808.0,61.0,61.0,6.4,6.4,-2.36,-2.36,5.43,5.43,cube67_cluster0,152,0.9195527493903985,ST,83.21108910576972,-12.188986866329156,0.17080679660382098,cube66_cluster0;cube67_cluster0;cube73_cluster0;cube74_cluster0,4
2025-09-15,669461,669461,701398,STL,CIN,4,0,0,0,SL,SL,L,L,X,Sal Stewart flies out sharply to left fielder Alec Burleson.,84.1,84.1,-0.49,0.49,0.08,0.08,2635.0,2635.0,274.0,86.0,6.2,6.2,0.65,-0.65,6.53,6.53,cube50_cluster0,16,1.3991056385042169,SL,84.90007193384722,-3.20169019761113,0.4617852580480657,cube57_cluster0,1
2025-09-15,641793,641793,671056,STL,CIN,4,0,2,2,SI,SI,R,R,B,,90.7,90.7,-1.25,-1.25,1.05,1.05,2048.0,2048.0,215.0,215.0,6.3,6.3,-0.8,-0.8,6.0,6.0,cube3_cluster0,268,1.1539460961124295,CH,89.73428321085365,11.536857891248982,10.613841731058852,cube3_cluster0;cube4_cluster0,2
2025-09-15,669920,669920,669701,HOU,TEX,4,0,2,2,CH,CH,R,R,B,,80.3,80.3,-1.16,-1.16,0.06,0.06,1538.0,1538.0,270.0,270.0,6.5,6.5,-1.46,-1.46,5.64,5.64,cube23_cluster1,15,1.7513171225857944,CH,87.14244152758266,13.779793742871872,-2.1495322200021145,cube12_cluster0;cube13_cluster0,2
2025-09-15,686218,686218,669016,LAD,PHI,4,0,1,2,SL,SL,R,R,B,,87.3,87.3,0.0,0.0,0.12,0.12,2440.0,2440.0,175.0,175.0,6.6,6.6,-1.06,-1.06,5.26,5.26,cube43_cluster0,144,1.7418164078190332,SL,87.05264300971788,-4.004743073818654,3.6350863620861684,cube33_cluster0;cube34_cluster0,2
2025-09-15,680573,680573,641355,MIN,NYY,3,2,0,0,FS,FS,R,R,S,,87.0,87.0,-0.84,-0.84,0.85,0.85,1157.0,1157.0,214.0,214.0,7.0,7.0,-1.49,-1.49,6.2,6.2,cube13_cluster1,3,1.6925750049247652,FS,84.2318346010472,7.0387863377694,1.0515447129672841,cube3_cluster0;cube4_cluster0,2
2025-09-15,641793,641793,671056,STL,CIN,4,0,2,1,SL,SL,R,R,S,,86.6,86.6,0.01,0.01,0.68,0.68,2328.0,2328.0,190.0,190.0,6.1,6.1,-0.71,-0.71,6.36,6.36,cube22_cluster0,44,1.0698177766560595,FC,88.82845332305666,-1.3474977477043035,9.056608779489569,cube22_cluster0,1
2025-09-15,686218,686218,669016,LAD,PHI,4,0,1,1,FF,FF,R,R,S,,95.3,95.3,-0.96,-0.96,1.51,1.51,2435.0,2435.0,212.0,212.0,6.7,6.7,-1.04,-1.04,5.39,5.39,cube4_cluster0,983,1.8998598165876985,FF,92.73799323851703,11.87678282989603,11.880818729937886,cube4_cluster0;cube5_cluster0,2
2025-09-15,680694,680694,672820,CWS,BAL,3,1,2,2,SI,SI,R,R,S,Lenyn Sosa strikes out swinging.,94.9,94.9,-0.83,-0.83,1.06,1.06,2197.0,2197.0,187.0,187.0,6.5,6.5,-0.74,-0.74,6.44,6.44,cube3_cluster0,268,1.8922814340805205,CH,89.73428321085365,11.536857891248982,10.613841731058852,cube12_cluster0;cube13_cluster0;cube3_cluster0;cube4_cluster0,4
2025-09-15,678024,678024,683002,CWS,BAL,9,2,1,0,SI,SI,R,R,S,,94.2,94.2,-0.99,-0.99,0.49,0.49,2130.0,2130.0,225.0,225.0,6.3,6.3,-1.7,-1.7,5.77,5.77,cube13_cluster0,1173,0.6929143173159373,FF,91.32597348809763,10.933560927718538,9.887490835989844,cube13_cluster0,1
2025-09-15,702056,702056,664040,TB,TOR,3,1,1,1,FS,FS,R,R,S,,82.7,82.7,-1.18,-1.18,0.27,0.27,1548.0,1548.0,214.0,214.0,6.2,6.2,-0.4,-0.4,7.17,7.17,cube3_cluster0,268,2.8986849285346996,CH,89.73428321085365,11.536857891248982,10.613841731058852,,0
2025-09-15,668678,668678,642715,AZ,SF,3,2,0,1,FF,FF,R,R,S,,92.6,92.6,0.02,0.02,1.41,1.41,2205.0,2205.0,203.0,203.0,6.5,6.5,-2.65,-2.65,6.15,6.15,cube23_cluster0,226,1.615751150069303,FC,89.98051132303166,-0.8288022207088954,9.04754296913982,cube13_cluster0,1
2025-09-15,683004,683004,514888,HOU,TEX,3,2,0,0,FF,FF,R,R,B,,97.4,97.4,-0.89,-0.89,1.23,1.23,2431.0,2431.0,216.0,216.0,6.6,6.6,-1.07,-1.07,5.63,5.63,cube4_cluster0,983,1.5580093017098249,FF,92.73799323851703,11.87678282989603,11.880818729937886,cube13_cluster0;cube14_cluster0;cube4_cluster0;cube5_cluster0,4
2025-09-15,680732,680732,641933,CWS,BAL,4,0,0,0,FF,FF,R,R,X,"Tyler O'Neill grounds out, shortstop Colson Montgomery to first baseman Lenyn Sosa.",93.5,93.5,-0.36,-0.36,1.63,1.63,2591.0,2591.0,202.0,202.0,7.3,7.3,-2.12,-2.12,6.35,6.35,cube15_cluster1,11,2.442306345294046,FF,95.07044777791452,10.01799709211646,12.914228470751997,cube13_cluster0;cube14_cluster0,2
2025-09-15,675911,675911,695578,WSH,ATL,3,2,2,1,FF,FF,R,R,X,"James Wood grounds out, second baseman Ozzie Albies to first baseman Matt Olson.",95.5,95.5,-0.78,-0.78,1.46,1.46,2254.0,2254.0,213.0,213.0,6.8,6.8,-1.78,-1.78,5.9,5.9,cube4_cluster0,983,1.1367571503287346,FF,92.73799323851703,11.87678282989603,11.880818729937886,cube4_cluster0;cube5_cluster0,2
2025-09-15,680573,680573,592450,MIN,NYY,3,1,0,1,SL,SL,R,R,X,Aaron Judge lines out to right fielder Matt Wallner.,86.1,86.1,0.85,0.85,0.34,0.34,2381.0,2381.0,166.0,166.0,6.7,6.7,-1.32,-1.32,6.36,6.36,cube42_cluster0,32,1.345698332455366,SL,85.72870188950071,-3.7562483156713657,3.37869518789043,cube42_cluster0;cube43_cluster0,2
2025-09-15,669920,669920,669701,HOU,TEX,4,0,1,2,CH,CH,R,R,B,,80.8,80.8,-1.48,-1.48,0.04,0.04,1802.0,1802.0,269.0,269.0,6.6,6.6,-1.45,-1.45,5.6,5.6,cube23_cluster1,15,1.7117285933948876,CH,87.14244152758266,13.779793742871872,-2.1495322200021145,cube13_cluster0,1
2025-09-15,624133,624133,518692,LAD,PHI,4,0,1,0,SL,SL,L,L,X,Freddie Freeman singles on a line drive to right fielder Max Kepler.,81.0,81.0,-0.61,0.61,0.53,0.53,2216.0,2216.0,257.0,103.0,6.1,6.1,2.23,-2.23,5.58,5.58,cube52_cluster0,25,1.465431952696524,SL,87.17795916965139,-4.451177468094217,2.170340230630463,,0
2025-09-15,607074,607074,621439,MIN,NYY,3,0,2,2,FF,FF,L,L,S,Byron Buxton strikes out swinging.,93.6,93.6,0.76,-0.76,1.48,1.48,2280.0,2280.0,141.0,219.0,6.0,6.0,1.95,-1.95,6.4,6.4,cube4_cluster0,983,1.5822883951986946,FF,92.73799323851703,11.87678282989603,11.880818729937886,cube3_cluster0;cube4_cluster0,2
2025-09-15,680730,680730,621566,WSH,ATL,4,0,3,2,FF,FF,L,L,S,,92.4,92.4,0.45,-0.45,1.65,1.65,2205.0,2205.0,167.0,193.0,6.9,6.9,0.94,-0.94,6.46,6.46,cube22_cluster0,44,2.2660964540973025,FC,88.82845332305666,-1.3474977477043035,9.056608779489569,cube12_cluster0;cube13_cluster0;cube3_cluster0;cube4_cluster0,4
2025-09-15,592791,592791,687462,PIT,CHC,3,2,1,1,CH,CH,R,R,S,,84.1,84.1,-1.08,-1.08,0.54,0.54,1980.0,1980.0,230.0,230.0,6.6,6.6,-1.1,-1.1,6.19,6.19,cube12_cluster0,316,1.231345433919363,CH,89.01009096911115,10.260232782391817,9.292479855944606,cube12_cluster0;cube13_cluster0,2
2025-09-15,678906,678906,672695,AZ,SF,3,1,2,2,ST,ST,R,R,S,,86.2,86.2,1.6,1.6,0.05,0.05,2836.0,2836.0,57.0,57.0,6.5,6.5,-2.33,-2.33,5.36,5.36,cube67_cluster0,152,0.9963047336170789,ST,83.21108910576972,-12.188986866329156,0.17080679660382098,cube67_cluster0;cube74_cluster0,2
2025-09-15,677952,677952,664023,PIT,CHC,3,1,0,0,SI,SI,R,R,S,,95.7,95.7,-1.21,-1.21,0.81,0.81,2490.0,2490.0,212.0,212.0,6.3,6.3,-1.0,-1.0,6.23,6.23,cube4_cluster0,983,1.7260563986070312,FF,92.73799323851703,11.87678282989603,11.880818729937886,cube13_cluster0;cube4_cluster0,2
2025-09-15,671212,671212,665489,TB,TOR,4,0,1,2,FF,FF,R,R,X,"Vladimir Guerrero Jr. grounds out, pitcher Joe Boyle to first baseman Yandy Díaz.",98.5,98.5,-0.51,-0.51,1.02,1.02,2553.0,2553.0,221.0,221.0,6.4,6.4,-1.04,-1.04,5.8,5.8,cube4_cluster0,983,1.7525354922446998,FF,92.73799323851703,11.87678282989603,11.880818729937886,cube13_cluster0;cube14_cluster0,2
2025-09-15,669461,669461,669720,STL,CIN,3,2,1,2,CU,CU,L,L,S,Austin Hays strikes out swinging.,79.3,79.3,-0.71,0.71,-1.55,-1.55,2995.0,2995.0,328.0,32.0,6.3,6.3,0.49,-0.49,6.57,6.57,cube77_cluster0,15,1.5430346541233715,CU,78.06982973839553,-10.373560444574672,-15.067035103894916,,0
2025-09-15,680730,680730,621566,WSH,ATL,4,0,2,2,FF,FF,L,L,B,,94.1,94.1,0.44,-0.44,1.68,1.68,2222.0,2222.0,166.0,194.0,7.0,7.0,0.98,-0.98,6.4,6.4,cube4_cluster0,983,2.358951802984616,FF,92.73799323851703,11.87678282989603,11.880818729937886,cube13_cluster0;cube4_cluster0,2
2025-09-15,675911,675911,695578,WSH,ATL,3,2,1,1,CH,CH,R,R,B,,86.3,86.3,-1.5,-1.5,0.41,0.41,2109.0,2109.0,224.0,224.0,7.0,7.0,-1.8,-1.8,5.74,5.74,cube13_cluster0,1173,1.5878576079329392,FF,91.32597348809763,10.933560927718538,9.887490835989844,cube13_cluster0;cube14_cluster0;cube4_cluster0;cube5_cluster0,4
2025-09-15,624133,624133,518692,LAD,PHI,4,0,0,0,SI,SI,L,L,B,,90.3,90.3,1.03,-1.03,0.23,0.23,1916.0,1916.0,129.0,231.0,6.0,6.0,2.38,-2.38,5.48,5.48,cube23_cluster1,15,1.1712347595723018,CH,87.14244152758266,13.779793742871872,-2.1495322200021145,cube13_cluster0,1
2025-09-15,678024,678024,683002,CWS,BAL,9,2,0,0,CU,CU,R,R,B,,81.7,81.7,0.69,0.69,-0.94,-0.94,1823.0,1823.0,30.0,30.0,6.0,6.0,-1.56,-1.56,6.14,6.14,cube65_cluster0,52,1.6632006683677651,CU,80.5172691598637,-7.955497641633661,-5.720742174043808,,0
2025-09-15,686218,686218,669016,LAD,PHI,4,0,1,0,FF,FF,R,R,S,,94.5,94.5,-0.85,-0.85,1.74,1.74,2468.0,2468.0,210.0,210.0,6.6,6.6,-1.09,-1.09,5.5,5.5,cube4_cluster0,983,1.9280047885068219,FF,92.73799323851703,11.87678282989603,11.880818729937886,cube4_cluster0;cube5_cluster0,2
2025-09-15,669461,669461,669720,STL,CIN,3,2,1,1,SL,SL,L,L,S,,84.7,84.7,-0.43,0.43,0.02,0.02,2678.0,2678.0,294.0,66.0,6.3,6.3,0.63,-0.63,6.52,6.52,cube57_cluster0,32,1.5571884840323367,SL,83.65118122149555,-5.010806328553835,-0.8552029953918647,cube57_cluster0,1
2025-09-15,680573,680573,592450,MIN,NYY,3,1,0,0,SL,SL,R,R,S,,84.5,84.5,0.73,0.73,0.18,0.18,2354.0,2354.0,142.0,142.0,6.7,6.7,-1.51,-1.51,6.28,6.28,cube43_cluster0,144,1.1814020178725542,SL,87.05264300971788,-4.004743073818654,3.6350863620861684,cube42_cluster0;cube43_cluster0;cube50_cluster0;cube50_cluster1;cube51_cluster0,5
2025-09-15,680732,680732,683002,CWS,BAL,3,2,1,2,FF,FF,R,R,X,Gunnar Henderson grounds out to first baseman Lenyn Sosa.,96.2,96.2,-0.28,-0.28,1.38,1.38,2542.0,2542.0,201.0,201.0,7.2,7.2,-2.12,-2.12,6.25,6.25,cube15_cluster1,11,2.1949693537107815,FF,95.07044777791452,10.01799709211646,12.914228470751997,cube14_cluster0,1
2025-09-15,607074,607074,621439,MIN,NYY,3,0,2,2,SL,SL,L,L,S,,87.2,87.2,-0.59,0.59,-0.38,-0.38,2596.0,2596.0,267.0,93.0,5.9,5.9,2.42,-2.42,6.25,6.25,cube59_cluster3,4,1.6999734539286082,SL,85.12251530257362,-5.961374472524924,0.02102759100394158,cube58_cluster0;cube66_cluster0,2
2025-09-15,668678,668678,642715,AZ,SF,3,2,0,0,FF,FF,R,R,S,,94.1,94.1,-0.04,-0.04,1.58,1.58,2107.0,2107.0,199.0,199.0,6.7,6.7,-2.66,-2.66,6.06,6.06,cube23_cluster0,226,1.9090402099083497,FC,89.98051132303166,-0.8288022207088954,9.04754296913982,cube13_cluster0;cube14_cluster0;cube4_cluster0;cube5_cluster0,4
2025-09-15,680694,680694,672820,CWS,BAL,3,1,1,2,SL,SL,R,R,B,,88.1,88.1,0.9,0.9,-0.11,-0.11,2616.0,2616.0,48.0,48.0,6.6,6.6,-0.99,-0.99,6.27,6.27,cube65_cluster0,52,1.5347799733172423,CU,80.5172691598637,-7.955497641633661,-5.720742174043808,,0
2025-09-15,677952,677952,663538,PIT,CHC,3,1,1,2,SL,SL,R,R,X,Nico Hoerner singles on a ground ball to center fielder Jack Suwinski.,91.2,91.2,0.4,0.4,0.29,0.29,2575.0,2575.0,183.0,183.0,6.4,6.4,-0.66,-0.66,6.55,6.55,cube42_cluster1,3,1.093211995772182,FC,87.63142706302794,-5.957348927875244,5.6153508771929825,cube32_cluster0;cube33_cluster0,2
2025-09-15,702056,702056,664040,TB,TOR,3,1,1,0,FF,FF,R,R,S,,94.5,94.5,-0.41,-0.41,1.66,1.66,2226.0,2226.0,196.0,196.0,6.4,6.4,-0.43,-0.43,6.94,6.94,cube22_cluster0,44,2.6297234475088698,FC,88.82845332305666,-1.3474977477043035,9.056608779489569,cube12_cluster0;cube3_cluster0,2
2025-09-15,678906,678906,672695,AZ,SF,3,1,1,2,CH,CH,R,R,B,,87.8,87.8,-1.23,-1.23,0.69,0.69,1818.0,1818.0,239.0,239.0,6.5,6.5,-2.28,-2.28,5.39,5.39,cube14_cluster0,644,1.1837681753554898,FF,92.67733037261901,12.017251018938115,9.608444861229,cube13_cluster0;cube14_cluster0;cube4_cluster0;cube5_cluster0,4
2025-09-15,683004,683004,621043,HOU,TEX,3,1,0,0,SI,SI,R,R,X,"Carlos Correa grounds out, shortstop Josh Smith to first baseman Jake Burger.",98.0,98.0,-1.53,-1.53,0.96,0.96,2494.0,2494.0,209.0,209.0,6.9,6.9,-1.1,-1.1,5.56,5.56,cube5_cluster0,516,1.9107638723870375,FF,94.26601183041208,12.58960465467938,11.873748452415477,cube5_cluster0,1
2025-09-15,641793,641793,671056,STL,CIN,4,0,1,1,FS,FS,R,R,B,,81.7,81.7,-0.68,-0.68,0.33,0.33,965.0,965.0,247.0,247.0,6.1,6.1,-0.72,-0.72,6.18,6.18,cube13_cluster1,3,2.643056204358783,FS,84.2318346010472,7.0387863377694,1.0515447129672841,cube12_cluster0,1
2025-09-15,592791,592791,687462,PIT,CHC,3,2,0,1,CH,CH,R,R,B,,84.9,84.9,-1.01,-1.01,0.5,0.5,1908.0,1908.0,230.0,230.0,6.8,6.8,-1.21,-1.21,6.13,6.13,cube12_cluster0,316,1.3836962814395526,CH,89.01009096911115,10.260232782391817,9.292479855944606,cube12_cluster0;cube13_cluster0,2
2025-09-15,669920,669920,669701,HOU,TEX,4,0,0,2,FF,FF,R,R,B,,91.6,91.6,-1.29,-1.29,0.98,0.98,2279.0,2279.0,237.0,237.0,6.1,6.1,-1.45,-1.45,5.95,5.95,cube4_cluster0,983,1.0662688827220128,FF,92.73799323851703,11.87678282989603,11.880818729937886,cube13_cluster0;cube4_cluster0,2
2025-09-15,671212,671212,665489,TB,TOR,4,0,1,2,SL,SL,R,R,S,,92.4,92.4,0.28,0.28,0.23,0.23,2676.0,2676.0,154.0,154.0,6.4,6.4,-0.81,-0.81,5.86,5.86,cube43_cluster0,144,1.5038933751038577,SL,87.05264300971788,-4.004743073818654,3.6350863620861684,cube43_cluster0,1
2025-09-15,678906,678906,672695,AZ,SF,3,1,1,1,ST,ST,R,R,S,,83.6,83.6,1.08,1.08,-0.1,-0.1,2666.0,2666.0,63.0,63.0,6.3,6.3,-2.38,-2.38,5.39,5.39,cube67_cluster0,152,0.508632979939931,ST,83.21108910576972,-12.188986866329156,0.17080679660382098,cube66_cluster0;cube67_cluster0,2
2025-09-15,624133,624133,606192,LAD,PHI,3,2,2,2,SI,SI,L,L,S,Teoscar Hernández called out on strikes.,91.5,91.5,1.21,-1.21,0.56,0.56,1881.0,1881.0,139.0,221.0,6.2,6.2,2.12,-2.12,5.71,5.71,cube13_cluster0,1173,0.8571375684146401,FF,91.32597348809763,10.933560927718538,9.887490835989844,cube13_cluster0;cube4_cluster0,2
2025-09-15,680573,680573,663757,MIN,NYY,3,1,3,1,FF,FF,R,R,B,Trent Grisham walks.,93.6,93.6,-0.57,-0.57,1.47,1.47,2277.0,2277.0,199.0,199.0,6.9,6.9,-1.3,-1.3,6.29,6.29,cube4_cluster0,983,1.7895030537381615,FF,92.73799323851703,11.87678282989603,11.880818729937886,cube13_cluster0;cube4_cluster0,2
2025-09-15,675911,675911,695578,WSH,ATL,3,2,0,1,CU,CU,R,R,B,,77.8,77.8,1.06,1.06,-0.39,-0.39,2746.0,2746.0,59.0,59.0,6.7,6.7,-1.83,-1.83,5.97,5.97,cube73_cluster0,327,1.0314350989125047,CU,80.47699441108988,-11.55224395022119,-8.074074661318553,cube73_cluster0,1
2025-09-15,669920,669920,669701,HOU,TEX,4,0,0,1,SI,SI,R,R,S,,90.8,90.8,-1.27,-1.27,0.44,0.44,2109.0,2109.0,247.0,247.0,6.2,6.2,-1.86,-1.86,5.59,5.59,cube13_cluster0,1173,1.0828079876981245,FF,91.32597348809763,10.933560927718538,9.887490835989844,cube13_cluster0,1
2025-09-15,683004,683004,805904,HOU,TEX,3,0,1,2,FF,FF,R,R,X,"Zach Cole grounds out, shortstop Josh Smith to first baseman Jake Burger.",98.0,98.0,-0.96,-0.96,1.42,1.42,2407.0,2407.0,219.0,219.0,6.7,6.7,-1.14,-1.14,5.59,5.59,cube4_cluster0,983,1.6440421101827605,FF,92.73799323851703,11.87678282989603,11.880818729937886,cube4_cluster0;cube5_cluster0,2
2025-09-15,678024,678024,669236,CWS,BAL,9,0,0,1,ST,ST,R,R,X,"Jeremiah Jackson grounds into a double play, third baseman Curtis Mead to second baseman Chase Meidroth to first baseman Lenyn Sosa. Jackson Holliday out at 2nd. Jeremiah Jackson out at 1st.",81.0,81.0,1.54,1.54,-0.26,-0.26,2372.0,2372.0,51.0,51.0,6.5,6.5,-1.74,-1.74,5.8,5.8,cube66_cluster0,381,1.0446995629625986,ST,82.47698152646831,-10.124080234445362,-2.88332382968971,cube66_cluster0;cube73_cluster0,2
2025-09-15,641793,641793,671056,STL,CIN,4,0,1,0,FS,FS,R,R,S,,82.2,82.2,-1.16,-1.16,0.2,0.2,1270.0,1270.0,234.0,234.0,6.1,6.1,-0.64,-0.64,6.21,6.21,cube12_cluster0,316,2.24627166289789,CH,89.01009096911115,10.260232782391817,9.292479855944606,cube12_cluster0;cube3_cluster0,2
2025-09-15,680694,680694,672820,CWS,BAL,3,1,1,1,SL,SL,R,R,S,,86.5,86.5,1.07,1.07,-0.04,-0.04,2532.0,2532.0,59.0,59.0,6.5,6.5,-1.13,-1.13,6.34,6.34,cube57_cluster0,32,1.2954911250724526,SL,83.65118122149555,-5.010806328553835,-0.8552029953918647,,0
2025-09-15,607074,607074,621439,MIN,NYY,3,0,2,1,FF,FF,L,L,S,,95.5,95.5,1.22,-1.22,1.24,1.24,2399.0,2399.0,140.0,220.0,6.3,6.3,2.14,-2.14,6.38,6.38,cube4_cluster0,983,1.4424783918110664,FF,92.73799323851703,11.87678282989603,11.880818729937886,cube4_cluster0,1
2025-09-15,702056,702056,664040,TB,TOR,3,1,0,0,FF,FF,R,R,B,,93.7,93.7,-0.43,-0.43,1.52,1.52,2208.0,2208.0,198.0,198.0,6.3,6.3,-0.47,-0.47,6.91,6.91,cube22_cluster0,44,2.4220422566351525,FC,88.82845332305666,-1.3474977477043035,9.056608779489569,cube12_cluster0;cube3_cluster0,2
2025-09-15,668678,668678,808982,AZ,SF,3,2,3,0,FF,FF,R,R,B,Jung Hoo Lee walks.,94.1,94.1,-0.25,-0.25,1.28,1.28,2128.0,2128.0,203.0,203.0,6.5,6.5,-3.01,-3.01,5.96,5.96,cube24_cluster0,111,1.7374514331594286,FC,90.39472309229976,-0.35116486760382487,8.906212304019572,cube13_cluster0;cube14_cluster0,2
2025-09-15,680730,680730,621566,WSH,ATL,4,0,2,1,FF,FF,L,L,S,,92.0,92.0,0.56,-0.56,1.56,1.56,2115.0,2115.0,167.0,193.0,6.8,6.8,1.28,-1.28,6.41,6.41,cube4_cluster0,983,1.9077083912603583,FF,92.73799323851703,11.87678282989603,11.880818729937886,cube12_cluster0;cube13_cluster0;cube3_cluster0;cube4_cluster0,4
2025-09-15,671212,671212,665489,TB,TOR,4,0,1,1,FS,FS,R,R,S,,92.7,92.7,-1.32,-1.32,0.3,0.3,1908.0,1908.0,242.0,242.0,6.4,6.4,-0.9,-0.9,5.88,5.88,cube12_cluster0,316,1.4760158528554226,CH,89.01009096911115,10.260232782391817,9.292479855944606,cube13_cluster0;cube4_cluster0,2
2025-09-15,677952,677952,663538,PIT,CHC,3,1,1,1,CU,CU,R,R,S,,84.4,84.4,0.43,0.43,-1.03,-1.03,2453.0,2453.0,29.0,29.0,6.0,6.0,-0.81,-0.81,6.51,6.51,cube72_cluster0,77,1.4927393017685786,CU,78.89146033796635,-9.531561177600954,-10.534460563196083,cube65_cluster0;cube72_cluster0,2
2025-09-15,592791,592791,687462,PIT,CHC,3,2,0,0,FF,FF,R,R,S,,92.4,92.4,-0.53,-0.53,1.48,1.48,2365.0,2365.0,207.0,207.0,6.8,6.8,-1.28,-1.28,6.06,6.06,cube4_cluster0,983,1.5783122652948651,FF,92.73799323851703,11.87678282989603,11.880818729937886,cube13_cluster0;cube4_cluster0,2
2025-09-15,669461,669461,669720,STL,CIN,3,2,0,1,SL,SL,L,L,B,,87.6,87.6,-0.27,0.27,0.33,0.33,2674.0,2674.0,173.0,187.0,6.3,6.3,0.71,-0.71,6.47,6.47,cube42_cluster1,3,1.1705331368702,FC,87.63142706302794,-5.957348927875244,5.6153508771929825,cube32_cluster0;cube33_cluster0,2
2025-09-15,686218,686218,669016,LAD,PHI,4,0,0,0,CU,CU,R,R,B,,75.1,75.1,0.9,0.9,-1.27,-1.27,2626.0,2626.0,34.0,34.0,6.5,6.5,-0.89,-0.89,5.6,5.6,cube78_cluster0,39,1.4344423474201227,CU,78.25681411814729,-11.338603080771456,-13.991335793358099,cube73_cluster0;cube78_cluster0,2
2025-09-15,680732,680732,683002,CWS,BAL,3,2,1,1,KC,KC,R,R,S,,82.8,82.8,0.3,0.3,-1.33,-1.33,2634.0,2634.0,25.0,25.0,7.2,7.2,-2.29,-2.29,6.2,6.2,cube67_cluster2,6,1.6500111548090872,CU,83.11739876493539,-8.352412707608828,-11.699528597119054,cube73_cluster0;cube74_cluster0,2
2025-09-15,702056,702056,650490,TB,TOR,3,1,3,1,FF,FF,R,R,B,Yandy Díaz walks.,94.0,94.0,-0.2,-0.2,1.78,1.78,2347.0,2347.0,193.0,193.0,6.0,6.0,-0.39,-0.39,7.09,7.09,cube42_cluster1,3,2.7572401395875143,FC,87.63142706302794,-5.957348927875244,5.6153508771929825,cube12_cluster0;cube3_cluster0,2
2025-09-15,607074,607074,621439,MIN,NYY,3,0,1,1,CH,CH,L,L,B,,86.8,86.8,1.11,-1.11,0.28,0.28,1799.0,1799.0,130.0,230.0,6.3,6.3,2.26,-2.26,6.12,6.12,cube12_cluster0,316,1.420806083434402,CH,89.01009096911115,10.260232782391817,9.292479855944606,cube12_cluster0;cube13_cluster0,2
2025-09-15,669461,669461,669720,STL,CIN,3,2,0,0,FC,FC,L,L,S,,90.9,90.9,-0.15,0.15,1.11,1.11,2482.0,2482.0,154.0,206.0,6.3,6.3,0.57,-0.57,6.56,6.56,cube22_cluster0,44,1.6138926021688749,FC,88.82845332305666,-1.3474977477043035,9.056608779489569,cube12_cluster0;cube22_cluster0,2
2025-09-15,624133,624133,606192,LAD,PHI,3,2,2,2,CH,CH,L,L,S,,79.5,79.5,0.91,-0.91,0.1,0.1,1066.0,1066.0,118.0,242.0,6.3,6.3,2.24,-2.24,5.52,5.52,cube13_cluster1,3,1.8770558311460708,FS,84.2318346010472,7.0387863377694,1.0515447129672841,cube12_cluster0;cube13_cluster0,2
2025-09-15,680732,680732,683002,CWS,BAL,3,2,1,0,FF,FF,R,R,S,,95.0,95.0,-0.55,-0.55,1.51,1.51,2636.0,2636.0,201.0,201.0,7.3,7.3,-2.27,-2.27,6.23,6.23,cube15_cluster1,11,2.1610932449693028,FF,95.07044777791452,10.01799709211646,12.914228470751997,cube14_cluster0,1
2025-09-15,669920,669920,669701,HOU,TEX,4,0,0,0,ST,ST,R,R,S,,78.5,78.5,1.15,1.15,-0.19,-0.19,2553.0,2553.0,63.0,63.0,6.0,6.0,-2.02,-2.02,5.5,5.5,cube65_cluster1,5,0.9607422377473753,ST,79.83113104371454,-13.87824519299928,1.6911752817070245,cube66_cluster0;cube73_cluster0,2
2025-09-15,686218,686218,592663,LAD,PHI,3,2,2,1,SL,SL,R,R,X,"J.T. Realmuto grounds into a force out, third baseman Max Muncy to second baseman Miguel Rojas. Harrison Bader out at 2nd.",87.1,87.1,0.09,0.09,0.42,0.42,2294.0,2294.0,195.0,195.0,6.6,6.6,-1.19,-1.19,5.38,5.38,cube33_cluster0,169,1.4825486212262715,FC,88.23401695598267,-3.1239005241649638,6.236802891040705,cube23_cluster0;cube33_cluster0,2
2025-09-15,671212,671212,665489,TB,TOR,4,0,0,1,FS,FS,R,R,B,,93.0,93.0,-1.25,-1.25,0.07,0.07,1975.0,1975.0,239.0,239.0,6.7,6.7,-1.0,-1.0,5.77,5.77,cube12_cluster0,316,1.8567284070673185,CH,89.01009096911115,10.260232782391817,9.292479855944606,cube13_cluster0,1
2025-09-15,680573,680573,663757,MIN,NYY,3,1,2,1,FS,FS,R,R,B,,87.2,87.2,-1.06,-1.06,1.0,1.0,1279.0,1279.0,216.0,216.0,7.1,7.1,-1.23,-1.23,6.28,6.28,cube13_cluster1,3,2.166586522618495,FS,84.2318346010472,7.0387863377694,1.0515447129672841,cube3_cluster0;cube4_cluster0,2
2025-09-15,677952,677952,663538,PIT,CHC,3,1,0,1,CU,CU,R,R,B,,85.1,85.1,-0.04,-0.04,-1.0,-1.0,2635.0,2635.0,23.0,23.0,6.3,6.3,-0.62,-0.62,6.51,6.51,cube72_cluster0,77,1.9714788831438645,CU,78.89146033796635,-9.531561177600954,-10.534460563196083,cube65_cluster0;cube66_cluster0,2
2025-09-15,641793,641793,671056,STL,CIN,4,0,0,0,ST,ST,R,R,B,,77.3,77.3,0.64,0.64,-0.79,-0.79,2058.0,2058.0,29.0,29.0,6.1,6.1,-0.85,-0.85,6.25,6.25,cube65_cluster0,52,1.36181474434813,CU,80.5172691598637,-7.955497641633661,-5.720742174043808,cube65_cluster0,1
2025-09-15,678906,678906,672695,AZ,SF,3,1,0,1,FF,FF,R,R,B,,94.0,94.0,-0.46,-0.46,1.09,1.09,2575.0,2575.0,221.0,221.0,6.3,6.3,-2.32,-2.32,5.48,5.48,cube24_cluster0,111,1.2111638987473232,FC,90.39472309229976,-0.35116486760382487,8.906212304019572,cube13_cluster0;cube14_cluster0,2
2025-09-15,592791,592791,669707,PIT,CHC,3,2,3,2,FC,FC,R,R,B,Jared Triolo walks.,85.6,85.6,0.56,0.56,0.33,0.33,2699.0,2699.0,143.0,143.0,7.0,7.0,-1.05,-1.05,6.12,6.12,cube43_cluster0,144,1.6231398060016418,SL,87.05264300971788,-4.004743073818654,3.6350863620861684,cube43_cluster0;cube51_cluster0,2
2025-09-15,680694,680694,672820,CWS,BAL,3,1,1,0,SI,SI,R,R,S,,94.3,94.3,-0.78,-0.78,1.19,1.19,2270.0,2270.0,192.0,192.0,6.4,6.4,-0.99,-0.99,6.42,6.42,cube22_cluster0,44,1.6604809947229544,FC,88.82845332305666,-1.3474977477043035,9.056608779489569,cube12_cluster0;cube13_cluster0;cube3_cluster0;cube4_cluster0,4
2025-09-15,680730,680730,621566,WSH,ATL,4,0,2,0,FF,FF,L,L,S,,90.9,90.9,0.65,-0.65,1.49,1.49,1937.0,1937.0,166.0,194.0,7.0,7.0,1.07,-1.07,6.45,6.45,cube3_cluster0,268,2.056380208092557,CH,89.73428321085365,11.536857891248982,10.613841731058852,cube3_cluster0;cube4_cluster0,2
2025-09-15,678024,678024,669236,CWS,BAL,9,0,0,0,ST,ST,R,R,S,,80.5,80.5,1.76,1.76,-0.12,-0.12,2466.0,2466.0,51.0,51.0,6.2,6.2,-1.64,-1.64,5.9,5.9,cube66_cluster0,381,1.2700345682715795,ST,82.47698152646831,-10.124080234445362,-2.88332382968971,cube72_cluster0;cube73_cluster0,2
2025-09-15,675911,675911,695578,WSH,ATL,3,2,0,0,SL,SL,R,R,S,,83.8,83.8,0.32,0.32,0.27,0.27,2346.0,2346.0,153.0,153.0,6.9,6.9,-1.93,-1.93,5.84,5.84,cube44_cluster0,35,1.0641715262302558,SL,87.43039514356485,-4.560198707426779,3.7204129901025347,cube43_cluster0,1
2025-09-15,683004,683004,805904,HOU,TEX,3,0,0,2,CH,CH,R,R,B,,93.6,93.6,-1.21,-1.21,0.69,0.69,1546.0,1546.0,229.0,229.0,6.4,6.4,-1.08,-1.08,5.78,5.78,cube3_cluster0,268,1.3138144171657835,CH,89.73428321085365,11.536857891248982,10.613841731058852,cube3_cluster0;cube4_cluster0,2
2025-09-15,668678,668678,808982,AZ,SF,3,2,2,0,FF,FF,R,R,B,,94.7,94.7,-0.3,-0.3,1.53,1.53,2184.0,2184.0,212.0,212.0,6.5,6.5,-3.01,-3.01,5.97,5.97,cube6_cluster3,4,1.7576236157997558,FF,96.83250199133,9.898196859286852,14.591325902230212,cube13_cluster0;cube14_cluster0;cube4_cluster0;cube5_cluster0,4
2025-09-15,592791,592791,669707,PIT,CHC,3,2,3,2,FF,FF,R,R,S,,92.9,92.9,-0.5,-0.5,1.36,1.36,2279.0,2279.0,209.0,209.0,6.8,6.8,-0.94,-0.94,6.14,6.14,cube4_cluster0,983,1.7656064607847786,FF,92.73799323851703,11.87678282989603,11.880818729937886,cube13_cluster0;cube4_cluster0,2
2025-09-15,678906,678906,672695,AZ,SF,3,1,0,0,ST,ST,R,R,S,,83.6,83.6,1.36,1.36,-0.06,-0.06,2715.0,2715.0,58.0,58.0,6.2,6.2,-2.36,-2.36,5.39,5.39,cube67_cluster0,152,0.8023364282929124,ST,83.21108910576972,-12.188986866329156,0.17080679660382098,cube66_cluster0;cube67_cluster0;cube73_cluster0;cube74_cluster0,4
2025-09-15,680732,680732,683002,CWS,BAL,3,2,0,0,CH,CH,R,R,B,,87.8,87.8,-1.16,-1.16,0.77,0.77,1832.0,1832.0,226.0,226.0,7.3,7.3,-2.16,-2.16,6.07,6.07,cube4_cluster0,983,1.9688093917441705,FF,92.73799323851703,11.87678282989603,11.880818729937886,cube4_cluster0;cube5_cluster0,2
2025-09-15,607074,607074,621439,MIN,NYY,3,0,0,1,SL,SL,L,L,B,,88.6,88.6,-0.29,0.29,0.36,0.36,2587.0,2587.0,162.0,198.0,6.1,6.1,2.46,-2.46,6.11,6.11,cube33_cluster0,169,1.3602274593619712,FC,88.23401695598267,-3.1239005241649638,6.236802891040705,cube33_cluster0,1
2025-09-15,702056,702056,650490,TB,TOR,3,1,2,1,FF,FF,R,R,B,,94.1,94.1,-0.3,-0.3,1.57,1.57,2212.0,2212.0,195.0,195.0,6.4,6.4,-0.54,-0.54,6.96,6.96,cube22_cluster0,44,2.480393906979994,FC,88.82845332305666,-1.3474977477043035,9.056608779489569,cube12_cluster0;cube3_cluster0,2
2025-09-15,669461,669461,609280,STL,CIN,3,2,1,1,FC,FC,L,L,X,Miguel Andujar singles on a line drive to center fielder Victor Scott II. Matt McLain scores. Noelvi Marte scores. Miguel Andujar to 3rd. Fielding error by center fielder Victor Scott II.,91.6,91.6,-0.11,0.11,1.03,1.03,2544.0,2544.0,146.0,214.0,6.4,6.4,0.57,-0.57,6.52,6.52,cube22_cluster0,44,1.697287253980454,FC,88.82845332305666,-1.3474977477043035,9.056608779489569,cube12_cluster0;cube22_cluster0,2
2025-09-15,668678,668678,808982,AZ,SF,3,2,1,0,FF,FF,R,R,B,,94.0,94.0,-0.33,-0.33,1.41,1.41,2238.0,2238.0,205.0,205.0,6.4,6.4,-3.11,-3.11,5.96,5.96,cube6_cluster3,4,1.8683570587756246,FF,96.83250199133,9.898196859286852,14.591325902230212,cube13_cluster0;cube14_cluster0;cube4_cluster0;cube5_cluster0,4
2025-09-15,678024,678024,702616,CWS,BAL,9,0,1,2,CH,CH,R,R,X,Jackson Holliday singles on a line drive to right fielder Mike Tauchman.,86.8,86.8,-0.77,-0.77,0.07,0.07,1400.0,1400.0,248.0,248.0,6.5,6.5,-1.52,-1.52,5.91,5.91,cube13_cluster1,3,1.6899871426729633,FS,84.2318346010472,7.0387863377694,1.0515447129672841,cube12_cluster0;cube13_cluster0,2
2025-09-15,675911,675911,682928,WSH,ATL,3,2,3,2,CU,CU,R,R,B,CJ Abrams walks.,77.7,77.7,1.0,1.0,-0.41,-0.41,2687.0,2687.0,64.0,64.0,6.9,6.9,-1.96,-1.96,5.83,5.83,cube74_cluster0,95,1.2125261169090094,ST,81.58280060620267,-13.628576142052651,-5.303629922931518,cube66_cluster0;cube67_cluster0;cube73_cluster0;cube74_cluster0,4
2025-09-15,669920,669920,664238,HOU,TEX,3,2,1,2,CH,CH,R,R,X,Dylan Moore pops out to shortstop Jeremy Peña.,81.2,81.2,-1.59,-1.59,0.5,0.5,2027.0,2027.0,258.0,258.0,6.3,6.3,-1.33,-1.33,5.74,5.74,cube12_cluster0,316,1.8163226203898106,CH,89.01009096911115,10.260232782391817,9.292479855944606,cube12_cluster0;cube13_cluster0,2
2025-09-15,624133,624133,606192,LAD,PHI,3,2,1,2,CH,CH,L,L,B,,79.6,79.6,0.8,-0.8,0.32,0.32,1024.0,1024.0,112.0,248.0,6.1,6.1,2.21,-2.21,5.55,5.55,cube13_cluster1,3,2.1452539357768083,FS,84.2318346010472,7.0387863377694,1.0515447129672841,cube12_cluster0,1
2025-09-15,680573,680573,663757,MIN,NYY,3,1,2,0,FF,FF,R,R,S,,93.7,93.7,-0.63,-0.63,1.45,1.45,2330.0,2330.0,202.0,202.0,6.8,6.8,-1.27,-1.27,6.41,6.41,cube4_cluster0,983,1.8311556788843197,FF,92.73799323851703,11.87678282989603,11.880818729937886,cube13_cluster0;cube4_cluster0,2
2025-09-15,683004,683004,805904,HOU,TEX,3,0,0,1,CH,CH,R,R,S,,92.0,92.0,-1.31,-1.31,0.58,0.58,1401.0,1401.0,231.0,231.0,6.9,6.9,-1.17,-1.17,5.58,5.58,cube3_cluster0,268,2.1021189378070084,CH,89.73428321085365,11.536857891248982,10.613841731058852,cube4_cluster0,1
2025-09-15,686218,686218,592663,LAD,PHI,3,2,1,1,FF,FF,R,R,B,,93.0,93.0,-0.69,-0.69,1.53,1.53,2393.0,2393.0,204.0,204.0,6.5,6.5,-1.07,-1.07,5.52,5.52,cube4_cluster0,983,1.7202490885001018,FF,92.73799323851703,11.87678282989603,11.880818729937886,cube13_cluster0;cube4_cluster0,2
2025-09-15,680730,680730,621566,WSH,ATL,4,0,1,0,CU,CU,L,L,B,,79.0,79.0,-0.01,0.01,-0.47,-0.47,2162.0,2162.0,335.0,25.0,6.7,6.7,1.75,-1.75,6.34,6.34,cube65_cluster2,4,1.0882851482555782,CU,77.46691308243727,-3.8291129032258064,-11.446518817204302,cube58_cluster0;cube58_cluster2;cube66_cluster0,3
2025-09-15,671212,671212,665489,TB,TOR,4,0,0,0,SL,SL,R,R,S,,91.9,91.9,0.39,0.39,0.28,0.28,2619.0,2619.0,145.0,145.0,6.4,6.4,-0.94,-0.94,5.86,5.86,cube43_cluster0,144,1.268025801376942,SL,87.05264300971788,-4.004743073818654,3.6350863620861684,cube43_cluster0,1
2025-09-15,641793,641793,680977,STL,CIN,3,2,0,2,FS,FS,R,R,X,Brendan Donovan grounds out to first baseman Sal Stewart.,82.5,82.5,-0.91,-0.91,-0.23,-0.23,1016.0,1016.0,252.0,252.0,6.1,6.1,-0.7,-0.7,6.17,6.17,cube13_cluster1,3,2.7074653590224544,FS,84.2318346010472,7.0387863377694,1.0515447129672841,cube12_cluster0,1
2025-09-15,677952,677952,663538,PIT,CHC,3,1,0,0,FF,FF,R,R,S,,96.9,96.9,-0.41,-0.41,1.47,1.47,2476.0,2476.0,210.0,210.0,6.4,6.4,-0.55,-0.55,6.45,6.45,cube22_cluster0,44,2.1378315852771346,FC,88.82845332305666,-1.3474977477043035,9.056608779489569,cube12_cluster0;cube13_cluster0;cube3_cluster0;cube4_cluster0,4
2025-09-15,680694,680694,672820,CWS,BAL,3,1,0,0,SL,SL,R,R,B,,85.2,85.2,1.04,1.04,0.18,0.18,2560.0,2560.0,55.0,55.0,6.5,6.5,-1.19,-1.19,6.28,6.28,cube57_cluster0,32,1.2916570046708795,SL,83.65118122149555,-5.010806328553835,-0.8552029953918647,cube66_cluster0,1
2025-09-15,680573,680573,663757,MIN,NYY,3,1,1,0,FF,FF,R,R,B,,93.2,93.2,-0.56,-0.56,1.38,1.38,2296.0,2296.0,202.0,202.0,6.7,6.7,-1.39,-1.39,6.44,6.44,cube4_cluster0,983,1.7032278920138133,FF,92.73799323851703,11.87678282989603,11.880818729937886,cube13_cluster0;cube4_cluster0,2
2025-09-15,607074,607074,621439,MIN,NYY,3,0,0,0,FF,FF,L,L,S,,95.9,95.9,1.07,-1.07,1.43,1.43,2494.0,2494.0,140.0,220.0,6.2,6.2,2.01,-2.01,6.41,6.41,cube4_cluster0,983,1.6728286443738343,FF,92.73799323851703,11.87678282989603,11.880818729937886,cube4_cluster0,1
2025-09-15,683004,683004,805904,HOU,TEX,3,0,0,0,CU,CU,R,R,S,,81.6,81.6,0.72,0.72,-0.74,-0.74,2693.0,2693.0,40.0,40.0,6.5,6.5,-1.29,-1.29,5.93,5.93,cube73_cluster0,327,0.9348540628340701,CU,80.47699441108988,-11.55224395022119,-8.074074661318553,cube66_cluster0;cube73_cluster0,2
2025-09-15,669461,669461,609280,STL,CIN,3,2,0,1,CH,CH,L,L,B,,86.9,86.9,1.26,-1.26,0.79,0.79,1816.0,1816.0,133.0,227.0,6.1,6.1,0.79,-0.79,6.4,6.4,cube3_cluster0,268,1.2050248492969935,CH,89.73428321085365,11.536857891248982,10.613841731058852,cube3_cluster0,1
2025-09-15,641793,641793,680977,STL,CIN,3,2,0,2,SI,SI,R,R,S,,91.6,91.6,-1.15,-1.15,1.19,1.19,2017.0,2017.0,214.0,214.0,6.2,6.2,-0.75,-0.75,6.08,6.08,cube3_cluster0,268,1.2039176860893732,CH,89.73428321085365,11.536857891248982,10.613841731058852,cube3_cluster0;cube4_cluster0,2
2025-09-15,677952,677952,683737,PIT,CHC,3,1,2,2,FF,FF,R,R,X,Michael Busch homers (28) on a line drive to center field.,98.1,98.1,-0.54,-0.54,1.36,1.36,2484.0,2484.0,210.0,210.0,6.4,6.4,-0.94,-0.94,6.14,6.14,cube22_cluster0,44,1.8694158433621628,FC,88.82845332305666,-1.3474977477043035,9.056608779489569,cube13_cluster0;cube4_cluster0,2
2025-09-15,668678,668678,808982,AZ,SF,3,2,0,0,CH,CH,R,R,B,,85.4,85.4,-0.93,-0.93,0.26,0.26,1476.0,1476.0,229.0,229.0,6.4,6.4,-3.27,-3.27,5.8,5.8,cube24_cluster1,4,2.2568484645369544,CH,87.80202822087334,14.29789321005082,-3.691264304536044,cube13_cluster0,1
2025-09-15,592791,592791,669707,PIT,CHC,3,2,3,1,FF,FF,R,R,S,,92.7,92.7,-0.69,-0.69,1.42,1.42,2292.0,2292.0,204.0,204.0,6.9,6.9,-1.01,-1.01,6.1,6.1,cube4_cluster0,983,1.7680229290787208,FF,92.73799323851703,11.87678282989603,11.880818729937886,cube13_cluster0;cube4_cluster0,2
2025-09-15,678024,678024,702616,CWS,BAL,9,0,0,2,SI,SI,R,R,B,,94.4,94.4,-1.27,-1.27,0.33,0.33,2100.0,2100.0,224.0,224.0,6.6,6.6,-1.58,-1.58,5.86,5.86,cube13_cluster0,1173,1.102871255159136,FF,91.32597348809763,10.933560927718538,9.887490835989844,cube13_cluster0;cube4_cluster0,2
2025-09-15,671212,671212,664770,TB,TOR,3,2,2,2,SL,SL,R,R,X,"Nathan Lukes grounds out, second baseman Brandon Lowe to first baseman Yandy Díaz.",91.9,91.9,0.35,0.35,0.28,0.28,2664.0,2664.0,124.0,124.0,6.5,6.5,-1.11,-1.11,5.71,5.71,cube51_cluster0,138,1.274837062893203,SL,86.5599691183964,-4.203859573250014,1.5652746114364327,cube43_cluster0;cube44_cluster0;cube51_cluster0;cube52_cluster0,4
2025-09-15,702056,702056,650490,TB,TOR,3,1,1,1,FS,FS,R,R,B,,83.9,83.9,-0.98,-0.98,0.49,0.49,1606.0,1606.0,211.0,211.0,6.2,6.2,-0.42,-0.42,7.25,7.25,cube3_cluster0,268,2.847437506046304,CH,89.73428321085365,11.536857891248982,10.613841731058852,,0
2025-09-15,686218,686218,592663,LAD,PHI,3,2,0,1,FF,FF,R,R,B,,94.3,94.3,-0.59,-0.59,1.5,1.5,2425.0,2425.0,206.0,206.0,6.7,6.7,-1.02,-1.02,5.42,5.42,cube4_cluster0,983,1.9423261776086014,FF,92.73799323851703,11.87678282989603,11.880818729937886,cube13_cluster0;cube14_cluster0;cube4_cluster0;cube5_cluster0,4
2025-09-15,675911,675911,682928,WSH,ATL,3,2,3,2,SL,SL,R,R,S,,84.2,84.2,0.25,0.25,0.34,0.34,2257.0,2257.0,148.0,148.0,6.9,6.9,-1.92,-1.92,5.88,5.88,cube43_cluster0,144,1.134666483084087,SL,87.05264300971788,-4.004743073818654,3.6350863620861684,cube33_cluster0;cube43_cluster0,2
2025-09-15,624133,624133,606192,LAD,PHI,3,2,1,1,FC,FC,L,L,S,,88.5,88.5,-0.35,0.35,0.37,0.37,2112.0,2112.0,159.0,201.0,6.1,6.1,2.26,-2.26,5.58,5.58,cube23_cluster0,226,1.193593356122477,FC,89.98051132303166,-0.8288022207088954,9.04754296913982,cube23_cluster0;cube33_cluster0,2
2025-09-15,669920,669920,664238,HOU,TEX,3,2,0,2,FF,FF,R,R,B,,92.2,92.2,-0.91,-0.91,0.83,0.83,2236.0,2236.0,233.0,233.0,6.4,6.4,-1.13,-1.13,5.87,5.87,cube4_cluster0,983,1.0784486337116106,FF,92.73799323851703,11.87678282989603,11.880818729937886,cube13_cluster0,1
2025-09-15,680730,680730,621566,WSH,ATL,4,0,0,0,CU,CU,L,L,B,,78.3,78.3,-0.51,0.51,-0.67,-0.67,2401.0,2401.0,346.0,14.0,6.9,6.9,1.4,-1.4,6.32,6.32,cube65_cluster2,4,1.2866805789823657,CU,77.46691308243727,-3.8291129032258064,-11.446518817204302,cube66_cluster0,1
2025-09-15,678906,678906,664983,AZ,SF,3,0,3,2,ST,ST,R,R,X,"Jake McCarthy grounds out, first baseman Rafael Devers to pitcher Kai-Wei Teng.",84.6,84.6,1.17,1.17,0.43,0.43,2767.0,2767.0,63.0,63.0,6.2,6.2,-2.29,-2.29,5.39,5.39,cube67_cluster0,152,1.008190865991814,ST,83.21108910576972,-12.188986866329156,0.17080679660382098,cube66_cluster0;cube67_cluster0,2
2025-09-15,680694,680694,691019,CWS,BAL,3,0,0,2,CU,CU,R,R,S,Kyle Teel strikes out swinging.,84.8,84.8,0.4,0.4,-0.66,-0.66,2612.0,2612.0,28.0,28.0,6.3,6.3,-0.92,-0.92,6.5,6.5,cube65_cluster0,52,1.3815917005978917,CU,80.5172691598637,-7.955497641633661,-5.720742174043808,cube65_cluster0;cube66_cluster0,2
2025-09-15,680732,680732,669236,CWS,BAL,3,2,0,2,FF,FF,R,R,X,Jeremiah Jackson singles on a ground ball to center fielder Dominic Fletcher. Samuel Basallo scores. Jackson Holliday to 3rd. Jeremiah Jackson to 2nd.,95.4,95.4,-0.54,-0.54,1.51,1.51,2597.0,2597.0,205.0,205.0,7.1,7.1,-2.04,-2.04,6.34,6.34,cube5_cluster0,516,2.2341969599126634,FF,94.26601183041208,12.58960465467938,11.873748452415477,cube13_cluster0;cube14_cluster0;cube4_cluster0;cube5_cluster0,4
2025-09-15,678906,678906,664983,AZ,SF,3,0,2,2,CU,CU,R,R,B,,81.7,81.7,1.46,1.46,-0.66,-0.66,2574.0,2574.0,40.0,40.0,6.2,6.2,-2.16,-2.16,5.71,5.71,cube73_cluster0,327,0.8468439544188181,CU,80.47699441108988,-11.55224395022119,-8.074074661318553,cube73_cluster0,1
2025-09-15,668678,668678,687551,AZ,SF,3,1,3,1,CH,CH,R,R,X,Drew Gilbert pops out to shortstop Geraldo Perdomo.,85.1,85.1,-1.02,-1.02,0.08,0.08,1517.0,1517.0,222.0,222.0,6.5,6.5,-3.22,-3.22,5.78,5.78,cube24_cluster1,4,2.209694936657367,CH,87.80202822087334,14.29789321005082,-3.691264304536044,cube13_cluster0,1
2025-09-15,676742,676742,807713,PIT,CHC,6,2,3,2,SL,SL,R,R,X,Matt Shaw singles on a soft line drive to right fielder Bryan Reynolds. Willi Castro to 3rd.,86.6,86.6,0.64,0.64,-0.11,-0.11,2589.0,2589.0,110.0,110.0,6.3,6.3,-3.16,-3.16,5.98,5.98,cube59_cluster0,6,1.285811670568772,SL,85.10288607720291,-4.974455470207517,-0.26360602944668465,cube58_cluster0,1
2025-09-15,607074,607074,666397,MIN,NYY,3,0,3,2,FF,FF,L,L,X,"Twins challenged (play at 1st), call on the field was overturned: Edouard Julien singles on a sharp ground ball to shortstop José Caballero. Jhonny Pereda to 3rd.",95.1,95.1,1.07,-1.07,1.14,1.14,2346.0,2346.0,145.0,215.0,6.1,6.1,2.0,-2.0,6.43,6.43,cube4_cluster0,983,1.4605776677693538,FF,92.73799323851703,11.87678282989603,11.880818729937886,cube13_cluster0;cube4_cluster0,2
2025-09-15,624133,624133,606192,LAD,PHI,3,2,1,0,CU,CU,L,L,S,,76.7,76.7,-0.98,0.98,-0.66,-0.66,2123.0,2123.0,306.0,54.0,6.3,6.3,2.12,-2.12,5.58,5.58,cube72_cluster1,4,0.7291979470460447,CU,73.14815617664787,-13.649330552782773,-9.00283815300432,cube66_cluster0;cube73_cluster0,2
2025-09-15,675911,675911,682928,WSH,ATL,3,2,2,2,CH,CH,R,R,B,,86.1,86.1,-1.4,-1.4,0.64,0.64,2005.0,2005.0,236.0,236.0,7.1,7.1,-1.99,-1.99,5.76,5.76,cube14_cluster0,644,1.6108491875390087,FF,92.67733037261901,12.017251018938115,9.608444861229,cube13_cluster0;cube14_cluster0;cube4_cluster0;cube5_cluster0,4
2025-09-15,641793,641793,680977,STL,CIN,3,2,0,1,FF,FF,R,R,S,,90.6,90.6,-0.64,-0.64,1.4,1.4,1994.0,1994.0,213.0,213.0,6.1,6.1,-0.73,-0.73,6.26,6.26,cube3_cluster0,268,1.419131389621571,CH,89.73428321085365,11.536857891248982,10.613841731058852,cube3_cluster0,1
2025-09-15,678024,678024,702616,CWS,BAL,9,0,0,1,ST,ST,R,R,S,,80.2,80.2,1.48,1.48,-0.36,-0.36,2523.0,2523.0,49.0,49.0,6.4,6.4,-1.72,-1.72,5.95,5.95,cube73_cluster0,327,0.8828036657612055,CU,80.47699441108988,-11.55224395022119,-8.074074661318553,cube73_cluster0,1
2025-09-15,680694,680694,691019,CWS,BAL,3,0,0,1,FF,FF,R,R,S,,93.6,93.6,0.0,0.0,1.42,1.42,2316.0,2316.0,192.0,192.0,6.2,6.2,-1.07,-1.07,6.49,6.49,cube22_cluster0,44,1.3958031940060005,FC,88.82845332305666,-1.3474977477043035,9.056608779489569,cube12_cluster0;cube13_cluster0,2
2025-09-15,686218,686218,592663,LAD,PHI,3,2,0,0,SL,SL,R,R,S,,85.7,85.7,0.38,0.38,0.28,0.28,2331.0,2331.0,157.0,157.0,6.5,6.5,-1.25,-1.25,5.26,5.26,cube43_cluster0,144,1.429894714508139,SL,87.05264300971788,-4.004743073818654,3.6350863620861684,cube33_cluster0;cube43_cluster0,2
2025-09-15,702056,702056,650490,TB,TOR,3,1,1,0,FF,FF,R,R,S,,94.0,94.0,-0.15,-0.15,1.67,1.67,2368.0,2368.0,197.0,197.0,6.2,6.2,-0.48,-0.48,7.04,7.04,cube42_cluster1,3,2.5568579330100234,FC,87.63142706302794,-5.957348927875244,5.6153508771929825,cube12_cluster0,1
2025-09-15,592791,592791,669707,PIT,CHC,3,2,2,1,SI,SI,R,R,B,,92.4,92.4,-1.12,-1.12,1.04,1.04,2261.0,2261.0,206.0,206.0,6.8,6.8,-0.96,-0.96,6.11,6.11,cube4_cluster0,983,1.557413545764794,FF,92.73799323851703,11.87678282989603,11.880818729937886,cube13_cluster0;cube4_cluster0,2
2025-09-15,669461,669461,609280,STL,CIN,3,2,0,0,CU,CU,L,L,S,,78.4,78.4,-0.79,0.79,-1.48,-1.48,2926.0,2926.0,333.0,27.0,6.4,6.4,0.56,-0.56,6.56,6.56,cube77_cluster0,15,1.5082408735799022,CU,78.06982973839553,-10.373560444574672,-15.067035103894916,,0
2025-09-15,680732,680732,669236,CWS,BAL,3,2,0,1,KC,KC,R,R,S,,83.3,83.3,0.26,0.26,-0.88,-0.88,2503.0,2503.0,16.0,16.0,7.2,7.2,-2.03,-2.03,6.28,6.28,cube67_cluster2,6,1.5802408484965984,CU,83.11739876493539,-8.352412707608828,-11.699528597119054,,0
2025-09-15,683004,683004,665161,HOU,TEX,2,2,3,1,FF,FF,R,R,X,Jeremy Peña lines out to left fielder Alejandro Osuna.,96.7,96.7,-0.64,-0.64,1.51,1.51,2382.0,2382.0,213.0,213.0,7.0,7.0,-1.22,-1.22,5.55,5.55,cube6_cluster0,11,1.7952747824791466,FF,94.93316427873066,12.825740892008225,12.6853773304967,cube5_cluster0,1
2025-09-15,669920,669920,664238,HOU,TEX,3,2,0,1,SI,SI,R,R,S,,90.3,90.3,-1.19,-1.19,-0.16,-0.16,1931.0,1931.0,251.0,251.0,6.4,6.4,-1.41,-1.41,5.39,5.39,cube23_cluster1,15,1.253202181641909,CH,87.14244152758266,13.779793742871872,-2.1495322200021145,cube13_cluster0;cube23_cluster1,2
2025-09-15,680730,680730,595777,WSH,ATL,3,2,2,0,FF,FF,L,L,X,Jurickson Profar flies out to right fielder Dylan Crews.,91.5,91.5,0.49,-0.49,1.59,1.59,2188.0,2188.0,168.0,192.0,6.7,6.7,1.21,-1.21,6.44,6.44,cube22_cluster0,44,1.9151794775217936,FC,88.82845332305666,-1.3474977477043035,9.056608779489569,cube12_cluster0;cube13_cluster0;cube3_cluster0;cube4_cluster0,4
2025-09-15,647336,647336,502054,PIT,CHC,8,2,0,2,SV,SV,R,R,S,Tommy Pham called out on strikes.,82.3,82.3,1.13,1.13,-1.05,-1.05,3036.0,3036.0,52.0,52.0,6.1,6.1,-2.54,-2.54,5.9,5.9,cube78_cluster1,5,1.1906164102592816,CU,80.64152300890618,-18.302848826753866,-5.60128168299082,cube73_cluster0;cube74_cluster0;cube78_cluster0,3
2025-09-15,671212,671212,664770,TB,TOR,3,2,2,1,FF,FF,R,R,S,,97.6,97.6,-0.2,-0.2,1.15,1.15,2609.0,2609.0,223.0,223.0,6.4,6.4,-1.02,-1.02,5.8,5.8,cube22_cluster0,44,1.8790147450405725,FC,88.82845332305666,-1.3474977477043035,9.056608779489569,cube13_cluster0,1
2025-09-15,677952,677952,683737,PIT,CHC,3,1,1,2,SL,SL,R,R,B,,91.3,91.3,0.37,0.37,0.36,0.36,2720.0,2720.0,192.0,192.0,6.5,6.5,-0.77,-0.77,6.49,6.49,cube42_cluster1,3,1.3785107630253257,FC,87.63142706302794,-5.957348927875244,5.6153508771929825,cube32_cluster0;cube33_cluster0,2
2025-09-15,680573,680573,663757,MIN,NYY,3,1,0,0,FS,FS,R,R,B,,85.1,85.1,-0.71,-0.71,0.86,0.86,1126.0,1126.0,221.0,221.0,7.1,7.1,-1.49,-1.49,6.25,6.25,cube13_cluster1,3,1.584489983291829,FS,84.2318346010472,7.0387863377694,1.0515447129672841,cube3_cluster0;cube4_cluster0,2
2025-09-15,669461,669461,682622,STL,CIN,3,2,3,1,CH,CH,L,L,B,Noelvi Marte walks.,87.9,87.9,1.22,-1.22,0.88,0.88,1827.0,1827.0,134.0,226.0,6.1,6.1,0.75,-0.75,6.47,6.47,cube3_cluster0,268,1.2655034684388853,CH,89.73428321085365,11.536857891248982,10.613841731058852,cube3_cluster0,1
2025-09-15,624133,624133,606192,LAD,PHI,3,2,0,0,SI,SI,L,L,B,,91.6,91.6,1.37,-1.37,0.01,0.01,1893.0,1893.0,134.0,226.0,6.0,6.0,2.33,-2.33,5.49,5.49,cube23_cluster1,15,1.1953800511689754,CH,87.14244152758266,13.779793742871872,-2.1495322200021145,cube13_cluster0,1
2025-09-15,683004,683004,665161,HOU,TEX,2,2,2,1,SL,SL,R,R,B,,87.4,87.4,0.22,0.22,-0.1,-0.1,2513.0,2513.0,123.0,123.0,6.7,6.7,-1.27,-1.27,5.72,5.72,cube51_cluster0,138,0.9804832445679087,SL,86.5599691183964,-4.203859573250014,1.5652746114364327,cube51_cluster0,1
2025-09-15,676742,676742,807713,PIT,CHC,6,2,3,2,FF,FF,R,R,S,,95.1,95.1,-0.17,-0.17,1.27,1.27,2522.0,2522.0,212.0,212.0,6.5,6.5,-3.3,-3.3,5.93,5.93,cube6_cluster3,4,1.870825877876412,FF,96.83250199133,9.898196859286852,14.591325902230212,cube14_cluster0,1
2025-09-15,702056,702056,650490,TB,TOR,3,1,0,0,SL,SL,R,R,B,,88.3,88.3,0.16,0.16,0.49,0.49,2237.0,2237.0,209.0,209.0,6.1,6.1,-0.62,-0.62,7.19,7.19,cube42_cluster1,3,1.9898106977302703,FC,87.63142706302794,-5.957348927875244,5.6153508771929825,,0
2025-09-15,607074,607074,666397,MIN,NYY,3,0,2,2,SI,SI,L,L,B,,92.4,92.4,1.32,-1.32,0.69,0.69,2243.0,2243.0,133.0,227.0,6.2,6.2,2.29,-2.29,6.28,6.28,cube13_cluster0,1173,1.3169643046426145,FF,91.32597348809763,10.933560927718538,9.887490835989844,cube13_cluster0;cube4_cluster0,2
2025-09-15,680730,680730,595777,WSH,ATL,3,2,1,0,FF,FF,L,L,B,,92.1,92.1,0.41,-0.41,1.6,1.6,2188.0,2188.0,169.0,191.0,6.9,6.9,0.94,-0.94,6.52,6.52,cube22_cluster0,44,2.2477702724999826,FC,88.82845332305666,-1.3474977477043035,9.056608779489569,cube12_cluster0;cube13_cluster0;cube3_cluster0;cube4_cluster0,4
2025-09-15,686218,686218,547180,LAD,PHI,3,1,0,2,SL,SL,R,R,S,Bryce Harper strikes out swinging.,86.8,86.8,0.06,0.06,0.33,0.33,2234.0,2234.0,201.0,201.0,6.6,6.6,-1.04,-1.04,5.35,5.35,cube33_cluster0,169,1.748597877659249,FC,88.23401695598267,-3.1239005241649638,6.236802891040705,cube23_cluster0;cube33_cluster0,2
2025-09-15,671212,671212,664770,TB,TOR,3,2,1,1,FF,FF,R,R,B,,98.9,98.9,-0.67,-0.67,1.05,1.05,2620.0,2620.0,222.0,222.0,6.6,6.6,-1.11,-1.11,5.76,5.76,cube4_cluster0,983,1.8062273202092234,FF,92.73799323851703,11.87678282989603,11.880818729937886,cube13_cluster0;cube14_cluster0,2
2025-09-15,680573,680573,669224,MIN,NYY,3,0,2,2,FS,FS,R,R,S,Austin Wells called out on strikes.,86.8,86.8,-0.53,-0.53,1.15,1.15,1243.0,1243.0,215.0,215.0,7.0,7.0,-1.34,-1.34,6.32,6.32,cube13_cluster1,3,2.164216777771839,FS,84.2318346010472,7.0387863377694,1.0515447129672841,cube3_cluster0,1
2025-09-15,678024,678024,702616,CWS,BAL,9,0,0,0,CH,CH,R,R,S,,85.6,85.6,-1.03,-1.03,-0.07,-0.07,1375.0,1375.0,247.0,247.0,6.5,6.5,-1.74,-1.74,5.85,5.85,cube13_cluster1,3,1.6271070718213425,FS,84.2318346010472,7.0387863377694,1.0515447129672841,cube12_cluster0;cube13_cluster0,2
2025-09-15,668678,668678,687551,AZ,SF,3,1,2,1,KC,KC,R,R,B,,81.2,81.2,0.0,0.0,-0.61,-0.61,2311.0,2311.0,38.0,38.0,6.3,6.3,-3.28,-3.28,5.96,5.96,cube59_cluster0,6,1.9248938342879305,SL,85.10288607720291,-4.974455470207517,-0.26360602944668465,,0
2025-09-15,680732,680732,669236,CWS,BAL,3,2,0,0,KC,KC,R,R,S,,81.7,81.7,0.19,0.19,-0.97,-0.97,2407.0,2407.0,21.0,21.0,7.1,7.1,-2.08,-2.08,6.24,6.24,cube67_cluster2,6,1.4599532190054658,CU,83.11739876493539,-8.352412707608828,-11.699528597119054,cube66_cluster0,1
2025-09-15,641793,641793,680977,STL,CIN,3,2,0,0,SL,SL,R,R,S,,87.2,87.2,-0.2,-0.2,0.58,0.58,2138.0,2138.0,200.0,200.0,6.1,6.1,-0.93,-0.93,6.24,6.24,cube22_cluster0,44,0.8487376886183292,FC,88.82845332305666,-1.3474977477043035,9.056608779489569,cube22_cluster0,1
2025-09-15,669920,669920,664238,HOU,TEX,3,2,0,0,SI,SI,R,R,S,,91.4,91.4,-1.25,-1.25,-0.16,-0.16,1964.0,1964.0,246.0,246.0,6.4,6.4,-1.5,-1.5,5.52,5.52,cube23_cluster1,15,1.3102452732812435,CH,87.14244152758266,13.779793742871872,-2.1495322200021145,cube13_cluster0,1
2025-09-15,678906,678906,664983,AZ,SF,3,0,1,2,CU,CU,R,R,B,,84.1,84.1,1.23,1.23,-0.69,-0.69,2735.0,2735.0,40.0,40.0,6.4,6.4,-2.12,-2.12,5.59,5.59,cube74_cluster0,95,0.760183700522613,ST,81.58280060620267,-13.628576142052651,-5.303629922931518,cube73_cluster0;cube74_cluster0,2
2025-09-15,647336,647336,502054,PIT,CHC,8,2,0,1,FF,FF,R,R,S,,94.2,94.2,-0.82,-0.82,1.4,1.4,2692.0,2692.0,233.0,233.0,6.5,6.5,-2.61,-2.61,5.64,5.64,cube5_cluster0,516,1.4672101464606313,FF,94.26601183041208,12.58960465467938,11.873748452415477,cube14_cluster0;cube5_cluster0,2
2025-09-15,592791,592791,669707,PIT,CHC,3,2,2,0,FF,FF,R,R,S,,91.9,91.9,-0.5,-0.5,1.32,1.32,2242.0,2242.0,205.0,205.0,6.7,6.7,-0.97,-0.97,6.17,6.17,cube22_cluster0,44,1.6729335781607242,FC,88.82845332305666,-1.3474977477043035,9.056608779489569,cube13_cluster0;cube4_cluster0,2
2025-09-15,677952,677952,683737,PIT,CHC,3,1,1,1,FF,FF,R,R,S,,97.1,97.1,-0.54,-0.54,1.45,1.45,2432.0,2432.0,219.0,219.0,6.4,6.4,-0.79,-0.79,6.2,6.2,cube22_cluster0,44,1.972945775626962,FC,88.82845332305666,-1.3474977477043035,9.056608779489569,cube13_cluster0;cube4_cluster0,2
2025-09-15,680694,680694,691019,CWS,BAL,3,0,0,0,SI,SI,R,R,S,,92.9,92.9,-0.89,-0.89,1.2,1.2,2082.0,2082.0,178.0,178.0,6.1,6.1,-1.02,-1.02,6.55,6.55,cube3_cluster0,268,1.7460786656544283,CH,89.73428321085365,11.536857891248982,10.613841731058852,cube12_cluster0;cube3_cluster0,2
2025-09-15,675911,675911,682928,WSH,ATL,3,2,1,2,SL,SL,R,R,B,,83.3,83.3,0.48,0.48,0.19,0.19,2296.0,2296.0,113.0,113.0,7.0,7.0,-1.85,-1.85,5.84,5.84,cube52_cluster1,9,1.1439871878807877,SL,87.17033349644716,-3.7876297283127007,0.844764456834557,cube51_cluster0,1
2025-09-15,686218,686218,547180,LAD,PHI,3,1,0,1,FF,FF,R,R,S,,93.4,93.4,-0.6,-0.6,1.46,1.46,2392.0,2392.0,210.0,210.0,6.6,6.6,-1.04,-1.04,5.45,5.45,cube4_cluster0,983,1.775431488717755,FF,92.73799323851703,11.87678282989603,11.880818729937886,cube13_cluster0;cube14_cluster0;cube4_cluster0;cube5_cluster0,4
2025-09-15,680730,680730,595777,WSH,ATL,3,2,0,0,CU,CU,L,L,B,,78.2,78.2,0.09,-0.09,-0.7,-0.7,2183.0,2183.0,334.0,26.0,6.8,6.8,1.32,-1.32,6.43,6.43,cube65_cluster2,4,1.2196443542390532,CU,77.46691308243727,-3.8291129032258064,-11.446518817204302,cube66_cluster0,1
2025-09-15,676742,676742,807713,PIT,CHC,6,2,2,2,CH,CH,R,R,B,,89.1,89.1,-1.0,-1.0,0.05,0.05,1444.0,1444.0,233.0,233.0,6.4,6.4,-3.02,-3.02,6.03,6.03,cube23_cluster1,15,2.233267358673872,CH,87.14244152758266,13.779793742871872,-2.1495322200021145,cube13_cluster0,1
2025-09-15,680694,680694,643565,CWS,BAL,3,0,3,0,FF,FF,R,R,B,Mike Tauchman walks.,91.5,91.5,0.01,0.01,1.17,1.17,2295.0,2295.0,199.0,199.0,6.2,6.2,-1.27,-1.27,6.43,6.43,cube22_cluster0,44,0.9178228590848495,FC,88.82845332305666,-1.3474977477043035,9.056608779489569,cube12_cluster0;cube13_cluster0;cube22_cluster0;cube23_cluster0,4
2025-09-15,647336,647336,502054,PIT,CHC,8,2,0,0,FF,FF,R,R,S,,94.4,94.4,-0.63,-0.63,1.34,1.34,2593.0,2593.0,229.0,229.0,6.4,6.4,-2.59,-2.59,5.66,5.66,cube5_cluster0,516,1.345165542612911,FF,94.26601183041208,12.58960465467938,11.873748452415477,cube14_cluster0,1
2025-09-15,607074,607074,666397,MIN,NYY,3,0,1,2,FF,FF,L,L,B,,92.2,92.2,1.09,-1.09,1.34,1.34,2210.0,2210.0,143.0,217.0,6.2,6.2,1.91,-1.91,6.49,6.49,cube4_cluster0,983,1.4246285586600314,FF,92.73799323851703,11.87678282989603,11.880818729937886,cube3_cluster0;cube4_cluster0,2
2025-09-15,592791,592791,669707,PIT,CHC,3,2,1,0,FC,FC,R,R,B,,84.2,84.2,0.69,0.69,0.19,0.19,2644.0,2644.0,126.0,126.0,6.8,6.8,-1.04,-1.04,6.17,6.17,cube51_cluster0,138,1.4608627413567994,SL,86.5599691183964,-4.203859573250014,1.5652746114364327,cube51_cluster0,1
2025-09-15,669461,669461,682622,STL,CIN,3,2,2,1,FF,FF,L,L,B,,95.5,95.5,0.56,-0.56,1.36,1.36,2070.0,2070.0,148.0,212.0,6.3,6.3,0.49,-0.49,6.55,6.55,cube3_cluster0,268,1.9969798640785852,CH,89.73428321085365,11.536857891248982,10.613841731058852,cube3_cluster0,1
2025-09-15,641793,641793,687363,STL,CIN,3,1,0,1,FS,FS,R,R,X,Victor Scott II grounds out to first baseman Sal Stewart.,82.3,82.3,-0.99,-0.99,-0.2,-0.2,1154.0,1154.0,248.0,248.0,5.9,5.9,-0.67,-0.67,6.2,6.2,cube12_cluster0,316,2.758726638222494,CH,89.01009096911115,10.260232782391817,9.292479855944606,cube12_cluster0,1
2025-09-15,624133,624133,605141,LAD,PHI,3,1,1,0,SI,SI,L,L,X,Mookie Betts out on a sacrifice fly to center fielder Harrison Bader. Andy Pages scores.,90.9,90.9,0.93,-0.93,0.46,0.46,2002.0,2002.0,142.0,218.0,6.3,6.3,2.23,-2.23,5.51,5.51,cube13_cluster0,1173,0.9399483287017756,FF,91.32597348809763,10.933560927718538,9.887490835989844,cube13_cluster0;cube14_cluster0,2
2025-09-15,680732,680732,702616,CWS,BAL,3,2,3,0,FF,FF,R,R,B,Jackson Holliday walks. Samuel Basallo to 2nd.,93.6,93.6,-0.13,-0.13,1.52,1.52,2513.0,2513.0,195.0,195.0,7.3,7.3,-2.06,-2.06,6.31,6.31,cube23_cluster0,226,2.3605380163600582,FC,89.98051132303166,-0.8288022207088954,9.04754296913982,cube13_cluster0;cube14_cluster0,2
2025-09-15,680573,680573,669224,MIN,NYY,3,0,1,2,SL,SL,R,R,B,,86.3,86.3,0.47,0.47,0.67,0.67,2310.0,2310.0,185.0,185.0,6.7,6.7,-1.29,-1.29,6.36,6.36,cube32_cluster0,41,1.2319005860164183,SL,87.45742516293836,-3.2707771382581203,5.520714440411837,cube22_cluster0;cube23_cluster0;cube32_cluster0;cube33_cluster0,4
2025-09-15,683004,683004,665161,HOU,TEX,2,2,1,1,SL,SL,R,R,B,,89.0,89.0,0.43,0.43,0.35,0.35,2501.0,2501.0,150.0,150.0,6.6,6.6,-1.12,-1.12,5.76,5.76,cube43_cluster0,144,0.95416023916154,SL,87.05264300971788,-4.004743073818654,3.6350863620861684,cube43_cluster0,1
2025-09-15,702056,702056,802415,TB,TOR,3,0,1,2,FS,FS,R,R,X,"Chandler Simpson grounds out, shortstop Andrés Giménez to first baseman Vladimir Guerrero Jr.",83.7,83.7,-0.85,-0.85,0.53,0.53,1722.0,1722.0,210.0,210.0,6.2,6.2,-0.6,-0.6,7.14,7.14,cube3_cluster0,268,2.5133736885703226,CH,89.73428321085365,11.536857891248982,10.613841731058852,,0
2025-09-15,675911,675911,682928,WSH,ATL,3,2,0,2,FF,FF,R,R,B,,97.2,97.2,-0.96,-0.96,1.32,1.32,2402.0,2402.0,214.0,214.0,6.9,6.9,-1.68,-1.68,5.87,5.87,cube5_cluster0,516,1.3011741881146444,FF,94.26601183041208,12.58960465467938,11.873748452415477,cube4_cluster0;cube5_cluster0,2
2025-09-15,678024,678024,681297,CWS,BAL,8,2,3,2,SI,SI,R,R,S,Colton Cowser called out on strikes.,94.4,94.4,-1.05,-1.05,0.27,0.27,2017.0,2017.0,219.0,219.0,6.4,6.4,-1.7,-1.7,5.84,5.84,cube13_cluster0,1173,0.9720191910928119,FF,91.32597348809763,10.933560927718538,9.887490835989844,cube13_cluster0,1
2025-09-15,678906,678906,664983,AZ,SF,3,0,1,1,ST,ST,R,R,S,,84.2,84.2,1.33,1.33,0.14,0.14,2781.0,2781.0,68.0,68.0,6.3,6.3,-2.34,-2.34,5.46,5.46,cube67_cluster0,152,0.7890412875904225,ST,83.21108910576972,-12.188986866329156,0.17080679660382098,cube66_cluster0;cube67_cluster0;cube73_cluster0;cube74_cluster0,4
2025-09-15,668678,668678,687551,AZ,SF,3,1,1,1,KC,KC,R,R,B,,81.8,81.8,0.45,0.45,-0.92,-0.92,2438.0,2438.0,35.0,35.0,6.5,6.5,-3.16,-3.16,5.83,5.83,cube67_cluster3,1,1.6878024358444372,SL,78.67358490566038,-15.561509433962266,-4.000754716981133,cube66_cluster0;cube67_cluster0;cube73_cluster0;cube74_cluster0,4
2025-09-15,693312,693312,650489,PIT,CHC,8,1,3,2,FF,FF,R,R,X,Willi Castro lines out to center fielder Jack Suwinski.,97.3,97.3,-0.64,-0.64,1.53,1.53,2402.0,2402.0,209.0,209.0,7.2,7.2,-1.01,-1.01,5.94,5.94,cube4_cluster0,983,2.225059571142985,FF,92.73799323851703,11.87678282989603,11.880818729937886,cube4_cluster0;cube5_cluster0,2
2025-09-15,669920,669920,641680,HOU,TEX,3,0,0,0,SI,SI,R,R,X,"Jonah Heim grounds into a double play, second baseman Jose Altuve to shortstop Jeremy Peña to first baseman Christian Walker. Josh Jung out at 2nd. Jonah Heim out at 1st.",90.0,90.0,-1.53,-1.53,0.0,0.0,2060.0,2060.0,245.0,245.0,6.4,6.4,-1.75,-1.75,5.52,5.52,cube23_cluster1,15,1.259605638130689,CH,87.14244152758266,13.779793742871872,-2.1495322200021145,cube13_cluster0,1
2025-09-15,671212,671212,664770,TB,TOR,3,2,1,0,SL,SL,R,R,S,,91.3,91.3,0.22,0.22,0.17,0.17,2711.0,2711.0,137.0,137.0,6.4,6.4,-0.95,-0.95,5.81,5.81,cube43_cluster0,144,1.3605259807140373,SL,87.05264300971788,-4.004743073818654,3.6350863620861684,cube43_cluster0;cube51_cluster0,2
2025-09-15,677952,677952,683737,PIT,CHC,3,1,1,0,CU,CU,R,R,S,,84.8,84.8,0.6,0.6,-1.11,-1.11,2774.0,2774.0,33.0,33.0,6.4,6.4,-0.89,-0.89,6.39,6.39,cube77_cluster0,15,1.3896708423700534,CU,78.06982973839553,-10.373560444574672,-15.067035103894916,cube72_cluster0;cube73_cluster0,2
2025-09-15,675911,675911,682928,WSH,ATL,3,2,0,1,CU,CU,R,R,S,,78.5,78.5,0.94,0.94,-0.74,-0.74,2697.0,2697.0,60.0,60.0,6.9,6.9,-1.98,-1.98,5.9,5.9,cube73_cluster0,327,1.2119319450834876,CU,80.47699441108988,-11.55224395022119,-8.074074661318553,cube73_cluster0;cube74_cluster0,2
2025-09-15,647336,647336,668804,PIT,CHC,8,2,2,2,SV,SV,R,R,B,Bryan Reynolds hit by pitch.,82.0,82.0,0.8,0.8,-0.37,-0.37,2920.0,2920.0,45.0,45.0,6.4,6.4,-2.59,-2.59,5.87,5.87,cube74_cluster0,95,1.141172377106037,ST,81.58280060620267,-13.628576142052651,-5.303629922931518,cube66_cluster0;cube73_cluster0;cube74_cluster0,3
2025-09-15,668678,668678,687551,AZ,SF,3,1,0,1,CH,CH,R,R,B,,86.3,86.3,-0.95,-0.95,0.33,0.33,1535.0,1535.0,225.0,225.0,6.5,6.5,-3.17,-3.17,5.84,5.84,cube23_cluster1,15,2.295722766284336,CH,87.14244152758266,13.779793742871872,-2.1495322200021145,cube13_cluster0,1
2025-09-15,829272,829272,542303,WSH,ATL,7,2,1,2,FF,FF,L,L,S,Marcell Ozuna strikes out on a foul tip.,93.2,93.2,0.74,-0.74,1.43,1.43,2327.0,2327.0,141.0,219.0,6.3,6.3,1.64,-1.64,5.59,5.59,cube4_cluster0,983,1.0895110512468715,FF,92.73799323851703,11.87678282989603,11.880818729937886,cube13_cluster0;cube4_cluster0,2
2025-09-15,680694,680694,643565,CWS,BAL,3,0,2,0,SL,SL,R,R,B,,84.4,84.4,1.11,1.11,-0.37,-0.37,2540.0,2540.0,47.0,47.0,6.2,6.2,-1.32,-1.32,6.36,6.36,cube65_cluster0,52,0.9387661881905468,CU,80.5172691598637,-7.955497641633661,-5.720742174043808,cube65_cluster0;cube66_cluster0;cube72_cluster0,3
2025-09-15,686218,686218,547180,LAD,PHI,3,1,0,0,SL,SL,R,R,S,,86.3,86.3,0.03,0.03,0.19,0.19,2252.0,2252.0,199.0,199.0,6.4,6.4,-1.22,-1.22,5.38,5.38,cube33_cluster0,169,1.553039339025602,FC,88.23401695598267,-3.1239005241649638,6.236802891040705,cube23_cluster0;cube33_cluster0,2
2025-09-15,677952,677952,683737,PIT,CHC,3,0,0,0,CH,CH,R,R,B,,90.7,90.7,-1.08,-1.08,0.66,0.66,1945.0,1945.0,222.0,222.0,6.3,6.3,-1.18,-1.18,6.19,6.19,cube3_cluster0,268,0.6053463263724627,CH,89.73428321085365,11.536857891248982,10.613841731058852,cube12_cluster0;cube13_cluster0;cube3_cluster0;cube4_cluster0,4
2025-09-15,680732,680732,702616,CWS,BAL,3,2,2,0,KC,KC,R,R,B,,79.5,79.5,0.19,0.19,-1.29,-1.29,2491.0,2491.0,30.0,30.0,7.0,7.0,-2.29,-2.29,6.18,6.18,cube67_cluster2,6,1.5133545755235045,CU,83.11739876493539,-8.352412707608828,-11.699528597119054,cube73_cluster0;cube74_cluster0,2
2025-09-15,680730,680730,805373,WSH,ATL,3,1,1,0,FF,FF,L,L,X,"Nacho Alvarez Jr. grounds out, shortstop CJ Abrams to first baseman Josh Bell.",91.8,91.8,0.57,-0.57,1.33,1.33,2097.0,2097.0,164.0,196.0,6.9,6.9,1.19,-1.19,6.41,6.41,cube3_cluster0,268,1.8693771185133916,CH,89.73428321085365,11.536857891248982,10.613841731058852,cube13_cluster0;cube4_cluster0,2
2025-09-15,624133,624133,605141,LAD,PHI,3,1,0,0,CU,CU,L,L,B,,77.9,77.9,-0.72,0.72,-0.78,-0.78,2072.0,2072.0,309.0,51.0,6.3,6.3,2.16,-2.16,5.53,5.53,cube72_cluster1,4,1.0135043026745187,CU,73.14815617664787,-13.649330552782773,-9.00283815300432,cube66_cluster0;cube73_cluster0,2
2025-09-15,683004,683004,665161,HOU,TEX,2,2,1,0,SL,SL,R,R,S,,89.1,89.1,0.27,0.27,0.47,0.47,2374.0,2374.0,159.0,159.0,6.7,6.7,-1.21,-1.21,5.71,5.71,cube43_cluster0,144,1.0418333639643482,SL,87.05264300971788,-4.004743073818654,3.6350863620861684,cube33_cluster0,1
2025-09-15,676742,676742,807713,PIT,CHC,6,2,2,2,FF,FF,R,R,S,,94.7,94.7,-0.55,-0.55,1.46,1.46,2595.0,2595.0,213.0,213.0,6.5,6.5,-2.97,-2.97,5.99,5.99,cube6_cluster3,4,1.8716054956380803,FF,96.83250199133,9.898196859286852,14.591325902230212,cube14_cluster0,1
2025-09-15,680573,680573,669224,MIN,NYY,3,0,1,1,FS,FS,R,R,S,,84.5,84.5,-0.17,-0.17,0.79,0.79,921.0,921.0,223.0,223.0,6.9,6.9,-1.35,-1.35,6.45,6.45,cube13_cluster1,3,1.8176960275549852,FS,84.2318346010472,7.0387863377694,1.0515447129672841,cube3_cluster0,1
2025-09-15,592791,592791,669707,PIT,CHC,3,2,0,0,CU,CU,R,R,B,,77.1,77.1,0.68,0.68,-0.94,-0.94,2525.0,2525.0,40.0,40.0,6.6,6.6,-1.05,-1.05,6.35,6.35,cube72_cluster0,77,1.2941757101777018,CU,78.89146033796635,-9.531561177600954,-10.534460563196083,cube72_cluster0;cube73_cluster0,2
2025-09-15,641793,641793,687363,STL,CIN,3,1,0,0,SL,SL,R,R,S,,86.2,86.2,0.36,0.36,0.48,0.48,2039.0,2039.0,194.0,194.0,6.1,6.1,-0.91,-0.91,6.23,6.23,cube22_cluster0,44,1.0281056629570167,FC,88.82845332305666,-1.3474977477043035,9.056608779489569,cube22_cluster0;cube32_cluster0,2
2025-09-15,702056,702056,802415,TB,TOR,3,0,1,1,FS,FS,R,R,S,,83.8,83.8,-0.93,-0.93,0.82,0.82,1642.0,1642.0,212.0,212.0,6.0,6.0,-0.52,-0.52,7.2,7.2,cube3_cluster0,268,2.658402746484933,CH,89.73428321085365,11.536857891248982,10.613841731058852,,0
2025-09-15,678024,678024,681297,CWS,BAL,8,2,3,1,CH,CH,R,R,S,,86.7,86.7,-1.22,-1.22,0.01,0.01,1396.0,1396.0,247.0,247.0,6.6,6.6,-1.6,-1.6,5.86,5.86,cube13_cluster1,3,1.6988354116366853,FS,84.2318346010472,7.0387863377694,1.0515447129672841,cube12_cluster0;cube13_cluster0,2
2025-09-15,669920,669920,673962,HOU,TEX,3,0,3,2,CH,CH,R,R,X,Josh Jung singles on a ground ball to left fielder Jesús Sánchez.,80.5,80.5,-1.43,-1.43,-0.13,-0.13,1818.0,1818.0,274.0,274.0,6.6,6.6,-1.39,-1.39,5.57,5.57,cube23_cluster1,15,1.7569089931991797,CH,87.14244152758266,13.779793742871872,-2.1495322200021145,,0
2025-09-15,607074,607074,666397,MIN,NYY,3,0,1,1,SI,SI,L,L,S,,91.6,91.6,1.49,-1.49,0.45,0.45,2151.0,2151.0,134.0,226.0,6.0,6.0,2.29,-2.29,6.3,6.3,cube13_cluster0,1173,1.5925733451553072,FF,91.32597348809763,10.933560927718538,9.887490835989844,cube12_cluster0;cube13_cluster0;cube3_cluster0;cube4_cluster0,4
2025-09-15,671212,671212,664770,TB,TOR,3,2,0,0,FF,FF,R,R,B,,99.4,99.4,-0.91,-0.91,1.35,1.35,2692.0,2692.0,224.0,224.0,6.6,6.6,-0.81,-0.81,5.77,5.77,cube4_cluster0,983,2.2164393427090188,FF,92.73799323851703,11.87678282989603,11.880818729937886,cube13_cluster0;cube14_cluster0;cube4_cluster0;cube5_cluster0,4
2025-09-15,678906,678906,664983,AZ,SF,3,0,0,1,ST,ST,R,R,B,,81.9,81.9,1.55,1.55,-0.03,-0.03,2693.0,2693.0,57.0,57.0,6.3,6.3,-2.58,-2.58,5.37,5.37,cube67_cluster0,152,0.8029899481132455,ST,83.21108910576972,-12.188986866329156,0.17080679660382098,cube73_cluster0;cube74_cluster0,2
2025-09-15,669461,669461,682622,STL,CIN,3,2,2,0,SL,SL,L,L,S,,86.4,86.4,-0.17,0.17,0.14,0.14,2687.0,2687.0,286.0,74.0,6.2,6.2,0.74,-0.74,6.43,6.43,cube57_cluster0,32,1.441358456598553,SL,83.65118122149555,-5.010806328553835,-0.8552029953918647,cube57_cluster0;cube58_cluster0,2
2025-09-15,693312,693312,650489,PIT,CHC,8,1,3,1,FF,FF,R,R,S,,97.3,97.3,-0.69,-0.69,1.52,1.52,2472.0,2472.0,210.0,210.0,7.1,7.1,-1.09,-1.09,5.99,5.99,cube4_cluster0,983,2.1089959784002397,FF,92.73799323851703,11.87678282989603,11.880818729937886,cube4_cluster0;cube5_cluster0,2
2025-09-15,680732,680732,702616,CWS,BAL,3,2,1,0,SI,SI,R,R,B,,95.8,95.8,-1.09,-1.09,1.28,1.28,2330.0,2330.0,211.0,211.0,7.2,7.2,-2.44,-2.44,6.1,6.1,cube6_cluster3,4,1.604257949876507,FF,96.83250199133,9.898196859286852,14.591325902230212,cube5_cluster0,1
2025-09-15,676742,676742,807713,PIT,CHC,6,2,1,2,SL,SL,R,R,B,,87.6,87.6,0.29,0.29,0.25,0.25,2691.0,2691.0,97.0,97.0,6.2,6.2,-3.19,-3.19,6.11,6.11,cube59_cluster0,6,1.2962601363595525,SL,85.10288607720291,-4.974455470207517,-0.26360602944668465,cube51_cluster0;cube58_cluster0,2
2025-09-15,693312,693312,650489,PIT,CHC,8,1,3,0,FF,FF,R,R,S,,97.6,97.6,-0.63,-0.63,1.62,1.62,2470.0,2470.0,209.0,209.0,7.1,7.1,-1.0,-1.0,5.99,5.99,cube4_cluster0,983,2.249302638089983,FF,92.73799323851703,11.87678282989603,11.880818729937886,cube4_cluster0;cube5_cluster0,2
2025-09-15,683004,683004,665161,HOU,TEX,2,2,0,0,CU,CU,R,R,B,,82.2,82.2,0.73,0.73,-0.54,-0.54,2469.0,2469.0,37.0,37.0,6.4,6.4,-1.0,-1.0,5.88,5.88,cube65_cluster0,52,0.8486291792508253,CU,80.5172691598637,-7.955497641633661,-5.720742174043808,cube65_cluster0;cube66_cluster0,2
2025-09-15,702056,702056,802415,TB,TOR,3,0,1,0,SL,SL,R,R,S,,87.8,87.8,-0.36,-0.36,0.53,0.53,2195.0,2195.0,208.0,208.0,6.3,6.3,-0.57,-0.57,7.14,7.14,cube42_cluster1,3,2.1550791217538006,FC,87.63142706302794,-5.957348927875244,5.6153508771929825,,0
2025-09-15,624133,624133,660271,LAD,PHI,3,1,3,2,CU,CU,L,L,B,Shohei Ohtani walks.,77.0,77.0,-0.72,0.72,-0.6,-0.6,2152.0,2152.0,309.0,51.0,6.3,6.3,2.15,-2.15,5.71,5.71,cube72_cluster1,4,0.7648785623193162,CU,73.14815617664787,-13.649330552782773,-9.00283815300432,cube66_cluster0,1
2025-09-15,668678,668678,687551,AZ,SF,3,1,0,0,CH,CH,R,R,S,,85.9,85.9,-0.98,-0.98,0.22,0.22,1558.0,1558.0,227.0,227.0,6.5,6.5,-3.16,-3.16,5.8,5.8,cube24_cluster1,4,2.161762939324865,CH,87.80202822087334,14.29789321005082,-3.691264304536044,cube13_cluster0,1
2025-09-15,647336,647336,668804,PIT,CHC,8,2,2,1,FF,FF,R,R,S,,94.8,94.8,-0.55,-0.55,1.17,1.17,2619.0,2619.0,225.0,225.0,6.4,6.4,-2.63,-2.63,5.69,5.69,cube5_cluster0,516,1.3786125441973154,FF,94.26601183041208,12.58960465467938,11.873748452415477,cube14_cluster0,1
2025-09-15,669461,669461,682622,STL,CIN,3,2,1,0,SL,SL,L,L,B,,86.8,86.8,-0.28,0.28,-0.02,-0.02,2779.0,2779.0,219.0,141.0,6.3,6.3,0.74,-0.74,6.43,6.43,cube42_cluster1,3,1.1381888515663412,FC,87.63142706302794,-5.957348927875244,5.6153508771929825,cube42_cluster1,1
2025-09-15,686218,686218,656941,LAD,PHI,3,0,1,2,CH,CH,R,R,S,Kyle Schwarber strikes out swinging.,84.0,84.0,-1.08,-1.08,0.28,0.28,1030.0,1030.0,262.0,262.0,6.6,6.6,-1.32,-1.32,5.35,5.35,cube13_cluster1,3,2.082426319453458,FS,84.2318346010472,7.0387863377694,1.0515447129672841,cube12_cluster0;cube13_cluster0;cube3_cluster0;cube4_cluster0,4
2025-09-15,680573,680573,669224,MIN,NYY,3,0,0,1,FS,FS,R,R,B,,84.6,84.6,-0.8,-0.8,0.57,0.57,1005.0,1005.0,221.0,221.0,6.6,6.6,-1.43,-1.43,6.46,6.46,cube13_cluster1,3,1.757002787157659,FS,84.2318346010472,7.0387863377694,1.0515447129672841,cube3_cluster0,1
2025-09-15,592791,592791,694377,PIT,CHC,3,1,1,2,ST,ST,R,R,S,Nick Yorke strikes out swinging.,80.1,80.1,1.08,1.08,-0.45,-0.45,2773.0,2773.0,47.0,47.0,6.9,6.9,-1.13,-1.13,6.09,6.09,cube73_cluster0,327,1.6127288635336987,CU,80.47699441108988,-11.55224395022119,-8.074074661318553,cube73_cluster0,1
2025-09-15,677952,677952,807713,PIT,CHC,3,0,3,0,FF,FF,R,R,B,Matt Shaw walks.,97.1,97.1,-0.44,-0.44,1.41,1.41,2435.0,2435.0,216.0,216.0,6.3,6.3,-0.63,-0.63,6.56,6.56,cube22_cluster0,44,2.1052494186717348,FC,88.82845332305666,-1.3474977477043035,9.056608779489569,cube12_cluster0;cube13_cluster0;cube3_cluster0;cube4_cluster0,4
2025-09-15,829272,829272,542303,WSH,ATL,7,2,1,2,CH,CH,L,L,S,,83.1,83.1,1.33,-1.33,0.78,0.78,1761.0,1761.0,130.0,230.0,6.3,6.3,1.64,-1.64,5.58,5.58,cube12_cluster0,316,1.4102777036228265,CH,89.01009096911115,10.260232782391817,9.292479855944606,cube12_cluster0;cube13_cluster0;cube3_cluster0;cube4_cluster0,4
2025-09-15,641793,641793,699625,STL,CIN,3,0,3,2,SI,SI,R,R,S,Jimmy Crooks strikes out swinging.,92.1,92.1,-1.29,-1.29,0.86,0.86,1844.0,1844.0,218.0,218.0,6.3,6.3,-0.77,-0.77,6.06,6.06,cube3_cluster0,268,1.0753069540875548,CH,89.73428321085365,11.536857891248982,10.613841731058852,cube3_cluster0;cube4_cluster0,2
2025-09-15,680730,680730,805373,WSH,ATL,3,1,0,0,FF,FF,L,L,B,,92.1,92.1,0.48,-0.48,1.4,1.4,2147.0,2147.0,169.0,191.0,6.7,6.7,1.12,-1.12,6.5,6.5,cube22_cluster0,44,1.8369629714472815,FC,88.82845332305666,-1.3474977477043035,9.056608779489569,cube12_cluster0;cube13_cluster0;cube3_cluster0;cube4_cluster0,4
2025-09-15,678024,678024,681297,CWS,BAL,8,2,3,0,CH,CH,R,R,S,,86.5,86.5,-1.07,-1.07,-0.14,-0.14,1407.0,1407.0,245.0,245.0,6.6,6.6,-1.58,-1.58,5.94,5.94,cube13_cluster1,3,1.6532872249343482,FS,84.2318346010472,7.0387863377694,1.0515447129672841,cube12_cluster0;cube13_cluster0,2
2025-09-15,669920,669920,673962,HOU,TEX,3,0,2,2,ST,ST,R,R,B,,77.9,77.9,1.33,1.33,-0.19,-0.19,2613.0,2613.0,72.0,72.0,6.2,6.2,-1.77,-1.77,5.54,5.54,cube66_cluster0,381,1.1219966890205888,ST,82.47698152646831,-10.124080234445362,-2.88332382968971,cube66_cluster0;cube73_cluster0,2
2025-09-15,671212,671212,543807,TB,TOR,3,2,1,2,FS,FS,R,R,X,"George Springer doubles (24) on a ground ball to left fielder Chandler Simpson, deflected by third baseman Tristan Gray.",93.3,93.3,-1.32,-1.32,0.26,0.26,1922.0,1922.0,236.0,236.0,6.4,6.4,-0.92,-0.92,5.9,5.9,cube12_cluster0,316,1.4558913077444235,CH,89.01009096911115,10.260232782391817,9.292479855944606,cube13_cluster0;cube4_cluster0,2
2025-09-15,675911,675911,682928,WSH,ATL,3,2,0,0,SL,SL,R,R,S,,83.4,83.4,0.32,0.32,0.16,0.16,2285.0,2285.0,141.0,141.0,6.9,6.9,-1.8,-1.8,5.84,5.84,cube43_cluster0,144,1.1185303492953227,SL,87.05264300971788,-4.004743073818654,3.6350863620861684,cube43_cluster0,1
2025-09-15,680694,680694,643565,CWS,BAL,3,0,1,0,FF,FF,R,R,B,,92.5,92.5,-0.06,-0.06,1.34,1.34,2492.0,2492.0,187.0,187.0,6.3,6.3,-0.97,-0.97,6.59,6.59,cube22_cluster0,44,1.57694503259634,FC,88.82845332305666,-1.3474977477043035,9.056608779489569,cube12_cluster0;cube13_cluster0;cube22_cluster0;cube23_cluster0,4
2025-09-15,607074,607074,666397,MIN,NYY,3,0,0,1,SL,SL,L,L,B,,85.5,85.5,-0.32,0.32,-0.02,-0.02,2646.0,2646.0,292.0,68.0,6.0,6.0,2.41,-2.41,6.15,6.15,cube58_cluster0,194,1.3393649044705735,SL,84.5104961347656,-6.359862250696315,0.3949475543105161,cube58_cluster0;cube66_cluster0,2
2025-09-15,678906,678906,664983,AZ,SF,3,0,0,0,ST,ST,R,R,S,,82.8,82.8,1.29,1.29,0.03,0.03,2680.0,2680.0,59.0,59.0,6.2,6.2,-2.39,-2.39,5.44,5.44,cube67_cluster0,152,0.7197476402712524,ST,83.21108910576972,-12.188986866329156,0.17080679660382098,cube66_cluster0;cube67_cluster0;cube73_cluster0;cube74_cluster0,4
2025-09-15,829272,829272,542303,WSH,ATL,7,2,0,2,KC,KC,L,L,B,,76.1,76.1,-0.23,0.23,-1.79,-1.79,2904.0,2904.0,355.0,5.0,6.2,6.2,1.23,-1.23,5.83,5.83,cube77_cluster0,15,1.4574950618973672,CU,78.06982973839553,-10.373560444574672,-15.067035103894916,cube78_cluster0,1
2025-09-15,680694,680694,643565,CWS,BAL,3,0,0,0,CU,CU,R,R,B,,80.5,80.5,0.27,0.27,-0.85,-0.85,2538.0,2538.0,29.0,29.0,6.2,6.2,-1.02,-1.02,6.65,6.65,cube72_cluster0,77,1.4254533189145635,CU,78.89146033796635,-9.531561177600954,-10.534460563196083,cube65_cluster0,1
2025-09-15,669920,669920,673962,HOU,TEX,3,0,1,2,SI,SI,R,R,B,,92.0,92.0,-1.43,-1.43,0.25,0.25,2180.0,2180.0,242.0,242.0,6.2,6.2,-1.4,-1.4,5.76,5.76,cube13_cluster0,1173,1.4083647377780393,FF,91.32597348809763,10.933560927718538,9.887490835989844,cube13_cluster0,1
2025-09-15,680573,680573,669224,MIN,NYY,3,0,0,0,FF,FF,R,R,S,,90.5,90.5,-0.49,-0.49,1.41,1.41,2178.0,2178.0,210.0,210.0,6.4,6.4,-1.47,-1.47,6.55,6.55,cube3_cluster0,268,1.558405515889468,CH,89.73428321085365,11.536857891248982,10.613841731058852,cube12_cluster0;cube13_cluster0;cube3_cluster0;cube4_cluster0,4
2025-09-15,678906,678906,543510,AZ,SF,2,2,3,2,ST,ST,R,R,S,James McCann strikes out swinging.,86.2,86.2,1.36,1.36,0.24,0.24,2760.0,2760.0,57.0,57.0,6.5,6.5,-2.26,-2.26,5.45,5.45,cube67_cluster0,152,0.8310415446284889,ST,83.21108910576972,-12.188986866329156,0.17080679660382098,cube67_cluster0,1
2025-09-15,669461,669461,682622,STL,CIN,3,2,0,0,CH,CH,L,L,B,,89.7,89.7,1.2,-1.2,0.93,0.93,1952.0,1952.0,137.0,223.0,6.3,6.3,0.78,-0.78,6.4,6.4,cube3_cluster0,268,1.1468118339661064,CH,89.73428321085365,11.536857891248982,10.613841731058852,cube3_cluster0,1
2025-09-15,680732,680732,702616,CWS,BAL,3,2,0,0,CH,CH,R,R,B,,86.0,86.0,-1.46,-1.46,0.54,0.54,1761.0,1761.0,230.0,230.0,7.3,7.3,-2.33,-2.33,6.02,6.02,cube13_cluster0,1173,2.2306446095742793,FF,91.32597348809763,10.933560927718538,9.887490835989844,cube4_cluster0,1
2025-09-15,680730,680730,671739,WSH,ATL,3,0,1,2,FF,FF,L,L,S,Michael Harris II strikes out swinging.,92.3,92.3,0.27,-0.27,1.69,1.69,2151.0,2151.0,173.0,187.0,6.7,6.7,1.07,-1.07,6.55,6.55,cube22_cluster0,44,2.078219852595794,FC,88.82845332305666,-1.3474977477043035,9.056608779489569,cube12_cluster0;cube13_cluster0;cube3_cluster0;cube4_cluster0,4
2025-09-15,647336,647336,668804,PIT,CHC,8,2,1,1,SV,SV,R,R,B,,81.1,81.1,0.7,0.7,-0.36,-0.36,2945.0,2945.0,47.0,47.0,6.3,6.3,-2.66,-2.66,5.76,5.76,cube74_cluster0,95,1.180657379975513,ST,81.58280060620267,-13.628576142052651,-5.303629922931518,cube66_cluster0;cube67_cluster0;cube73_cluster0;cube74_cluster0,4
2025-09-15,592791,592791,694377,PIT,CHC,3,1,0,2,ST,ST,R,R,B,,80.6,80.6,1.14,1.14,-0.12,-0.12,2772.0,2772.0,48.0,48.0,6.9,6.9,-1.1,-1.1,6.16,6.16,cube65_cluster0,52,1.7895444769187698,CU,80.5172691598637,-7.955497641633661,-5.720742174043808,cube66_cluster0;cube73_cluster0,2
2025-09-15,683004,683004,660821,HOU,TEX,2,1,1,2,CH,CH,R,R,X,"Jesús Sánchez grounds out, second baseman Dylan Moore to first baseman Jake Burger.",93.0,93.0,-1.05,-1.05,0.32,0.32,1345.0,1345.0,230.0,230.0,6.7,6.7,-1.11,-1.11,5.68,5.68,cube3_cluster0,268,2.006650532902065,CH,89.73428321085365,11.536857891248982,10.613841731058852,cube4_cluster0,1
2025-09-15,702056,702056,802415,TB,TOR,3,0,0,0,SL,SL,R,R,B,,86.0,86.0,-0.21,-0.21,0.34,0.34,2143.0,2143.0,196.0,196.0,6.0,6.0,-0.58,-0.58,7.24,7.24,cube42_cluster1,3,2.13328924682805,FC,87.63142706302794,-5.957348927875244,5.6153508771929825,,0
2025-09-15,671212,671212,543807,TB,TOR,3,2,0,2,FF,FF,R,R,B,,97.7,97.7,-0.04,-0.04,0.84,0.84,2486.0,2486.0,215.0,215.0,6.5,6.5,-1.03,-1.03,5.71,5.71,cube23_cluster0,226,1.6716811581046729,FC,89.98051132303166,-0.8288022207088954,9.04754296913982,cube13_cluster0;cube14_cluster0;cube23_cluster0,3
2025-09-15,607074,607074,666397,MIN,NYY,3,0,0,0,SI,SI,L,L,S,,91.6,91.6,1.27,-1.27,0.33,0.33,2199.0,2199.0,130.0,230.0,6.2,6.2,2.34,-2.34,6.24,6.24,cube13_cluster0,1173,1.4257869425698229,FF,91.32597348809763,10.933560927718538,9.887490835989844,cube13_cluster0,1
2025-09-15,676742,676742,807713,PIT,CHC,6,2,1,2,FF,FF,R,R,S,,96.0,96.0,-0.46,-0.46,1.48,1.48,2641.0,2641.0,212.0,212.0,6.3,6.3,-2.83,-2.83,6.23,6.23,cube23_cluster0,226,2.2084223959657967,FC,89.98051132303166,-0.8288022207088954,9.04754296913982,cube13_cluster0;cube14_cluster0,2
2025-09-15,668678,668678,669477,AZ,SF,3,1,3,1,FF,FF,R,R,X,Casey Schmitt homers (11) on a fly ball to center field.,94.8,94.8,-0.17,-0.17,1.4,1.4,2297.0,2297.0,207.0,207.0,6.4,6.4,-3.0,-3.0,6.0,6.0,cube24_cluster0,111,1.8023842421201226,FC,90.39472309229976,-0.35116486760382487,8.906212304019572,cube13_cluster0;cube14_cluster0,2
2025-09-15,693312,693312,650489,PIT,CHC,8,1,2,0,FF,FF,R,R,B,,97.4,97.4,-0.83,-0.83,1.52,1.52,2437.0,2437.0,216.0,216.0,7.1,7.1,-1.12,-1.12,5.98,5.98,cube4_cluster0,983,2.0176498425219838,FF,92.73799323851703,11.87678282989603,11.880818729937886,cube4_cluster0;cube5_cluster0,2
2025-09-15,641793,641793,699625,STL,CIN,3,0,3,2,FF,FF,R,R,S,,91.8,91.8,-0.75,-0.75,1.34,1.34,2032.0,2032.0,204.0,204.0,6.2,6.2,-0.48,-0.48,6.37,6.37,cube3_cluster0,268,1.7398475724337332,CH,89.73428321085365,11.536857891248982,10.613841731058852,cube3_cluster0,1
2025-09-15,677952,677952,807713,PIT,CHC,3,0,2,0,SI,SI,R,R,B,,96.3,96.3,-1.32,-1.32,0.82,0.82,2365.0,2365.0,219.0,219.0,6.4,6.4,-1.0,-1.0,6.14,6.14,cube4_cluster0,983,1.5240197172482166,FF,92.73799323851703,11.87678282989603,11.880818729937886,cube13_cluster0;cube4_cluster0,2
2025-09-15,686218,686218,656941,LAD,PHI,3,0,1,1,FF,FF,R,R,S,,94.1,94.1,-0.9,-0.9,1.55,1.55,2407.0,2407.0,206.0,206.0,6.6,6.6,-1.03,-1.03,5.45,5.45,cube4_cluster0,983,1.8232514760465937,FF,92.73799323851703,11.87678282989603,11.880818729937886,cube4_cluster0;cube5_cluster0,2
2025-09-15,678024,678024,681297,CWS,BAL,8,2,2,0,SI,SI,R,R,B,,94.7,94.7,-1.05,-1.05,0.23,0.23,2073.0,2073.0,227.0,227.0,6.4,6.4,-1.55,-1.55,5.85,5.85,cube13_cluster0,1173,1.0946314992564066,FF,91.32597348809763,10.933560927718538,9.887490835989844,cube13_cluster0,1
2025-09-15,675911,675911,690987,WSH,ATL,3,1,1,2,CH,CH,R,R,S,Robert Hassell III strikes out swinging.,83.2,83.2,-1.64,-1.64,0.41,0.41,1918.0,1918.0,239.0,239.0,7.0,7.0,-1.97,-1.97,5.76,5.76,cube13_cluster0,1173,1.9031435350240467,FF,91.32597348809763,10.933560927718538,9.887490835989844,cube13_cluster0;cube4_cluster0,2
2025-09-15,624133,624133,660271,LAD,PHI,3,1,3,1,CU,CU,L,L,S,,75.8,75.8,-1.01,1.01,-0.76,-0.76,2138.0,2138.0,307.0,53.0,6.1,6.1,2.15,-2.15,5.63,5.63,cube72_cluster1,4,0.7118293326996801,CU,73.14815617664787,-13.649330552782773,-9.00283815300432,cube66_cluster0;cube72_cluster1;cube73_cluster0,3
2025-09-15,676775,676775,606466,AZ,SF,8,2,0,1,FS,FS,R,R,X,Ketel Marte lines out to center fielder Jung Hoo Lee.,89.2,89.2,-1.08,-1.08,0.24,0.24,1477.0,1477.0,246.0,246.0,6.3,6.3,-1.47,-1.47,5.98,5.98,cube12_cluster0,316,1.4413458424342602,CH,89.01009096911115,10.260232782391817,9.292479855944606,cube12_cluster0;cube13_cluster0;cube3_cluster0;cube4_cluster0,4
2025-09-15,607074,607074,640902,MIN,NYY,3,0,1,1,CH,CH,L,L,X,Jhonny Pereda doubles (5) on a sharp line drive to left fielder Cody Bellinger.,84.9,84.9,1.01,-1.01,0.33,0.33,1657.0,1657.0,132.0,228.0,6.3,6.3,2.21,-2.21,6.27,6.27,cube12_cluster0,316,1.4937563897639525,CH,89.01009096911115,10.260232782391817,9.292479855944606,cube12_cluster0;cube13_cluster0,2
2025-09-15,680732,680732,681297,CWS,BAL,3,1,2,2,FF,FF,R,R,S,Colton Cowser strikes out swinging.,95.6,95.6,-0.51,-0.51,1.35,1.35,2569.0,2569.0,203.0,203.0,7.2,7.2,-2.19,-2.19,6.27,6.27,cube5_cluster0,516,2.144124155672165,FF,94.26601183041208,12.58960465467938,11.873748452415477,cube14_cluster0,1
2025-09-15,680730,680730,671739,WSH,ATL,3,0,0,2,SL,SL,L,L,B,,83.4,83.4,-0.82,0.82,0.18,0.18,2436.0,2436.0,306.0,54.0,7.0,7.0,2.05,-2.05,5.92,5.92,cube59_cluster3,4,1.2438542851400118,SL,85.12251530257362,-5.961374472524924,0.02102759100394158,cube58_cluster0;cube59_cluster1;cube66_cluster0;cube67_cluster0,4
2025-09-15,680573,680573,676609,MIN,NYY,2,2,2,2,SL,SL,R,R,X,"José Caballero grounds out, shortstop Brooks Lee to first baseman Edouard Julien.",86.2,86.2,0.49,0.49,0.29,0.29,2269.0,2269.0,157.0,157.0,6.9,6.9,-1.35,-1.35,6.26,6.26,cube43_cluster0,144,1.3685825641865936,SL,87.05264300971788,-4.004743073818654,3.6350863620861684,cube33_cluster0;cube43_cluster0,2
2025-09-15,829272,829272,542303,WSH,ATL,7,2,0,1,CH,CH,L,L,S,,83.5,83.5,1.37,-1.37,0.85,0.85,1669.0,1669.0,125.0,235.0,6.3,6.3,1.68,-1.68,5.59,5.59,cube12_cluster0,316,1.491336000094258,CH,89.01009096911115,10.260232782391817,9.292479855944606,cube3_cluster0;cube4_cluster0,2
2025-09-15,693312,693312,650489,PIT,CHC,8,1,1,0,FF,FF,R,R,B,,98.3,98.3,-0.51,-0.51,1.63,1.63,2447.0,2447.0,208.0,208.0,7.2,7.2,-0.99,-0.99,5.93,5.93,cube4_cluster0,983,2.3927016424154943,FF,92.73799323851703,11.87678282989603,11.880818729937886,cube4_cluster0;cube5_cluster0,2
2025-09-15,668678,668678,669477,AZ,SF,3,1,2,1,FF,FF,R,R,B,,94.0,94.0,-0.32,-0.32,1.47,1.47,2342.0,2342.0,210.0,210.0,6.5,6.5,-3.02,-3.02,6.05,6.05,cube6_cluster3,4,1.8580047673521876,FF,96.83250199133,9.898196859286852,14.591325902230212,cube13_cluster0;cube14_cluster0,2
2025-09-15,647336,647336,668804,PIT,CHC,8,2,0,1,CH,CH,R,R,B,,86.0,86.0,-1.41,-1.41,0.47,0.47,2005.0,2005.0,243.0,243.0,6.3,6.3,-2.72,-2.72,5.72,5.72,cube14_cluster0,644,1.5145972191442976,FF,92.67733037261901,12.017251018938115,9.608444861229,cube13_cluster0,1
2025-09-15,702056,702056,700246,TB,TOR,2,2,1,2,FF,FF,R,R,S,Carson Williams called out on strikes.,95.6,95.6,-0.05,-0.05,1.69,1.69,2311.0,2311.0,195.0,195.0,6.4,6.4,-0.29,-0.29,7.04,7.04,cube42_cluster1,3,2.677723612314145,FC,87.63142706302794,-5.957348927875244,5.6153508771929825,cube12_cluster0;cube3_cluster0,2
2025-09-15,681517,681517,663886,STL,CIN,9,1,1,1,FF,FF,R,R,X,Tyler Stephenson doubles (17) on a sharp line drive to left fielder Lars Nootbaar. Noelvi Marte scores. Austin Hays scores. Sal Stewart scores.,96.2,96.2,-0.41,-0.41,1.48,1.48,2431.0,2431.0,204.0,204.0,7.2,7.2,-2.01,-2.01,5.66,5.66,cube15_cluster1,11,1.2769330181774485,FF,95.07044777791452,10.01799709211646,12.914228470751997,cube14_cluster0;cube5_cluster0,2
2025-09-15,683004,683004,660821,HOU,TEX,2,1,0,2,FF,FF,R,R,B,,98.3,98.3,-0.72,-0.72,1.57,1.57,2513.0,2513.0,215.0,215.0,6.5,6.5,-1.18,-1.18,5.67,5.67,cube4_cluster0,983,1.7716314442960295,FF,92.73799323851703,11.87678282989603,11.880818729937886,cube4_cluster0;cube5_cluster0,2
2025-09-15,678024,678024,681297,CWS,BAL,8,2,1,0,ST,ST,R,R,B,,80.7,80.7,1.29,1.29,-0.21,-0.21,2329.0,2329.0,54.0,54.0,6.5,6.5,-1.7,-1.7,5.91,5.91,cube66_cluster0,381,0.9477139656207516,ST,82.47698152646831,-10.124080234445362,-2.88332382968971,cube66_cluster0;cube73_cluster0,2
2025-09-15,671212,671212,543807,TB,TOR,3,2,0,2,SL,SL,R,R,S,,92.1,92.1,0.39,0.39,0.11,0.11,2641.0,2641.0,149.0,149.0,6.4,6.4,-0.91,-0.91,5.82,5.82,cube43_cluster0,144,1.3656984098271592,SL,87.05264300971788,-4.004743073818654,3.6350863620861684,cube43_cluster0,1
2025-09-15,686218,686218,656941,LAD,PHI,3,0,1,0,SL,SL,R,R,S,,87.1,87.1,0.22,0.22,0.48,0.48,2407.0,2407.0,194.0,194.0,6.4,6.4,-1.28,-1.28,5.26,5.26,cube33_cluster0,169,1.4852117612864324,FC,88.23401695598267,-3.1239005241649638,6.236802891040705,cube23_cluster0;cube33_cluster0,2
2025-09-15,592791,592791,694377,PIT,CHC,3,1,0,1,FC,FC,R,R,S,,86.3,86.3,0.54,0.54,0.63,0.63,2663.0,2663.0,165.0,165.0,6.8,6.8,-1.08,-1.08,6.13,6.13,cube43_cluster0,144,1.5046949444042994,SL,87.05264300971788,-4.004743073818654,3.6350863620861684,cube33_cluster0;cube43_cluster0,2
2025-09-15,680694,680694,666150,CWS,BAL,2,1,0,2,FF,FF,R,R,X,"Dominic Fletcher grounds into a double play, shortstop Gunnar Henderson to second baseman Jackson Holliday to first baseman Ryan Mountcastle. Chase Meidroth out at 2nd. Dominic Fletcher out at 1st.",94.4,94.4,-0.05,-0.05,1.24,1.24,2477.0,2477.0,179.0,179.0,6.3,6.3,-1.07,-1.07,6.51,6.51,cube22_cluster0,44,1.49434539884546,FC,88.82845332305666,-1.3474977477043035,9.056608779489569,cube12_cluster0;cube13_cluster0;cube22_cluster0;cube23_cluster0,4
2025-09-15,641793,641793,699625,STL,CIN,3,0,2,2,SI,SI,R,R,B,,90.4,90.4,-1.28,-1.28,0.91,0.91,2030.0,2030.0,215.0,215.0,6.2,6.2,-0.65,-0.65,6.07,6.07,cube3_cluster0,268,1.2683912266877053,CH,89.73428321085365,11.536857891248982,10.613841731058852,cube3_cluster0,1
2025-09-15,669461,669461,670770,STL,CIN,3,1,2,2,SL,SL,L,L,X,TJ Friedl flies out to right fielder Lars Nootbaar.,85.8,85.8,-0.48,0.48,-0.16,-0.16,2839.0,2839.0,283.0,77.0,6.3,6.3,0.43,-0.43,6.54,6.54,cube57_cluster1,5,1.8895967532940678,SL,84.4555766444267,-4.522769280798219,-0.11781077608958196,,0
2025-09-15,676742,676742,807713,PIT,CHC,6,2,1,1,SL,SL,R,R,S,,84.8,84.8,0.4,0.4,-0.06,-0.06,2778.0,2778.0,88.0,88.0,6.2,6.2,-2.93,-2.93,6.18,6.18,cube59_cluster0,6,1.257666273873953,SL,85.10288607720291,-4.974455470207517,-0.26360602944668465,cube58_cluster0;cube66_cluster0,2
2025-09-15,678906,678906,543510,AZ,SF,2,2,2,2,SI,SI,R,R,B,,93.6,93.6,-1.13,-1.13,0.29,0.29,2442.0,2442.0,231.0,231.0,6.5,6.5,-2.21,-2.21,5.44,5.44,cube14_cluster0,644,0.9963428363212324,FF,92.67733037261901,12.017251018938115,9.608444861229,cube14_cluster0,1
2025-09-15,624133,624133,660271,LAD,PHI,3,1,2,1,FF,FF,L,L,B,,92.7,92.7,0.67,-0.67,0.6,0.6,1804.0,1804.0,125.0,235.0,6.1,6.1,2.32,-2.32,5.47,5.47,cube13_cluster0,1173,1.317206161817986,FF,91.32597348809763,10.933560927718538,9.887490835989844,cube13_cluster0,1
2025-09-15,677952,677952,807713,PIT,CHC,3,0,1,0,SI,SI,R,R,B,,96.6,96.6,-1.19,-1.19,0.88,0.88,2443.0,2443.0,208.0,208.0,6.4,6.4,-0.86,-0.86,6.44,6.44,cube3_cluster0,268,2.0011428545000434,CH,89.73428321085365,11.536857891248982,10.613841731058852,cube12_cluster0;cube13_cluster0;cube3_cluster0;cube4_cluster0,4
2025-09-15,669920,669920,673962,HOU,TEX,3,0,1,1,SI,SI,R,R,S,,89.8,89.8,-1.35,-1.35,0.0,0.0,2031.0,2031.0,248.0,248.0,6.1,6.1,-1.64,-1.64,5.66,5.66,cube23_cluster1,15,1.2542227419061696,CH,87.14244152758266,13.779793742871872,-2.1495322200021145,cube13_cluster0,1
2025-09-15,675911,675911,690987,WSH,ATL,3,1,1,1,CU,CU,R,R,S,,67.2,67.2,1.0,1.0,-0.88,-0.88,2465.0,2465.0,45.0,45.0,6.7,6.7,-1.78,-1.78,6.14,6.14,cube72_cluster1,4,1.3711091270258613,CU,73.14815617664787,-13.649330552782773,-9.00283815300432,,0
2025-09-15,680573,680573,676609,MIN,NYY,2,2,1,2,FF,FF,R,R,B,,93.9,93.9,-0.28,-0.28,1.52,1.52,2284.0,2284.0,194.0,194.0,6.9,6.9,-1.0,-1.0,6.5,6.5,cube22_cluster0,44,2.1489939007770307,FC,88.82845332305666,-1.3474977477043035,9.056608779489569,cube13_cluster0,1
2025-09-15,592791,592791,694377,PIT,CHC,3,1,0,0,FF,FF,R,R,S,,91.7,91.7,-0.45,-0.45,1.48,1.48,2289.0,2289.0,206.0,206.0,6.9,6.9,-1.0,-1.0,6.15,6.15,cube4_cluster0,983,1.9007620599670496,FF,92.73799323851703,11.87678282989603,11.880818729937886,cube13_cluster0;cube4_cluster0,2
2025-09-15,680730,680730,671739,WSH,ATL,3,0,0,1,FF,FF,L,L,S,,91.8,91.8,0.42,-0.42,1.55,1.55,2167.0,2167.0,169.0,191.0,6.8,6.8,1.04,-1.04,6.52,6.52,cube22_cluster0,44,2.0629209186327695,FC,88.82845332305666,-1.3474977477043035,9.056608779489569,cube12_cluster0;cube13_cluster0;cube3_cluster0;cube4_cluster0,4
2025-09-15,669461,669461,670770,STL,CIN,3,1,2,2,CU,CU,L,L,S,,79.2,79.2,-0.52,0.52,-1.58,-1.58,2975.0,2975.0,331.0,29.0,6.5,6.5,0.38,-0.38,6.53,6.53,cube77_cluster0,15,1.804929704342856,CU,78.06982973839553,-10.373560444574672,-15.067035103894916,,0
2025-09-15,607074,607074,640902,MIN,NYY,3,0,0,1,CH,CH,L,L,B,,84.8,84.8,0.92,-0.92,0.55,0.55,1646.0,1646.0,137.0,223.0,6.3,6.3,2.19,-2.19,6.24,6.24,cube12_cluster0,316,1.3504866425108513,CH,89.01009096911115,10.260232782391817,9.292479855944606,cube12_cluster0;cube13_cluster0;cube3_cluster0;cube4_cluster0,4
2025-09-15,641793,641793,699625,STL,CIN,3,0,2,1,SL,SL,R,R,S,,87.6,87.6,0.32,0.32,0.63,0.63,2160.0,2160.0,201.0,201.0,6.1,6.1,-0.78,-0.78,6.29,6.29,cube22_cluster0,44,0.9528291534295306,FC,88.82845332305666,-1.3474977477043035,9.056608779489569,cube22_cluster0,1
2025-09-15,693312,693312,650489,PIT,CHC,8,1,0,0,FF,FF,R,R,B,,97.8,97.8,-0.65,-0.65,1.45,1.45,2361.0,2361.0,216.0,216.0,7.3,7.3,-0.94,-0.94,5.94,5.94,cube4_cluster0,983,2.323587788479454,FF,92.73799323851703,11.87678282989603,11.880818729937886,cube4_cluster0;cube5_cluster0,2
2025-09-15,678906,678906,543510,AZ,SF,2,2,1,2,FF,FF,R,R,B,,94.7,94.7,-0.53,-0.53,0.81,0.81,2426.0,2426.0,237.0,237.0,6.4,6.4,-2.27,-2.27,5.4,5.4,cube14_cluster0,644,0.9330309501692742,FF,92.67733037261901,12.017251018938115,9.608444861229,cube14_cluster0,1
2025-09-15,668678,668678,669477,AZ,SF,3,1,2,0,KC,KC,R,R,S,,82.0,82.0,0.58,0.58,-0.8,-0.8,2558.0,2558.0,34.0,34.0,6.5,6.5,-3.16,-3.16,5.96,5.96,cube67_cluster3,1,1.757707501597828,SL,78.67358490566038,-15.561509433962266,-4.000754716981133,cube66_cluster0;cube73_cluster0;cube74_cluster0,3
2025-09-15,676742,676742,807713,PIT,CHC,6,2,1,0,FF,FF,R,R,S,,93.7,93.7,-0.49,-0.49,1.55,1.55,2579.0,2579.0,208.0,208.0,6.4,6.4,-3.03,-3.03,6.18,6.18,cube5_cluster0,516,2.213146065937521,FF,94.26601183041208,12.58960465467938,11.873748452415477,cube13_cluster0;cube14_cluster0,2
2025-09-15,671212,671212,543807,TB,TOR,3,2,0,1,FS,FS,R,R,S,,93.6,93.6,-1.26,-1.26,-0.02,-0.02,2089.0,2089.0,237.0,237.0,6.6,6.6,-0.92,-0.92,5.83,5.83,cube12_cluster0,316,1.915706027272971,CH,89.01009096911115,10.260232782391817,9.292479855944606,cube13_cluster0,1
2025-09-15,669920,669920,673962,HOU,TEX,3,0,0,1,FF,FF,R,R,B,,91.4,91.4,-0.89,-0.89,1.06,1.06,2315.0,2315.0,238.0,238.0,6.1,6.1,-1.4,-1.4,5.92,5.92,cube4_cluster0,983,1.0980323365250872,FF,92.73799323851703,11.87678282989603,11.880818729937886,cube13_cluster0;cube4_cluster0,2
2025-09-15,608650,608650,678246,CWS,BAL,9,2,1,2,FF,FF,L,L,X,Miguel Vargas pops out to second baseman Jackson Holliday.,93.6,93.6,0.46,-0.46,1.33,1.33,2175.0,2175.0,149.0,211.0,6.3,6.3,1.97,-1.97,6.28,6.28,cube4_cluster0,983,1.2264954803164172,FF,92.73799323851703,11.87678282989603,11.880818729937886,cube13_cluster0;cube4_cluster0,2
2025-09-15,680732,680732,681297,CWS,BAL,3,1,2,2,KC,KC,R,R,S,,83.2,83.2,0.15,0.15,-0.88,-0.88,2538.0,2538.0,41.0,41.0,7.0,7.0,-2.31,-2.31,6.27,6.27,cube67_cluster2,6,1.5467143894201225,CU,83.11739876493539,-8.352412707608828,-11.699528597119054,cube66_cluster0,1
2025-09-15,678024,678024,681297,CWS,BAL,8,2,0,0,CU,CU,R,R,B,,81.1,81.1,0.8,0.8,-1.25,-1.25,2482.0,2482.0,36.0,36.0,6.2,6.2,-1.48,-1.48,6.03,6.03,cube72_cluster0,77,0.7303217086301901,CU,78.89146033796635,-9.531561177600954,-10.534460563196083,cube72_cluster0;cube73_cluster0,2
2025-09-15,683004,683004,660821,HOU,TEX,2,1,0,1,FF,FF,R,R,S,,97.7,97.7,-0.71,-0.71,1.47,1.47,2493.0,2493.0,216.0,216.0,6.8,6.8,-1.28,-1.28,5.58,5.58,cube5_cluster0,516,1.7277544161201273,FF,94.26601183041208,12.58960465467938,11.873748452415477,cube13_cluster0;cube14_cluster0;cube4_cluster0;cube5_cluster0,4
2025-09-15,686218,686218,656941,LAD,PHI,3,0,0,0,SL,SL,R,R,B,,84.9,84.9,0.36,0.36,0.18,0.18,2340.0,2340.0,132.0,132.0,6.4,6.4,-1.24,-1.24,5.31,5.31,cube43_cluster0,144,1.3784111153949066,SL,87.05264300971788,-4.004743073818654,3.6350863620861684,cube43_cluster0;cube51_cluster0,2
2025-09-15,624133,624133,660271,LAD,PHI,3,1,1,1,FF,FF,L,L,B,,91.8,91.8,0.7,-0.7,0.52,0.52,1868.0,1868.0,130.0,230.0,6.1,6.1,2.46,-2.46,5.41,5.41,cube14_cluster0,644,1.3291512980308002,FF,92.67733037261901,12.017251018938115,9.608444861229,cube13_cluster0,1
2025-09-15,681517,681517,663886,STL,CIN,9,1,0,1,ST,ST,R,R,B,,88.2,88.2,1.29,1.29,0.5,0.5,2756.0,2756.0,78.0,78.0,7.1,7.1,-2.16,-2.16,5.69,5.69,cube59_cluster3,4,1.706758917923054,SL,85.12251530257362,-5.961374472524924,0.02102759100394158,cube67_cluster0,1
2025-09-15,680694,680694,666150,CWS,BAL,2,1,0,1,FF,FF,R,R,S,,93.7,93.7,-0.03,-0.03,1.26,1.26,2373.0,2373.0,187.0,187.0,6.4,6.4,-1.02,-1.02,6.56,6.56,cube22_cluster0,44,1.4813620553631308,FC,88.82845332305666,-1.3474977477043035,9.056608779489569,cube12_cluster0;cube13_cluster0;cube22_cluster0;cube23_cluster0,4
2025-09-15,702056,702056,700246,TB,TOR,2,2,0,2,FS,FS,R,R,B,,84.7,84.7,-1.01,-1.01,0.66,0.66,1521.0,1521.0,216.0,216.0,6.2,6.2,-0.5,-0.5,7.13,7.13,cube3_cluster0,268,2.5878764797154865,CH,89.73428321085365,11.536857891248982,10.613841731058852,,0
2025-09-15,647336,647336,668804,PIT,CHC,8,2,0,0,SV,SV,R,R,S,,80.6,80.6,1.07,1.07,-0.77,-0.77,2961.0,2961.0,49.0,49.0,6.1,6.1,-2.53,-2.53,5.78,5.78,cube78_cluster1,5,0.855437739439651,CU,80.64152300890618,-18.302848826753866,-5.60128168299082,cube73_cluster0;cube74_cluster0;cube78_cluster0;cube78_cluster1,4
2025-09-15,676775,676775,606466,AZ,SF,8,2,0,0,FF,FF,R,R,S,,94.3,94.3,-0.75,-0.75,1.33,1.33,2199.0,2199.0,222.0,222.0,6.2,6.2,-1.31,-1.31,6.18,6.18,cube4_cluster0,983,1.1966315432505212,FF,92.73799323851703,11.87678282989603,11.880818729937886,cube3_cluster0;cube4_cluster0,2
2025-09-15,677952,677952,807713,PIT,CHC,3,0,0,0,CU,CU,R,R,B,,83.3,83.3,0.37,0.37,-1.21,-1.21,2651.0,2651.0,28.0,28.0,6.5,6.5,-0.82,-0.82,6.43,6.43,cube77_cluster0,15,1.6334026393179444,CU,78.06982973839553,-10.373560444574672,-15.067035103894916,cube65_cluster0;cube66_cluster0;cube72_cluster0;cube73_cluster0,4
2025-09-15,675911,675911,690987,WSH,ATL,3,1,1,0,CU,CU,R,R,S,,78.5,78.5,0.74,0.74,-0.62,-0.62,2685.0,2685.0,62.0,62.0,6.7,6.7,-1.93,-1.93,5.86,5.86,cube73_cluster0,327,0.9378952043085592,CU,80.47699441108988,-11.55224395022119,-8.074074661318553,cube66_cluster0;cube73_cluster0,2
2025-09-15,829272,829272,542303,WSH,ATL,7,2,0,0,KC,KC,L,L,S,,73.9,73.9,-0.59,0.59,-1.72,-1.72,2860.0,2860.0,342.0,18.0,6.1,6.1,1.26,-1.26,5.81,5.81,cube77_cluster0,15,1.139513113267296,CU,78.06982973839553,-10.373560444574672,-15.067035103894916,cube77_cluster0;cube78_cluster0,2
2025-09-15,675911,675911,690987,WSH,ATL,3,1,0,0,FF,FF,R,R,B,,93.9,93.9,-0.91,-0.91,1.6,1.6,2341.0,2341.0,212.0,212.0,7.0,7.0,-1.81,-1.81,5.92,5.92,cube5_cluster0,516,1.4791111307767062,FF,94.26601183041208,12.58960465467938,11.873748452415477,cube4_cluster0;cube5_cluster0,2
2025-09-15,693312,693312,621020,PIT,CHC,8,1,3,2,FF,FF,R,R,X,Dansby Swanson singles on a line drive to left fielder Tommy Pham.,96.6,96.6,-0.84,-0.84,1.47,1.47,2394.0,2394.0,217.0,217.0,7.1,7.1,-1.11,-1.11,6.02,6.02,cube4_cluster0,983,1.9432207700005286,FF,92.73799323851703,11.87678282989603,11.880818729937886,cube4_cluster0;cube5_cluster0,2
2025-09-15,669920,669920,673962,HOU,TEX,3,0,0,0,SI,SI,R,R,S,,90.0,90.0,-1.22,-1.22,0.1,0.1,2042.0,2042.0,246.0,246.0,6.3,6.3,-1.65,-1.65,5.65,5.65,cube23_cluster1,15,1.3150145999314868,CH,87.14244152758266,13.779793742871872,-2.1495322200021145,cube13_cluster0,1
2025-09-15,607074,607074,640902,MIN,NYY,3,0,0,0,FF,FF,L,L,S,,93.2,93.2,0.63,-0.63,1.64,1.64,2421.0,2421.0,148.0,212.0,6.3,6.3,2.19,-2.19,6.4,6.4,cube4_cluster0,983,1.7703304287080506,FF,92.73799323851703,11.87678282989603,11.880818729937886,cube13_cluster0;cube4_cluster0,2
2025-09-15,680573,680573,676609,MIN,NYY,2,2,1,2,FF,FF,R,R,S,,94.7,94.7,-0.4,-0.4,1.62,1.62,2301.0,2301.0,197.0,197.0,7.0,7.0,-1.12,-1.12,6.44,6.44,cube4_cluster0,983,2.2990072633327516,FF,92.73799323851703,11.87678282989603,11.880818729937886,cube13_cluster0;cube4_cluster0,2
2025-09-15,686218,686218,664056,LAD,PHI,3,0,3,2,FF,FF,R,R,B,Harrison Bader walks.,96.3,96.3,-0.73,-0.73,1.44,1.44,2468.0,2468.0,205.0,205.0,6.6,6.6,-0.9,-0.9,5.43,5.43,cube4_cluster0,983,2.014483776628173,FF,92.73799323851703,11.87678282989603,11.880818729937886,cube13_cluster0;cube14_cluster0;cube4_cluster0;cube5_cluster0,4
2025-09-15,608650,608650,678246,CWS,BAL,9,2,0,2,FF,FF,L,L,B,,94.3,94.3,0.37,-0.37,1.42,1.42,2091.0,2091.0,150.0,210.0,6.2,6.2,1.83,-1.83,6.34,6.34,cube4_cluster0,983,1.4394435469984506,FF,92.73799323851703,11.87678282989603,11.880818729937886,cube12_cluster0;cube13_cluster0;cube3_cluster0;cube4_cluster0,4
2025-09-15,647336,647336,687462,PIT,CHC,8,1,3,2,FF,FF,R,R,X,"Spencer Horwitz grounds out, first baseman Michael Busch to pitcher Michael Soroka.",94.6,94.6,-0.62,-0.62,1.33,1.33,2562.0,2562.0,228.0,228.0,6.3,6.3,-2.66,-2.66,5.61,5.61,cube5_cluster0,516,1.3993170131861368,FF,94.26601183041208,12.58960465467938,11.873748452415477,cube14_cluster0,1
2025-09-15,676775,676775,672695,AZ,SF,8,2,2,2,SI,SI,R,R,X,Geraldo Perdomo doubles (28) on a sharp line drive to center fielder Jung Hoo Lee. Jake McCarthy scores.,96.1,96.1,-1.12,-1.12,0.52,0.52,2139.0,2139.0,229.0,229.0,6.2,6.2,-1.41,-1.41,6.0,6.0,cube4_cluster0,983,1.1135428998371195,FF,92.73799323851703,11.87678282989603,11.880818729937886,cube13_cluster0;cube4_cluster0,2
2025-09-15,668678,668678,669477,AZ,SF,3,1,1,0,FF,FF,R,R,B,,93.2,93.2,-0.27,-0.27,1.45,1.45,2275.0,2275.0,210.0,210.0,6.3,6.3,-3.06,-3.06,6.02,6.02,cube24_cluster0,111,1.9351292723289155,FC,90.39472309229976,-0.35116486760382487,8.906212304019572,cube13_cluster0;cube14_cluster0,2
2025-09-15,681517,681517,663886,STL,CIN,9,1,0,0,FF,FF,R,R,S,,96.8,96.8,-0.33,-0.33,1.48,1.48,2552.0,2552.0,207.0,207.0,7.1,7.1,-1.97,-1.97,5.69,5.69,cube15_cluster1,11,1.4539905235837323,FF,95.07044777791452,10.01799709211646,12.914228470751997,cube14_cluster0,1
2025-09-15,676742,676742,807713,PIT,CHC,6,2,0,0,FF,FF,R,R,B,,95.6,95.6,-0.75,-0.75,1.39,1.39,2543.0,2543.0,213.0,213.0,6.4,6.4,-3.31,-3.31,6.05,6.05,cube6_cluster3,4,1.9944969796695677,FF,96.83250199133,9.898196859286852,14.591325902230212,cube14_cluster0;cube5_cluster0,2
2025-09-15,680732,680732,681297,CWS,BAL,3,1,1,2,CH,CH,R,R,B,,87.5,87.5,-1.06,-1.06,0.88,0.88,1849.0,1849.0,233.0,233.0,7.4,7.4,-2.31,-2.31,6.04,6.04,cube5_cluster0,516,2.0784993323770093,FF,94.26601183041208,12.58960465467938,11.873748452415477,cube13_cluster0;cube4_cluster0,2
2025-09-15,829272,829272,686948,WSH,ATL,7,2,0,0,FF,FF,L,L,X,Drake Baldwin singles on a sharp line drive to left fielder James Wood. Jurickson Profar scores. Matt Olson to 3rd. Ha-Seong Kim to 2nd.,92.7,92.7,0.87,-0.87,1.31,1.31,2192.0,2192.0,138.0,222.0,6.4,6.4,1.72,-1.72,5.55,5.55,cube4_cluster0,983,0.8269010405000885,FF,92.73799323851703,11.87678282989603,11.880818729937886,cube4_cluster0,1
2025-09-15,671212,671212,543807,TB,TOR,3,2,0,0,FF,FF,R,R,S,,98.8,98.8,-0.53,-0.53,1.25,1.25,2598.0,2598.0,222.0,222.0,6.5,6.5,-1.16,-1.16,5.74,5.74,cube4_cluster0,983,1.7915181212733424,FF,92.73799323851703,11.87678282989603,11.880818729937886,cube13_cluster0;cube14_cluster0,2
2025-09-15,678906,678906,543510,AZ,SF,2,2,1,1,ST,ST,R,R,S,,84.8,84.8,1.48,1.48,0.07,0.07,2780.0,2780.0,55.0,55.0,6.3,6.3,-2.28,-2.28,5.36,5.36,cube67_cluster0,152,0.908526831440707,ST,83.21108910576972,-12.188986866329156,0.17080679660382098,cube66_cluster0;cube67_cluster0;cube73_cluster0;cube74_cluster0,4
2025-09-15,683004,683004,660821,HOU,TEX,2,1,0,0,FF,FF,R,R,S,,97.4,97.4,-0.95,-0.95,1.41,1.41,2334.0,2334.0,213.0,213.0,6.8,6.8,-1.11,-1.11,5.53,5.53,cube4_cluster0,983,1.6935186382252667,FF,92.73799323851703,11.87678282989603,11.880818729937886,cube4_cluster0;cube5_cluster0,2
2025-09-15,592791,592791,663698,PIT,CHC,3,0,1,0,FF,FF,R,R,X,"Joey Bart grounds out, third baseman Matt Shaw to first baseman Michael Busch.",92.5,92.5,-0.8,-0.8,1.44,1.44,2290.0,2290.0,207.0,207.0,6.7,6.7,-0.96,-0.96,6.19,6.19,cube4_cluster0,983,1.692509184374441,FF,92.73799323851703,11.87678282989603,11.880818729937886,cube13_cluster0;cube4_cluster0,2
2025-09-15,680694,680694,666150,CWS,BAL,2,1,0,0,FF,FF,R,R,S,,93.7,93.7,0.16,0.16,1.14,1.14,2366.0,2366.0,188.0,188.0,6.3,6.3,-1.02,-1.02,6.57,6.57,cube22_cluster0,44,1.3401351080795085,FC,88.82845332305666,-1.3474977477043035,9.056608779489569,cube12_cluster0;cube13_cluster0;cube22_cluster0;cube23_cluster0,4
2025-09-15,669461,669461,670770,STL,CIN,3,1,2,1,SL,SL,L,L,S,,85.6,85.6,-0.33,0.33,0.05,0.05,2820.0,2820.0,271.0,89.0,6.4,6.4,0.44,-0.44,6.47,6.47,cube50_cluster0,16,1.7496312028573964,SL,84.90007193384722,-3.20169019761113,0.4617852580480657,,0
2025-09-15,641793,641793,699625,STL,CIN,3,0,1,1,FS,FS,R,R,B,,82.1,82.1,-0.99,-0.99,0.13,0.13,900.0,900.0,244.0,244.0,6.0,6.0,-0.83,-0.83,6.17,6.17,cube13_cluster1,3,2.6828900428254765,FS,84.2318346010472,7.0387863377694,1.0515447129672841,,0
2025-09-15,680730,680730,671739,WSH,ATL,3,0,0,0,SL,SL,L,L,S,,83.0,83.0,-0.74,0.74,0.61,0.61,2324.0,2324.0,313.0,47.0,7.0,7.0,2.07,-2.07,6.04,6.04,cube59_cluster3,4,1.632195951181137,SL,85.12251530257362,-5.961374472524924,0.02102759100394158,cube58_cluster0,1
2025-09-15,678024,678024,694212,CWS,BAL,8,0,3,1,SI,SI,R,R,X,"Samuel Basallo grounds into a double play, shortstop Colson Montgomery to second baseman Chase Meidroth to first baseman Lenyn Sosa. Coby Mayo out at 2nd. Samuel Basallo out at 1st.",94.6,94.6,-1.18,-1.18,0.34,0.34,2182.0,2182.0,228.0,228.0,6.3,6.3,-1.64,-1.64,5.93,5.93,cube13_cluster0,1173,1.0204311281171035,FF,91.32597348809763,10.933560927718538,9.887490835989844,cube13_cluster0,1
2025-09-15,702056,702056,700246,TB,TOR,2,2,0,1,FF,FF,R,R,S,,95.3,95.3,-0.49,-0.49,1.73,1.73,2304.0,2304.0,197.0,197.0,6.3,6.3,-0.51,-0.51,6.96,6.96,cube22_cluster0,44,2.671781881409169,FC,88.82845332305666,-1.3474977477043035,9.056608779489569,cube12_cluster0;cube3_cluster0,2
2025-09-15,624133,624133,660271,LAD,PHI,3,1,0,1,SL,SL,L,L,B,,81.0,81.0,-0.78,0.78,0.12,0.12,2077.0,2077.0,277.0,83.0,6.3,6.3,2.23,-2.23,5.5,5.5,cube59_cluster1,54,1.336578721459545,SL,85.28451345513116,-6.463379179070062,0.3652873224190217,cube58_cluster0,1
2025-09-15,677952,677952,650489,PIT,CHC,2,2,2,2,FF,FF,R,R,S,Willi Castro strikes out swinging.,98.2,98.2,-0.78,-0.78,1.22,1.22,2323.0,2323.0,226.0,226.0,6.4,6.4,-0.98,-0.98,6.16,6.16,cube4_cluster0,983,1.5876892426642164,FF,92.73799323851703,11.87678282989603,11.880818729937886,cube4_cluster0,1
2025-09-15,680732,680732,681297,CWS,BAL,3,1,0,2,FF,FF,R,R,B,,98.1,98.1,-0.13,-0.13,1.45,1.45,2649.0,2649.0,199.0,199.0,7.1,7.1,-2.18,-2.18,6.31,6.31,cube23_cluster0,226,2.324289155459444,FC,89.98051132303166,-0.8288022207088954,9.04754296913982,cube14_cluster0,1
2025-09-15,686218,686218,664056,LAD,PHI,3,0,3,1,FF,FF,R,R,S,,94.8,94.8,-0.95,-0.95,1.28,1.28,2458.0,2458.0,211.0,211.0,6.5,6.5,-0.97,-0.97,5.49,5.49,cube4_cluster0,983,1.715562309202057,FF,92.73799323851703,11.87678282989603,11.880818729937886,cube13_cluster0;cube14_cluster0;cube4_cluster0;cube5_cluster0,4
2025-09-15,607074,607074,686797,MIN,NYY,2,2,1,1,CH,CH,L,L,X,"Brooks Lee grounds out softly, pitcher Carlos Rodón to first baseman Paul Goldschmidt.",82.9,82.9,1.28,-1.28,0.47,0.47,1667.0,1667.0,131.0,229.0,6.1,6.1,2.32,-2.32,6.17,6.17,cube12_cluster0,316,1.6383523381278267,CH,89.01009096911115,10.260232782391817,9.292479855944606,cube12_cluster0;cube3_cluster0,2
2025-09-15,669920,669920,696030,HOU,TEX,2,2,2,2,CH,CH,R,R,X,"Alejandro Osuna grounds out, second baseman Jose Altuve to first baseman Christian Walker.",81.2,81.2,-1.57,-1.57,0.19,0.19,1689.0,1689.0,269.0,269.0,6.4,6.4,-1.5,-1.5,5.61,5.61,cube23_cluster1,15,1.6164071337051076,CH,87.14244152758266,13.779793742871872,-2.1495322200021145,cube12_cluster0;cube13_cluster0,2
2025-09-15,693312,693312,621020,PIT,CHC,8,1,2,2,CU,CU,R,R,B,,85.8,85.8,0.54,0.54,-0.98,-0.98,2726.0,2726.0,41.0,41.0,7.2,7.2,-1.06,-1.06,5.82,5.82,cube67_cluster2,6,1.4372632712909745,CU,83.11739876493539,-8.352412707608828,-11.699528597119054,cube73_cluster0;cube74_cluster0,2
2025-09-15,669461,669461,670770,STL,CIN,3,1,2,0,SL,SL,L,L,S,,86.4,86.4,-0.28,0.28,0.2,0.2,2680.0,2680.0,238.0,122.0,6.2,6.2,0.57,-0.57,6.52,6.52,cube42_cluster1,3,1.1149021666323384,FC,87.63142706302794,-5.957348927875244,5.6153508771929825,,0
2025-09-15,676775,676775,672695,AZ,SF,8,2,2,1,FS,FS,R,R,S,,88.7,88.7,-1.13,-1.13,0.23,0.23,1569.0,1569.0,238.0,238.0,6.2,6.2,-1.41,-1.41,5.99,5.99,cube12_cluster0,316,1.2194514323868448,CH,89.01009096911115,10.260232782391817,9.292479855944606,cube12_cluster0;cube13_cluster0;cube3_cluster0;cube4_cluster0,4
2025-09-15,592791,592791,663698,PIT,CHC,3,0,0,0,FF,FF,R,R,B,,92.4,92.4,-0.59,-0.59,1.62,1.62,2410.0,2410.0,206.0,206.0,6.9,6.9,-1.14,-1.14,6.15,6.15,cube4_cluster0,983,1.9209034489418226,FF,92.73799323851703,11.87678282989603,11.880818729937886,cube13_cluster0;cube4_cluster0,2
2025-09-15,608650,608650,678246,CWS,BAL,9,2,0,1,FF,FF,L,L,S,,93.1,93.1,0.29,-0.29,1.27,1.27,2119.0,2119.0,150.0,210.0,6.2,6.2,1.91,-1.91,6.44,6.44,cube22_cluster0,44,1.490601578182358,FC,88.82845332305666,-1.3474977477043035,9.056608779489569,cube12_cluster0;cube13_cluster0,2
2025-09-15,688497,688497,808982,AZ,SF,8,2,1,2,FF,FF,R,R,X,"Jung Hoo Lee grounds out, third baseman Blaze Alexander to first baseman Ildemaro Vargas.",89.3,89.3,0.4,0.4,1.35,1.35,2199.0,2199.0,177.0,177.0,6.9,6.9,0.06,0.06,6.34,6.34,cube42_cluster1,3,2.4834666077391567,FC,87.63142706302794,-5.957348927875244,5.6153508771929825,,0
2025-09-15,675911,675911,656180,WSH,ATL,3,0,0,0,FF,FF,R,R,X,Riley Adams lines out sharply to center fielder Michael Harris II.,94.4,94.4,-0.88,-0.88,1.45,1.45,2367.0,2367.0,212.0,212.0,6.9,6.9,-1.57,-1.57,5.97,5.97,cube4_cluster0,983,1.3676172909548139,FF,92.73799323851703,11.87678282989603,11.880818729937886,cube4_cluster0;cube5_cluster0,2
2025-09-15,671212,671212,665926,TB,TOR,3,1,1,1,FS,FS,R,R,X,Andrés Giménez lines out to left fielder Chandler Simpson.,93.3,93.3,-1.19,-1.19,-0.09,-0.09,2049.0,2049.0,240.0,240.0,6.5,6.5,-1.18,-1.18,5.67,5.67,cube13_cluster0,1173,1.8051665492894555,FF,91.32597348809763,10.933560927718538,9.887490835989844,cube13_cluster0,1
2025-09-15,668678,668678,669477,AZ,SF,3,1,0,0,KC,KC,R,R,B,,81.0,81.0,0.51,0.51,-0.73,-0.73,2451.0,2451.0,39.0,39.0,6.4,6.4,-3.13,-3.13,5.95,5.95,cube67_cluster3,1,1.6076185378969157,SL,78.67358490566038,-15.561509433962266,-4.000754716981133,cube66_cluster0;cube73_cluster0;cube74_cluster0,3
2025-09-15,676742,676742,650489,PIT,CHC,6,2,3,2,FF,FF,R,R,B,Willi Castro walks.,96.3,96.3,-0.65,-0.65,1.44,1.44,2518.0,2518.0,216.0,216.0,6.5,6.5,-2.95,-2.95,6.2,6.2,cube5_cluster0,516,1.967490102275985,FF,94.26601183041208,12.58960465467938,11.873748452415477,cube13_cluster0;cube14_cluster0;cube4_cluster0;cube5_cluster0,4
2025-09-15,678024,678024,694212,CWS,BAL,8,0,2,1,SI,SI,R,R,B,,94.0,94.0,-1.13,-1.13,0.32,0.32,2214.0,2214.0,229.0,229.0,6.5,6.5,-1.75,-1.75,5.77,5.77,cube13_cluster0,1173,0.959312858459769,FF,91.32597348809763,10.933560927718538,9.887490835989844,cube13_cluster0;cube14_cluster0,2
2025-09-15,680573,680573,676609,MIN,NYY,2,2,0,2,SL,SL,R,R,B,,87.7,87.7,0.07,0.07,0.58,0.58,2173.0,2173.0,178.0,178.0,6.9,6.9,-1.57,-1.57,6.22,6.22,cube33_cluster0,169,1.375615297610626,FC,88.23401695598267,-3.1239005241649638,6.236802891040705,cube23_cluster0;cube33_cluster0,2
2025-09-15,678906,678906,543510,AZ,SF,2,2,1,0,SI,SI,R,R,S,,92.4,92.4,-0.98,-0.98,0.49,0.49,2356.0,2356.0,230.0,230.0,6.3,6.3,-2.29,-2.29,5.38,5.38,cube14_cluster0,644,0.8125431974832985,FF,92.67733037261901,12.017251018938115,9.608444861229,cube13_cluster0;cube14_cluster0,2
2025-09-15,677952,677952,650489,PIT,CHC,2,2,2,2,FF,FF,R,R,S,,98.9,98.9,-0.63,-0.63,1.44,1.44,2477.0,2477.0,223.0,223.0,6.5,6.5,-1.04,-1.04,6.08,6.08,cube4_cluster0,983,1.8016433623789805,FF,92.73799323851703,11.87678282989603,11.880818729937886,cube13_cluster0;cube4_cluster0,2
2025-09-15,683004,683004,673237,HOU,TEX,2,0,1,2,CH,CH,R,R,X,"Yainer Diaz grounds out, third baseman Josh Jung to first baseman Jake Burger.",92.2,92.2,-1.31,-1.31,0.19,0.19,1426.0,1426.0,229.0,229.0,6.8,6.8,-1.1,-1.1,5.63,5.63,cube3_cluster0,268,2.1394981525826924,CH,89.73428321085365,11.536857891248982,10.613841731058852,cube4_cluster0,1
2025-09-15,624133,624133,660271,LAD,PHI,3,1,0,0,CU,CU,L,L,S,,75.9,75.9,-0.75,0.75,-0.71,-0.71,2069.0,2069.0,308.0,52.0,6.3,6.3,2.3,-2.3,5.65,5.65,cube72_cluster1,4,0.8212233086639062,CU,73.14815617664787,-13.649330552782773,-9.00283815300432,cube66_cluster0;cube73_cluster0,2
2025-09-15,702056,702056,700246,TB,TOR,2,2,0,0,FF,FF,R,R,S,,94.8,94.8,-0.32,-0.32,1.64,1.64,2204.0,2204.0,196.0,196.0,6.2,6.2,-0.43,-0.43,7.06,7.06,cube22_cluster0,44,2.7053535788698078,FC,88.82845332305666,-1.3474977477043035,9.056608779489569,cube12_cluster0;cube3_cluster0,2
2025-09-15,829272,829272,673490,WSH,ATL,7,2,3,2,FF,FF,L,L,B,Ha-Seong Kim walks.,93.0,93.0,0.93,-0.93,1.22,1.22,2346.0,2346.0,144.0,216.0,6.3,6.3,1.67,-1.67,5.62,5.62,cube4_cluster0,983,0.8917543815798458,FF,92.73799323851703,11.87678282989603,11.880818729937886,cube13_cluster0;cube4_cluster0,2
2025-09-15,647336,647336,687462,PIT,CHC,8,1,2,2,SV,SV,R,R,B,,79.4,79.4,1.28,1.28,-0.93,-0.93,3008.0,3008.0,59.0,59.0,6.2,6.2,-2.66,-2.66,5.95,5.95,cube78_cluster1,5,1.1494727523200383,CU,80.64152300890618,-18.302848826753866,-5.60128168299082,cube78_cluster0,1
2025-09-15,681517,681517,701398,STL,CIN,9,1,1,2,SL,SL,R,R,X,"Sal Stewart singles on a ground ball to third baseman Nolan Arenado, deflected by pitcher Kyle Leahy. TJ Friedl scores. Noelvi Marte to 3rd. Austin Hays to 2nd.",90.6,90.6,0.79,0.79,0.48,0.48,2654.0,2654.0,94.0,94.0,6.9,6.9,-2.24,-2.24,5.61,5.61,cube52_cluster1,9,1.3023689396568825,SL,87.17033349644716,-3.7876297283127007,0.844764456834557,,0
2025-09-15,680694,680694,805367,CWS,BAL,2,1,2,0,SI,SI,R,R,X,Chase Meidroth singles on a ground ball to left fielder Dylan Beavers.,93.9,93.9,-0.69,-0.69,1.26,1.26,2257.0,2257.0,192.0,192.0,6.3,6.3,-0.99,-0.99,6.5,6.5,cube22_cluster0,44,1.6329064089678575,FC,88.82845332305666,-1.3474977477043035,9.056608779489569,cube12_cluster0;cube13_cluster0;cube3_cluster0;cube4_cluster0,4
2025-09-15,641793,641793,699625,STL,CIN,3,0,1,0,SL,SL,R,R,S,,86.7,86.7,0.06,0.06,0.66,0.66,2233.0,2233.0,199.0,199.0,6.1,6.1,-0.94,-0.94,6.25,6.25,cube22_cluster0,44,0.6870175921859475,FC,88.82845332305666,-1.3474977477043035,9.056608779489569,cube22_cluster0,1
2025-09-15,680730,680730,542303,WSH,ATL,2,2,2,2,FF,FF,L,L,X,"Marcell Ozuna grounds out, shortstop CJ Abrams to first baseman Josh Bell.",93.4,93.4,0.29,-0.29,1.63,1.63,2239.0,2239.0,171.0,189.0,7.0,7.0,0.89,-0.89,6.43,6.43,cube22_cluster0,44,2.35645151095518,FC,88.82845332305666,-1.3474977477043035,9.056608779489569,cube13_cluster0;cube4_cluster0,2
2025-09-15,688497,688497,808982,AZ,SF,8,2,0,2,FF,FF,R,R,B,,90.1,90.1,0.4,0.4,1.56,1.56,2276.0,2276.0,182.0,182.0,6.8,6.8,0.13,0.13,6.35,6.35,cube42_cluster1,3,2.6256974301328184,FC,87.63142706302794,-5.957348927875244,5.6153508771929825,,0
2025-09-15,647336,647336,687462,PIT,CHC,8,1,2,1,SV,SV,R,R,S,,81.7,81.7,0.93,0.93,-0.85,-0.85,2895.0,2895.0,53.0,53.0,6.1,6.1,-2.72,-2.72,5.76,5.76,cube78_cluster1,5,1.1246843566060942,CU,80.64152300890618,-18.302848826753866,-5.60128168299082,cube73_cluster0;cube74_cluster0,2
2025-09-15,641793,641793,699625,STL,CIN,3,0,0,0,SI,SI,R,R,B,,90.2,90.2,-1.24,-1.24,1.12,1.12,1945.0,1945.0,216.0,216.0,6.1,6.1,-0.86,-0.86,6.12,6.12,cube3_cluster0,268,1.0127968238038256,CH,89.73428321085365,11.536857891248982,10.613841731058852,cube3_cluster0,1
2025-09-15,669461,669461,670770,STL,CIN,3,1,1,0,SI,SI,L,L,B,,95.5,95.5,1.34,-1.34,1.12,1.12,2231.0,2231.0,146.0,214.0,6.5,6.5,0.57,-0.57,6.49,6.49,cube3_cluster0,268,1.9732674007241624,CH,89.73428321085365,11.536857891248982,10.613841731058852,cube3_cluster0;cube4_cluster0,2
2025-09-15,624133,624133,642020,LAD,PHI,3,0,0,1,FF,FF,L,L,X,"Chuckie Robinson out on a sacrifice bunt, pitcher Ranger Suarez to second baseman Weston Wilson. Andy Pages to 3rd.",90.8,90.8,0.4,-0.4,0.86,0.86,1891.0,1891.0,124.0,236.0,6.0,6.0,2.46,-2.46,5.51,5.51,cube13_cluster0,1173,1.4372427783377817,FF,91.32597348809763,10.933560927718538,9.887490835989844,cube13_cluster0,1
2025-09-15,677952,677952,650489,PIT,CHC,2,2,2,1,SL,SL,R,R,S,,93.5,93.5,-0.11,-0.11,0.66,0.66,2588.0,2588.0,218.0,218.0,6.0,6.0,-1.2,-1.2,6.26,6.26,cube22_cluster0,44,1.1768926387220322,FC,88.82845332305666,-1.3474977477043035,9.056608779489569,cube22_cluster0;cube23_cluster0,2
2025-09-15,693312,693312,621020,PIT,CHC,8,1,1,2,SL,SL,R,R,B,,90.9,90.9,0.55,0.55,0.18,0.18,2680.0,2680.0,161.0,161.0,7.0,7.0,-1.1,-1.1,5.89,5.89,cube43_cluster0,144,1.6047403741548043,SL,87.05264300971788,-4.004743073818654,3.6350863620861684,cube43_cluster0,1
2025-09-15,608650,608650,678246,CWS,BAL,9,2,0,0,FF,FF,L,L,S,,93.9,93.9,0.57,-0.57,1.2,1.2,2040.0,2040.0,147.0,213.0,6.3,6.3,1.97,-1.97,6.32,6.32,cube4_cluster0,983,1.1465868628750135,FF,92.73799323851703,11.87678282989603,11.880818729937886,cube12_cluster0;cube13_cluster0;cube3_cluster0;cube4_cluster0,4
2025-09-15,701519,701519,641355,MIN,NYY,8,2,3,2,FF,FF,R,R,X,"Yankees challenged (catch or drop), call on the field was overturned: Cody Bellinger flies out to left fielder Austin Martin in foul territory, on fan interference.",96.1,96.1,-0.6,-0.6,1.42,1.42,2385.0,2385.0,206.0,206.0,6.4,6.4,-0.63,-0.63,6.14,6.14,cube22_cluster0,44,1.9392506756094565,FC,88.82845332305666,-1.3474977477043035,9.056608779489569,cube12_cluster0;cube13_cluster0;cube3_cluster0;cube4_cluster0,4
2025-09-15,681517,681517,701398,STL,CIN,9,1,1,2,ST,ST,R,R,S,,87.8,87.8,1.52,1.52,0.33,0.33,2650.0,2650.0,60.0,60.0,7.1,7.1,-2.09,-2.09,5.7,5.7,cube67_cluster0,152,1.6476974354589597,ST,83.21108910576972,-12.188986866329156,0.17080679660382098,cube67_cluster0,1
2025-09-15,680694,680694,805367,CWS,BAL,2,1,1,0,SL,SL,R,R,B,,86.5,86.5,1.04,1.04,-0.06,-0.06,2622.0,2622.0,47.0,47.0,6.5,6.5,-1.16,-1.16,6.31,6.31,cube65_cluster0,52,1.3782359296394577,CU,80.5172691598637,-7.955497641633661,-5.720742174043808,,0
2025-09-15,668678,668678,672275,AZ,SF,3,0,1,2,FF,FF,R,R,S,Patrick Bailey called out on strikes.,93.9,93.9,-0.22,-0.22,1.29,1.29,2262.0,2262.0,209.0,209.0,6.3,6.3,-3.09,-3.09,5.99,5.99,cube24_cluster0,111,1.8198241357732436,FC,90.39472309229976,-0.35116486760382487,8.906212304019572,cube13_cluster0;cube14_cluster0,2
2025-09-15,829272,829272,673490,WSH,ATL,7,2,3,1,FF,FF,L,L,S,,93.5,93.5,0.63,-0.63,1.4,1.4,2372.0,2372.0,145.0,215.0,6.3,6.3,1.6,-1.6,5.54,5.54,cube4_cluster0,983,1.2348054432808422,FF,92.73799323851703,11.87678282989603,11.880818729937886,cube13_cluster0;cube4_cluster0,2
2025-09-15,676775,676775,672695,AZ,SF,8,2,1,1,FF,FF,R,R,B,,94.9,94.9,-0.59,-0.59,1.22,1.22,2274.0,2274.0,222.0,222.0,6.3,6.3,-1.26,-1.26,6.18,6.18,cube4_cluster0,983,1.2523058661363264,FF,92.73799323851703,11.87678282989603,11.880818729937886,cube13_cluster0;cube4_cluster0,2
2025-09-15,676742,676742,650489,PIT,CHC,6,2,3,1,CH,CH,R,R,S,,89.4,89.4,-1.32,-1.32,-0.17,-0.17,1640.0,1640.0,240.0,240.0,6.3,6.3,-2.96,-2.96,5.93,5.93,cube23_cluster1,15,1.812898792624699,CH,87.14244152758266,13.779793742871872,-2.1495322200021145,cube13_cluster0,1
2025-09-15,702056,702056,656484,TB,TOR,2,1,1,2,FS,FS,R,R,S,"Tristan Gray strikes out swinging, catcher Tyler Heineman to first baseman Vladimir Guerrero Jr.",84.3,84.3,-1.12,-1.12,0.66,0.66,1644.0,1644.0,216.0,216.0,6.1,6.1,-0.59,-0.59,7.16,7.16,cube3_cluster0,268,2.52733765384285,CH,89.73428321085365,11.536857891248982,10.613841731058852,,0
2025-09-15,680573,680573,676609,MIN,NYY,2,2,0,2,SL,SL,R,R,S,,85.7,85.7,0.61,0.61,0.5,0.5,2332.0,2332.0,156.0,156.0,6.9,6.9,-1.35,-1.35,6.21,6.21,cube43_cluster0,144,1.3401949145139909,SL,87.05264300971788,-4.004743073818654,3.6350863620861684,cube33_cluster0;cube43_cluster0,2
2025-09-15,683004,683004,673237,HOU,TEX,2,0,1,1,FF,FF,R,R,S,,97.7,97.7,-0.9,-0.9,1.58,1.58,2465.0,2465.0,216.0,216.0,6.7,6.7,-1.16,-1.16,5.57,5.57,cube4_cluster0,983,1.801300491930565,FF,92.73799323851703,11.87678282989603,11.880818729937886,cube4_cluster0;cube5_cluster0,2
2025-09-15,680730,680730,542303,WSH,ATL,2,2,1,2,FS,FS,L,L,B,,84.5,84.5,0.18,-0.18,0.68,0.68,894.0,894.0,141.0,219.0,7.1,7.1,1.99,-1.99,6.07,6.07,cube13_cluster1,3,1.1784049980210936,FS,84.2318346010472,7.0387863377694,1.0515447129672841,cube13_cluster1;cube4_cluster0,2
2025-09-15,686218,686218,664056,LAD,PHI,3,0,2,1,FF,FF,R,R,B,,94.6,94.6,-0.81,-0.81,1.48,1.48,2472.0,2472.0,213.0,213.0,6.7,6.7,-1.02,-1.02,5.38,5.38,cube4_cluster0,983,1.943659697244376,FF,92.73799323851703,11.87678282989603,11.880818729937886,cube13_cluster0;cube14_cluster0;cube4_cluster0;cube5_cluster0,4
2025-09-15,678906,678906,543510,AZ,SF,2,2,0,0,ST,ST,R,R,B,,85.0,85.0,1.34,1.34,0.03,0.03,2815.0,2815.0,53.0,53.0,6.5,6.5,-2.34,-2.34,5.48,5.48,cube67_cluster0,152,0.7621156334905543,ST,83.21108910576972,-12.188986866329156,0.17080679660382098,cube67_cluster0;cube74_cluster0,2
2025-09-15,671212,671212,665926,TB,TOR,3,1,0,1,SL,SL,R,R,B,,92.0,92.0,0.45,0.45,0.05,0.05,2794.0,2794.0,121.0,121.0,6.4,6.4,-1.03,-1.03,5.81,5.81,cube51_cluster0,138,1.4417478463240991,SL,86.5599691183964,-4.203859573250014,1.5652746114364327,cube51_cluster0,1
2025-09-15,669920,669920,696030,HOU,TEX,2,2,2,1,CH,CH,R,R,S,,81.9,81.9,-1.59,-1.59,0.25,0.25,1996.0,1996.0,255.0,255.0,6.4,6.4,-1.5,-1.5,5.6,5.6,cube23_cluster1,15,1.6226693667697474,CH,87.14244152758266,13.779793742871872,-2.1495322200021145,cube13_cluster0,1
2025-09-15,675911,675911,686611,WSH,ATL,2,2,3,2,FF,FF,R,R,X,Dylan Crews flies out to center fielder Michael Harris II.,96.4,96.4,-0.57,-0.57,1.47,1.47,2349.0,2349.0,210.0,210.0,7.0,7.0,-1.72,-1.72,5.89,5.89,cube5_cluster0,516,1.536148876754709,FF,94.26601183041208,12.58960465467938,11.873748452415477,cube13_cluster0;cube14_cluster0;cube4_cluster0;cube5_cluster0,4
2025-09-15,680732,680732,681297,CWS,BAL,3,1,0,2,CH,CH,R,R,S,,89.2,89.2,-1.24,-1.24,0.26,0.26,1633.0,1633.0,238.0,238.0,7.4,7.4,-2.37,-2.37,5.97,5.97,cube13_cluster1,3,1.976513775882107,FS,84.2318346010472,7.0387863377694,1.0515447129672841,cube13_cluster0;cube14_cluster0;cube4_cluster0;cube5_cluster0,4
2025-09-15,607074,607074,686797,MIN,NYY,2,2,0,1,FF,FF,L,L,B,,94.8,94.8,1.01,-1.01,1.46,1.46,2441.0,2441.0,149.0,211.0,6.2,6.2,2.18,-2.18,6.35,6.35,cube4_cluster0,983,1.6063454211959445,FF,92.73799323851703,11.87678282989603,11.880818729937886,cube4_cluster0,1
2025-09-15,678024,678024,694212,CWS,BAL,8,0,1,1,CH,CH,R,R,B,,86.3,86.3,-0.88,-0.88,0.03,0.03,1531.0,1531.0,244.0,244.0,6.0,6.0,-1.64,-1.64,5.81,5.81,cube23_cluster1,15,1.4935460871033015,CH,87.14244152758266,13.779793742871872,-2.1495322200021145,cube12_cluster0;cube13_cluster0,2
2025-09-15,592791,592791,669261,PIT,CHC,2,2,3,2,CH,CH,R,R,S,Jack Suwinski strikes out swinging.,84.7,84.7,-1.31,-1.31,0.75,0.75,1664.0,1664.0,234.0,234.0,6.8,6.8,-1.17,-1.17,6.14,6.14,cube3_cluster0,268,1.4504278578216665,CH,89.73428321085365,11.536857891248982,10.613841731058852,cube3_cluster0;cube4_cluster0,2
2025-09-15,624133,624133,642020,LAD,PHI,3,0,0,0,FF,FF,L,L,S,,91.5,91.5,0.47,-0.47,0.79,0.79,1854.0,1854.0,128.0,232.0,6.2,6.2,2.49,-2.49,5.5,5.5,cube14_cluster0,644,1.2873512883071123,FF,92.67733037261901,12.017251018938115,9.608444861229,cube13_cluster0,1
2025-09-15,702056,702056,656484,TB,TOR,2,1,0,2,FS,FS,R,R,B,,84.4,84.4,-0.78,-0.78,0.66,0.66,1668.0,1668.0,215.0,215.0,6.2,6.2,-0.54,-0.54,7.2,7.2,cube3_cluster0,268,2.604664638492471,CH,89.73428321085365,11.536857891248982,10.613841731058852,,0
2025-09-15,678024,678024,694212,CWS,BAL,8,0,1,0,FF,FF,R,R,S,,94.0,94.0,-0.44,-0.44,1.14,1.14,2137.0,2137.0,229.0,229.0,6.5,6.5,-1.79,-1.79,5.8,5.8,cube4_cluster0,983,0.760154062842553,FF,92.73799323851703,11.87678282989603,11.880818729937886,cube13_cluster0;cube4_cluster0,2
2025-09-15,680730,680730,542303,WSH,ATL,2,2,1,1,CU,CU,L,L,S,,77.7,77.7,-0.49,0.49,-0.98,-0.98,2367.0,2367.0,336.0,24.0,6.8,6.8,1.69,-1.69,6.26,6.26,cube65_cluster2,4,0.9465699695698488,CU,77.46691308243727,-3.8291129032258064,-11.446518817204302,cube66_cluster0;cube73_cluster0,2
2025-09-15,688497,688497,808982,AZ,SF,8,2,0,1,FF,FF,R,R,S,,89.3,89.3,0.19,0.19,1.49,1.49,2264.0,2264.0,180.0,180.0,6.9,6.9,0.08,0.08,6.32,6.32,cube42_cluster1,3,2.6216663577337895,FC,87.63142706302794,-5.957348927875244,5.6153508771929825,,0
2025-09-15,693312,693312,621020,PIT,CHC,8,1,0,2,CU,CU,R,R,B,,87.8,87.8,0.74,0.74,-1.14,-1.14,2822.0,2822.0,42.0,42.0,7.1,7.1,-1.03,-1.03,5.87,5.87,cube67_cluster2,6,1.6022144760816344,CU,83.11739876493539,-8.352412707608828,-11.699528597119054,cube73_cluster0;cube74_cluster0,2
2025-09-15,647336,647336,687462,PIT,CHC,8,1,2,0,FF,FF,R,R,S,,94.4,94.4,-0.84,-0.84,1.36,1.36,2624.0,2624.0,221.0,221.0,6.4,6.4,-2.74,-2.74,5.64,5.64,cube5_cluster0,516,1.4267927558403823,FF,94.26601183041208,12.58960465467938,11.873748452415477,cube14_cluster0;cube5_cluster0,2
2025-09-15,686218,686218,664056,LAD,PHI,3,0,1,1,SL,SL,R,R,B,,87.6,87.6,0.52,0.52,0.45,0.45,2381.0,2381.0,200.0,200.0,6.6,6.6,-1.14,-1.14,5.34,5.34,cube33_cluster0,169,1.6098243879814904,FC,88.23401695598267,-3.1239005241649638,6.236802891040705,cube33_cluster0,1
2025-09-15,677952,677952,650489,PIT,CHC,2,2,2,0,SL,SL,R,R,S,,92.6,92.6,0.01,0.01,0.66,0.66,2629.0,2629.0,212.0,212.0,6.3,6.3,-1.17,-1.17,6.21,6.21,cube22_cluster0,44,1.1410237999440394,FC,88.82845332305666,-1.3474977477043035,9.056608779489569,cube23_cluster0,1
2025-09-15,671212,671212,665926,TB,TOR,3,1,0,0,SL,SL,R,R,S,,92.2,92.2,0.1,0.1,0.22,0.22,2661.0,2661.0,168.0,168.0,6.4,6.4,-1.09,-1.09,5.84,5.84,cube43_cluster0,144,1.324942003894288,SL,87.05264300971788,-4.004743073818654,3.6350863620861684,,0
2025-09-15,680732,680732,681297,CWS,BAL,3,1,0,2,CH,CH,R,R,S,,89.1,89.1,-1.18,-1.18,0.62,0.62,1876.0,1876.0,234.0,234.0,7.2,7.2,-2.36,-2.36,6.01,6.01,cube5_cluster0,516,1.811487020481697,FF,94.26601183041208,12.58960465467938,11.873748452415477,cube13_cluster0;cube14_cluster0;cube4_cluster0;cube5_cluster0,4
2025-09-15,641793,641793,695336,STL,CIN,2,1,0,0,FF,FF,R,R,X,"Thomas Saggese grounds into a double play, shortstop Elly De La Cruz to second baseman Matt McLain to first baseman Sal Stewart. Nolan Arenado out at 2nd. Thomas Saggese out at 1st.",91.4,91.4,-0.53,-0.53,1.4,1.4,2058.0,2058.0,207.0,207.0,6.3,6.3,-0.45,-0.45,6.28,6.28,cube3_cluster0,268,1.8174711362780755,CH,89.73428321085365,11.536857891248982,10.613841731058852,cube12_cluster0;cube3_cluster0,2
2025-09-15,701519,701519,641355,MIN,NYY,8,2,2,2,CH,CH,R,R,B,,89.4,89.4,-1.37,-1.37,0.47,0.47,1949.0,1949.0,239.0,239.0,6.5,6.5,-1.03,-1.03,5.6,5.6,cube12_cluster0,316,1.549892982174697,CH,89.01009096911115,10.260232782391817,9.292479855944606,cube13_cluster0;cube4_cluster0,2
2025-09-15,669461,669461,670770,STL,CIN,3,1,0,0,SL,SL,L,L,B,,88.1,88.1,-0.3,0.3,0.24,0.24,2814.0,2814.0,240.0,120.0,6.4,6.4,0.62,-0.62,6.48,6.48,cube42_cluster1,3,1.2699468399915357,FC,87.63142706302794,-5.957348927875244,5.6153508771929825,,0
2025-09-15,676775,676775,672695,AZ,SF,8,2,0,1,FF,FF,R,R,B,,95.5,95.5,-0.44,-0.44,1.19,1.19,2278.0,2278.0,219.0,219.0,6.0,6.0,-1.24,-1.24,6.19,6.19,cube22_cluster0,44,1.3444740105266506,FC,88.82845332305666,-1.3474977477043035,9.056608779489569,cube12_cluster0;cube13_cluster0;cube3_cluster0;cube4_cluster0,4
2025-09-15,675911,675911,686611,WSH,ATL,2,2,3,2,FF,FF,R,R,S,,96.2,96.2,-0.63,-0.63,1.59,1.59,2348.0,2348.0,210.0,210.0,7.1,7.1,-1.77,-1.77,5.84,5.84,cube15_cluster1,11,1.6192722657063623,FF,95.07044777791452,10.01799709211646,12.914228470751997,cube5_cluster0,1
2025-09-15,829272,829272,673490,WSH,ATL,7,2,3,0,FF,FF,L,L,S,,92.5,92.5,0.84,-0.84,1.44,1.44,2249.0,2249.0,138.0,222.0,6.4,6.4,1.68,-1.68,5.53,5.53,cube4_cluster0,983,1.0247362920905687,FF,92.73799323851703,11.87678282989603,11.880818729937886,cube4_cluster0,1
2025-09-15,668678,668678,672275,AZ,SF,3,0,1,1,FF,FF,R,R,S,,94.3,94.3,-0.46,-0.46,1.39,1.39,2345.0,2345.0,216.0,216.0,6.4,6.4,-3.06,-3.06,5.95,5.95,cube5_cluster0,516,1.758274282413123,FF,94.26601183041208,12.58960465467938,11.873748452415477,cube13_cluster0;cube14_cluster0;cube4_cluster0;cube5_cluster0,4
2025-09-15,681517,681517,701398,STL,CIN,9,1,1,2,FF,FF,R,R,S,,96.2,96.2,-0.06,-0.06,1.56,1.56,2419.0,2419.0,205.0,205.0,7.1,7.1,-1.94,-1.94,5.73,5.73,cube15_cluster1,11,1.6603192726764193,FF,95.07044777791452,10.01799709211646,12.914228470751997,cube14_cluster0,1
2025-09-15,607074,607074,686797,MIN,NYY,2,2,0,0,SL,SL,L,L,S,,86.9,86.9,-0.34,0.34,0.18,0.18,2613.0,2613.0,269.0,91.0,6.0,6.0,2.51,-2.51,6.1,6.1,cube59_cluster0,6,1.358479035471915,SL,85.10288607720291,-4.974455470207517,-0.26360602944668465,cube58_cluster0,1
2025-09-15,676742,676742,650489,PIT,CHC,6,2,3,0,FF,FF,R,R,S,,94.1,94.1,-0.71,-0.71,1.35,1.35,2452.0,2452.0,215.0,215.0,6.4,6.4,-2.89,-2.89,6.06,6.06,cube5_cluster0,516,1.667220163962901,FF,94.26601183041208,12.58960465467938,11.873748452415477,cube13_cluster0;cube14_cluster0;cube4_cluster0;cube5_cluster0,4
2025-09-15,592791,592791,669261,PIT,CHC,2,2,3,2,CU,CU,R,R,S,,79.7,79.7,0.7,0.7,-0.79,-0.79,2554.0,2554.0,39.0,39.0,6.9,6.9,-1.06,-1.06,6.3,6.3,cube65_cluster0,52,1.5536488561702195,CU,80.5172691598637,-7.955497641633661,-5.720742174043808,cube66_cluster0;cube73_cluster0,2
2025-09-15,669920,669920,696030,HOU,TEX,2,2,1,1,SI,SI,R,R,B,,91.7,91.7,-1.34,-1.34,0.26,0.26,2054.0,2054.0,245.0,245.0,6.4,6.4,-1.86,-1.86,5.6,5.6,cube13_cluster0,1173,1.1919460269443392,FF,91.32597348809763,10.933560927718538,9.887490835989844,cube13_cluster0;cube14_cluster0,2
2025-09-15,680573,680573,676609,MIN,NYY,2,2,0,1,FS,FS,R,R,S,,85.7,85.7,-1.03,-1.03,0.42,0.42,1067.0,1067.0,217.0,217.0,6.9,6.9,-1.12,-1.12,6.39,6.39,cube13_cluster1,3,1.8147292670521757,FS,84.2318346010472,7.0387863377694,1.0515447129672841,cube3_cluster0,1
2025-09-15,608650,608650,678554,CWS,BAL,9,1,0,0,CH,CH,L,L,X,Curtis Mead flies out to right fielder Tyler O'Neill.,85.2,85.2,1.02,-1.02,0.64,0.64,1217.0,1217.0,120.0,240.0,6.2,6.2,1.94,-1.94,6.23,6.23,cube3_cluster0,268,1.8497141599053415,CH,89.73428321085365,11.536857891248982,10.613841731058852,cube3_cluster0,1
2025-09-15,683004,683004,673237,HOU,TEX,2,0,1,0,SI,SI,R,R,S,,96.5,96.5,-1.36,-1.36,0.98,0.98,2383.0,2383.0,217.0,217.0,6.8,6.8,-1.18,-1.18,5.59,5.59,cube4_cluster0,983,1.5380865519238187,FF,92.73799323851703,11.87678282989603,11.880818729937886,cube4_cluster0;cube5_cluster0,2
2025-09-15,678906,678906,677950,AZ,SF,2,1,1,2,CU,CU,R,R,X,"Alek Thomas grounds out, third baseman Matt Chapman to first baseman Rafael Devers.",85.2,85.2,1.44,1.44,-0.64,-0.64,2823.0,2823.0,33.0,33.0,6.4,6.4,-2.21,-2.21,5.63,5.63,cube74_cluster0,95,0.9919438010822437,ST,81.58280060620267,-13.628576142052651,-5.303629922931518,cube73_cluster0;cube74_cluster0,2
2025-09-15,680694,680694,805367,CWS,BAL,2,1,0,0,SI,SI,R,R,B,,94.9,94.9,-1.12,-1.12,0.92,0.92,2177.0,2177.0,201.0,201.0,6.5,6.5,-0.91,-0.91,6.28,6.28,cube3_cluster0,268,1.494464090389218,CH,89.73428321085365,11.536857891248982,10.613841731058852,cube12_cluster0;cube13_cluster0;cube3_cluster0;cube4_cluster0,4
2025-09-15,686218,686218,664056,LAD,PHI,3,0,0,1,FF,FF,R,R,B,,95.8,95.8,-0.7,-0.7,1.39,1.39,2496.0,2496.0,210.0,210.0,6.7,6.7,-0.83,-0.83,5.54,5.54,cube4_cluster0,983,2.0137099624360864,FF,92.73799323851703,11.87678282989603,11.880818729937886,cube13_cluster0;cube14_cluster0;cube4_cluster0;cube5_cluster0,4
2025-09-15,680694,680694,700337,CWS,BAL,2,0,0,2,FF,FF,R,R,S,Edgar Quero strikes out swinging.,94.3,94.3,0.24,0.24,1.33,1.33,2450.0,2450.0,190.0,190.0,6.3,6.3,-0.64,-0.64,6.66,6.66,cube42_cluster1,3,1.8550606041548912,FC,87.63142706302794,-5.957348927875244,5.6153508771929825,cube12_cluster0;cube22_cluster0,2
2025-09-15,669920,669920,696030,HOU,TEX,2,2,0,1,SI,SI,R,R,B,,91.6,91.6,-1.48,-1.48,0.26,0.26,2077.0,2077.0,249.0,249.0,6.4,6.4,-1.88,-1.88,5.48,5.48,cube23_cluster1,15,1.3435847575043902,CH,87.14244152758266,13.779793742871872,-2.1495322200021145,cube13_cluster0;cube14_cluster0,2
2025-09-15,701519,701519,641355,MIN,NYY,8,2,2,2,FC,FC,R,R,S,,94.2,94.2,0.15,0.15,0.92,0.92,2527.0,2527.0,201.0,201.0,6.2,6.2,-1.13,-1.13,5.87,5.87,cube22_cluster0,44,1.1159149659328742,FC,88.82845332305666,-1.3474977477043035,9.056608779489569,cube23_cluster0,1
2025-09-15,688497,688497,808982,AZ,SF,8,2,0,0,CU,CU,R,R,S,,75.0,75.0,0.1,0.1,-0.64,-0.64,2005.0,2005.0,12.0,12.0,6.6,6.6,-0.03,-0.03,6.37,6.37,cube65_cluster0,52,2.618224410161875,CU,80.5172691598637,-7.955497641633661,-5.720742174043808,,0
2025-09-15,680573,680573,676609,MIN,NYY,2,2,0,0,CU,CU,R,R,S,,79.6,79.6,0.73,0.73,-0.74,-0.74,2471.0,2471.0,36.0,36.0,6.5,6.5,-1.3,-1.3,6.43,6.43,cube65_cluster0,52,1.0058084252734927,CU,80.5172691598637,-7.955497641633661,-5.720742174043808,cube65_cluster0;cube66_cluster0;cube72_cluster0;cube73_cluster0,4
2025-09-15,680730,680730,542303,WSH,ATL,2,2,1,0,FS,FS,L,L,S,,85.1,85.1,0.66,-0.66,0.35,0.35,862.0,862.0,146.0,214.0,7.0,7.0,1.4,-1.4,6.25,6.25,cube13_cluster1,3,1.349111598949258,FS,84.2318346010472,7.0387863377694,1.0515447129672841,cube3_cluster0,1
2025-09-15,677952,677952,650489,PIT,CHC,2,2,1,0,CH,CH,R,R,B,,92.5,92.5,-1.37,-1.37,0.49,0.49,2110.0,2110.0,223.0,223.0,6.3,6.3,-1.16,-1.16,6.08,6.08,cube3_cluster0,268,1.1110732411117494,CH,89.73428321085365,11.536857891248982,10.613841731058852,cube12_cluster0;cube13_cluster0;cube3_cluster0;cube4_cluster0,4
2025-09-15,681517,681517,701398,STL,CIN,9,1,1,1,FF,FF,R,R,S,,96.7,96.7,-0.2,-0.2,1.46,1.46,2401.0,2401.0,200.0,200.0,7.2,7.2,-2.1,-2.1,5.74,5.74,cube15_cluster1,11,1.4835086975611635,FF,95.07044777791452,10.01799709211646,12.914228470751997,cube14_cluster0,1
2025-09-15,669461,669461,680574,STL,CIN,3,1,1,1,CU,CU,L,L,X,Matt McLain singles on a sharp line drive to left fielder Alec Burleson.,78.5,78.5,-0.63,0.63,-1.68,-1.68,3043.0,3043.0,333.0,27.0,6.3,6.3,0.43,-0.43,6.67,6.67,cube77_cluster0,15,1.8042234771726868,CU,78.06982973839553,-10.373560444574672,-15.067035103894916,,0
2025-09-15,680755,680755,666139,TB,TOR,11,2,1,2,SL,SL,R,R,S,Josh Lowe strikes out swinging.,86.9,86.9,0.28,0.28,0.13,0.13,2474.0,2474.0,159.0,159.0,5.5,5.5,0.72,0.72,6.59,6.59,cube42_cluster1,3,2.733129083391711,FC,87.63142706302794,-5.957348927875244,5.6153508771929825,,0
2025-09-15,829272,829272,673490,WSH,ATL,7,2,2,0,CH,CH,L,L,B,,83.4,83.4,1.43,-1.43,0.78,0.78,1736.0,1736.0,118.0,242.0,6.4,6.4,1.73,-1.73,5.5,5.5,cube13_cluster0,1173,1.5940711693069791,FF,91.32597348809763,10.933560927718538,9.887490835989844,cube13_cluster0;cube4_cluster0,2
2025-09-15,678024,678024,694212,CWS,BAL,8,0,0,0,CH,CH,R,R,B,,86.5,86.5,-1.17,-1.17,0.11,0.11,1496.0,1496.0,246.0,246.0,6.3,6.3,-1.68,-1.68,5.9,5.9,cube23_cluster1,15,1.6151267756682173,CH,87.14244152758266,13.779793742871872,-2.1495322200021145,cube12_cluster0;cube13_cluster0,2
2025-09-15,676742,676742,650489,PIT,CHC,6,2,2,0,FF,FF,R,R,B,,95.2,95.2,-0.64,-0.64,1.39,1.39,2513.0,2513.0,218.0,218.0,6.4,6.4,-3.09,-3.09,6.12,6.12,cube5_cluster0,516,1.9808559467840903,FF,94.26601183041208,12.58960465467938,11.873748452415477,cube13_cluster0;cube14_cluster0;cube4_cluster0;cube5_cluster0,4
2025-09-15,683004,683004,673237,HOU,TEX,2,0,0,0,FF,FF,R,R,B,,96.8,96.8,-0.87,-0.87,1.52,1.52,2429.0,2429.0,216.0,216.0,6.8,6.8,-1.18,-1.18,5.56,5.56,cube4_cluster0,983,1.7475309681329358,FF,92.73799323851703,11.87678282989603,11.880818729937886,cube4_cluster0;cube5_cluster0,2
2025-09-15,624133,624133,681624,LAD,PHI,3,0,1,1,FC,FC,L,L,X,Andy Pages doubles (24) on a line drive to left fielder Brandon Marsh.,86.2,86.2,-0.4,0.4,0.34,0.34,2077.0,2077.0,174.0,186.0,6.1,6.1,2.26,-2.26,5.69,5.69,cube33_cluster0,169,1.2056372936364796,FC,88.23401695598267,-3.1239005241649638,6.236802891040705,cube33_cluster0,1
2025-09-15,668678,668678,672275,AZ,SF,3,0,1,0,FF,FF,R,R,S,,93.7,93.7,-0.21,-0.21,1.47,1.47,2207.0,2207.0,211.0,211.0,6.5,6.5,-3.1,-3.1,5.98,5.98,cube6_cluster3,4,1.8117073695330659,FF,96.83250199133,9.898196859286852,14.591325902230212,cube13_cluster0;cube14_cluster0;cube4_cluster0;cube5_cluster0,4
2025-09-15,647336,647336,687462,PIT,CHC,8,1,1,0,FF,FF,R,R,B,,94.3,94.3,-0.96,-0.96,1.32,1.32,2682.0,2682.0,231.0,231.0,6.4,6.4,-2.74,-2.74,5.71,5.71,cube5_cluster0,516,1.5163650295884759,FF,94.26601183041208,12.58960465467938,11.873748452415477,cube14_cluster0;cube5_cluster0,2
2025-09-15,693312,693312,621020,PIT,CHC,8,1,0,1,CU,CU,R,R,S,,87.2,87.2,0.67,0.67,-1.08,-1.08,2752.0,2752.0,35.0,35.0,7.1,7.1,-1.07,-1.07,5.94,5.94,cube67_cluster2,6,1.4761167759668088,CU,83.11739876493539,-8.352412707608828,-11.699528597119054,cube73_cluster0;cube74_cluster0,2
2025-09-15,607074,607074,676812,MIN,NYY,2,1,0,2,CH,CH,L,L,X,Carson McCusker pops out to second baseman Jazz Chisholm Jr.,84.8,84.8,1.13,-1.13,0.5,0.5,1904.0,1904.0,131.0,229.0,6.2,6.2,2.33,-2.33,6.19,6.19,cube12_cluster0,316,1.4191252687645186,CH,89.01009096911115,10.260232782391817,9.292479855944606,cube12_cluster0;cube13_cluster0,2
2025-09-15,641793,641793,571448,STL,CIN,2,1,0,0,SL,SL,R,R,X,Nolan Arenado singles on a line drive to left fielder Austin Hays. Willson Contreras scores.,86.5,86.5,0.03,0.03,0.61,0.61,2139.0,2139.0,194.0,194.0,6.1,6.1,-0.63,-0.63,6.31,6.31,cube22_cluster0,44,1.1637960991032636,FC,88.82845332305666,-1.3474977477043035,9.056608779489569,cube22_cluster0,1
2025-09-15,675911,675911,686611,WSH,ATL,2,2,2,2,CU,CU,R,R,B,,77.8,77.8,0.96,0.96,-0.82,-0.82,2732.0,2732.0,55.0,55.0,7.0,7.0,-1.77,-1.77,5.96,5.96,cube67_cluster2,6,1.2567768833014266,CU,83.11739876493539,-8.352412707608828,-11.699528597119054,cube73_cluster0;cube74_cluster0,2
2025-09-15,671212,671212,623168,TB,TOR,3,0,3,2,SL,SL,R,R,S,Tyler Heineman strikes out swinging.,92.8,92.8,0.49,0.49,0.14,0.14,2696.0,2696.0,177.0,177.0,6.5,6.5,-0.96,-0.96,5.82,5.82,cube43_cluster0,144,1.5921868228175458,SL,87.05264300971788,-4.004743073818654,3.6350863620861684,,0
2025-09-15,676775,676775,672695,AZ,SF,8,2,0,0,FS,FS,R,R,S,,88.8,88.8,-1.14,-1.14,0.31,0.31,1406.0,1406.0,242.0,242.0,6.3,6.3,-1.61,-1.61,6.09,6.09,cube12_cluster0,316,1.4820016497211017,CH,89.01009096911115,10.260232782391817,9.292479855944606,cube12_cluster0;cube13_cluster0;cube3_cluster0;cube4_cluster0,4
2025-09-15,608650,608650,695657,CWS,BAL,9,0,0,2,FF,FF,L,L,S,Colson Montgomery strikes out swinging.,94.5,94.5,0.5,-0.5,1.36,1.36,2223.0,2223.0,154.0,206.0,6.2,6.2,2.08,-2.08,6.3,6.3,cube4_cluster0,983,1.3935537086764955,FF,92.73799323851703,11.87678282989603,11.880818729937886,cube13_cluster0;cube4_cluster0,2
2025-09-15,678906,678906,677950,AZ,SF,2,1,1,2,FF,FF,R,R,S,,93.9,93.9,-0.72,-0.72,0.96,0.96,2652.0,2652.0,233.0,233.0,6.3,6.3,-2.34,-2.34,5.34,5.34,cube14_cluster0,644,1.3044484705303703,FF,92.67733037261901,12.017251018938115,9.608444861229,cube14_cluster0,1
2025-09-15,592791,592791,669261,PIT,CHC,2,2,2,2,CH,CH,R,R,B,,83.5,83.5,-1.17,-1.17,0.72,0.72,1791.0,1791.0,230.0,230.0,6.8,6.8,-1.17,-1.17,6.22,6.22,cube3_cluster0,268,1.4144606426708328,CH,89.73428321085365,11.536857891248982,10.613841731058852,cube12_cluster0;cube13_cluster0;cube3_cluster0;cube4_cluster0,4
2025-09-15,680732,680732,681297,CWS,BAL,3,1,0,1,KC,KC,R,R,S,,82.4,82.4,0.47,0.47,-1.28,-1.28,2544.0,2544.0,17.0,17.0,7.1,7.1,-2.24,-2.24,6.19,6.19,cube67_cluster2,6,1.4842041527675638,CU,83.11739876493539,-8.352412707608828,-11.699528597119054,cube73_cluster0;cube74_cluster0,2
2025-09-15,702056,702056,656484,TB,TOR,2,1,0,1,FS,FS,R,R,S,,83.3,83.3,-0.74,-0.74,0.58,0.58,1479.0,1479.0,217.0,217.0,6.1,6.1,-0.46,-0.46,7.19,7.19,cube3_cluster0,268,2.8105984370767776,CH,89.73428321085365,11.536857891248982,10.613841731058852,,0
2025-09-15,829272,829272,673490,WSH,ATL,7,2,1,0,FF,FF,L,L,B,,91.8,91.8,0.77,-0.77,1.45,1.45,2327.0,2327.0,137.0,223.0,6.3,6.3,1.62,-1.62,5.55,5.55,cube4_cluster0,983,1.1480067132683915,FF,92.73799323851703,11.87678282989603,11.880818729937886,cube13_cluster0;cube4_cluster0,2
2025-09-15,686218,686218,664056,LAD,PHI,3,0,0,0,FF,FF,R,R,S,,94.9,94.9,-0.96,-0.96,1.36,1.36,2384.0,2384.0,212.0,212.0,6.7,6.7,-0.82,-0.82,5.52,5.52,cube4_cluster0,983,1.8603601761579933,FF,92.73799323851703,11.87678282989603,11.880818729937886,cube4_cluster0;cube5_cluster0,2
2025-09-15,641793,641793,663457,STL,CIN,2,0,1,2,FF,FF,R,R,X,"Lars Nootbaar grounds out, shortstop Elly De La Cruz to first baseman Sal Stewart.",91.8,91.8,-0.7,-0.7,1.19,1.19,2021.0,2021.0,213.0,213.0,6.2,6.2,-0.54,-0.54,6.3,6.3,cube3_cluster0,268,1.5130457920514906,CH,89.73428321085365,11.536857891248982,10.613841731058852,cube12_cluster0;cube3_cluster0,2
2025-09-15,669461,669461,680574,STL,CIN,3,1,0,1,CU,CU,L,L,B,,77.8,77.8,-0.69,0.69,-1.58,-1.58,3026.0,3026.0,333.0,27.0,6.3,6.3,0.65,-0.65,6.66,6.66,cube77_cluster0,15,1.5704122925358093,CU,78.06982973839553,-10.373560444574672,-15.067035103894916,,0
2025-09-15,681517,681517,701398,STL,CIN,9,1,1,0,SL,SL,R,R,S,,93.4,93.4,0.26,0.26,0.69,0.69,2476.0,2476.0,186.0,186.0,7.0,7.0,-2.26,-2.26,5.56,5.56,cube34_cluster0,80,0.9599335514204383,FC,89.12332099959275,-2.9379632103369024,6.342505511607449,cube24_cluster0;cube34_cluster0,2
2025-09-15,701519,701519,641355,MIN,NYY,8,2,2,2,CH,CH,R,R,S,,89.4,89.4,-1.32,-1.32,0.04,0.04,1997.0,1997.0,233.0,233.0,6.6,6.6,-1.14,-1.14,5.6,5.6,cube13_cluster0,1173,1.7692625765955161,FF,91.32597348809763,10.933560927718538,9.887490835989844,cube13_cluster0,1
2025-09-15,683004,683004,605170,HOU,TEX,1,2,3,1,SI,SI,R,R,X,"Victor Caratini grounds out, second baseman Dylan Moore to first baseman Jake Burger.",95.9,95.9,-1.13,-1.13,1.11,1.11,2342.0,2342.0,214.0,214.0,6.7,6.7,-1.21,-1.21,5.65,5.65,cube4_cluster0,983,1.2960393132187384,FF,92.73799323851703,11.87678282989603,11.880818729937886,cube4_cluster0;cube5_cluster0,2
2025-09-15,647336,647336,687462,PIT,CHC,8,1,0,0,SV,SV,R,R,B,,81.1,81.1,1.05,1.05,-0.63,-0.63,2986.0,2986.0,59.0,59.0,6.0,6.0,-2.62,-2.62,5.77,5.77,cube78_cluster1,5,0.7881998261211082,CU,80.64152300890618,-18.302848826753866,-5.60128168299082,cube73_cluster0,1
2025-09-15,676775,676775,664983,AZ,SF,8,2,1,2,FS,FS,R,R,X,Jake McCarthy doubles (6) on a line drive to left fielder Heliot Ramos.,90.5,90.5,-1.21,-1.21,0.4,0.4,1618.0,1618.0,239.0,239.0,6.2,6.2,-1.45,-1.45,6.0,6.0,cube12_cluster0,316,1.0513228068120841,CH,89.01009096911115,10.260232782391817,9.292479855944606,cube12_cluster0;cube13_cluster0;cube3_cluster0;cube4_cluster0,4
2025-09-15,676742,676742,650489,PIT,CHC,6,2,1,0,FF,FF,R,R,B,,96.3,96.3,-0.81,-0.81,1.27,1.27,2444.0,2444.0,221.0,221.0,6.4,6.4,-3.1,-3.1,5.94,5.94,cube5_cluster0,516,1.6851445633189193,FF,94.26601183041208,12.58960465467938,11.873748452415477,cube14_cluster0;cube5_cluster0,2
2025-09-15,668678,668678,672275,AZ,SF,3,0,0,0,CH,CH,R,R,B,,84.7,84.7,-1.1,-1.1,0.56,0.56,1467.0,1467.0,231.0,231.0,6.4,6.4,-3.27,-3.27,5.89,5.89,cube23_cluster1,15,2.507136520697225,CH,87.14244152758266,13.779793742871872,-2.1495322200021145,cube13_cluster0;cube4_cluster0,2
2025-09-15,671212,671212,623168,TB,TOR,3,0,2,2,FS,FS,R,R,B,,93.6,93.6,-1.09,-1.09,0.24,0.24,2054.0,2054.0,233.0,233.0,6.5,6.5,-1.2,-1.2,5.75,5.75,cube13_cluster0,1173,1.387740161622879,FF,91.32597348809763,10.933560927718538,9.887490835989844,cube13_cluster0,1
2025-09-15,596133,596133,668885,MIN,NYY,7,1,3,2,FF,FF,R,R,X,Austin Martin doubles (7) on a ground ball to left fielder Cody Bellinger. Brooks Lee scores. Edouard Julien scores. Byron Buxton scores.,95.6,95.6,-0.85,-0.85,1.46,1.46,2387.0,2387.0,213.0,213.0,6.2,6.2,-1.4,-1.4,5.39,5.39,cube4_cluster0,983,1.5714228624100102,FF,92.73799323851703,11.87678282989603,11.880818729937886,cube4_cluster0;cube5_cluster0,2
2025-09-15,624133,624133,681624,LAD,PHI,3,0,0,1,FF,FF,L,L,B,,90.5,90.5,0.11,-0.11,0.89,0.89,1925.0,1925.0,138.0,222.0,5.9,5.9,2.49,-2.49,5.64,5.64,cube13_cluster0,1173,1.6026548521457522,FF,91.32597348809763,10.933560927718538,9.887490835989844,cube13_cluster0,1
2025-09-15,678024,678024,691723,CWS,BAL,8,0,3,2,SI,SI,R,R,B,Coby Mayo walks.,95.1,95.1,-1.35,-1.35,0.28,0.28,2010.0,2010.0,216.0,216.0,6.2,6.2,-1.59,-1.59,5.92,5.92,cube13_cluster0,1173,1.2362688700478166,FF,91.32597348809763,10.933560927718538,9.887490835989844,cube13_cluster0;cube4_cluster0,2
2025-09-15,592791,592791,669261,PIT,CHC,2,2,1,2,FF,FF,R,R,B,,93.3,93.3,-0.37,-0.37,1.43,1.43,2290.0,2290.0,206.0,206.0,6.8,6.8,-1.01,-1.01,6.12,6.12,cube4_cluster0,983,1.8044267033908088,FF,92.73799323851703,11.87678282989603,11.880818729937886,cube13_cluster0;cube4_cluster0,2
2025-09-15,680730,680730,542303,WSH,ATL,2,2,0,0,FF,FF,L,L,B,,92.5,92.5,0.44,-0.44,1.74,1.74,2134.0,2134.0,161.0,199.0,6.9,6.9,1.22,-1.22,6.42,6.42,cube4_cluster0,983,2.1345929675043633,FF,92.73799323851703,11.87678282989603,11.880818729937886,cube4_cluster0,1
2025-09-15,688497,688497,687551,AZ,SF,8,1,0,2,FS,FS,R,R,S,Drew Gilbert strikes out swinging.,85.4,85.4,-0.73,-0.73,0.51,0.51,1517.0,1517.0,221.0,221.0,6.6,6.6,-0.38,-0.38,6.4,6.4,cube3_cluster0,268,2.0511923382677377,CH,89.73428321085365,11.536857891248982,10.613841731058852,,0
2025-09-15,693312,693312,621020,PIT,CHC,8,1,0,0,FF,FF,R,R,S,,98.0,98.0,-0.52,-0.52,1.46,1.46,2327.0,2327.0,213.0,213.0,7.2,7.2,-1.07,-1.07,5.96,5.96,cube4_cluster0,983,2.141023254636088,FF,92.73799323851703,11.87678282989603,11.880818729937886,cube4_cluster0;cube5_cluster0,2
2025-09-15,678906,678906,677950,AZ,SF,2,1,0,2,CU,CU,R,R,B,,84.6,84.6,1.2,1.2,-0.82,-0.82,2835.0,2835.0,41.0,41.0,6.3,6.3,-2.14,-2.14,5.71,5.71,cube73_cluster0,327,0.9010161732120622,CU,80.47699441108988,-11.55224395022119,-8.074074661318553,cube73_cluster0;cube74_cluster0,2
2025-09-15,607074,607074,676812,MIN,NYY,2,1,0,1,CH,CH,L,L,S,,84.3,84.3,1.32,-1.32,0.36,0.36,1628.0,1628.0,128.0,232.0,6.2,6.2,2.26,-2.26,6.24,6.24,cube12_cluster0,316,1.6391933730798252,CH,89.01009096911115,10.260232782391817,9.292479855944606,cube12_cluster0;cube13_cluster0;cube3_cluster0;cube4_cluster0,4
2025-09-15,680732,680732,681297,CWS,BAL,3,1,0,0,FF,FF,R,R,S,,96.1,96.1,-0.34,-0.34,1.51,1.51,2555.0,2555.0,200.0,200.0,7.2,7.2,-2.13,-2.13,6.33,6.33,cube5_cluster0,516,2.363433748694125,FF,94.26601183041208,12.58960465467938,11.873748452415477,cube13_cluster0;cube14_cluster0,2
2025-09-15,702056,702056,656484,TB,TOR,2,1,0,0,FF,FF,R,R,S,,94.8,94.8,-0.23,-0.23,1.67,1.67,2298.0,2298.0,198.0,198.0,6.2,6.2,-0.5,-0.5,7.05,7.05,cube22_cluster0,44,2.6472174257167076,FC,88.82845332305666,-1.3474977477043035,9.056608779489569,cube12_cluster0;cube3_cluster0,2
2025-09-15,675911,675911,686611,WSH,ATL,2,2,1,2,SL,SL,R,R,B,,85.1,85.1,0.25,0.25,0.26,0.26,2330.0,2330.0,141.0,141.0,7.1,7.1,-1.76,-1.76,5.83,5.83,cube43_cluster0,144,1.3338125883978713,SL,87.05264300971788,-4.004743073818654,3.6350863620861684,cube43_cluster0;cube44_cluster0,2
2025-09-15,680694,680694,700337,CWS,BAL,2,0,0,1,SI,SI,R,R,S,,93.3,93.3,-0.91,-0.91,1.19,1.19,2114.0,2114.0,198.0,198.0,6.4,6.4,-1.08,-1.08,6.4,6.4,cube3_cluster0,268,1.3578165170103536,CH,89.73428321085365,11.536857891248982,10.613841731058852,cube12_cluster0;cube13_cluster0;cube3_cluster0;cube4_cluster0,4
2025-09-15,680573,680573,641857,MIN,NYY,2,1,1,1,FS,FS,R,R,X,"Ryan McMahon grounds into a force out, second baseman Luke Keaschall to shortstop Brooks Lee. Paul Goldschmidt out at 2nd. Ryan McMahon to 1st.",86.7,86.7,-0.87,-0.87,0.72,0.72,1134.0,1134.0,221.0,221.0,7.0,7.0,-1.44,-1.44,6.25,6.25,cube13_cluster1,3,1.5488480929034827,FS,84.2318346010472,7.0387863377694,1.0515447129672841,cube3_cluster0;cube4_cluster0,2
2025-09-15,677952,677952,650489,PIT,CHC,2,2,0,0,FF,FF,R,R,B,,98.0,98.0,-0.68,-0.68,1.42,1.42,2445.0,2445.0,218.0,218.0,6.1,6.1,-0.92,-0.92,6.24,6.24,cube22_cluster0,44,1.9482192755404089,FC,88.82845332305666,-1.3474977477043035,9.056608779489569,cube12_cluster0;cube13_cluster0;cube3_cluster0;cube4_cluster0,4
2025-09-15,669920,669920,696030,HOU,TEX,2,2,0,0,SI,SI,R,R,S,,92.3,92.3,-1.38,-1.38,0.15,0.15,2118.0,2118.0,246.0,246.0,6.7,6.7,-1.8,-1.8,5.58,5.58,cube14_cluster0,644,1.4384337277415231,FF,92.67733037261901,12.017251018938115,9.608444861229,cube13_cluster0;cube14_cluster0,2
2025-09-15,608650,608650,695657,CWS,BAL,9,0,0,1,FF,FF,L,L,S,,94.0,94.0,0.25,-0.25,1.42,1.42,2193.0,2193.0,158.0,202.0,6.1,6.1,1.82,-1.82,6.38,6.38,cube22_cluster0,44,1.4716387602845296,FC,88.82845332305666,-1.3474977477043035,9.056608779489569,cube12_cluster0;cube13_cluster0,2
2025-09-15,680755,680755,666139,TB,TOR,11,2,0,2,FF,FF,R,R,B,,95.5,95.5,-0.32,-0.32,1.36,1.36,2216.0,2216.0,202.0,202.0,5.4,5.4,0.66,0.66,6.63,6.63,cube22_cluster0,44,3.4807757332107645,FC,88.82845332305666,-1.3474977477043035,9.056608779489569,,0
2025-09-15,681517,681517,701398,STL,CIN,9,1,0,0,SL,SL,R,R,B,,93.8,93.8,0.37,0.37,0.55,0.55,2462.0,2462.0,181.0,181.0,7.2,7.2,-2.22,-2.22,5.56,5.56,cube34_cluster0,80,1.2564863766196699,FC,89.12332099959275,-2.9379632103369024,6.342505511607449,cube24_cluster0;cube34_cluster0,2
2025-09-15,678906,678906,677950,AZ,SF,2,1,0,1,CU,CU,R,R,S,,82.3,82.3,1.36,1.36,-0.89,-0.89,2598.0,2598.0,43.0,43.0,6.2,6.2,-2.16,-2.16,5.58,5.58,cube73_cluster0,327,0.9310936858473883,CU,80.47699441108988,-11.55224395022119,-8.074074661318553,cube73_cluster0,1
2025-09-15,641793,641793,663457,STL,CIN,2,0,1,1,FS,FS,R,R,S,,84.1,84.1,-1.09,-1.09,0.31,0.31,1087.0,1087.0,241.0,241.0,6.1,6.1,-0.74,-0.74,6.12,6.12,cube12_cluster0,316,2.386316998545713,CH,89.01009096911115,10.260232782391817,9.292479855944606,cube12_cluster0;cube3_cluster0,2
2025-09-15,664747,664747,656180,WSH,ATL,9,2,0,2,SL,SL,R,R,S,Riley Adams strikes out swinging.,89.2,89.2,0.43,0.43,0.22,0.22,2737.0,2737.0,112.0,112.0,7.6,7.6,-2.24,-2.24,5.11,5.11,cube52_cluster0,25,2.252078390494327,SL,87.17795916965139,-4.451177468094217,2.170340230630463,,0
2025-09-15,693312,693312,691718,PIT,CHC,8,0,2,2,CU,CU,R,R,S,Pete Crow-Armstrong strikes out swinging.,85.2,85.2,0.56,0.56,-1.21,-1.21,2745.0,2745.0,36.0,36.0,7.1,7.1,-1.0,-1.0,5.96,5.96,cube67_cluster2,6,1.530520055486824,CU,83.11739876493539,-8.352412707608828,-11.699528597119054,cube73_cluster0;cube74_cluster0,2
2025-09-15,592791,592791,669261,PIT,CHC,2,2,1,2,CH,CH,R,R,S,,85.4,85.4,-1.33,-1.33,0.86,0.86,1979.0,1979.0,226.0,226.0,6.7,6.7,-1.12,-1.12,6.21,6.21,cube3_cluster0,268,1.2419462878501917,CH,89.73428321085365,11.536857891248982,10.613841731058852,cube12_cluster0;cube13_cluster0;cube3_cluster0;cube4_cluster0,4
2025-09-15,686218,686218,642215,LAD,PHI,2,2,0,0,FF,FF,R,R,X,Weston Wilson flies out to right fielder Teoscar Hernández.,93.4,93.4,-0.45,-0.45,1.43,1.43,2298.0,2298.0,208.0,208.0,6.5,6.5,-1.04,-1.04,5.47,5.47,cube4_cluster0,983,1.7079456017010883,FF,92.73799323851703,11.87678282989603,11.880818729937886,cube13_cluster0;cube4_cluster0,2
2025-09-15,676742,676742,650489,PIT,CHC,6,2,0,0,CH,CH,R,R,B,,90.8,90.8,-1.27,-1.27,0.27,0.27,1572.0,1572.0,235.0,235.0,6.5,6.5,-3.07,-3.07,5.99,5.99,cube23_cluster1,15,2.2605653006487607,CH,87.14244152758266,13.779793742871872,-2.1495322200021145,cube13_cluster0;cube4_cluster0,2
2025-09-15,647336,647336,669707,PIT,CHC,8,0,0,1,SI,SI,R,R,X,"Jared Triolo grounds out, shortstop Dansby Swanson to first baseman Michael Busch.",93.1,93.1,-1.56,-1.56,0.67,0.67,2423.0,2423.0,226.0,226.0,6.5,6.5,-2.59,-2.59,5.73,5.73,cube14_cluster0,644,1.0886208389958971,FF,92.67733037261901,12.017251018938115,9.608444861229,cube14_cluster0;cube5_cluster0,2
2025-09-15,687377,687377,542303,WSH,ATL,9,2,2,2,SI,SI,R,R,S,Marcell Ozuna strikes out swinging.,96.6,96.6,-1.09,-1.09,1.22,1.22,2510.0,2510.0,216.0,216.0,6.5,6.5,-1.77,-1.77,6.51,6.51,cube4_cluster0,983,1.699892238453256,FF,92.73799323851703,11.87678282989603,11.880818729937886,cube4_cluster0,1
2025-09-15,829272,829272,673490,WSH,ATL,7,2,0,0,FF,FF,L,L,B,,93.2,93.2,0.82,-0.82,1.39,1.39,2195.0,2195.0,141.0,219.0,6.2,6.2,1.52,-1.52,5.62,5.62,cube4_cluster0,983,0.9974119545138789,FF,92.73799323851703,11.87678282989603,11.880818729937886,cube4_cluster0,1
2025-09-15,624133,624133,681624,LAD,PHI,3,0,0,0,FC,FC,L,L,S,,86.3,86.3,-0.35,0.35,0.46,0.46,2045.0,2045.0,159.0,201.0,6.0,6.0,2.52,-2.52,5.64,5.64,cube23_cluster0,226,1.490263107343496,FC,89.98051132303166,-0.8288022207088954,9.04754296913982,cube23_cluster0;cube33_cluster0,2
2025-09-15,683004,683004,605170,HOU,TEX,1,2,2,1,SL,SL,R,R,B,,85.9,85.9,0.46,0.46,0.2,0.2,2474.0,2474.0,115.0,115.0,6.6,6.6,-1.35,-1.35,5.78,5.78,cube51_cluster0,138,0.6668774771559436,SL,86.5599691183964,-4.203859573250014,1.5652746114364327,cube51_cluster0,1
2025-09-15,688497,688497,687551,AZ,SF,8,1,0,1,CU,CU,R,R,S,,74.4,74.4,0.41,0.41,-0.99,-0.99,2022.0,2022.0,8.0,8.0,6.6,6.6,-0.05,-0.05,6.47,6.47,cube65_cluster2,4,2.6818700838570346,CU,77.46691308243727,-3.8291129032258064,-11.446518817204302,,0
2025-09-15,680755,680755,666139,TB,TOR,11,2,0,1,FF,FF,R,R,S,,95.4,95.4,-0.26,-0.26,1.46,1.46,2250.0,2250.0,199.0,199.0,5.6,5.6,0.73,0.73,6.65,6.65,cube22_cluster0,44,3.477180328987236,FC,88.82845332305666,-1.3474977477043035,9.056608779489569,,0
2025-09-15,608650,608650,695657,CWS,BAL,9,0,0,0,FF,FF,L,L,S,,93.0,93.0,0.06,-0.06,1.39,1.39,2068.0,2068.0,152.0,208.0,6.2,6.2,1.89,-1.89,6.43,6.43,cube22_cluster0,44,1.5250415563192414,FC,88.82845332305666,-1.3474977477043035,9.056608779489569,cube12_cluster0;cube13_cluster0,2
2025-09-15,596133,596133,668885,MIN,NYY,7,1,2,2,FF,FF,R,R,B,,95.8,95.8,-0.44,-0.44,1.76,1.76,2393.0,2393.0,199.0,199.0,6.2,6.2,-1.34,-1.34,5.54,5.54,cube4_cluster0,983,1.9030004684740338,FF,92.73799323851703,11.87678282989603,11.880818729937886,cube13_cluster0;cube4_cluster0,2
2025-09-15,675911,675911,686611,WSH,ATL,2,2,1,1,SL,SL,R,R,S,,84.5,84.5,0.56,0.56,0.23,0.23,2327.0,2327.0,151.0,151.0,6.9,6.9,-1.87,-1.87,5.84,5.84,cube43_cluster0,144,1.0937861840140664,SL,87.05264300971788,-4.004743073818654,3.6350863620861684,cube43_cluster0,1
2025-09-15,671212,671212,623168,TB,TOR,3,0,2,1,SL,SL,R,R,S,,90.2,90.2,0.37,0.37,0.22,0.22,2541.0,2541.0,156.0,156.0,6.4,6.4,-0.98,-0.98,5.77,5.77,cube43_cluster0,144,1.143878366781542,SL,87.05264300971788,-4.004743073818654,3.6350863620861684,cube43_cluster0,1
2025-09-15,680732,680732,694212,CWS,BAL,3,1,3,2,KC,KC,R,R,B,Samuel Basallo walks.,83.5,83.5,0.37,0.37,-1.08,-1.08,2603.0,2603.0,24.0,24.0,7.0,7.0,-2.27,-2.27,6.15,6.15,cube67_cluster2,6,1.334148285666823,CU,83.11739876493539,-8.352412707608828,-11.699528597119054,cube66_cluster0;cube73_cluster0;cube74_cluster0,3
2025-09-15,680730,680730,686948,WSH,ATL,2,1,2,2,CU,CU,L,L,X,Drake Baldwin flies out to center fielder Robert Hassell III.,79.9,79.9,0.24,-0.24,-0.71,-0.71,2444.0,2444.0,332.0,28.0,7.1,7.1,1.62,-1.62,6.3,6.3,cube65_cluster2,4,1.5962210778779526,CU,77.46691308243727,-3.8291129032258064,-11.446518817204302,cube58_cluster0;cube66_cluster0,2
2025-09-15,677952,677952,621020,PIT,CHC,2,1,0,2,SL,SL,R,R,X,Dansby Swanson flies out to center fielder Jack Suwinski.,93.4,93.4,0.15,0.15,0.52,0.52,2797.0,2797.0,178.0,178.0,6.3,6.3,-1.02,-1.02,6.23,6.23,cube32_cluster0,41,1.48005023795588,SL,87.45742516293836,-3.2707771382581203,5.520714440411837,cube33_cluster0,1
2025-09-15,669920,669920,666969,HOU,TEX,2,1,3,2,CH,CH,R,R,S,Adolis García strikes out swinging.,81.3,81.3,-1.7,-1.7,0.14,0.14,1989.0,1989.0,254.0,254.0,6.8,6.8,-1.38,-1.38,5.58,5.58,cube23_cluster1,15,2.0504543591335076,CH,87.14244152758266,13.779793742871872,-2.1495322200021145,cube13_cluster0,1
2025-09-15,676775,676775,664983,AZ,SF,8,2,1,2,FF,FF,R,R,S,,97.5,97.5,-0.56,-0.56,1.19,1.19,2370.0,2370.0,227.0,227.0,6.2,6.2,-1.34,-1.34,6.19,6.19,cube4_cluster0,983,1.437443927410286,FF,92.73799323851703,11.87678282989603,11.880818729937886,cube13_cluster0;cube4_cluster0,2
2025-09-15,702056,702056,663743,TB,TOR,2,0,0,1,FF,FF,R,R,X,"Nick Fortes grounds out, shortstop Andrés Giménez to first baseman Vladimir Guerrero Jr.",94.8,94.8,-0.26,-0.26,1.68,1.68,2299.0,2299.0,196.0,196.0,6.3,6.3,-0.64,-0.64,7.12,7.12,cube42_cluster1,3,2.656566138678535,FC,87.63142706302794,-5.957348927875244,5.6153508771929825,cube12_cluster0;cube3_cluster0,2
2025-09-15,680573,680573,641857,MIN,NYY,2,1,0,1,FF,FF,R,R,B,,92.8,92.8,-0.37,-0.37,1.69,1.69,2313.0,2313.0,202.0,202.0,6.6,6.6,-1.39,-1.39,6.5,6.5,cube22_cluster0,44,1.9229062231624874,FC,88.82845332305666,-1.3474977477043035,9.056608779489569,cube12_cluster0;cube13_cluster0;cube3_cluster0;cube4_cluster0,4
2025-09-15,680694,680694,700337,CWS,BAL,2,0,0,0,SI,SI,R,R,S,,92.9,92.9,-1.24,-1.24,1.01,1.01,2023.0,2023.0,199.0,199.0,6.3,6.3,-1.07,-1.07,6.45,6.45,cube3_cluster0,268,1.2387132080261876,CH,89.73428321085365,11.536857891248982,10.613841731058852,cube3_cluster0;cube4_cluster0,2
2025-09-15,607074,607074,676812,MIN,NYY,2,1,0,0,FF,FF,L,L,S,,93.7,93.7,0.71,-0.71,1.51,1.51,2389.0,2389.0,143.0,217.0,6.1,6.1,2.12,-2.12,6.39,6.39,cube4_cluster0,983,1.6611034777366231,FF,92.73799323851703,11.87678282989603,11.880818729937886,cube13_cluster0;cube4_cluster0,2
2025-09-15,669461,669461,680574,STL,CIN,3,1,0,0,FF,FF,L,L,S,,95.4,95.4,0.59,-0.59,1.47,1.47,2211.0,2211.0,145.0,215.0,6.4,6.4,0.32,-0.32,6.68,6.68,cube3_cluster0,268,2.4228975366741023,CH,89.73428321085365,11.536857891248982,10.613841731058852,cube3_cluster0,1
2025-09-15,678024,678024,691723,CWS,BAL,8,0,3,2,SI,SI,R,R,S,,94.3,94.3,-1.25,-1.25,0.33,0.33,2144.0,2144.0,202.0,202.0,6.3,6.3,-1.46,-1.46,5.92,5.92,cube4_cluster0,983,1.2716198280812034,FF,92.73799323851703,11.87678282989603,11.880818729937886,cube13_cluster0,1
2025-09-15,701519,701519,641355,MIN,NYY,8,2,2,2,CH,CH,R,R,S,,88.8,88.8,-1.16,-1.16,-0.1,-0.1,2028.0,2028.0,237.0,237.0,6.3,6.3,-1.21,-1.21,5.57,5.57,cube23_cluster1,15,1.6435153576866302,CH,87.14244152758266,13.779793742871872,-2.1495322200021145,cube13_cluster0,1
2025-09-15,668678,668678,671218,AZ,SF,2,2,0,0,FF,FF,R,R,X,Heliot Ramos flies out to right fielder Corbin Carroll.,94.1,94.1,-0.24,-0.24,1.34,1.34,2319.0,2319.0,210.0,210.0,6.5,6.5,-2.83,-2.83,5.96,5.96,cube24_cluster0,111,1.5658692583544134,FC,90.39472309229976,-0.35116486760382487,8.906212304019572,cube13_cluster0;cube14_cluster0,2
2025-09-15,592791,592791,669261,PIT,CHC,2,2,0,2,CH,CH,R,R,B,,84.7,84.7,-1.48,-1.48,0.35,0.35,1670.0,1670.0,237.0,237.0,6.7,6.7,-1.26,-1.26,6.15,6.15,cube3_cluster0,268,1.578418320547682,CH,89.73428321085365,11.536857891248982,10.613841731058852,cube12_cluster0;cube13_cluster0;cube3_cluster0;cube4_cluster0,4
2025-09-15,680730,680730,686948,WSH,ATL,2,1,2,1,FF,FF,L,L,S,,90.9,90.9,0.32,-0.32,1.72,1.72,2089.0,2089.0,169.0,191.0,6.8,6.8,1.09,-1.09,6.57,6.57,cube22_cluster0,44,2.217098874616241,FC,88.82845332305666,-1.3474977477043035,9.056608779489569,cube12_cluster0;cube13_cluster0;cube3_cluster0;cube4_cluster0,4
2025-09-15,668678,668678,805811,AZ,SF,2,1,3,2,FF,FF,R,R,X,Bryce Eldridge grounds out to first baseman Ildemaro Vargas.,94.2,94.2,-0.28,-0.28,1.38,1.38,2415.0,2415.0,212.0,212.0,6.5,6.5,-3.06,-3.06,5.91,5.91,cube6_cluster3,4,1.7112288809724232,FF,96.83250199133,9.898196859286852,14.591325902230212,cube13_cluster0;cube14_cluster0,2
2025-09-15,680732,680732,694212,CWS,BAL,3,1,2,2,FF,FF,R,R,B,,98.1,98.1,-0.53,-0.53,1.58,1.58,2744.0,2744.0,203.0,203.0,7.2,7.2,-2.27,-2.27,6.18,6.18,cube15_cluster1,11,2.23508933859618,FF,95.07044777791452,10.01799709211646,12.914228470751997,cube14_cluster0,1
2025-09-15,687377,687377,542303,WSH,ATL,9,2,1,2,FF,FF,R,R,B,,97.7,97.7,-0.49,-0.49,1.47,1.47,2607.0,2607.0,213.0,213.0,6.5,6.5,-1.64,-1.64,6.52,6.52,cube4_cluster0,983,2.0872107804087614,FF,92.73799323851703,11.87678282989603,11.880818729937886,cube13_cluster0;cube4_cluster0,2
2025-09-15,829272,829272,645277,WSH,ATL,7,1,0,1,KC,KC,L,L,X,Ozzie Albies grounds out to first baseman Josh Bell.,74.7,74.7,-0.44,0.44,-1.75,-1.75,2508.0,2508.0,346.0,14.0,6.1,6.1,1.3,-1.3,5.82,5.82,cube77_cluster1,2,1.0456007986832239,CU,74.19497816593886,-8.547379912663756,-17.060043668122272,cube77_cluster0;cube78_cluster0,2
2025-09-15,702056,702056,663743,TB,TOR,2,0,0,0,SL,SL,R,R,S,,86.3,86.3,-0.23,-0.23,0.38,0.38,2169.0,2169.0,210.0,210.0,6.0,6.0,-0.5,-0.5,7.25,7.25,cube42_cluster1,3,2.329772606950094,FC,87.63142706302794,-5.957348927875244,5.6153508771929825,,0
2025-09-15,664747,664747,656180,WSH,ATL,9,2,0,1,SL,SL,R,R,S,,88.9,88.9,0.27,0.27,0.33,0.33,2608.0,2608.0,153.0,153.0,7.7,7.7,-2.3,-2.3,5.2,5.2,cube44_cluster0,35,2.1149790179120744,SL,87.43039514356485,-4.560198707426779,3.7204129901025347,,0
2025-09-15,683004,683004,605170,HOU,TEX,1,2,1,1,CU,CU,R,R,B,,82.8,82.8,0.21,0.21,-0.97,-0.97,2681.0,2681.0,21.0,21.0,6.5,6.5,-1.11,-1.11,5.93,5.93,cube72_cluster0,77,1.42821845927569,CU,78.89146033796635,-9.531561177600954,-10.534460563196083,cube66_cluster0;cube73_cluster0,2
2025-09-15,686218,686218,681082,LAD,PHI,2,2,3,1,FF,FF,R,R,B,Bryson Stott walks.,94.7,94.7,-0.87,-0.87,1.49,1.49,2448.0,2448.0,213.0,213.0,6.5,6.5,-1.17,-1.17,5.36,5.36,cube4_cluster0,983,1.7633659995786946,FF,92.73799323851703,11.87678282989603,11.880818729937886,cube4_cluster0;cube5_cluster0,2
2025-09-15,669920,669920,666969,HOU,TEX,2,1,2,2,ST,ST,R,R,B,,80.9,80.9,1.27,1.27,-0.47,-0.47,2726.0,2726.0,59.0,59.0,6.5,6.5,-1.81,-1.81,5.5,5.5,cube74_cluster0,95,0.7789027450131066,ST,81.58280060620267,-13.628576142052651,-5.303629922931518,cube73_cluster0;cube74_cluster0,2
2025-09-15,680755,680755,666139,TB,TOR,11,2,0,0,SL,SL,R,R,S,,86.6,86.6,0.21,0.21,0.29,0.29,2427.0,2427.0,169.0,169.0,5.5,5.5,0.57,0.57,6.59,6.59,cube42_cluster1,3,2.587382863085479,FC,87.63142706302794,-5.957348927875244,5.6153508771929825,,0
2025-09-15,607074,607074,670242,MIN,NYY,2,1,3,2,SI,SI,L,L,B,Matt Wallner walks.,92.9,92.9,1.0,-1.0,0.43,0.43,2184.0,2184.0,131.0,229.0,6.0,6.0,2.38,-2.38,6.22,6.22,cube13_cluster0,1173,1.4356761190849048,FF,91.32597348809763,10.933560927718538,9.887490835989844,cube13_cluster0,1
2025-09-15,647336,647336,669707,PIT,CHC,8,0,0,0,FF,FF,R,R,S,,93.0,93.0,-0.71,-0.71,1.23,1.23,2579.0,2579.0,230.0,230.0,6.4,6.4,-2.53,-2.53,5.71,5.71,cube5_cluster0,516,1.2317979421981182,FF,94.26601183041208,12.58960465467938,11.873748452415477,cube13_cluster0;cube14_cluster0,2
2025-09-15,608650,608650,672820,CWS,BAL,8,2,1,2,CU,CU,L,L,S,Lenyn Sosa strikes out swinging.,76.6,76.6,-0.31,0.31,-0.85,-0.85,1977.0,1977.0,343.0,17.0,6.1,6.1,1.64,-1.64,6.41,6.41,cube65_cluster2,4,1.129496026388052,CU,77.46691308243727,-3.8291129032258064,-11.446518817204302,cube65_cluster2,1
2025-09-15,675911,675911,686611,WSH,ATL,2,2,0,1,FF,FF,R,R,B,,97.0,97.0,-0.82,-0.82,1.48,1.48,2380.0,2380.0,211.0,211.0,7.1,7.1,-1.66,-1.66,5.9,5.9,cube5_cluster0,516,1.6217518946000289,FF,94.26601183041208,12.58960465467938,11.873748452415477,cube5_cluster0,1
2025-09-15,680573,680573,641857,MIN,NYY,2,1,0,0,FF,FF,R,R,S,,91.6,91.6,-0.14,-0.14,1.48,1.48,2098.0,2098.0,201.0,201.0,6.7,6.7,-1.41,-1.41,6.44,6.44,cube22_cluster0,44,1.7244179162452449,FC,88.82845332305666,-1.3474977477043035,9.056608779489569,cube12_cluster0;cube13_cluster0,2
2025-09-15,624133,624133,571970,LAD,PHI,2,2,1,2,SL,SL,L,L,S,Max Muncy strikes out swinging.,80.6,80.6,-0.76,0.76,0.48,0.48,2176.0,2176.0,282.0,78.0,6.4,6.4,2.35,-2.35,5.47,5.47,cube59_cluster1,54,1.2763531712557725,SL,85.28451345513116,-6.463379179070062,0.3652873224190217,cube58_cluster0,1
2025-09-15,676742,676742,621020,PIT,CHC,6,1,2,1,FF,FF,R,R,X,Dansby Swanson flies out to right fielder Bryan Reynolds.,94.9,94.9,-0.61,-0.61,1.26,1.26,2562.0,2562.0,221.0,221.0,6.5,6.5,-3.04,-3.04,5.93,5.93,cube6_cluster3,4,1.709156642477188,FF,96.83250199133,9.898196859286852,14.591325902230212,cube14_cluster0,1
2025-09-15,596133,596133,668885,MIN,NYY,7,1,2,2,CH,CH,R,R,S,,90.0,90.0,-1.32,-1.32,0.48,0.48,1907.0,1907.0,221.0,221.0,6.2,6.2,-1.51,-1.51,5.5,5.5,cube13_cluster0,1173,1.1962618823859188,FF,91.32597348809763,10.933560927718538,9.887490835989844,cube13_cluster0;cube4_cluster0,2
2025-09-15,680694,680694,643217,CWS,BAL,1,2,1,2,CU,CU,R,R,S,"Andrew Benintendi strikes out swinging, catcher Samuel Basallo to first baseman Ryan Mountcastle.",85.0,85.0,0.03,0.03,-0.98,-0.98,2689.0,2689.0,27.0,27.0,6.5,6.5,-1.04,-1.04,6.46,6.46,cube72_cluster0,77,1.7257231210672868,CU,78.89146033796635,-9.531561177600954,-10.534460563196083,cube65_cluster0;cube66_cluster0,2
2025-09-15,676775,676775,664983,AZ,SF,8,2,0,2,FS,FS,R,R,B,,89.4,89.4,-0.72,-0.72,0.02,0.02,1405.0,1405.0,240.0,240.0,6.1,6.1,-1.56,-1.56,6.14,6.14,cube12_cluster0,316,1.6625147609680837,CH,89.01009096911115,10.260232782391817,9.292479855944606,cube12_cluster0,1
2025-09-15,678024,678024,691723,CWS,BAL,8,0,2,2,ST,ST,R,R,B,,81.6,81.6,1.3,1.3,-0.34,-0.34,2532.0,2532.0,52.0,52.0,6.1,6.1,-1.52,-1.52,5.98,5.98,cube65_cluster0,52,0.9338428974306924,CU,80.5172691598637,-7.955497641633661,-5.720742174043808,cube65_cluster0;cube66_cluster0;cube72_cluster0;cube73_cluster0,4
2025-09-15,693312,693312,691718,PIT,CHC,8,0,2,1,CU,CU,R,R,S,,84.7,84.7,0.55,0.55,-0.89,-0.89,2626.0,2626.0,34.0,34.0,7.0,7.0,-1.07,-1.07,5.9,5.9,cube67_cluster2,6,1.2077153253803148,CU,83.11739876493539,-8.352412707608828,-11.699528597119054,cube66_cluster0;cube73_cluster0;cube74_cluster0,3
2025-09-15,641793,641793,663457,STL,CIN,2,0,1,0,SI,SI,R,R,S,,91.5,91.5,-1.14,-1.14,1.09,1.09,1995.0,1995.0,213.0,213.0,6.3,6.3,-0.79,-0.79,6.08,6.08,cube3_cluster0,268,1.1033917772644863,CH,89.73428321085365,11.536857891248982,10.613841731058852,cube3_cluster0;cube4_cluster0,2
2025-09-15,677952,677952,621020,PIT,CHC,2,1,0,1,SI,SI,R,R,S,,98.0,98.0,-1.56,-1.56,0.56,0.56,2282.0,2282.0,220.0,220.0,6.3,6.3,-0.99,-0.99,6.12,6.12,cube4_cluster0,983,1.7275680200828043,FF,92.73799323851703,11.87678282989603,11.880818729937886,cube4_cluster0,1
2025-09-15,688497,688497,687551,AZ,SF,8,1,0,0,FF,FF,R,R,S,,89.4,89.4,0.11,0.11,1.23,1.23,2253.0,2253.0,189.0,189.0,6.8,6.8,-0.27,-0.27,6.31,6.31,cube22_cluster0,44,2.119616289114897,FC,88.82845332305666,-1.3474977477043035,9.056608779489569,,0
2025-09-15,681517,681517,669720,STL,CIN,9,1,0,0,SL,SL,R,R,X,Austin Hays singles on a ground ball to third baseman Nolan Arenado. TJ Friedl to 3rd. Noelvi Marte to 2nd.,93.8,93.8,0.23,0.23,0.65,0.65,2430.0,2430.0,185.0,185.0,7.0,7.0,-2.24,-2.24,5.59,5.59,cube34_cluster0,80,0.9683731460254147,FC,89.12332099959275,-2.9379632103369024,6.342505511607449,cube24_cluster0;cube34_cluster0,2
2025-09-15,671212,671212,623168,TB,TOR,3,0,1,1,FF,FF,R,R,B,,98.2,98.2,-0.91,-0.91,1.16,1.16,2662.0,2662.0,220.0,220.0,6.4,6.4,-1.03,-1.03,5.79,5.79,cube4_cluster0,983,1.8532749345184074,FF,92.73799323851703,11.87678282989603,11.880818729937886,cube13_cluster0;cube14_cluster0;cube4_cluster0;cube5_cluster0,4
2025-09-15,701519,701519,641355,MIN,NYY,8,2,2,2,FF,FF,R,R,S,,95.4,95.4,-0.65,-0.65,1.02,1.02,2444.0,2444.0,216.0,216.0,6.3,6.3,-0.94,-0.94,5.97,5.97,cube4_cluster0,983,1.5752951389827343,FF,92.73799323851703,11.87678282989603,11.880818729937886,cube13_cluster0,1
2025-09-15,678906,678906,677950,AZ,SF,2,1,0,0,FF,FF,R,R,S,,94.1,94.1,-1.04,-1.04,0.85,0.85,2510.0,2510.0,232.0,232.0,6.2,6.2,-2.25,-2.25,5.35,5.35,cube14_cluster0,644,1.079498715751036,FF,92.67733037261901,12.017251018938115,9.608444861229,cube14_cluster0,1
2025-09-15,669461,669461,663647,STL,CIN,3,0,1,2,CU,CU,L,L,S,Ke'Bryan Hayes strikes out swinging.,79.1,79.1,-0.62,0.62,-1.58,-1.58,3035.0,3035.0,331.0,29.0,6.3,6.3,0.56,-0.56,6.61,6.61,cube77_cluster0,15,1.5818202505053298,CU,78.06982973839553,-10.373560444574672,-15.067035103894916,,0
2025-09-15,688497,688497,669477,AZ,SF,8,0,2,2,SL,SL,R,R,S,Casey Schmitt called out on strikes.,83.0,83.0,0.51,0.51,0.14,0.14,2241.0,2241.0,110.0,110.0,6.6,6.6,-0.43,-0.43,6.3,6.3,cube50_cluster0,16,1.3932082776622412,SL,84.90007193384722,-3.20169019761113,0.4617852580480657,,0
2025-09-15,693312,693312,691718,PIT,CHC,8,0,1,1,FF,FF,R,R,B,,98.1,98.1,-0.42,-0.42,1.43,1.43,2256.0,2256.0,214.0,214.0,7.0,7.0,-1.22,-1.22,6.04,6.04,cube4_cluster0,983,1.8198062521685012,FF,92.73799323851703,11.87678282989603,11.880818729937886,cube13_cluster0;cube14_cluster0;cube4_cluster0;cube5_cluster0,4
2025-09-15,641793,641793,663457,STL,CIN,2,0,0,0,SI,SI,R,R,B,,90.4,90.4,-1.2,-1.2,1.06,1.06,1903.0,1903.0,215.0,215.0,6.2,6.2,-0.79,-0.79,6.07,6.07,cube3_cluster0,268,1.0246489568098098,CH,89.73428321085365,11.536857891248982,10.613841731058852,cube3_cluster0,1
2025-09-15,596133,596133,668885,MIN,NYY,7,1,1,2,FF,FF,R,R,B,,97.2,97.2,-0.68,-0.68,1.71,1.71,2479.0,2479.0,206.0,206.0,6.2,6.2,-1.33,-1.33,5.52,5.52,cube4_cluster0,983,1.879901493436883,FF,92.73799323851703,11.87678282989603,11.880818729937886,cube4_cluster0;cube5_cluster0,2
2025-09-15,702056,702056,663968,TB,TOR,1,2,0,0,SL,SL,R,R,X,"Jake Mangum grounds out, shortstop Andrés Giménez to first baseman Vladimir Guerrero Jr.",88.1,88.1,-0.24,-0.24,0.43,0.43,2187.0,2187.0,207.0,207.0,5.9,5.9,-0.57,-0.57,7.16,7.16,cube42_cluster1,3,2.220079387288642,FC,87.63142706302794,-5.957348927875244,5.6153508771929825,,0
2025-09-15,683004,683004,605170,HOU,TEX,1,2,1,0,CH,CH,R,R,S,,90.3,90.3,-1.09,-1.09,0.38,0.38,1385.0,1385.0,229.0,229.0,6.7,6.7,-1.36,-1.36,5.73,5.73,cube3_cluster0,268,1.780999928589734,CH,89.73428321085365,11.536857891248982,10.613841731058852,cube4_cluster0,1
2025-09-15,680694,680694,643217,CWS,BAL,1,2,1,1,SL,SL,R,R,S,,86.2,86.2,1.28,1.28,-0.06,-0.06,2587.0,2587.0,57.0,57.0,6.7,6.7,-1.5,-1.5,6.19,6.19,cube66_cluster0,381,1.4429237476977477,ST,82.47698152646831,-10.124080234445362,-2.88332382968971,cube66_cluster0,1
2025-09-15,677952,677952,621020,PIT,CHC,2,1,0,0,SI,SI,R,R,S,,97.2,97.2,-1.39,-1.39,0.74,0.74,2431.0,2431.0,216.0,216.0,6.2,6.2,-0.85,-0.85,6.27,6.27,cube3_cluster0,268,1.940914146885733,CH,89.73428321085365,11.536857891248982,10.613841731058852,cube12_cluster0;cube13_cluster0;cube3_cluster0;cube4_cluster0,4
2025-09-15,680732,680732,694212,CWS,BAL,3,1,1,2,CH,CH,R,R,B,,87.7,87.7,-1.3,-1.3,0.29,0.29,1806.0,1806.0,232.0,232.0,7.3,7.3,-2.35,-2.35,5.94,5.94,cube15_cluster2,4,2.0221171759127263,SI,89.58860826939471,15.412970405553526,3.820621118012422,cube13_cluster0;cube14_cluster0;cube4_cluster0,3
2025-09-15,669461,669461,663647,STL,CIN,3,0,1,1,FF,FF,L,L,S,,94.5,94.5,0.62,-0.62,1.44,1.44,2133.0,2133.0,146.0,214.0,6.5,6.5,0.61,-0.61,6.52,6.52,cube3_cluster0,268,1.9588928953235645,CH,89.73428321085365,11.536857891248982,10.613841731058852,cube3_cluster0;cube4_cluster0,2
2025-09-15,676775,676775,664983,AZ,SF,8,2,0,1,FF,FF,R,R,S,,96.7,96.7,-0.71,-0.71,1.29,1.29,2319.0,2319.0,228.0,228.0,6.1,6.1,-1.42,-1.42,6.19,6.19,cube4_cluster0,983,1.3612993108835738,FF,92.73799323851703,11.87678282989603,11.880818729937886,cube13_cluster0;cube4_cluster0,2
2025-09-15,678024,678024,691723,CWS,BAL,8,0,2,1,SI,SI,R,R,S,,94.4,94.4,-1.51,-1.51,0.19,0.19,2207.0,2207.0,217.0,217.0,6.3,6.3,-1.68,-1.68,5.87,5.87,cube13_cluster0,1173,1.3209431363734156,FF,91.32597348809763,10.933560927718538,9.887490835989844,cube13_cluster0;cube4_cluster0,2
2025-09-15,676742,676742,621020,PIT,CHC,6,1,1,1,CH,CH,R,R,B,,90.0,90.0,-1.16,-1.16,0.38,0.38,1634.0,1634.0,237.0,237.0,6.5,6.5,-2.94,-2.94,6.0,6.0,cube13_cluster0,1173,2.016897138140072,FF,91.32597348809763,10.933560927718538,9.887490835989844,cube13_cluster0;cube4_cluster0,2
2025-09-15,681517,681517,609280,STL,CIN,9,0,3,2,FF,FF,R,R,S,Miguel Andujar strikes out swinging.,96.8,96.8,-0.38,-0.38,1.49,1.49,2404.0,2404.0,202.0,202.0,7.3,7.3,-1.99,-1.99,5.69,5.69,cube15_cluster1,11,1.3397466568815248,FF,95.07044777791452,10.01799709211646,12.914228470751997,cube14_cluster0;cube5_cluster0,2
2025-09-15,680730,680730,686948,WSH,ATL,2,1,1,1,FF,FF,L,L,B,,92.1,92.1,0.32,-0.32,1.63,1.63,2127.0,2127.0,159.0,201.0,7.1,7.1,1.8,-1.8,6.23,6.23,cube4_cluster0,983,1.9551074830360198,FF,92.73799323851703,11.87678282989603,11.880818729937886,cube13_cluster0;cube4_cluster0,2
2025-09-15,608650,608650,672820,CWS,BAL,8,2,0,2,FC,FC,L,L,B,,87.4,87.4,-0.33,0.33,0.3,0.3,2190.0,2190.0,185.0,175.0,6.5,6.5,1.84,-1.84,6.23,6.23,cube33_cluster0,169,0.9827499588016402,FC,88.23401695598267,-3.1239005241649638,6.236802891040705,cube33_cluster0,1
2025-09-15,592791,592791,669261,PIT,CHC,2,2,0,1,CU,CU,R,R,S,,82.1,82.1,0.6,0.6,-0.53,-0.53,2615.0,2615.0,43.0,43.0,6.8,6.8,-1.18,-1.18,6.26,6.26,cube65_cluster0,52,1.3134620434365347,CU,80.5172691598637,-7.955497641633661,-5.720742174043808,cube66_cluster0,1
2025-09-15,641302,641302,669236,CWS,BAL,6,2,2,2,FF,FF,L,L,X,Jeremiah Jackson flies out to right fielder Mike Tauchman.,92.0,92.0,0.89,-0.89,1.4,1.4,2441.0,2441.0,142.0,218.0,6.4,6.4,2.02,-2.02,5.53,5.53,cube5_cluster0,516,1.0023427408194272,FF,94.26601183041208,12.58960465467938,11.873748452415477,cube13_cluster0;cube14_cluster0;cube4_cluster0;cube5_cluster0,4
2025-09-15,680573,680573,502671,MIN,NYY,2,1,1,0,FS,FS,R,R,X,Paul Goldschmidt singles on a line drive to left fielder Austin Martin.,85.9,85.9,-0.7,-0.7,0.79,0.79,949.0,949.0,225.0,225.0,6.8,6.8,-1.48,-1.48,6.37,6.37,cube13_cluster1,3,1.6262518819593341,FS,84.2318346010472,7.0387863377694,1.0515447129672841,cube3_cluster0,1
2025-09-15,664747,664747,656180,WSH,ATL,9,2,0,0,SL,SL,R,R,S,,86.6,86.6,0.32,0.32,0.36,0.36,2547.0,2547.0,129.0,129.0,7.6,7.6,-2.32,-2.32,5.21,5.21,cube44_cluster0,35,1.9827833726307966,SL,87.43039514356485,-4.560198707426779,3.7204129901025347,,0
2025-09-15,680755,680755,691406,TB,TOR,11,1,2,2,FF,FF,R,R,S,Junior Caminero strikes out swinging.,95.2,95.2,-0.22,-0.22,1.45,1.45,2267.0,2267.0,199.0,199.0,5.6,5.6,0.73,0.73,6.65,6.65,cube22_cluster0,44,3.462039454577099,FC,88.82845332305666,-1.3474977477043035,9.056608779489569,,0
2025-09-15,624133,624133,571970,LAD,PHI,2,2,1,1,SL,SL,L,L,S,,81.9,81.9,-0.56,0.56,0.47,0.47,2217.0,2217.0,258.0,102.0,6.3,6.3,2.25,-2.25,5.49,5.49,cube52_cluster0,25,1.2227861450344018,SL,87.17795916965139,-4.451177468094217,2.170340230630463,cube51_cluster0,1
2025-09-15,701519,701519,641355,MIN,NYY,8,2,1,2,CH,CH,R,R,B,,88.0,88.0,-1.2,-1.2,0.18,0.18,1866.0,1866.0,237.0,237.0,6.2,6.2,-1.02,-1.02,5.55,5.55,cube12_cluster0,316,1.5974575997742622,CH,89.01009096911115,10.260232782391817,9.292479855944606,cube12_cluster0;cube13_cluster0,2
2025-09-15,686218,686218,681082,LAD,PHI,2,2,3,0,FF,FF,R,R,S,,93.1,93.1,-0.83,-0.83,1.46,1.46,2392.0,2392.0,212.0,212.0,6.6,6.6,-1.18,-1.18,5.38,5.38,cube4_cluster0,983,1.6760026783790396,FF,92.73799323851703,11.87678282989603,11.880818729937886,cube13_cluster0;cube14_cluster0;cube4_cluster0;cube5_cluster0,4
2025-09-15,687377,687377,542303,WSH,ATL,9,2,1,1,CH,CH,R,R,S,,86.0,86.0,-0.38,-0.38,1.23,1.23,1995.0,1995.0,223.0,223.0,6.6,6.6,-1.97,-1.97,6.38,6.38,cube3_cluster0,268,1.5133039622863742,CH,89.73428321085365,11.536857891248982,10.613841731058852,cube12_cluster0;cube13_cluster0,2
2025-09-15,829272,829272,645277,WSH,ATL,7,1,0,0,FF,FF,L,L,S,,93.3,93.3,0.57,-0.57,1.4,1.4,2221.0,2221.0,144.0,216.0,6.3,6.3,1.6,-1.6,5.6,5.6,cube4_cluster0,983,1.053610758015561,FF,92.73799323851703,11.87678282989603,11.880818729937886,cube13_cluster0;cube4_cluster0,2
2025-09-15,669920,669920,666969,HOU,TEX,2,1,2,1,CH,CH,R,R,S,,80.4,80.4,-1.4,-1.4,0.27,0.27,1689.0,1689.0,265.0,265.0,6.5,6.5,-1.49,-1.49,5.69,5.69,cube23_cluster1,15,1.759542796248227,CH,87.14244152758266,13.779793742871872,-2.1495322200021145,cube12_cluster0;cube13_cluster0,2
2025-09-15,607074,607074,670242,MIN,NYY,2,1,2,2,FF,FF,L,L,B,,93.8,93.8,1.01,-1.01,1.29,1.29,2308.0,2308.0,142.0,218.0,6.1,6.1,2.16,-2.16,6.44,6.44,cube4_cluster0,983,1.5175305376647035,FF,92.73799323851703,11.87678282989603,11.880818729937886,cube3_cluster0;cube4_cluster0,2
2025-09-15,647336,647336,694377,PIT,CHC,7,2,1,2,SV,SV,R,R,X,"Nick Yorke grounds into a force out, third baseman Matt Shaw to second baseman Nico Hoerner. Joey Bart out at 2nd.",81.4,81.4,1.18,1.18,-0.76,-0.76,3058.0,3058.0,52.0,52.0,6.2,6.2,-2.53,-2.53,5.84,5.84,cube78_cluster1,5,0.886437170309964,CU,80.64152300890618,-18.302848826753866,-5.60128168299082,cube73_cluster0;cube74_cluster0;cube78_cluster0;cube78_cluster1,4
2025-09-15,671212,671212,623168,TB,TOR,3,0,0,1,FS,FS,R,R,B,,93.4,93.4,-1.24,-1.24,0.12,0.12,2099.0,2099.0,231.0,231.0,6.5,6.5,-1.14,-1.14,5.78,5.78,cube13_cluster0,1173,1.5759164819268858,FF,91.32597348809763,10.933560927718538,9.887490835989844,cube13_cluster0,1
2025-09-15,668678,668678,805811,AZ,SF,2,1,2,2,CH,CH,R,R,B,,84.9,84.9,-1.05,-1.05,0.25,0.25,1618.0,1618.0,229.0,229.0,6.5,6.5,-3.27,-3.27,5.84,5.84,cube24_cluster1,4,2.236047966860693,CH,87.80202822087334,14.29789321005082,-3.691264304536044,cube13_cluster0,1
2025-09-15,678906,678906,545121,AZ,SF,2,0,0,1,FF,FF,R,R,X,"Ildemaro Vargas grounds out, second baseman Casey Schmitt to first baseman Rafael Devers.",93.0,93.0,-0.64,-0.64,0.93,0.93,2532.0,2532.0,243.0,243.0,6.3,6.3,-2.31,-2.31,5.36,5.36,cube14_cluster0,644,1.1646635585980536,FF,92.67733037261901,12.017251018938115,9.608444861229,cube14_cluster0,1
2025-09-15,675911,675911,686611,WSH,ATL,2,2,0,0,FF,FF,R,R,S,,96.6,96.6,-0.74,-0.74,1.59,1.59,2334.0,2334.0,212.0,212.0,7.1,7.1,-1.72,-1.72,5.92,5.92,cube5_cluster0,516,1.6617499947682175,FF,94.26601183041208,12.58960465467938,11.873748452415477,cube4_cluster0;cube5_cluster0,2
2025-09-15,608650,608650,672820,CWS,BAL,8,2,0,1,CH,CH,L,L,S,,85.5,85.5,1.21,-1.21,0.52,0.52,1239.0,1239.0,119.0,241.0,6.2,6.2,2.01,-2.01,6.29,6.29,cube3_cluster0,268,1.923994862891896,CH,89.73428321085365,11.536857891248982,10.613841731058852,cube3_cluster0,1
2025-09-15,680573,680573,502671,MIN,NYY,2,1,0,0,SL,SL,R,R,B,,85.3,85.3,0.26,0.26,0.59,0.59,2211.0,2211.0,183.0,183.0,6.7,6.7,-1.49,-1.49,6.32,6.32,cube32_cluster0,41,1.1955027047553701,SL,87.45742516293836,-3.2707771382581203,5.520714440411837,cube22_cluster0;cube23_cluster0;cube32_cluster0;cube33_cluster0,4
2025-09-15,680755,680755,691406,TB,TOR,11,1,2,1,SL,SL,R,R,S,,87.1,87.1,0.29,0.29,0.22,0.22,2421.0,2421.0,122.0,122.0,5.5,5.5,0.72,0.72,6.65,6.65,cube42_cluster1,3,2.8002133707508725,FC,87.63142706302794,-5.957348927875244,5.6153508771929825,,0
2025-09-15,669920,669920,666969,HOU,TEX,2,1,1,1,FF,FF,R,R,B,,91.9,91.9,-0.9,-0.9,1.27,1.27,2246.0,2246.0,235.0,235.0,6.4,6.4,-1.38,-1.38,5.91,5.91,cube4_cluster0,983,0.9011432412573014,FF,92.73799323851703,11.87678282989603,11.880818729937886,cube13_cluster0;cube4_cluster0,2
2025-09-15,641793,641793,575929,STL,CIN,2,0,2,2,FF,FF,R,R,X,Willson Contreras doubles (31) on a sharp line drive to left fielder Austin Hays.,91.7,91.7,-0.43,-0.43,1.61,1.61,2090.0,2090.0,208.0,208.0,6.2,6.2,-0.41,-0.41,6.3,6.3,cube22_cluster0,44,2.037738850805322,FC,88.82845332305666,-1.3474977477043035,9.056608779489569,cube12_cluster0;cube3_cluster0,2
2025-09-15,607074,607074,670242,MIN,NYY,2,1,2,1,FF,FF,L,L,S,,94.1,94.1,1.18,-1.18,1.4,1.4,2345.0,2345.0,145.0,215.0,6.2,6.2,2.09,-2.09,6.41,6.41,cube4_cluster0,983,1.4979662402767446,FF,92.73799323851703,11.87678282989603,11.880818729937886,cube4_cluster0,1
2025-09-15,829272,829272,660670,WSH,ATL,7,0,3,2,CH,CH,L,L,S,Ronald Acuña Jr. strikes out swinging.,83.8,83.8,1.35,-1.35,0.6,0.6,1582.0,1582.0,124.0,236.0,6.2,6.2,1.76,-1.76,5.61,5.61,cube12_cluster0,316,1.5576333310000516,CH,89.01009096911115,10.260232782391817,9.292479855944606,cube12_cluster0;cube13_cluster0;cube3_cluster0;cube4_cluster0,4
2025-09-15,693312,693312,691718,PIT,CHC,8,0,1,0,FF,FF,R,R,S,,99.7,99.7,-0.6,-0.6,1.5,1.5,2421.0,2421.0,214.0,214.0,7.1,7.1,-1.15,-1.15,6.02,6.02,cube4_cluster0,983,2.117565589279487,FF,92.73799323851703,11.87678282989603,11.880818729937886,cube4_cluster0;cube5_cluster0,2
2025-09-15,596133,596133,668885,MIN,NYY,7,1,0,2,CH,CH,R,R,B,,90.3,90.3,-1.13,-1.13,0.72,0.72,2097.0,2097.0,224.0,224.0,6.2,6.2,-1.54,-1.54,5.43,5.43,cube13_cluster0,1173,0.9905952714256947,FF,91.32597348809763,10.933560927718538,9.887490835989844,cube13_cluster0;cube4_cluster0,2
2025-09-15,680694,680694,643217,CWS,BAL,1,2,1,0,FF,FF,R,R,S,,93.6,93.6,-0.05,-0.05,1.42,1.42,2281.0,2281.0,192.0,192.0,6.4,6.4,-1.05,-1.05,6.57,6.57,cube22_cluster0,44,1.56947076566661,FC,88.82845332305666,-1.3474977477043035,9.056608779489569,cube12_cluster0;cube13_cluster0,2
2025-09-15,678906,678906,545121,AZ,SF,2,0,0,0,ST,ST,R,R,S,,84.0,84.0,1.02,1.02,0.02,0.02,2686.0,2686.0,58.0,58.0,6.2,6.2,-2.44,-2.44,5.41,5.41,cube67_cluster0,152,0.6350736467191057,ST,83.21108910576972,-12.188986866329156,0.17080679660382098,cube66_cluster0;cube67_cluster0,2
2025-09-15,647336,647336,694377,PIT,CHC,7,2,1,1,FF,FF,R,R,S,,95.3,95.3,-0.54,-0.54,1.33,1.33,2620.0,2620.0,220.0,220.0,6.4,6.4,-2.56,-2.56,5.66,5.66,cube5_cluster0,516,1.4084433659141968,FF,94.26601183041208,12.58960465467938,11.873748452415477,cube14_cluster0,1
2025-09-15,669461,669461,663647,STL,CIN,3,0,0,1,CH,CH,L,L,B,,87.9,87.9,1.39,-1.39,0.75,0.75,1864.0,1864.0,133.0,227.0,6.0,6.0,0.88,-0.88,6.42,6.42,cube3_cluster0,268,1.2179671295090642,CH,89.73428321085365,11.536857891248982,10.613841731058852,cube3_cluster0,1
2025-09-15,678024,678024,691723,CWS,BAL,8,0,1,1,ST,ST,R,R,B,,79.6,79.6,1.56,1.56,-0.07,-0.07,2471.0,2471.0,55.0,55.0,5.9,5.9,-1.6,-1.6,5.94,5.94,cube65_cluster1,5,1.1639395539644726,ST,79.83113104371454,-13.87824519299928,1.6911752817070245,cube65_cluster0;cube66_cluster0;cube72_cluster0;cube73_cluster0,4
2025-09-15,675911,675911,657557,WSH,ATL,2,1,2,2,FF,FF,R,R,S,Paul DeJong strikes out on a foul tip.,97.4,97.4,-0.68,-0.68,1.46,1.46,2284.0,2284.0,210.0,210.0,7.0,7.0,-1.63,-1.63,5.87,5.87,cube4_cluster0,983,1.5317607340512929,FF,92.73799323851703,11.87678282989603,11.880818729937886,cube4_cluster0;cube5_cluster0,2
2025-09-15,664192,664192,682998,AZ,SF,6,2,3,2,SI,SI,L,L,X,Corbin Carroll lines out to left fielder Heliot Ramos.,93.7,93.7,0.98,-0.98,0.94,0.94,2280.0,2280.0,143.0,217.0,6.4,6.4,2.45,-2.45,5.53,5.53,cube14_cluster0,644,0.5781993758291093,FF,92.67733037261901,12.017251018938115,9.608444861229,cube13_cluster0;cube14_cluster0;cube4_cluster0;cube5_cluster0,4
2025-09-15,671212,671212,623168,TB,TOR,3,0,0,0,SL,SL,R,R,S,,92.7,92.7,0.32,0.32,0.51,0.51,2549.0,2549.0,200.0,200.0,6.3,6.3,-1.14,-1.14,5.76,5.76,cube22_cluster0,44,1.26695238513097,FC,88.82845332305666,-1.3474977477043035,9.056608779489569,cube23_cluster0,1
2025-09-15,624133,624133,571970,LAD,PHI,2,2,0,1,SI,SI,L,L,B,,90.7,90.7,1.39,-1.39,0.26,0.26,1932.0,1932.0,136.0,224.0,6.2,6.2,2.16,-2.16,5.6,5.6,cube13_cluster0,1173,1.2258289744488098,FF,91.32597348809763,10.933560927718538,9.887490835989844,cube13_cluster0;cube4_cluster0,2
2025-09-15,688497,688497,669477,AZ,SF,8,0,2,1,SL,SL,R,R,S,,82.4,82.4,0.33,0.33,0.19,0.19,2202.0,2202.0,122.0,122.0,6.6,6.6,-0.4,-0.4,6.31,6.31,cube50_cluster0,16,1.5322025106346273,SL,84.90007193384722,-3.20169019761113,0.4617852580480657,,0
2025-09-15,676775,676775,664983,AZ,SF,8,2,0,0,FF,FF,R,R,S,,96.3,96.3,-0.62,-0.62,1.23,1.23,2216.0,2216.0,224.0,224.0,6.1,6.1,-1.48,-1.48,6.17,6.17,cube4_cluster0,983,1.2134625130932988,FF,92.73799323851703,11.87678282989603,11.880818729937886,cube12_cluster0;cube13_cluster0;cube3_cluster0;cube4_cluster0,4
2025-09-15,686218,686218,681082,LAD,PHI,2,2,2,0,SL,SL,R,R,B,,85.5,85.5,0.19,0.19,0.19,0.19,2423.0,2423.0,206.0,206.0,6.7,6.7,-1.25,-1.25,5.23,5.23,cube34_cluster0,80,1.7881456847512058,FC,89.12332099959275,-2.9379632103369024,6.342505511607449,cube33_cluster0;cube34_cluster0,2
2025-09-15,701519,701519,641355,MIN,NYY,8,2,1,1,FF,FF,R,R,S,,95.9,95.9,-0.59,-0.59,1.36,1.36,2321.0,2321.0,212.0,212.0,6.6,6.6,-0.62,-0.62,6.02,6.02,cube4_cluster0,983,1.9730227917713294,FF,92.73799323851703,11.87678282989603,11.880818729937886,cube13_cluster0;cube4_cluster0,2
2025-09-15,668678,668678,805811,AZ,SF,2,1,1,2,CH,CH,R,R,B,,85.4,85.4,-0.84,-0.84,0.37,0.37,1525.0,1525.0,226.0,226.0,6.4,6.4,-3.33,-3.33,5.83,5.83,cube24_cluster1,4,2.403227329178648,CH,87.80202822087334,14.29789321005082,-3.691264304536044,cube13_cluster0,1
2025-09-15,702056,702056,666139,TB,TOR,1,1,2,1,FF,FF,R,R,X,"Josh Lowe grounds out, shortstop Andrés Giménez to first baseman Vladimir Guerrero Jr. Yandy Díaz to 3rd. Junior Caminero to 2nd.",94.0,94.0,-0.32,-0.32,1.66,1.66,2252.0,2252.0,197.0,197.0,6.3,6.3,-0.24,-0.24,7.05,7.05,cube42_cluster1,3,2.7541828432106734,FC,87.63142706302794,-5.957348927875244,5.6153508771929825,cube12_cluster0;cube3_cluster0,2
2025-09-15,687377,687377,542303,WSH,ATL,9,2,0,1,SI,SI,R,R,B,,95.2,95.2,-1.16,-1.16,0.85,0.85,2363.0,2363.0,211.0,211.0,6.5,6.5,-1.86,-1.86,6.48,6.48,cube4_cluster0,983,1.4441930651273833,FF,92.73799323851703,11.87678282989603,11.880818729937886,cube13_cluster0;cube4_cluster0,2
2025-09-15,681517,681517,609280,STL,CIN,9,0,2,2,SL,SL,R,R,B,,93.5,93.5,0.5,0.5,0.36,0.36,2392.0,2392.0,178.0,178.0,7.1,7.1,-2.17,-2.17,5.55,5.55,cube34_cluster0,80,1.1456454406248369,FC,89.12332099959275,-2.9379632103369024,6.342505511607449,cube34_cluster0,1
2025-09-15,664747,664747,686611,WSH,ATL,9,2,3,0,FF,FF,R,R,B,Dylan Crews walks. Daylen Lile to 2nd.,91.3,91.3,-0.95,-0.95,1.19,1.19,2570.0,2570.0,227.0,227.0,7.9,7.9,-2.27,-2.27,4.97,4.97,cube15_cluster1,11,1.376258581439343,FF,95.07044777791452,10.01799709211646,12.914228470751997,,0
2025-09-15,680732,680732,694212,CWS,BAL,3,1,0,2,FF,FF,R,R,B,,99.3,99.3,-0.47,-0.47,1.46,1.46,2735.0,2735.0,202.0,202.0,7.1,7.1,-2.17,-2.17,6.24,6.24,cube5_cluster0,516,2.346215029328231,FF,94.26601183041208,12.58960465467938,11.873748452415477,cube14_cluster0,1
2025-09-15,680730,680730,686948,WSH,ATL,2,1,0,1,CU,CU,L,L,B,,78.0,78.0,-0.17,0.17,-0.84,-0.84,2347.0,2347.0,332.0,28.0,6.7,6.7,1.56,-1.56,6.28,6.28,cube65_cluster2,4,0.898344006632084,CU,77.46691308243727,-3.8291129032258064,-11.446518817204302,cube65_cluster0;cube66_cluster0,2
2025-09-15,661395,661395,605141,LAD,PHI,9,2,2,2,FS,FS,R,R,X,Mookie Betts flies out to center fielder Harrison Bader.,99.1,99.1,-1.19,-1.19,0.25,0.25,1702.0,1702.0,238.0,238.0,6.2,6.2,-2.27,-2.27,5.89,5.89,cube13_cluster0,1173,1.7281166528012344,FF,91.32597348809763,10.933560927718538,9.887490835989844,cube4_cluster0,1
2025-09-15,683004,683004,605170,HOU,TEX,1,2,0,0,CU,CU,R,R,B,,81.1,81.1,0.3,0.3,-0.98,-0.98,2646.0,2646.0,32.0,32.0,6.3,6.3,-1.18,-1.18,5.92,5.92,cube72_cluster0,77,1.0053035116132787,CU,78.89146033796635,-9.531561177600954,-10.534460563196083,cube66_cluster0;cube73_cluster0,2
2025-09-15,676742,676742,621020,PIT,CHC,6,1,1,0,FF,FF,R,R,S,,94.9,94.9,-0.39,-0.39,1.41,1.41,2452.0,2452.0,213.0,213.0,6.5,6.5,-3.05,-3.05,5.95,5.95,cube6_cluster3,4,1.7255073371858807,FF,96.83250199133,9.898196859286852,14.591325902230212,cube13_cluster0;cube14_cluster0,2
2025-09-15,592791,592791,669261,PIT,CHC,2,2,0,0,FF,FF,R,R,S,,92.8,92.8,-0.56,-0.56,1.7,1.7,2326.0,2326.0,211.0,211.0,6.8,6.8,-1.11,-1.11,6.13,6.13,cube4_cluster0,983,1.832656446971991,FF,92.73799323851703,11.87678282989603,11.880818729937886,cube4_cluster0,1
2025-09-15,641302,641302,669236,CWS,BAL,6,2,2,1,CH,CH,L,L,S,,84.5,84.5,0.81,-0.81,0.27,0.27,1477.0,1477.0,123.0,237.0,6.4,6.4,2.17,-2.17,5.23,5.23,cube23_cluster1,15,1.3314097036594223,CH,87.14244152758266,13.779793742871872,-2.1495322200021145,cube13_cluster0,1
2025-09-15,677952,677952,691718,PIT,CHC,2,0,1,0,CH,CH,R,R,X,Pete Crow-Armstrong flies out to right fielder Bryan Reynolds.,92.8,92.8,-1.31,-1.31,0.63,0.63,2153.0,2153.0,231.0,231.0,6.5,6.5,-1.22,-1.22,6.15,6.15,cube3_cluster0,268,1.1701615143349375,CH,89.73428321085365,11.536857891248982,10.613841731058852,cube13_cluster0;cube4_cluster0,2
2025-09-15,680730,680730,686948,WSH,ATL,2,1,0,0,FF,FF,L,L,S,,92.5,92.5,0.59,-0.59,1.38,1.38,2116.0,2116.0,162.0,198.0,7.1,7.1,1.51,-1.51,6.21,6.21,cube4_cluster0,983,1.7541411377318785,FF,92.73799323851703,11.87678282989603,11.880818729937886,cube13_cluster0;cube4_cluster0,2
2025-09-15,702056,702056,666139,TB,TOR,1,1,1,1,SL,SL,R,R,B,,88.6,88.6,-0.26,-0.26,0.54,0.54,2195.0,2195.0,206.0,206.0,6.0,6.0,-0.59,-0.59,7.17,7.17,cube42_cluster1,3,2.163682706991042,FC,87.63142706302794,-5.957348927875244,5.6153508771929825,,0
2025-09-15,671212,671212,676391,TB,TOR,2,2,1,0,SL,SL,R,R,X,Ernie Clement pops out to second baseman Brandon Lowe.,91.7,91.7,0.29,0.29,0.2,0.2,2666.0,2666.0,151.0,151.0,6.4,6.4,-1.01,-1.01,5.83,5.83,cube43_cluster0,144,1.2474786895093941,SL,87.05264300971788,-4.004743073818654,3.6350863620861684,cube43_cluster0,1
2025-09-15,647336,647336,694377,PIT,CHC,7,2,1,0,FF,FF,R,R,S,,95.2,95.2,-0.87,-0.87,1.47,1.47,2699.0,2699.0,224.0,224.0,6.5,6.5,-2.63,-2.63,5.62,5.62,cube5_cluster0,516,1.5037472520142419,FF,94.26601183041208,12.58960465467938,11.873748452415477,cube14_cluster0;cube5_cluster0,2
2025-09-15,693312,693312,691718,PIT,CHC,8,0,0,0,CU,CU,R,R,B,,83.2,83.2,0.67,0.67,-0.95,-0.95,2581.0,2581.0,45.0,45.0,6.7,6.7,-1.37,-1.37,6.07,6.07,cube67_cluster2,6,1.015797413287128,CU,83.11739876493539,-8.352412707608828,-11.699528597119054,cube66_cluster0;cube73_cluster0,2
2025-09-15,607074,607074,670242,MIN,NYY,2,1,1,1,SL,SL,L,L,B,,89.1,89.1,-0.02,0.02,0.5,0.5,2657.0,2657.0,144.0,216.0,6.1,6.1,2.46,-2.46,6.2,6.2,cube23_cluster0,226,1.5027530049626632,FC,89.98051132303166,-0.8288022207088954,9.04754296913982,cube23_cluster0;cube33_cluster0,2
2025-09-15,680732,680732,694212,CWS,BAL,3,1,0,2,KC,KC,R,R,S,,84.0,84.0,-0.01,-0.01,-1.14,-1.14,2549.0,2549.0,24.0,24.0,7.3,7.3,-2.41,-2.41,6.16,6.16,cube67_cluster2,6,1.8127241130562228,CU,83.11739876493539,-8.352412707608828,-11.699528597119054,,0
2025-09-15,680694,680694,643217,CWS,BAL,1,2,0,0,SI,SI,R,R,B,,95.3,95.3,-0.58,-0.58,1.25,1.25,2174.0,2174.0,191.0,191.0,6.6,6.6,-0.98,-0.98,6.4,6.4,cube22_cluster0,44,1.7740148117773764,FC,88.82845332305666,-1.3474977477043035,9.056608779489569,cube12_cluster0;cube13_cluster0;cube3_cluster0;cube4_cluster0,4
2025-09-15,596133,596133,668885,MIN,NYY,7,1,0,1,FF,FF,R,R,S,,96.3,96.3,-0.65,-0.65,1.67,1.67,2471.0,2471.0,206.0,206.0,6.1,6.1,-1.42,-1.42,5.54,5.54,cube4_cluster0,983,1.814816693788981,FF,92.73799323851703,11.87678282989603,11.880818729937886,cube13_cluster0;cube4_cluster0,2
2025-09-15,677952,677952,691718,PIT,CHC,2,0,0,0,CU,CU,R,R,B,,84.7,84.7,0.54,0.54,-1.2,-1.2,2689.0,2689.0,38.0,38.0,6.0,6.0,-0.93,-0.93,6.47,6.47,cube77_cluster0,15,1.3114931114005637,CU,78.06982973839553,-10.373560444574672,-15.067035103894916,cube72_cluster0,1
2025-09-15,678024,678024,691723,CWS,BAL,8,0,1,0,SI,SI,R,R,S,,94.0,94.0,-1.19,-1.19,0.34,0.34,2235.0,2235.0,219.0,219.0,6.4,6.4,-1.65,-1.65,5.91,5.91,cube13_cluster0,1173,1.0177494881690579,FF,91.32597348809763,10.933560927718538,9.887490835989844,cube13_cluster0,1
2025-09-15,664192,664192,682998,AZ,SF,6,2,2,2,FF,FF,L,L,B,,92.8,92.8,0.55,-0.55,1.01,1.01,2330.0,2330.0,150.0,210.0,6.1,6.1,2.44,-2.44,5.74,5.74,cube13_cluster0,1173,1.2640920741180441,FF,91.32597348809763,10.933560927718538,9.887490835989844,cube13_cluster0,1
2025-09-15,675911,675911,657557,WSH,ATL,2,1,1,2,CU,CU,R,R,B,,79.3,79.3,0.73,0.73,-0.78,-0.78,2732.0,2732.0,57.0,57.0,7.3,7.3,-1.74,-1.74,5.83,5.83,cube67_cluster2,6,1.360214730110356,CU,83.11739876493539,-8.352412707608828,-11.699528597119054,cube73_cluster0,1
2025-09-15,687863,687863,694377,PIT,CHC,9,2,3,2,SL,SL,R,R,B,Nick Yorke walks.,87.3,87.3,0.67,0.67,0.55,0.55,2543.0,2543.0,80.0,80.0,7.4,7.4,-2.71,-2.71,5.6,5.6,cube52_cluster1,9,1.7493299900497348,SL,87.17033349644716,-3.7876297283127007,0.844764456834557,,0
2025-09-15,641302,641302,669236,CWS,BAL,6,2,1,1,FF,FF,L,L,B,,91.4,91.4,0.89,-0.89,1.24,1.24,2362.0,2362.0,141.0,219.0,6.4,6.4,2.01,-2.01,5.42,5.42,cube5_cluster0,516,0.8652076088276739,FF,94.26601183041208,12.58960465467938,11.873748452415477,cube13_cluster0;cube14_cluster0;cube4_cluster0;cube5_cluster0,4
2025-09-15,688497,688497,669477,AZ,SF,8,0,1,1,CU,CU,R,R,B,,74.5,74.5,0.06,0.06,-0.76,-0.76,2059.0,2059.0,11.0,11.0,6.8,6.8,0.02,0.02,6.39,6.39,cube65_cluster0,52,2.813810181903897,CU,80.5172691598637,-7.955497641633661,-5.720742174043808,,0
2025-09-15,676742,676742,621020,PIT,CHC,6,1,0,0,SL,SL,R,R,B,,85.5,85.5,0.26,0.26,0.11,0.11,2531.0,2531.0,111.0,111.0,6.2,6.2,-3.01,-3.01,6.21,6.21,cube52_cluster1,9,1.5687553492330866,SL,87.17033349644716,-3.7876297283127007,0.844764456834557,cube51_cluster0,1
2025-09-15,664747,664747,686611,WSH,ATL,9,2,2,0,FF,FF,R,R,B,,93.0,93.0,-0.94,-0.94,1.21,1.21,2543.0,2543.0,222.0,222.0,7.9,7.9,-2.13,-2.13,4.91,4.91,cube6_cluster0,11,1.3379689588401882,FF,94.93316427873066,12.825740892008225,12.6853773304967,,0
2025-09-15,678906,678906,677942,AZ,SF,1,2,2,2,ST,ST,R,R,S,Blaze Alexander strikes out swinging.,85.2,85.2,1.33,1.33,0.06,0.06,2722.0,2722.0,48.0,48.0,6.6,6.6,-2.13,-2.13,5.43,5.43,cube67_cluster0,152,0.8662482190702677,ST,83.21108910576972,-12.188986866329156,0.17080679660382098,cube67_cluster0;cube74_cluster0,2
2025-09-15,641793,641793,575929,STL,CIN,2,0,1,2,FS,FS,R,R,B,,84.2,84.2,-1.49,-1.49,-0.41,-0.41,1382.0,1382.0,239.0,239.0,6.2,6.2,-0.58,-0.58,6.15,6.15,cube12_cluster0,316,2.639352764126692,CH,89.01009096911115,10.260232782391817,9.292479855944606,,0
2025-09-15,680755,680755,691406,TB,TOR,11,1,1,1,CU,CU,R,R,B,,81.1,81.1,0.23,0.23,-1.44,-1.44,2496.0,2496.0,20.0,20.0,5.4,5.4,0.65,0.65,6.59,6.59,cube77_cluster0,15,3.2072761290019165,CU,78.06982973839553,-10.373560444574672,-15.067035103894916,,0
2025-09-15,669461,669461,663647,STL,CIN,3,0,0,0,FC,FC,L,L,S,,90.3,90.3,0.3,-0.3,1.34,1.34,2487.0,2487.0,151.0,209.0,6.3,6.3,0.64,-0.64,6.59,6.59,cube22_cluster0,44,1.7928349154449705,FC,88.82845332305666,-1.3474977477043035,9.056608779489569,cube12_cluster0,1
2025-09-15,608650,608650,672820,CWS,BAL,8,2,0,0,FF,FF,L,L,S,,95.0,95.0,0.45,-0.45,1.63,1.63,2259.0,2259.0,152.0,208.0,6.3,6.3,1.96,-1.96,6.28,6.28,cube4_cluster0,983,1.5340693081214054,FF,92.73799323851703,11.87678282989603,11.880818729937886,cube13_cluster0;cube4_cluster0,2
2025-09-15,687377,687377,542303,WSH,ATL,9,2,0,0,SI,SI,R,R,S,,96.8,96.8,-1.46,-1.46,0.95,0.95,2562.0,2562.0,210.0,210.0,6.6,6.6,-1.79,-1.79,6.56,6.56,cube4_cluster0,983,1.9382985887884092,FF,92.73799323851703,11.87678282989603,11.880818729937886,cube4_cluster0,1
2025-09-15,592791,592791,693304,PIT,CHC,2,1,0,1,FC,FC,R,R,X,Nick Gonzales flies out to right fielder Willi Castro.,86.8,86.8,0.55,0.55,0.49,0.49,2687.0,2687.0,153.0,153.0,6.6,6.6,-1.07,-1.07,6.18,6.18,cube42_cluster1,3,1.2388825149367786,FC,87.63142706302794,-5.957348927875244,5.6153508771929825,cube43_cluster0,1
2025-09-15,668678,668678,805811,AZ,SF,2,1,1,1,CH,CH,R,R,S,,85.3,85.3,-0.91,-0.91,0.37,0.37,1601.0,1601.0,228.0,228.0,6.4,6.4,-3.28,-3.28,5.84,5.84,cube24_cluster1,4,2.3062405248282927,CH,87.80202822087334,14.29789321005082,-3.691264304536044,cube13_cluster0,1
2025-09-15,676775,676775,543510,AZ,SF,8,1,3,2,FS,FS,R,R,X,"James McCann grounds out, third baseman Matt Chapman to first baseman Rafael Devers.",90.1,90.1,-1.51,-1.51,-0.02,-0.02,1656.0,1656.0,238.0,238.0,6.3,6.3,-1.46,-1.46,6.04,6.04,cube12_cluster0,316,1.5659170271571416,CH,89.01009096911115,10.260232782391817,9.292479855944606,cube12_cluster0;cube13_cluster0;cube3_cluster0;cube4_cluster0,4
2025-09-15,669920,669920,666969,HOU,TEX,2,1,0,1,FF,FF,R,R,B,,92.0,92.0,-0.9,-0.9,1.24,1.24,2258.0,2258.0,239.0,239.0,6.3,6.3,-1.38,-1.38,5.88,5.88,cube4_cluster0,983,0.9683259258780176,FF,92.73799323851703,11.87678282989603,11.880818729937886,cube13_cluster0;cube4_cluster0,2
2025-09-15,624133,624133,571970,LAD,PHI,2,2,0,0,SI,SI,L,L,S,,89.8,89.8,1.14,-1.14,0.32,0.32,1967.0,1967.0,145.0,215.0,6.1,6.1,2.2,-2.2,5.59,5.59,cube13_cluster0,1173,1.1695327107450804,FF,91.32597348809763,10.933560927718538,9.887490835989844,cube13_cluster0,1
2025-09-15,829272,829272,660670,WSH,ATL,7,0,3,2,FF,FF,L,L,S,,93.0,93.0,0.76,-0.76,1.49,1.49,2282.0,2282.0,141.0,219.0,6.3,6.3,1.56,-1.56,5.56,5.56,cube4_cluster0,983,1.1485270494061552,FF,92.73799323851703,11.87678282989603,11.880818729937886,cube4_cluster0,1
2025-09-15,680573,680573,665862,MIN,NYY,2,0,0,2,SL,SL,R,R,S,Jazz Chisholm Jr. strikes out swinging.,85.9,85.9,0.63,0.63,0.76,0.76,2198.0,2198.0,183.0,183.0,6.5,6.5,-1.49,-1.49,6.34,6.34,cube32_cluster0,41,1.0657246788295094,SL,87.45742516293836,-3.2707771382581203,5.520714440411837,cube22_cluster0;cube23_cluster0;cube32_cluster0;cube33_cluster0,4
2025-09-15,701519,701519,641355,MIN,NYY,8,2,0,1,FF,FF,R,R,B,,96.1,96.1,-0.52,-0.52,1.49,1.49,2375.0,2375.0,216.0,216.0,6.2,6.2,-0.89,-0.89,6.08,6.08,cube22_cluster0,44,1.7761199403327705,FC,88.82845332305666,-1.3474977477043035,9.056608779489569,cube12_cluster0;cube13_cluster0;cube3_cluster0;cube4_cluster0,4
2025-09-15,661395,661395,605141,LAD,PHI,9,2,1,2,KC,KC,R,R,B,,89.6,89.6,0.26,0.26,-0.83,-0.83,2596.0,2596.0,37.0,37.0,6.1,6.1,-2.28,-2.28,5.84,5.84,cube73_cluster0,327,1.5692311245701316,CU,80.47699441108988,-11.55224395022119,-8.074074661318553,cube66_cluster0,1
2025-09-15,686218,686218,681082,LAD,PHI,2,2,1,0,FF,FF,R,R,B,,94.7,94.7,-0.76,-0.76,1.48,1.48,2421.0,2421.0,211.0,211.0,6.7,6.7,-1.12,-1.12,5.4,5.4,cube4_cluster0,983,1.8116598197846128,FF,92.73799323851703,11.87678282989603,11.880818729937886,cube13_cluster0;cube14_cluster0;cube4_cluster0;cube5_cluster0,4
2025-09-15,681517,681517,609280,STL,CIN,9,0,2,1,SL,SL,R,R,S,,92.2,92.2,0.32,0.32,0.5,0.5,2211.0,2211.0,186.0,186.0,7.0,7.0,-2.17,-2.17,5.57,5.57,cube34_cluster0,80,1.024636141925776,FC,89.12332099959275,-2.9379632103369024,6.342505511607449,cube24_cluster0;cube34_cluster0,2
2025-09-15,683004,683004,676694,HOU,TEX,1,1,2,2,FF,FF,R,R,S,Jake Meyers called out on strikes.,97.1,97.1,-0.83,-0.83,1.43,1.43,2456.0,2456.0,214.0,214.0,6.7,6.7,-1.26,-1.26,5.66,5.66,cube4_cluster0,983,1.5634621595471903,FF,92.73799323851703,11.87678282989603,11.880818729937886,cube4_cluster0;cube5_cluster0,2
2025-09-15,647336,647336,694377,PIT,CHC,7,2,0,0,SV,SV,R,R,B,,82.9,82.9,0.94,0.94,-0.46,-0.46,2991.0,2991.0,55.0,55.0,6.1,6.1,-2.57,-2.57,5.79,5.79,cube78_cluster1,5,0.8904134707569151,CU,80.64152300890618,-18.302848826753866,-5.60128168299082,cube73_cluster0;cube74_cluster0,2
2025-09-15,680755,680755,691406,TB,TOR,11,1,1,0,SL,SL,R,R,S,,87.6,87.6,0.24,0.24,0.52,0.52,2361.0,2361.0,179.0,179.0,5.5,5.5,0.69,0.69,6.55,6.55,cube42_cluster1,3,2.7807793168576533,FC,87.63142706302794,-5.957348927875244,5.6153508771929825,,0
2025-09-15,683004,683004,676694,HOU,TEX,1,1,1,2,CU,CU,R,R,B,,84.4,84.4,0.02,0.02,-0.66,-0.66,2599.0,2599.0,19.0,19.0,6.6,6.6,-1.1,-1.1,5.92,5.92,cube65_cluster0,52,1.5341879777002017,CU,80.5172691598637,-7.955497641633661,-5.720742174043808,cube66_cluster0,1
2025-09-15,624133,624133,500743,LAD,PHI,2,2,0,2,FF,FF,L,L,X,Miguel Rojas singles on a ground ball to right fielder Max Kepler.,92.3,92.3,0.37,-0.37,0.92,0.92,1961.0,1961.0,137.0,223.0,6.2,6.2,2.4,-2.4,5.52,5.52,cube13_cluster0,1173,1.1788535596532383,FF,91.32597348809763,10.933560927718538,9.887490835989844,cube13_cluster0,1
2025-09-15,664192,664192,682998,AZ,SF,6,2,2,1,SI,SI,L,L,S,,93.2,93.2,1.21,-1.21,0.74,0.74,2359.0,2359.0,154.0,206.0,6.1,6.1,2.39,-2.39,5.75,5.75,cube13_cluster0,1173,1.2547704738680427,FF,91.32597348809763,10.933560927718538,9.887490835989844,cube13_cluster0;cube14_cluster0,2
2025-09-15,677952,677952,608348,PIT,CHC,2,0,0,1,SL,SL,R,R,X,Carson Kelly singles on a line drive to center fielder Jack Suwinski.,93.9,93.9,0.37,0.37,0.64,0.64,2647.0,2647.0,198.0,198.0,5.9,5.9,-0.98,-0.98,6.44,6.44,cube22_cluster0,44,1.432435032263671,FC,88.82845332305666,-1.3474977477043035,9.056608779489569,cube32_cluster0;cube33_cluster0,2
2025-09-15,688497,688497,669477,AZ,SF,8,0,0,1,CU,CU,R,R,B,,72.7,72.7,0.14,0.14,-0.83,-0.83,1929.0,1929.0,8.0,8.0,6.6,6.6,0.31,0.31,6.49,6.49,cube65_cluster0,52,3.201706152233244,CU,80.5172691598637,-7.955497641633661,-5.720742174043808,,0
2025-09-15,680732,680732,694212,CWS,BAL,3,1,0,2,FF,FF,R,R,S,,98.5,98.5,-0.31,-0.31,1.53,1.53,2743.0,2743.0,204.0,204.0,6.9,6.9,-2.31,-2.31,6.23,6.23,cube5_cluster0,516,2.3048257610714087,FF,94.26601183041208,12.58960465467938,11.873748452415477,cube14_cluster0,1
2025-09-15,668678,668678,805811,AZ,SF,2,1,0,1,CH,CH,R,R,B,,85.1,85.1,-0.82,-0.82,0.33,0.33,1478.0,1478.0,221.0,221.0,6.3,6.3,-3.26,-3.26,5.84,5.84,cube23_cluster1,15,2.4108665315225766,CH,87.14244152758266,13.779793742871872,-2.1495322200021145,cube13_cluster0,1
2025-09-15,669920,669920,666969,HOU,TEX,2,1,0,0,SI,SI,R,R,S,,91.0,91.0,-1.45,-1.45,0.09,0.09,2114.0,2114.0,252.0,252.0,6.4,6.4,-1.52,-1.52,5.57,5.57,cube23_cluster1,15,1.5267922069139945,CH,87.14244152758266,13.779793742871872,-2.1495322200021145,cube13_cluster0,1
2025-09-15,641793,641793,575929,STL,CIN,2,0,1,1,FF,FF,R,R,S,,91.2,91.2,-0.5,-0.5,1.52,1.52,2138.0,2138.0,209.0,209.0,6.2,6.2,-0.56,-0.56,6.24,6.24,cube22_cluster0,44,1.8136724690881016,FC,88.82845332305666,-1.3474977477043035,9.056608779489569,cube12_cluster0;cube3_cluster0,2
2025-09-15,607074,607074,670242,MIN,NYY,2,1,0,1,SI,SI,L,L,B,,91.3,91.3,1.48,-1.48,0.71,0.71,2138.0,2138.0,131.0,229.0,6.1,6.1,2.38,-2.38,6.33,6.33,cube13_cluster0,1173,1.5182128380695565,FF,91.32597348809763,10.933560927718538,9.887490835989844,cube13_cluster0;cube4_cluster0,2
2025-09-15,681517,681517,609280,STL,CIN,9,0,1,1,ST,ST,R,R,B,,87.0,87.0,1.15,1.15,0.59,0.59,2533.0,2533.0,89.0,89.0,6.9,6.9,-2.31,-2.31,5.64,5.64,cube59_cluster1,54,1.4317662255596828,SL,85.28451345513116,-6.463379179070062,0.3652873224190217,cube59_cluster1,1
2025-09-15,676775,676775,543510,AZ,SF,8,1,3,1,SI,SI,R,R,S,,95.4,95.4,-0.93,-0.93,0.44,0.44,2349.0,2349.0,219.0,219.0,6.2,6.2,-1.38,-1.38,6.11,6.11,cube4_cluster0,983,1.3552663708507449,FF,92.73799323851703,11.87678282989603,11.880818729937886,cube13_cluster0,1
2025-09-15,661395,661395,605141,LAD,PHI,9,2,0,2,FF,FF,R,R,B,,101.8,101.8,-1.23,-1.23,0.88,0.88,2041.0,2041.0,235.0,235.0,6.0,6.0,-2.33,-2.33,5.84,5.84,cube4_cluster0,983,1.586809213787931,FF,92.73799323851703,11.87678282989603,11.880818729937886,cube4_cluster0;cube5_cluster0,2
2025-09-15,592791,592791,693304,PIT,CHC,2,1,0,0,ST,ST,R,R,S,,80.9,80.9,1.19,1.19,-0.18,-0.18,2780.0,2780.0,58.0,58.0,6.7,6.7,-1.24,-1.24,6.19,6.19,cube65_cluster0,52,1.5600030036489716,CU,80.5172691598637,-7.955497641633661,-5.720742174043808,cube66_cluster0;cube73_cluster0,2
2025-09-15,608650,608650,691019,CWS,BAL,8,1,1,2,FF,FF,L,L,S,Kyle Teel strikes out swinging.,95.2,95.2,0.74,-0.74,1.41,1.41,2147.0,2147.0,155.0,205.0,6.5,6.5,1.79,-1.79,6.29,6.29,cube4_cluster0,983,1.2026101724890965,FF,92.73799323851703,11.87678282989603,11.880818729937886,cube4_cluster0,1
2025-09-15,686218,686218,681082,LAD,PHI,2,2,0,0,CU,CU,R,R,B,,75.4,75.4,1.09,1.09,-1.23,-1.23,2585.0,2585.0,38.0,38.0,6.4,6.4,-0.88,-0.88,5.57,5.57,cube78_cluster0,39,1.4481054084938307,CU,78.25681411814729,-11.338603080771456,-13.991335793358099,cube73_cluster0;cube78_cluster0,2
2025-09-15,675911,675911,657557,WSH,ATL,2,1,1,1,CU,CU,R,R,S,,77.3,77.3,1.12,1.12,-0.63,-0.63,2725.0,2725.0,59.0,59.0,6.9,6.9,-1.81,-1.81,5.91,5.91,cube73_cluster0,327,1.2426292876256502,CU,80.47699441108988,-11.55224395022119,-8.074074661318553,cube73_cluster0,1
2025-09-15,829272,829272,660670,WSH,ATL,7,0,3,1,CH,CH,L,L,S,,83.8,83.8,1.3,-1.3,0.79,0.79,1740.0,1740.0,131.0,229.0,6.2,6.2,1.55,-1.55,5.62,5.62,cube12_cluster0,316,1.2744140154296162,CH,89.01009096911115,10.260232782391817,9.292479855944606,cube12_cluster0;cube13_cluster0;cube3_cluster0;cube4_cluster0,4
2025-09-15,676742,676742,691718,PIT,CHC,6,1,1,1,FF,FF,R,R,X,Pete Crow-Armstrong homers (29) on a fly ball to right center field.,95.7,95.7,-0.51,-0.51,1.29,1.29,2507.0,2507.0,205.0,205.0,6.5,6.5,-3.09,-3.09,6.06,6.06,cube6_cluster3,4,1.8742061000450756,FF,96.83250199133,9.898196859286852,14.591325902230212,cube14_cluster0,1
2025-09-15,669461,669461,682829,STL,CIN,2,2,1,2,CU,CU,L,L,S,Elly De La Cruz called out on strikes.,79.8,79.8,-0.24,0.24,-1.43,-1.43,3058.0,3058.0,337.0,23.0,6.3,6.3,0.5,-0.5,6.68,6.68,cube77_cluster0,15,1.8331793900742797,CU,78.06982973839553,-10.373560444574672,-15.067035103894916,,0
2025-09-15,693312,693312,608348,PIT,CHC,7,2,2,2,FF,FF,R,R,X,Carson Kelly lines out to center fielder Jack Suwinski.,98.6,98.6,-0.48,-0.48,1.47,1.47,2382.0,2382.0,209.0,209.0,7.2,7.2,-1.04,-1.04,6.06,6.06,cube4_cluster0,983,2.2715799935902035,FF,92.73799323851703,11.87678282989603,11.880818729937886,cube13_cluster0;cube14_cluster0;cube4_cluster0;cube5_cluster0,4
2025-09-15,680730,680730,673490,WSH,ATL,2,0,0,0,FF,FF,L,L,X,"Ha-Seong Kim grounds out, third baseman Paul DeJong to first baseman Josh Bell.",90.6,90.6,0.38,-0.38,1.78,1.78,2118.0,2118.0,165.0,195.0,7.0,7.0,1.24,-1.24,6.43,6.43,cube4_cluster0,983,2.3067413129763374,FF,92.73799323851703,11.87678282989603,11.880818729937886,cube13_cluster0;cube4_cluster0,2
2025-09-15,687863,687863,694377,PIT,CHC,9,2,3,1,SL,SL,R,R,S,,87.4,87.4,0.36,0.36,0.75,0.75,2657.0,2657.0,96.0,96.0,7.2,7.2,-2.71,-2.71,5.61,5.61,cube52_cluster1,9,1.5812881868155324,SL,87.17033349644716,-3.7876297283127007,0.844764456834557,,0
2025-09-15,671212,671212,676391,TB,TOR,2,2,0,0,FF,FF,R,R,B,,98.4,98.4,-0.5,-0.5,1.21,1.21,2631.0,2631.0,213.0,213.0,6.2,6.2,-0.91,-0.91,5.86,5.86,cube22_cluster0,44,1.9507705283580568,FC,88.82845332305666,-1.3474977477043035,9.056608779489569,cube13_cluster0,1
2025-09-15,664747,664747,686611,WSH,ATL,9,2,1,0,FF,FF,R,R,B,,93.4,93.4,-0.91,-0.91,1.21,1.21,2614.0,2614.0,225.0,225.0,7.8,7.8,-2.26,-2.26,4.94,4.94,cube15_cluster1,11,1.2561328759197998,FF,95.07044777791452,10.01799709211646,12.914228470751997,,0
2025-09-15,680694,680694,678554,CWS,BAL,1,2,1,2,SI,SI,R,R,X,Curtis Mead singles on a line drive to right fielder Tyler O'Neill. Mike Tauchman scores. Colson Montgomery to 3rd.,95.4,95.4,-0.38,-0.38,1.29,1.29,2185.0,2185.0,193.0,193.0,6.4,6.4,-0.71,-0.71,6.58,6.58,cube22_cluster0,44,1.841171771709463,FC,88.82845332305666,-1.3474977477043035,9.056608779489569,cube12_cluster0,1
2025-09-15,702056,702056,666139,TB,TOR,1,1,1,0,FF,FF,R,R,S,,95.6,95.6,-0.38,-0.38,1.76,1.76,2338.0,2338.0,197.0,197.0,6.1,6.1,-0.28,-0.28,7.11,7.11,cube42_cluster1,3,2.9246926049691226,FC,87.63142706302794,-5.957348927875244,5.6153508771929825,cube12_cluster0;cube3_cluster0,2
2025-09-15,678906,678906,677942,AZ,SF,1,2,2,1,ST,ST,R,R,S,,85.4,85.4,0.83,0.83,-0.05,-0.05,2656.0,2656.0,54.0,54.0,6.5,6.5,-2.28,-2.28,5.43,5.43,cube67_cluster0,152,0.5539245115641536,ST,83.21108910576972,-12.188986866329156,0.17080679660382098,cube66_cluster0;cube67_cluster0,2
2025-09-15,678024,678024,691723,CWS,BAL,8,0,0,0,SI,SI,R,R,B,,93.6,93.6,-1.28,-1.28,0.31,0.31,2186.0,2186.0,207.0,207.0,6.0,6.0,-1.62,-1.62,5.83,5.83,cube13_cluster0,1173,1.3170558912932597,FF,91.32597348809763,10.933560927718538,9.887490835989844,cube13_cluster0,1
2025-09-15,687377,687377,686948,WSH,ATL,9,2,0,2,SL,SL,R,R,X,Drake Baldwin homers (16) on a fly ball to right field. Ozzie Albies scores.,88.1,88.1,0.31,0.31,0.27,0.27,2248.0,2248.0,196.0,196.0,6.7,6.7,-1.91,-1.91,6.48,6.48,cube32_cluster0,41,1.498501168616292,SL,87.45742516293836,-3.2707771382581203,5.520714440411837,cube23_cluster0;cube33_cluster0,2
2025-09-15,596133,596133,668885,MIN,NYY,7,1,0,0,FF,FF,R,R,S,,97.0,97.0,-0.46,-0.46,1.7,1.7,2528.0,2528.0,206.0,206.0,6.1,6.1,-1.42,-1.42,5.53,5.53,cube4_cluster0,983,1.991132488748244,FF,92.73799323851703,11.87678282989603,11.880818729937886,cube13_cluster0;cube4_cluster0,2
2025-09-15,680573,680573,665862,MIN,NYY,2,0,0,1,FF,FF,R,R,S,,91.0,91.0,-0.16,-0.16,1.44,1.44,2171.0,2171.0,205.0,205.0,6.5,6.5,-1.28,-1.28,6.5,6.5,cube22_cluster0,44,1.499800730972047,FC,88.82845332305666,-1.3474977477043035,9.056608779489569,cube12_cluster0;cube13_cluster0,2
2025-09-15,701519,701519,641355,MIN,NYY,8,2,0,0,CH,CH,R,R,S,,87.9,87.9,-1.29,-1.29,0.26,0.26,1750.0,1750.0,238.0,238.0,6.4,6.4,-1.16,-1.16,5.59,5.59,cube12_cluster0,316,1.5457027975050468,CH,89.01009096911115,10.260232782391817,9.292479855944606,cube13_cluster0;cube4_cluster0,2
2025-09-15,641302,641302,669236,CWS,BAL,6,2,0,1,CH,CH,L,L,B,,85.1,85.1,1.3,-1.3,0.26,0.26,1615.0,1615.0,120.0,240.0,6.5,6.5,2.16,-2.16,5.22,5.22,cube23_cluster1,15,1.15648994732359,CH,87.14244152758266,13.779793742871872,-2.1495322200021145,cube13_cluster0;cube4_cluster0,2
2025-09-15,829272,829272,660670,WSH,ATL,7,0,2,1,FF,FF,L,L,B,,92.8,92.8,0.78,-0.78,1.34,1.34,2333.0,2333.0,144.0,216.0,6.4,6.4,1.66,-1.66,5.55,5.55,cube4_cluster0,983,1.0338683990194677,FF,92.73799323851703,11.87678282989603,11.880818729937886,cube13_cluster0;cube14_cluster0;cube4_cluster0;cube5_cluster0,4
2025-09-15,680755,680755,691406,TB,TOR,11,1,0,0,SL,SL,R,R,B,,87.7,87.7,0.19,0.19,0.25,0.25,2347.0,2347.0,178.0,178.0,5.6,5.6,0.64,0.64,6.64,6.64,cube42_cluster1,3,2.6462943644475487,FC,87.63142706302794,-5.957348927875244,5.6153508771929825,,0
2025-09-15,687377,687377,686948,WSH,ATL,9,2,0,1,FF,FF,R,R,S,,96.7,96.7,-0.75,-0.75,1.5,1.5,2637.0,2637.0,212.0,212.0,6.5,6.5,-1.81,-1.81,6.51,6.51,cube4_cluster0,983,2.02956055316019,FF,92.73799323851703,11.87678282989603,11.880818729937886,cube13_cluster0;cube4_cluster0,2
2025-09-15,608650,608650,691019,CWS,BAL,8,1,1,1,FF,FF,L,L,S,,95.8,95.8,0.58,-0.58,1.46,1.46,2176.0,2176.0,150.0,210.0,6.4,6.4,1.86,-1.86,6.24,6.24,cube4_cluster0,983,1.220103683243452,FF,92.73799323851703,11.87678282989603,11.880818729937886,cube4_cluster0,1
2025-09-15,664747,664747,686611,WSH,ATL,9,2,0,0,SL,SL,R,R,B,,87.3,87.3,0.22,0.22,0.37,0.37,2804.0,2804.0,176.0,176.0,7.6,7.6,-2.32,-2.32,5.15,5.15,cube34_cluster0,80,2.203248862194166,FC,89.12332099959275,-2.9379632103369024,6.342505511607449,,0
2025-09-15,669461,669461,682829,STL,CIN,2,2,1,1,FF,FF,L,L,S,,95.7,95.7,0.27,-0.27,1.41,1.41,2180.0,2180.0,153.0,207.0,6.4,6.4,0.44,-0.44,6.61,6.61,cube22_cluster0,44,2.1380634114723627,FC,88.82845332305666,-1.3474977477043035,9.056608779489569,cube12_cluster0;cube3_cluster0,2
2025-09-15,607074,607074,670242,MIN,NYY,2,1,0,0,SI,SI,L,L,S,,90.9,90.9,1.49,-1.49,0.85,0.85,2251.0,2251.0,137.0,223.0,6.2,6.2,2.27,-2.27,6.34,6.34,cube4_cluster0,983,1.4141707816206914,FF,92.73799323851703,11.87678282989603,11.880818729937886,cube13_cluster0;cube4_cluster0,2
2025-09-15,592791,592791,457705,PIT,CHC,2,0,3,2,SI,SI,R,R,X,Andrew McCutchen flies out to center fielder Pete Crow-Armstrong.,94.5,94.5,-0.93,-0.93,1.29,1.29,2257.0,2257.0,204.0,204.0,6.8,6.8,-1.0,-1.0,6.07,6.07,cube4_cluster0,983,1.5732089620831111,FF,92.73799323851703,11.87678282989603,11.880818729937886,cube4_cluster0,1
2025-09-15,624133,624133,500743,LAD,PHI,2,2,0,1,CU,CU,L,L,S,,73.6,73.6,-1.16,1.16,-0.54,-0.54,2121.0,2121.0,307.0,53.0,6.2,6.2,2.08,-2.08,5.61,5.61,cube72_cluster1,4,0.6341239430803679,CU,73.14815617664787,-13.649330552782773,-9.00283815300432,cube66_cluster0;cube72_cluster1;cube73_cluster0,3
2025-09-15,678906,678906,677942,AZ,SF,1,2,2,0,ST,ST,R,R,S,,85.3,85.3,0.96,0.96,0.4,0.4,2765.0,2765.0,66.0,66.0,6.5,6.5,-2.38,-2.38,5.42,5.42,cube67_cluster0,152,0.7620717444420297,ST,83.21108910576972,-12.188986866329156,0.17080679660382098,cube59_cluster1;cube67_cluster0,2
2025-09-15,686218,686218,596146,LAD,PHI,2,1,3,2,FF,FF,R,R,S,Max Kepler strikes out swinging.,95.8,95.8,-1.04,-1.04,1.44,1.44,2466.0,2466.0,213.0,213.0,6.5,6.5,-1.12,-1.12,5.34,5.34,cube4_cluster0,983,1.829226578102229,FF,92.73799323851703,11.87678282989603,11.880818729937886,cube4_cluster0;cube5_cluster0,2
2025-09-15,687863,687863,694377,PIT,CHC,9,2,2,1,SL,SL,R,R,B,,87.8,87.8,0.68,0.68,0.5,0.5,2625.0,2625.0,112.0,112.0,7.4,7.4,-2.66,-2.66,5.52,5.52,cube52_cluster1,9,1.690204958456132,SL,87.17033349644716,-3.7876297283127007,0.844764456834557,,0
2025-09-15,681517,681517,609280,STL,CIN,9,0,0,1,FF,FF,R,R,B,,96.4,96.4,-0.28,-0.28,1.46,1.46,2286.0,2286.0,199.0,199.0,7.0,7.0,-2.12,-2.12,5.73,5.73,cube5_cluster0,516,1.534287332969046,FF,94.26601183041208,12.58960465467938,11.873748452415477,cube14_cluster0;cube5_cluster0,2
2025-09-15,680732,680732,694212,CWS,BAL,3,1,0,2,KC,KC,R,R,S,,83.4,83.4,0.33,0.33,-1.19,-1.19,2545.0,2545.0,25.0,25.0,7.1,7.1,-2.23,-2.23,6.18,6.18,cube67_cluster2,6,1.4067480998722477,CU,83.11739876493539,-8.352412707608828,-11.699528597119054,cube73_cluster0;cube74_cluster0,2
2025-09-15,676775,676775,543510,AZ,SF,8,1,2,1,FS,FS,R,R,B,,90.0,90.0,-1.49,-1.49,-0.04,-0.04,1629.0,1629.0,238.0,238.0,6.4,6.4,-1.4,-1.4,6.12,6.12,cube12_cluster0,316,1.6365586558392016,CH,89.01009096911115,10.260232782391817,9.292479855944606,cube12_cluster0;cube13_cluster0;cube3_cluster0;cube4_cluster0,4
2025-09-15,675911,675911,657557,WSH,ATL,2,1,0,1,SL,SL,R,R,B,,84.5,84.5,0.35,0.35,0.32,0.32,2299.0,2299.0,195.0,195.0,7.0,7.0,-1.95,-1.95,5.86,5.86,cube33_cluster0,169,1.3338040256837709,FC,88.23401695598267,-3.1239005241649638,6.236802891040705,cube33_cluster0;cube34_cluster0,2
2025-09-15,680573,680573,665862,MIN,NYY,2,0,0,0,FS,FS,R,R,S,,83.2,83.2,-0.5,-0.5,0.43,0.43,842.0,842.0,234.0,234.0,6.6,6.6,-1.46,-1.46,6.4,6.4,cube13_cluster1,3,1.5515651252658103,FS,84.2318346010472,7.0387863377694,1.0515447129672841,cube3_cluster0,1
2025-09-15,641302,641302,669236,CWS,BAL,6,2,0,0,CH,CH,L,L,S,,84.3,84.3,1.09,-1.09,0.26,0.26,1571.0,1571.0,123.0,237.0,6.3,6.3,2.2,-2.2,5.28,5.28,cube23_cluster1,15,1.0842018732130947,CH,87.14244152758266,13.779793742871872,-2.1495322200021145,cube13_cluster0,1
2025-09-15,680694,680694,678554,CWS,BAL,1,2,0,2,SL,SL,R,R,B,,86.6,86.6,0.74,0.74,0.19,0.19,2623.0,2623.0,50.0,50.0,6.6,6.6,-1.22,-1.22,6.28,6.28,cube57_cluster0,32,1.3733217937571356,SL,83.65118122149555,-5.010806328553835,-0.8552029953918647,cube58_cluster0;cube66_cluster0,2
2025-09-15,641793,641793,575929,STL,CIN,2,0,1,0,SI,SI,R,R,S,,91.0,91.0,-1.02,-1.02,1.23,1.23,2112.0,2112.0,210.0,210.0,6.2,6.2,-0.74,-0.74,6.14,6.14,cube3_cluster0,268,1.3219254161180942,CH,89.73428321085365,11.536857891248982,10.613841731058852,cube3_cluster0;cube4_cluster0,2
2025-09-15,677952,677952,608348,PIT,CHC,2,0,0,0,FF,FF,R,R,S,,97.6,97.6,-0.3,-0.3,1.38,1.38,2423.0,2423.0,211.0,211.0,6.3,6.3,-0.55,-0.55,6.5,6.5,cube22_cluster0,44,2.0516963881710555,FC,88.82845332305666,-1.3474977477043035,9.056608779489569,cube12_cluster0;cube13_cluster0;cube3_cluster0;cube4_cluster0,4
2025-09-15,676742,676742,691718,PIT,CHC,6,1,0,1,FF,FF,R,R,B,,96.5,96.5,-0.63,-0.63,1.21,1.21,2504.0,2504.0,208.0,208.0,6.1,6.1,-3.21,-3.21,6.02,6.02,cube5_cluster0,516,2.1703534422440214,FF,94.26601183041208,12.58960465467938,11.873748452415477,cube13_cluster0;cube14_cluster0,2
2025-09-15,669920,669920,669394,HOU,TEX,2,0,2,2,ST,ST,R,R,S,Jake Burger strikes out swinging.,79.2,79.2,1.56,1.56,-0.3,-0.3,2746.0,2746.0,59.0,59.0,6.4,6.4,-1.97,-1.97,5.46,5.46,cube74_cluster0,95,0.8633961939960123,ST,81.58280060620267,-13.628576142052651,-5.303629922931518,cube73_cluster0;cube74_cluster0,2
2025-09-15,664192,664192,682998,AZ,SF,6,2,1,1,SI,SI,L,L,B,,92.3,92.3,0.74,-0.74,0.78,0.78,2172.0,2172.0,153.0,207.0,6.1,6.1,2.57,-2.57,5.74,5.74,cube13_cluster0,1173,1.199224152285942,FF,91.32597348809763,10.933560927718538,9.887490835989844,cube13_cluster0,1
2025-09-15,678024,678024,687637,CWS,BAL,7,2,2,1,CH,CH,R,R,X,"Dylan Beavers grounds out, pitcher Mike Vasil to first baseman Lenyn Sosa.",86.3,86.3,-1.18,-1.18,0.47,0.47,1573.0,1573.0,239.0,239.0,6.6,6.6,-1.64,-1.64,5.93,5.93,cube3_cluster0,268,1.3851338201830552,CH,89.73428321085365,11.536857891248982,10.613841731058852,cube12_cluster0;cube13_cluster0;cube3_cluster0;cube4_cluster0,4
2025-09-15,687911,687911,666969,HOU,TEX,8,2,0,2,FF,FF,L,L,X,"Adolis García grounds out, shortstop Jeremy Peña to first baseman Christian Walker.",93.0,93.0,0.5,-0.5,1.12,1.12,2025.0,2025.0,143.0,217.0,6.5,6.5,2.69,-2.69,5.6,5.6,cube14_cluster0,644,1.0754542396360454,FF,92.67733037261901,12.017251018938115,9.608444861229,cube13_cluster0;cube14_cluster0;cube4_cluster0;cube5_cluster0,4
2025-09-15,683004,683004,676694,HOU,TEX,1,1,1,1,SL,SL,R,R,S,,83.6,83.6,0.32,0.32,-0.06,-0.06,2564.0,2564.0,25.0,25.0,6.5,6.5,-1.13,-1.13,5.93,5.93,cube65_cluster0,52,1.2761567751869811,CU,80.5172691598637,-7.955497641633661,-5.720742174043808,cube58_cluster0;cube66_cluster0,2
2025-09-15,668678,668678,805811,AZ,SF,2,1,0,0,FF,FF,R,R,S,,93.6,93.6,-0.24,-0.24,1.56,1.56,2350.0,2350.0,208.0,208.0,6.4,6.4,-3.04,-3.04,6.0,6.0,cube24_cluster0,111,1.9347658377758319,FC,90.39472309229976,-0.35116486760382487,8.906212304019572,cube13_cluster0;cube14_cluster0,2
2025-09-15,661395,661395,605141,LAD,PHI,9,2,0,1,FS,FS,R,R,S,,99.4,99.4,-1.2,-1.2,-0.05,-0.05,1854.0,1854.0,241.0,241.0,6.2,6.2,-2.25,-2.25,5.72,5.72,cube23_cluster1,15,1.718431866328475,CH,87.14244152758266,13.779793742871872,-2.1495322200021145,cube13_cluster0;cube4_cluster0,2
2025-09-15,693312,693312,608348,PIT,CHC,7,2,1,2,SL,SL,R,R,B,,91.7,91.7,0.38,0.38,-0.18,-0.18,2580.0,2580.0,134.0,134.0,7.2,7.2,-1.02,-1.02,5.99,5.99,cube51_cluster0,138,1.9428903881505553,SL,86.5599691183964,-4.203859573250014,1.5652746114364327,cube43_cluster0;cube44_cluster0;cube51_cluster0;cube52_cluster0,4
2025-09-15,702056,702056,666139,TB,TOR,1,1,0,0,FF,FF,R,R,B,,96.0,96.0,-0.13,-0.13,1.72,1.72,2366.0,2366.0,195.0,195.0,6.3,6.3,-0.37,-0.37,7.08,7.08,cube42_cluster1,3,2.709188982835883,FC,87.63142706302794,-5.957348927875244,5.6153508771929825,cube12_cluster0;cube3_cluster0,2
2025-09-15,671212,671212,662139,TB,TOR,2,1,3,2,SL,SL,R,R,S,Daulton Varsho called out on strikes.,91.9,91.9,0.42,0.42,0.2,0.2,2687.0,2687.0,142.0,142.0,6.3,6.3,-1.15,-1.15,5.85,5.85,cube43_cluster0,144,1.1700133961975467,SL,87.05264300971788,-4.004743073818654,3.6350863620861684,cube43_cluster0,1
2025-09-15,647336,647336,663698,PIT,CHC,7,2,3,2,FF,FF,R,R,B,Joey Bart walks. Andrew McCutchen to 2nd.,95.9,95.9,-0.58,-0.58,1.45,1.45,2644.0,2644.0,229.0,229.0,6.5,6.5,-2.65,-2.65,5.55,5.55,cube5_cluster0,516,1.5098274072606277,FF,94.26601183041208,12.58960465467938,11.873748452415477,cube14_cluster0;cube5_cluster0,2
2025-09-15,701519,701519,592450,MIN,NYY,8,2,3,0,FC,FC,R,R,B,Aaron Judge walks.,92.3,92.3,0.5,0.5,0.65,0.65,2538.0,2538.0,178.0,178.0,6.2,6.2,-2.6,-2.6,6.07,6.07,cube33_cluster0,169,1.368905915597879,FC,88.23401695598267,-3.1239005241649638,6.236802891040705,cube33_cluster0,1
2025-09-15,596133,596133,621439,MIN,NYY,7,1,3,2,CH,CH,R,R,B,Byron Buxton walks. Edouard Julien to 2nd.,88.9,88.9,-1.21,-1.21,0.39,0.39,2019.0,2019.0,221.0,221.0,6.2,6.2,-1.57,-1.57,5.51,5.51,cube13_cluster0,1173,1.1267916757286132,FF,91.32597348809763,10.933560927718538,9.887490835989844,cube13_cluster0,1
2025-09-15,680730,680730,645277,WSH,ATL,1,2,3,1,FF,FF,L,L,X,Ozzie Albies flies out to right fielder Dylan Crews.,92.8,92.8,0.8,-0.8,1.56,1.56,2298.0,2298.0,158.0,202.0,7.2,7.2,1.43,-1.43,6.23,6.23,cube4_cluster0,983,2.0039799598839414,FF,92.73799323851703,11.87678282989603,11.880818729937886,cube4_cluster0,1
2025-09-15,688497,688497,669477,AZ,SF,8,0,0,0,SL,SL,R,R,S,,84.0,84.0,0.29,0.29,0.51,0.51,2040.0,2040.0,152.0,152.0,6.5,6.5,-0.31,-0.31,6.44,6.44,cube42_cluster1,3,1.5932472021488049,FC,87.63142706302794,-5.957348927875244,5.6153508771929825,,0
2025-09-15,668933,668933,687363,STL,CIN,7,1,0,2,FC,FC,R,R,S,Victor Scott II strikes out on a foul tip.,94.8,94.8,0.46,0.46,0.62,0.62,2522.0,2522.0,189.0,189.0,5.5,5.5,-0.33,-0.33,6.47,6.47,cube42_cluster1,3,2.1411536538978893,FC,87.63142706302794,-5.957348927875244,5.6153508771929825,,0
2025-09-15,702056,702056,691406,TB,TOR,1,1,3,2,FS,FS,R,R,B,Junior Caminero walks.,85.2,85.2,-0.97,-0.97,0.45,0.45,1628.0,1628.0,218.0,218.0,6.1,6.1,-0.43,-0.43,7.17,7.17,cube3_cluster0,268,2.6842127589448306,CH,89.73428321085365,11.536857891248982,10.613841731058852,,0
2025-09-15,592791,592791,457705,PIT,CHC,2,0,3,2,SI,SI,R,R,S,,94.2,94.2,-0.92,-0.92,1.32,1.32,2263.0,2263.0,204.0,204.0,6.9,6.9,-1.06,-1.06,6.11,6.11,cube4_cluster0,983,1.6396393703064343,FF,92.73799323851703,11.87678282989603,11.880818729937886,cube4_cluster0,1
2025-09-15,680694,680694,678554,CWS,BAL,1,2,0,1,SL,SL,R,R,S,,86.5,86.5,0.79,0.79,0.01,0.01,2660.0,2660.0,38.0,38.0,6.5,6.5,-1.18,-1.18,6.39,6.39,cube65_cluster0,52,1.4603097663340157,CU,80.5172691598637,-7.955497641633661,-5.720742174043808,,0
2025-09-15,677952,677952,694208,PIT,CHC,1,2,2,2,FF,FF,R,R,S,Moisés Ballesteros strikes out on a foul tip.,98.4,98.4,-0.81,-0.81,1.4,1.4,2509.0,2509.0,217.0,217.0,6.5,6.5,-0.79,-0.79,6.25,6.25,cube4_cluster0,983,2.0879017560994773,FF,92.73799323851703,11.87678282989603,11.880818729937886,cube4_cluster0,1
2025-09-15,680573,680573,519317,MIN,NYY,1,2,2,2,SL,SL,R,R,S,Giancarlo Stanton called out on strikes.,85.4,85.4,0.41,0.41,0.09,0.09,2252.0,2252.0,151.0,151.0,6.6,6.6,-1.4,-1.4,6.31,6.31,cube42_cluster0,32,0.9498649397679602,SL,85.72870188950071,-3.7562483156713657,3.37869518789043,cube42_cluster0;cube43_cluster0,2
2025-09-15,624133,624133,500743,LAD,PHI,2,2,0,0,SI,SI,L,L,S,,90.7,90.7,0.89,-0.89,0.4,0.4,2015.0,2015.0,142.0,218.0,6.3,6.3,2.28,-2.28,5.48,5.48,cube14_cluster0,644,0.9759838474967386,FF,92.67733037261901,12.017251018938115,9.608444861229,cube13_cluster0;cube14_cluster0,2
2025-09-15,668933,668933,687363,STL,CIN,7,1,0,1,FC,FC,R,R,S,,95.6,95.6,-0.02,-0.02,0.99,0.99,2493.0,2493.0,202.0,202.0,5.4,5.4,-0.24,-0.24,6.42,6.42,cube22_cluster0,44,2.3383400138062984,FC,88.82845332305666,-1.3474977477043035,9.056608779489569,cube12_cluster0,1
2025-09-15,675911,675911,657557,WSH,ATL,2,1,0,0,FF,FF,R,R,S,,96.2,96.2,-1.1,-1.1,1.38,1.38,2340.0,2340.0,210.0,210.0,7.0,7.0,-1.68,-1.68,5.93,5.93,cube5_cluster0,516,1.426533398659202,FF,94.26601183041208,12.58960465467938,11.873748452415477,cube4_cluster0;cube5_cluster0,2
2025-09-15,668678,668678,656305,AZ,SF,2,0,1,2,FF,FF,R,R,X,Matt Chapman pops out to second baseman Ketel Marte.,92.5,92.5,-0.04,-0.04,1.5,1.5,2342.0,2342.0,203.0,203.0,6.3,6.3,-2.96,-2.96,6.12,6.12,cube23_cluster0,226,1.9310085434556445,FC,89.98051132303166,-0.8288022207088954,9.04754296913982,cube13_cluster0,1
2025-09-15,664747,664747,657557,WSH,ATL,9,1,1,2,FF,FF,R,R,S,Paul DeJong strikes out swinging.,95.6,95.6,-0.68,-0.68,1.22,1.22,2664.0,2664.0,223.0,223.0,7.8,7.8,-2.24,-2.24,4.95,4.95,cube15_cluster1,11,1.3037633851265882,FF,95.07044777791452,10.01799709211646,12.914228470751997,,0
2025-09-15,681517,681517,609280,STL,CIN,9,0,0,0,SI,SI,R,R,S,,96.4,96.4,-0.91,-0.91,1.29,1.29,2304.0,2304.0,206.0,206.0,7.2,7.2,-1.97,-1.97,5.67,5.67,cube15_cluster1,11,1.082207620387217,FF,95.07044777791452,10.01799709211646,12.914228470751997,cube5_cluster0,1
2025-09-15,678024,678024,687637,CWS,BAL,7,2,1,1,CU,CU,R,R,B,,81.9,81.9,0.67,0.67,-1.19,-1.19,2440.0,2440.0,31.0,31.0,6.6,6.6,-1.36,-1.36,6.03,6.03,cube67_cluster2,6,1.0298463678772,CU,83.11739876493539,-8.352412707608828,-11.699528597119054,cube73_cluster0,1
2025-09-15,656546,656546,663743,TB,TOR,9,2,2,2,SL,SL,R,R,S,Nick Fortes strikes out swinging.,86.7,86.7,0.17,0.17,0.32,0.32,2576.0,2576.0,37.0,37.0,6.4,6.4,-2.13,-2.13,5.84,5.84,cube58_cluster0,194,1.2306812117798112,SL,84.5104961347656,-6.359862250696315,0.3949475543105161,cube58_cluster0;cube59_cluster1,2
2025-09-15,680732,680732,694212,CWS,BAL,3,1,0,1,CH,CH,R,R,S,,87.3,87.3,-0.97,-0.97,0.67,0.67,1786.0,1786.0,233.0,233.0,7.2,7.2,-2.28,-2.28,6.03,6.03,cube13_cluster0,1173,1.892707132777314,FF,91.32597348809763,10.933560927718538,9.887490835989844,cube13_cluster0;cube4_cluster0,2
2025-09-15,680755,680755,664040,TB,TOR,11,0,2,2,FF,FF,R,R,S,Brandon Lowe strikes out swinging.,95.7,95.7,-0.36,-0.36,1.33,1.33,2310.0,2310.0,202.0,202.0,5.6,5.6,0.49,0.49,6.61,6.61,cube22_cluster0,44,3.1558146296734964,FC,88.82845332305666,-1.3474977477043035,9.056608779489569,,0
2025-09-15,678906,678906,677942,AZ,SF,1,2,1,0,ST,ST,R,R,B,,86.2,86.2,0.76,0.76,0.22,0.22,2747.0,2747.0,69.0,69.0,6.5,6.5,-2.22,-2.22,5.4,5.4,cube59_cluster1,54,0.7527285719838034,SL,85.28451345513116,-6.463379179070062,0.3652873224190217,cube59_cluster1;cube67_cluster0,2
2025-09-15,641793,641793,575929,STL,CIN,2,0,0,0,SL,SL,R,R,B,,86.4,86.4,0.15,0.15,0.72,0.72,2291.0,2291.0,195.0,195.0,6.1,6.1,-0.65,-0.65,6.3,6.3,cube22_cluster0,44,1.0726313469286997,FC,88.82845332305666,-1.3474977477043035,9.056608779489569,cube22_cluster0,1
2025-09-15,829272,829272,660670,WSH,ATL,7,0,2,0,CH,CH,L,L,S,,82.2,82.2,1.23,-1.23,0.6,0.6,1538.0,1538.0,126.0,234.0,6.2,6.2,1.78,-1.78,5.64,5.64,cube12_cluster0,316,1.607826584953698,CH,89.01009096911115,10.260232782391817,9.292479855944606,cube12_cluster0;cube13_cluster0;cube3_cluster0;cube4_cluster0,4
2025-09-15,676775,676775,543510,AZ,SF,8,1,1,1,FF,FF,R,R,B,,94.9,94.9,-0.72,-0.72,1.26,1.26,2235.0,2235.0,228.0,228.0,6.3,6.3,-1.46,-1.46,6.1,6.1,cube4_cluster0,983,0.9726757728049057,FF,92.73799323851703,11.87678282989603,11.880818729937886,cube13_cluster0;cube4_cluster0,2
2025-09-15,669461,669461,682829,STL,CIN,2,2,0,1,CH,CH,L,L,B,,89.3,89.3,1.44,-1.44,0.88,0.88,1705.0,1705.0,133.0,227.0,6.4,6.4,0.73,-0.73,6.44,6.44,cube3_cluster0,268,1.3895660694530394,CH,89.73428321085365,11.536857891248982,10.613841731058852,cube3_cluster0,1
2025-09-15,671212,671212,662139,TB,TOR,2,1,2,2,FF,FF,R,R,B,,99.3,99.3,-0.6,-0.6,1.33,1.33,2611.0,2611.0,220.0,220.0,6.3,6.3,-1.21,-1.21,5.82,5.82,cube4_cluster0,983,1.8021766431694635,FF,92.73799323851703,11.87678282989603,11.880818729937886,cube13_cluster0;cube14_cluster0;cube4_cluster0;cube5_cluster0,4
2025-09-15,664192,664192,682998,AZ,SF,6,2,1,0,SI,SI,L,L,S,,92.6,92.6,0.99,-0.99,0.74,0.74,2222.0,2222.0,148.0,212.0,6.2,6.2,2.31,-2.31,5.81,5.81,cube13_cluster0,1173,0.8302225362663149,FF,91.32597348809763,10.933560927718538,9.887490835989844,cube13_cluster0,1
2025-09-15,688497,688497,672275,AZ,SF,7,2,2,2,FF,FF,R,R,S,Patrick Bailey called out on strikes.,90.0,90.0,0.13,0.13,1.47,1.47,2191.0,2191.0,185.0,185.0,6.8,6.8,-0.05,-0.05,6.35,6.35,cube22_cluster0,44,2.5044941899532427,FC,88.82845332305666,-1.3474977477043035,9.056608779489569,,0
2025-09-15,701519,701519,592450,MIN,NYY,8,2,2,0,FC,FC,R,R,B,,91.5,91.5,0.52,0.52,0.56,0.56,2526.0,2526.0,171.0,171.0,6.5,6.5,-2.4,-2.4,6.12,6.12,cube33_cluster0,169,1.1309466735754532,FC,88.23401695598267,-3.1239005241649638,6.236802891040705,cube33_cluster0;cube34_cluster0,2
2025-09-15,681676,681676,682829,STL,CIN,8,1,3,2,CH,CH,R,R,B,Elly De La Cruz walks. Sal Stewart to 3rd. Tyler Stephenson to 2nd.,87.2,87.2,-1.23,-1.23,0.35,0.35,1424.0,1424.0,232.0,232.0,6.5,6.5,-1.85,-1.85,5.84,5.84,cube12_cluster0,316,1.651916875202966,CH,89.01009096911115,10.260232782391817,9.292479855944606,cube12_cluster0;cube13_cluster0;cube3_cluster0;cube4_cluster0,4
2025-09-15,608650,608650,691019,CWS,BAL,8,1,1,0,FF,FF,L,L,S,,95.0,95.0,0.48,-0.48,1.5,1.5,2256.0,2256.0,151.0,209.0,6.2,6.2,1.94,-1.94,6.26,6.26,cube4_cluster0,983,1.4192640901059272,FF,92.73799323851703,11.87678282989603,11.880818729937886,cube13_cluster0;cube4_cluster0,2
2025-09-15,669920,669920,669394,HOU,TEX,2,0,2,1,SI,SI,R,R,S,,90.7,90.7,-1.47,-1.47,0.15,0.15,2074.0,2074.0,251.0,251.0,6.3,6.3,-1.56,-1.56,5.52,5.52,cube23_cluster1,15,1.3923935241670058,CH,87.14244152758266,13.779793742871872,-2.1495322200021145,cube13_cluster0,1
2025-09-15,693312,693312,608348,PIT,CHC,7,2,1,2,FF,FF,R,R,S,,99.1,99.1,-0.59,-0.59,1.27,1.27,2472.0,2472.0,207.0,207.0,7.2,7.2,-0.96,-0.96,5.95,5.95,cube4_cluster0,983,2.2986147985646554,FF,92.73799323851703,11.87678282989603,11.880818729937886,cube13_cluster0;cube14_cluster0;cube4_cluster0;cube5_cluster0,4
2025-09-15,661395,661395,605141,LAD,PHI,9,2,0,0,FS,FS,R,R,S,,98.1,98.1,-1.17,-1.17,0.09,0.09,1797.0,1797.0,237.0,237.0,6.1,6.1,-2.26,-2.26,5.83,5.83,cube13_cluster0,1173,1.7174837483249337,FF,91.32597348809763,10.933560927718538,9.887490835989844,cube13_cluster0;cube4_cluster0,2
2025-09-15,687911,687911,666969,HOU,TEX,8,2,0,1,FF,FF,L,L,S,,92.1,92.1,0.27,-0.27,1.22,1.22,2191.0,2191.0,154.0,206.0,6.4,6.4,2.68,-2.68,5.59,5.59,cube24_cluster0,111,1.1090357116283822,FC,90.39472309229976,-0.35116486760382487,8.906212304019572,cube13_cluster0;cube14_cluster0,2
2025-09-15,683004,683004,676694,HOU,TEX,1,1,0,1,SL,SL,R,R,B,,88.2,88.2,0.38,0.38,0.32,0.32,2578.0,2578.0,139.0,139.0,6.6,6.6,-1.38,-1.38,5.7,5.7,cube43_cluster0,144,0.7892249513617404,SL,87.05264300971788,-4.004743073818654,3.6350863620861684,cube43_cluster0,1
2025-09-15,641302,641302,702616,CWS,BAL,6,2,3,2,CH,CH,L,L,X,Jackson Holliday doubles (21) on a line drive to right fielder Mike Tauchman.,83.9,83.9,1.15,-1.15,0.16,0.16,1462.0,1462.0,116.0,244.0,6.2,6.2,2.22,-2.22,5.31,5.31,cube23_cluster1,15,1.0647215971804218,CH,87.14244152758266,13.779793742871872,-2.1495322200021145,cube13_cluster0,1
2025-09-15,647336,647336,663698,PIT,CHC,7,2,3,1,FF,FF,R,R,S,,95.6,95.6,-0.58,-0.58,1.28,1.28,2686.0,2686.0,215.0,215.0,6.4,6.4,-2.56,-2.56,5.61,5.61,cube5_cluster0,516,1.4890653975599333,FF,94.26601183041208,12.58960465467938,11.873748452415477,cube14_cluster0,1
2025-09-15,676742,676742,691718,PIT,CHC,6,1,0,0,FF,FF,R,R,S,,96.8,96.8,-0.44,-0.44,0.94,0.94,2262.0,2262.0,215.0,215.0,6.7,6.7,-3.14,-3.14,5.94,5.94,cube6_cluster3,4,1.4023955277175346,FF,96.83250199133,9.898196859286852,14.591325902230212,cube14_cluster0,1
2025-09-15,687863,687863,694377,PIT,CHC,9,2,1,1,FF,FF,R,R,B,,95.0,95.0,-0.1,-0.1,1.32,1.32,2284.0,2284.0,202.0,202.0,7.5,7.5,-2.51,-2.51,5.56,5.56,cube15_cluster1,11,1.3042327743095876,FF,95.07044777791452,10.01799709211646,12.914228470751997,cube14_cluster0;cube15_cluster1,2
2025-09-15,596133,596133,621439,MIN,NYY,7,1,3,1,FF,FF,R,R,S,,96.7,96.7,-0.77,-0.77,1.53,1.53,2366.0,2366.0,204.0,204.0,6.1,6.1,-1.48,-1.48,5.53,5.53,cube4_cluster0,983,1.578967106493094,FF,92.73799323851703,11.87678282989603,11.880818729937886,cube4_cluster0,1
2025-09-15,607074,607074,668904,MIN,NYY,2,0,3,1,FF,FF,L,L,X,Royce Lewis lines out sharply to left fielder Cody Bellinger.,94.2,94.2,0.95,-0.95,1.28,1.28,2366.0,2366.0,145.0,215.0,6.2,6.2,2.09,-2.09,6.44,6.44,cube4_cluster0,983,1.4866458156722708,FF,92.73799323851703,11.87678282989603,11.880818729937886,cube13_cluster0;cube4_cluster0,2
2025-09-15,680730,680730,645277,WSH,ATL,1,2,2,1,FF,FF,L,L,B,,93.1,93.1,0.66,-0.66,1.28,1.28,2273.0,2273.0,157.0,203.0,6.8,6.8,1.54,-1.54,6.38,6.38,cube4_cluster0,983,1.5329044073932392,FF,92.73799323851703,11.87678282989603,11.880818729937886,cube13_cluster0;cube4_cluster0,2
2025-09-15,687377,687377,686948,WSH,ATL,9,2,0,0,SL,SL,R,R,S,,87.8,87.8,0.11,0.11,0.34,0.34,2255.0,2255.0,214.0,214.0,6.5,6.5,-2.04,-2.04,6.52,6.52,cube22_cluster0,44,1.5859814082755275,FC,88.82845332305666,-1.3474977477043035,9.056608779489569,cube22_cluster0;cube23_cluster0,2
2025-09-15,686218,686218,596146,LAD,PHI,2,1,3,1,SL,SL,R,R,S,,85.5,85.5,0.16,0.16,0.25,0.25,2329.0,2329.0,185.0,185.0,6.4,6.4,-1.23,-1.23,5.24,5.24,cube33_cluster0,169,1.59199798736571,FC,88.23401695598267,-3.1239005241649638,6.236802891040705,cube33_cluster0,1
2025-09-15,688497,688497,672275,AZ,SF,7,2,1,2,FF,FF,R,R,B,,90.0,90.0,0.23,0.23,1.52,1.52,2196.0,2196.0,179.0,179.0,6.9,6.9,0.1,0.1,6.33,6.33,cube42_cluster1,3,2.6913629288915755,FC,87.63142706302794,-5.957348927875244,5.6153508771929825,,0
2025-09-15,596133,596133,621439,MIN,NYY,7,1,2,1,FF,FF,R,R,B,,96.4,96.4,-0.66,-0.66,1.57,1.57,2497.0,2497.0,207.0,207.0,6.2,6.2,-1.49,-1.49,5.55,5.55,cube4_cluster0,983,1.6778405326596104,FF,92.73799323851703,11.87678282989603,11.880818729937886,cube13_cluster0;cube14_cluster0;cube4_cluster0;cube5_cluster0,4
2025-09-15,680755,680755,664040,TB,TOR,11,0,1,2,SL,SL,R,R,B,,87.4,87.4,0.18,0.18,0.19,0.19,2361.0,2361.0,187.0,187.0,5.6,5.6,0.64,0.64,6.58,6.58,cube42_cluster1,3,2.7281868689082924,FC,87.63142706302794,-5.957348927875244,5.6153508771929825,,0
2025-09-15,680730,680730,645277,WSH,ATL,1,2,2,0,CU,CU,L,L,S,,80.0,80.0,-0.27,0.27,-0.76,-0.76,2413.0,2413.0,332.0,28.0,6.9,6.9,1.68,-1.68,6.19,6.19,cube67_cluster2,6,1.2259180787997928,CU,83.11739876493539,-8.352412707608828,-11.699528597119054,cube66_cluster0,1
2025-09-15,668933,668933,687363,STL,CIN,7,1,0,0,FC,FC,R,R,S,,96.2,96.2,0.09,0.09,0.95,0.95,2524.0,2524.0,190.0,190.0,5.5,5.5,-0.36,-0.36,6.38,6.38,cube22_cluster0,44,2.1508961842131735,FC,88.82845332305666,-1.3474977477043035,9.056608779489569,,0
2025-09-15,675911,675911,671277,WSH,ATL,2,0,3,2,CU,CU,R,R,S,Luis García Jr. strikes out swinging.,78.2,78.2,0.65,0.65,-0.74,-0.74,2655.0,2655.0,59.0,59.0,6.9,6.9,-1.85,-1.85,5.83,5.83,cube67_cluster2,6,1.0709355046841826,CU,83.11739876493539,-8.352412707608828,-11.699528597119054,cube66_cluster0;cube67_cluster0;cube67_cluster2;cube73_cluster0;cube74_cluster0,5
2025-09-15,668678,668678,656305,AZ,SF,2,0,0,2,SL,SL,R,R,B,,87.1,87.1,0.46,0.46,0.33,0.33,2360.0,2360.0,142.0,142.0,6.4,6.4,-3.0,-3.0,5.94,5.94,cube44_cluster0,35,1.3286369740095703,SL,87.43039514356485,-4.560198707426779,3.7204129901025347,cube43_cluster0;cube44_cluster0,2
2025-09-15,686218,686218,596146,LAD,PHI,2,1,2,1,FF,FF,R,R,B,,94.8,94.8,-1.0,-1.0,1.54,1.54,2457.0,2457.0,213.0,213.0,6.5,6.5,-1.19,-1.19,5.33,5.33,cube5_cluster0,516,1.8152374150358495,FF,94.26601183041208,12.58960465467938,11.873748452415477,cube4_cluster0;cube5_cluster0,2
2025-09-15,678024,678024,687637,CWS,BAL,7,2,0,1,FF,FF,R,R,B,,94.3,94.3,-0.67,-0.67,0.95,0.95,2217.0,2217.0,215.0,215.0,6.4,6.4,-1.72,-1.72,5.86,5.86,cube4_cluster0,983,0.5463458704176556,FF,92.73799323851703,11.87678282989603,11.880818729937886,cube13_cluster0,1
2025-09-15,656546,656546,663743,TB,TOR,9,2,1,2,FF,FF,R,R,B,,94.3,94.3,-0.9,-0.9,1.56,1.56,2452.0,2452.0,217.0,217.0,6.5,6.5,-1.99,-1.99,5.89,5.89,cube4_cluster0,983,1.2344183168736163,FF,92.73799323851703,11.87678282989603,11.880818729937886,cube4_cluster0;cube5_cluster0,2
2025-09-15,661395,661395,660271,LAD,PHI,9,2,3,1,FF,FF,R,R,B,Shohei Ohtani walks.,102.6,102.6,-0.92,-0.92,1.11,1.11,2112.0,2112.0,233.0,233.0,6.0,6.0,-2.07,-2.07,5.98,5.98,cube4_cluster0,983,1.4985408753113683,FF,92.73799323851703,11.87678282989603,11.880818729937886,cube4_cluster0,1
2025-09-15,592791,592791,457705,PIT,CHC,2,0,3,2,FC,FC,R,R,S,,85.6,85.6,0.55,0.55,0.23,0.23,2694.0,2694.0,141.0,141.0,6.6,6.6,-1.21,-1.21,6.19,6.19,cube43_cluster0,144,1.2080886464110003,SL,87.05264300971788,-4.004743073818654,3.6350863620861684,cube43_cluster0;cube51_cluster0,2
2025-09-15,641302,641302,702616,CWS,BAL,6,2,3,1,SI,SI,L,L,S,,91.2,91.2,1.3,-1.3,0.43,0.43,2062.0,2062.0,131.0,229.0,6.3,6.3,2.18,-2.18,5.28,5.28,cube14_cluster0,644,1.0017670638304828,FF,92.67733037261901,12.017251018938115,9.608444861229,cube13_cluster0;cube14_cluster0;cube4_cluster0;cube5_cluster0,4
2025-09-15,680694,680694,678554,CWS,BAL,1,2,0,0,SL,SL,R,R,S,,85.5,85.5,1.11,1.11,-0.04,-0.04,2579.0,2579.0,46.0,46.0,6.3,6.3,-1.08,-1.08,6.49,6.49,cube65_cluster0,52,1.4063421115033579,CU,80.5172691598637,-7.955497641633661,-5.720742174043808,,0
2025-09-15,681676,681676,682829,STL,CIN,8,1,3,1,SL,SL,R,R,S,,86.9,86.9,0.33,0.33,0.13,0.13,2639.0,2639.0,156.0,156.0,6.2,6.2,-1.84,-1.84,5.92,5.92,cube43_cluster0,144,0.8498046715701799,SL,87.05264300971788,-4.004743073818654,3.6350863620861684,cube43_cluster0,1
2025-09-15,676263,676263,656941,LAD,PHI,7,2,0,0,FF,FF,L,L,X,Kyle Schwarber flies out sharply to center fielder Andy Pages.,93.1,93.1,0.46,-0.46,1.61,1.61,2437.0,2437.0,156.0,204.0,6.9,6.9,2.1,-2.1,5.81,5.81,cube5_cluster0,516,1.5217993783003008,FF,94.26601183041208,12.58960465467938,11.873748452415477,cube13_cluster0;cube14_cluster0;cube4_cluster0;cube5_cluster0,4
2025-09-15,671212,671212,662139,TB,TOR,2,1,1,2,FF,FF,R,R,B,,98.7,98.7,-0.72,-0.72,1.08,1.08,2609.0,2609.0,218.0,218.0,6.4,6.4,-1.07,-1.07,5.82,5.82,cube4_cluster0,983,1.765113639675929,FF,92.73799323851703,11.87678282989603,11.880818729937886,cube13_cluster0;cube14_cluster0,2
2025-09-15,676742,676742,608348,PIT,CHC,6,0,0,0,FF,FF,R,R,X,"Carson Kelly grounds out, third baseman Jared Triolo to first baseman Spencer Horwitz.",95.5,95.5,-0.62,-0.62,1.38,1.38,2536.0,2536.0,215.0,215.0,6.3,6.3,-3.13,-3.13,6.08,6.08,cube5_cluster0,516,2.053995765153704,FF,94.26601183041208,12.58960465467938,11.873748452415477,cube13_cluster0;cube14_cluster0;cube4_cluster0;cube5_cluster0,4
2025-09-15,624133,624133,669743,LAD,PHI,2,1,0,0,SI,SI,L,L,X,"Alex Call grounds out, shortstop Bryson Stott to first baseman Bryce Harper.",91.3,91.3,0.97,-0.97,0.25,0.25,1967.0,1967.0,134.0,226.0,6.1,6.1,2.37,-2.37,5.51,5.51,cube13_cluster0,1173,1.3297986464299183,FF,91.32597348809763,10.933560927718538,9.887490835989844,cube13_cluster0,1
2025-09-15,595345,595345,680737,HOU,TEX,6,2,0,2,SL,SL,L,L,S,Michael Helman strikes out swinging.,80.9,80.9,-0.66,0.66,0.78,0.78,2627.0,2627.0,288.0,72.0,6.3,6.3,3.18,-3.18,5.9,5.9,cube59_cluster0,6,1.4961187084474528,SL,85.10288607720291,-4.974455470207517,-0.26360602944668465,cube58_cluster0,1
2025-09-15,664747,664747,657557,WSH,ATL,9,1,0,2,SL,SL,R,R,B,,89.1,89.1,0.18,0.18,0.46,0.46,2567.0,2567.0,190.0,190.0,7.6,7.6,-2.25,-2.25,5.07,5.07,cube15_cluster1,11,2.018279870215575,FF,95.07044777791452,10.01799709211646,12.914228470751997,cube24_cluster0;cube34_cluster0,2
2025-09-15,683004,683004,676694,HOU,TEX,1,1,0,0,CU,CU,R,R,S,,82.0,82.0,0.24,0.24,-0.81,-0.81,2663.0,2663.0,38.0,38.0,6.4,6.4,-1.25,-1.25,5.9,5.9,cube65_cluster0,52,1.1189287698886874,CU,80.5172691598637,-7.955497641633661,-5.720742174043808,cube66_cluster0;cube73_cluster0,2
2025-09-15,681911,681911,596146,LAD,PHI,8,2,0,2,SL,SL,L,L,S,Max Kepler called out on strikes.,87.0,87.0,-0.41,0.41,0.48,0.48,2410.0,2410.0,222.0,138.0,6.4,6.4,0.15,-0.15,6.14,6.14,cube42_cluster1,3,1.5372710095404285,FC,87.63142706302794,-5.957348927875244,5.6153508771929825,cube42_cluster0,1
2025-09-15,669461,669461,682829,STL,CIN,2,2,0,0,CU,CU,L,L,S,,79.3,79.3,-0.46,0.46,-1.66,-1.66,2933.0,2933.0,335.0,25.0,6.3,6.3,0.53,-0.53,6.72,6.72,cube77_cluster0,15,1.8108460964432085,CU,78.06982973839553,-10.373560444574672,-15.067035103894916,,0
2025-09-15,657424,657424,682998,AZ,SF,6,0,1,1,SI,SI,L,L,X,Corbin Carroll doubles (30) on a line drive to center fielder Jung Hoo Lee.,92.0,92.0,0.97,-0.97,1.34,1.34,2202.0,2202.0,148.0,212.0,6.4,6.4,2.42,-2.42,6.12,6.12,cube4_cluster0,983,1.1662927710389785,FF,92.73799323851703,11.87678282989603,11.880818729937886,cube4_cluster0,1
2025-09-15,647336,647336,663698,PIT,CHC,7,2,2,1,SV,SV,R,R,B,,82.6,82.6,0.94,0.94,-0.82,-0.82,3067.0,3067.0,49.0,49.0,6.4,6.4,-2.6,-2.6,5.75,5.75,cube78_cluster1,5,1.2598236425649043,CU,80.64152300890618,-18.302848826753866,-5.60128168299082,cube73_cluster0;cube74_cluster0;cube78_cluster0,3
2025-09-15,687863,687863,694377,PIT,CHC,9,2,0,1,SL,SL,R,R,B,,85.1,85.1,0.86,0.86,0.43,0.43,2623.0,2623.0,73.0,73.0,7.1,7.1,-2.72,-2.72,5.59,5.59,cube67_cluster0,152,1.3801743809751978,ST,83.21108910576972,-12.188986866329156,0.17080679660382098,cube67_cluster0,1
2025-09-15,669920,669920,669394,HOU,TEX,2,0,1,1,CH,CH,R,R,B,,80.0,80.0,-1.37,-1.37,0.15,0.15,1682.0,1682.0,268.0,268.0,6.5,6.5,-1.43,-1.43,5.66,5.66,cube23_cluster1,15,1.7586178916466293,CH,87.14244152758266,13.779793742871872,-2.1495322200021145,cube12_cluster0;cube13_cluster0,2
2025-09-15,677952,677952,694208,PIT,CHC,1,2,1,2,SL,SL,R,R,B,,93.5,93.5,-0.03,-0.03,0.55,0.55,2666.0,2666.0,196.0,196.0,6.3,6.3,-0.97,-0.97,6.15,6.15,cube22_cluster0,44,1.3107965580310184,FC,88.82845332305666,-1.3474977477043035,9.056608779489569,cube23_cluster0,1
2025-09-15,687911,687911,666969,HOU,TEX,8,2,0,0,FF,FF,L,L,S,,92.0,92.0,0.51,-0.51,1.25,1.25,2067.0,2067.0,148.0,212.0,6.5,6.5,2.72,-2.72,5.61,5.61,cube14_cluster0,644,1.196505011959757,FF,92.67733037261901,12.017251018938115,9.608444861229,cube13_cluster0;cube14_cluster0;cube4_cluster0;cube5_cluster0,4
2025-09-15,829272,829272,660670,WSH,ATL,7,0,1,0,CH,CH,L,L,B,,81.3,81.3,1.27,-1.27,0.52,0.52,1552.0,1552.0,125.0,235.0,6.2,6.2,1.91,-1.91,5.69,5.69,cube12_cluster0,316,1.6940694493459592,CH,89.01009096911115,10.260232782391817,9.292479855944606,cube12_cluster0;cube13_cluster0;cube3_cluster0;cube4_cluster0,4
2025-09-15,641793,641793,676475,STL,CIN,1,2,0,1,SI,SI,R,R,X,"Alec Burleson grounds out, third baseman Ke'Bryan Hayes to first baseman Sal Stewart.",91.9,91.9,-1.38,-1.38,0.88,0.88,2042.0,2042.0,214.0,214.0,6.2,6.2,-0.82,-0.82,6.05,6.05,cube3_cluster0,268,1.1603337551596242,CH,89.73428321085365,11.536857891248982,10.613841731058852,cube3_cluster0;cube4_cluster0,2
2025-09-15,681517,681517,682622,STL,CIN,9,0,1,1,SL,SL,R,R,X,Noelvi Marte singles on a line drive to center fielder Victor Scott II. TJ Friedl to 2nd.,92.3,92.3,0.26,0.26,0.44,0.44,2404.0,2404.0,180.0,180.0,7.1,7.1,-2.29,-2.29,5.66,5.66,cube34_cluster0,80,1.0499864996948065,FC,89.12332099959275,-2.9379632103369024,6.342505511607449,cube34_cluster0,1
2025-09-15,678906,678906,677942,AZ,SF,1,2,0,0,SI,SI,R,R,B,,93.2,93.2,-1.12,-1.12,0.28,0.28,2383.0,2383.0,230.0,230.0,6.5,6.5,-2.33,-2.33,5.41,5.41,cube14_cluster0,644,0.9125032843832197,FF,92.67733037261901,12.017251018938115,9.608444861229,cube14_cluster0,1
2025-09-15,607074,607074,668904,MIN,NYY,2,0,2,1,SI,SI,L,L,B,,93.0,93.0,1.32,-1.32,0.8,0.8,2259.0,2259.0,137.0,223.0,6.1,6.1,2.35,-2.35,6.26,6.26,cube4_cluster0,983,1.3725900700969398,FF,92.73799323851703,11.87678282989603,11.880818729937886,cube13_cluster0;cube4_cluster0,2
2025-09-15,676775,676775,543510,AZ,SF,8,1,0,1,FS,FS,R,R,B,,90.6,90.6,-1.17,-1.17,0.33,0.33,1633.0,1633.0,244.0,244.0,6.4,6.4,-1.42,-1.42,5.97,5.97,cube12_cluster0,316,1.2180432092238496,CH,89.01009096911115,10.260232782391817,9.292479855944606,cube12_cluster0;cube13_cluster0;cube3_cluster0;cube4_cluster0,4
2025-09-15,693312,693312,608348,PIT,CHC,7,2,1,1,SL,SL,R,R,S,,90.7,90.7,0.33,0.33,0.2,0.2,2554.0,2554.0,130.0,130.0,6.9,6.9,-1.02,-1.02,6.06,6.06,cube43_cluster0,144,1.4762182587114208,SL,87.05264300971788,-4.004743073818654,3.6350863620861684,cube43_cluster0;cube51_cluster0,2
2025-09-15,683175,683175,695336,STL,CIN,8,2,2,2,FF,FF,R,R,X,"Thomas Saggese grounds out, shortstop Elly De La Cruz to first baseman Sal Stewart.",99.2,99.2,-0.69,-0.69,1.22,1.22,2457.0,2457.0,223.0,223.0,6.0,6.0,-1.44,-1.44,5.81,5.81,cube4_cluster0,983,1.5460556988369494,FF,92.73799323851703,11.87678282989603,11.880818729937886,cube13_cluster0;cube4_cluster0,2
2025-09-15,664192,664192,682998,AZ,SF,6,2,0,0,SI,SI,L,L,B,,91.9,91.9,0.94,-0.94,0.95,0.95,2201.0,2201.0,154.0,206.0,6.0,6.0,2.18,-2.18,5.99,5.99,cube13_cluster0,1173,1.0623011619213598,FF,91.32597348809763,10.933560927718538,9.887490835989844,cube13_cluster0;cube4_cluster0,2
2025-09-15,702056,702056,691406,TB,TOR,1,1,2,2,FF,FF,R,R,B,,96.3,96.3,-0.37,-0.37,1.61,1.61,2362.0,2362.0,196.0,196.0,6.3,6.3,-0.33,-0.33,7.02,7.02,cube42_cluster1,3,2.705037148614798,FC,87.63142706302794,-5.957348927875244,5.6153508771929825,cube12_cluster0;cube3_cluster0,2
2025-09-15,680573,680573,519317,MIN,NYY,1,2,1,2,FS,FS,R,R,B,,86.5,86.5,-0.84,-0.84,0.87,0.87,1304.0,1304.0,213.0,213.0,7.0,7.0,-1.23,-1.23,6.28,6.28,cube3_cluster0,268,2.0254379222262777,CH,89.73428321085365,11.536857891248982,10.613841731058852,cube3_cluster0;cube4_cluster0,2
2025-09-15,701519,701519,592450,MIN,NYY,8,2,1,0,CH,CH,R,R,B,,89.1,89.1,-1.23,-1.23,0.4,0.4,1861.0,1861.0,240.0,240.0,6.4,6.4,-2.97,-2.97,5.7,5.7,cube14_cluster0,644,1.5725400690119715,FF,92.67733037261901,12.017251018938115,9.608444861229,cube13_cluster0;cube14_cluster0;cube4_cluster0;cube5_cluster0,4
2025-09-15,608650,608650,691019,CWS,BAL,8,1,0,0,FC,FC,L,L,B,,87.2,87.2,-0.29,0.29,0.52,0.52,2093.0,2093.0,188.0,172.0,6.3,6.3,1.83,-1.83,6.46,6.46,cube32_cluster0,41,1.0289197805194288,SL,87.45742516293836,-3.2707771382581203,5.520714440411837,cube22_cluster0;cube23_cluster0;cube32_cluster0;cube33_cluster0,4
2025-09-15,687377,687377,673490,WSH,ATL,9,1,2,2,FF,FF,R,R,S,Ha-Seong Kim strikes out swinging.,96.1,96.1,-0.69,-0.69,1.41,1.41,2588.0,2588.0,212.0,212.0,6.7,6.7,-1.65,-1.65,6.41,6.41,cube4_cluster0,983,1.8642959057606978,FF,92.73799323851703,11.87678282989603,11.880818729937886,cube13_cluster0;cube4_cluster0,2
2025-09-15,680732,680732,694212,CWS,BAL,3,1,0,0,KC,KC,R,R,S,,82.3,82.3,0.27,0.27,-1.03,-1.03,2535.0,2535.0,22.0,22.0,7.0,7.0,-2.14,-2.14,6.26,6.26,cube67_cluster2,6,1.4254303123484053,CU,83.11739876493539,-8.352412707608828,-11.699528597119054,cube66_cluster0,1
2025-09-15,702056,702056,691406,TB,TOR,1,1,1,2,SL,SL,R,R,B,,88.0,88.0,-0.01,-0.01,0.33,0.33,2236.0,2236.0,211.0,211.0,5.9,5.9,-0.41,-0.41,7.15,7.15,cube42_cluster1,3,2.2046722191537373,FC,87.63142706302794,-5.957348927875244,5.6153508771929825,,0
2025-09-15,678906,678906,672515,AZ,SF,1,1,1,2,ST,ST,R,R,S,Gabriel Moreno strikes out swinging.,85.1,85.1,1.66,1.66,0.0,0.0,2824.0,2824.0,58.0,58.0,6.4,6.4,-2.42,-2.42,5.4,5.4,cube67_cluster0,152,0.9815956316129829,ST,83.21108910576972,-12.188986866329156,0.17080679660382098,cube74_cluster0,1
2025-09-15,502085,502085,571970,LAD,PHI,10,2,2,2,KC,KC,R,R,X,Max Muncy grounds out to first baseman Bryce Harper.,86.6,86.6,0.67,0.67,-0.95,-0.95,2776.0,2776.0,44.0,44.0,6.3,6.3,-2.8,-2.8,5.77,5.77,cube74_cluster0,95,1.4949911495432935,ST,81.58280060620267,-13.628576142052651,-5.303629922931518,cube73_cluster0;cube74_cluster0,2
2025-09-15,676775,676775,543510,AZ,SF,8,1,0,0,SL,SL,R,R,S,,90.3,90.3,0.02,0.02,0.37,0.37,2345.0,2345.0,221.0,221.0,6.2,6.2,-1.52,-1.52,6.05,6.05,cube22_cluster0,44,0.9306876383731404,FC,88.82845332305666,-1.3474977477043035,9.056608779489569,cube23_cluster0,1
2025-09-15,641793,641793,676475,STL,CIN,1,2,0,0,FS,FS,R,R,S,,82.1,82.1,-0.73,-0.73,-0.21,-0.21,987.0,987.0,251.0,251.0,6.0,6.0,-0.68,-0.68,6.18,6.18,cube13_cluster1,3,2.826692627755754,FS,84.2318346010472,7.0387863377694,1.0515447129672841,cube12_cluster0,1
2025-09-15,680755,680755,664040,TB,TOR,11,0,1,2,CU,CU,R,R,S,,80.1,80.1,0.38,0.38,-1.61,-1.61,2528.0,2528.0,23.0,23.0,5.6,5.6,0.64,0.64,6.61,6.61,cube77_cluster0,15,3.057406371642269,CU,78.06982973839553,-10.373560444574672,-15.067035103894916,,0
2025-09-15,680573,680573,519317,MIN,NYY,1,2,0,2,FF,FF,R,R,B,,93.1,93.1,-0.01,-0.01,1.46,1.46,2220.0,2220.0,197.0,197.0,6.8,6.8,-1.2,-1.2,6.43,6.43,cube22_cluster0,44,1.810453541787251,FC,88.82845332305666,-1.3474977477043035,9.056608779489569,cube13_cluster0,1
2025-09-15,693312,693312,608348,PIT,CHC,7,2,0,1,FF,FF,R,R,B,,97.8,97.8,-0.62,-0.62,1.23,1.23,2412.0,2412.0,210.0,210.0,7.0,7.0,-1.03,-1.03,6.1,6.1,cube4_cluster0,983,1.9435549254059543,FF,92.73799323851703,11.87678282989603,11.880818729937886,cube13_cluster0;cube14_cluster0;cube4_cluster0;cube5_cluster0,4
2025-09-15,607074,607074,668904,MIN,NYY,2,0,1,1,FF,FF,L,L,B,,93.5,93.5,1.02,-1.02,1.34,1.34,2340.0,2340.0,147.0,213.0,6.2,6.2,2.04,-2.04,6.43,6.43,cube4_cluster0,983,1.4572113942629947,FF,92.73799323851703,11.87678282989603,11.880818729937886,cube4_cluster0,1
2025-09-15,683004,683004,572233,HOU,TEX,1,1,0,0,FF,FF,R,R,B,Christian Walker hit by pitch.,95.4,95.4,-0.92,-0.92,1.54,1.54,2336.0,2336.0,219.0,219.0,6.8,6.8,-1.33,-1.33,5.68,5.68,cube4_cluster0,983,1.450203546207277,FF,92.73799323851703,11.87678282989603,11.880818729937886,cube4_cluster0;cube5_cluster0,2
2025-09-15,661395,661395,660271,LAD,PHI,9,2,2,1,FF,FF,R,R,B,,101.6,101.6,-0.93,-0.93,0.94,0.94,2064.0,2064.0,232.0,232.0,6.1,6.1,-2.16,-2.16,6.01,6.01,cube4_cluster0,983,1.357077911889965,FF,92.73799323851703,11.87678282989603,11.880818729937886,cube4_cluster0,1
2025-09-15,671212,671212,662139,TB,TOR,2,1,1,1,SL,SL,R,R,S,,91.4,91.4,0.31,0.31,0.28,0.28,2754.0,2754.0,150.0,150.0,6.5,6.5,-1.15,-1.15,5.81,5.81,cube43_cluster0,144,1.2152939255365602,SL,87.05264300971788,-4.004743073818654,3.6350863620861684,cube43_cluster0,1
2025-09-15,688497,688497,672275,AZ,SF,7,2,1,2,FF,FF,R,R,S,,89.9,89.9,0.11,0.11,1.63,1.63,2243.0,2243.0,180.0,180.0,6.8,6.8,-0.01,-0.01,6.4,6.4,cube42_cluster1,3,2.608229873902618,FC,87.63142706302794,-5.957348927875244,5.6153508771929825,,0
2025-09-15,829272,829272,660670,WSH,ATL,7,0,0,0,KC,KC,L,L,B,,73.0,73.0,-0.13,0.13,-1.57,-1.57,2759.0,2759.0,347.0,13.0,6.0,6.0,1.27,-1.27,5.84,5.84,cube77_cluster1,2,1.1623157694903494,CU,74.19497816593886,-8.547379912663756,-17.060043668122272,,0
2025-09-15,664192,664192,606466,AZ,SF,6,1,0,0,FF,FF,L,L,X,"Ketel Marte grounds out, shortstop Willy Adames to first baseman Rafael Devers.",92.0,92.0,0.15,-0.15,1.2,1.2,2215.0,2215.0,155.0,205.0,6.0,6.0,2.25,-2.25,6.08,6.08,cube23_cluster0,226,1.237105086606177,FC,89.98051132303166,-0.8288022207088954,9.04754296913982,cube13_cluster0,1
2025-09-15,680694,680694,695657,CWS,BAL,1,2,1,0,CU,CU,R,R,X,Colson Montgomery singles on a line drive to center fielder Colton Cowser. Mike Tauchman to 2nd.,83.3,83.3,0.43,0.43,-1.1,-1.1,2566.0,2566.0,34.0,34.0,6.5,6.5,-1.07,-1.07,6.49,6.49,cube72_cluster0,77,1.4471059028091435,CU,78.89146033796635,-9.531561177600954,-10.534460563196083,cube65_cluster0;cube66_cluster0;cube72_cluster0;cube73_cluster0,4
2025-09-15,647336,647336,663698,PIT,CHC,7,2,2,0,FF,FF,R,R,S,,95.0,95.0,-0.56,-0.56,1.27,1.27,2599.0,2599.0,227.0,227.0,6.2,6.2,-2.59,-2.59,5.66,5.66,cube5_cluster0,516,1.5051475090322954,FF,94.26601183041208,12.58960465467938,11.873748452415477,cube13_cluster0;cube14_cluster0,2
2025-09-15,683175,683175,695336,STL,CIN,8,2,1,2,ST,ST,R,R,B,,83.5,83.5,1.22,1.22,-0.01,-0.01,2291.0,2291.0,64.0,64.0,5.9,5.9,-1.93,-1.93,5.51,5.51,cube65_cluster1,5,0.9306590490224133,ST,79.83113104371454,-13.87824519299928,1.6911752817070245,cube66_cluster0,1
2025-09-15,607455,607455,547180,LAD,PHI,1,1,3,2,SI,SI,L,L,B,Bryce Harper walks.,97.0,97.0,1.01,-1.01,0.82,0.82,2204.0,2204.0,138.0,222.0,6.4,6.4,2.57,-2.57,5.36,5.36,cube14_cluster0,644,0.7327082401412478,FF,92.67733037261901,12.017251018938115,9.608444861229,cube14_cluster0;cube5_cluster0,2
2025-09-15,621051,621051,691723,CWS,BAL,6,2,3,1,FF,FF,R,R,B,Coby Mayo walks.,95.0,95.0,-0.66,-0.66,1.42,1.42,2524.0,2524.0,209.0,209.0,6.9,6.9,-2.11,-2.11,5.81,5.81,cube5_cluster0,516,1.3201840294395655,FF,94.26601183041208,12.58960465467938,11.873748452415477,cube14_cluster0;cube5_cluster0,2
2025-09-15,664747,664747,657557,WSH,ATL,9,1,0,1,SL,SL,R,R,S,,89.3,89.3,0.14,0.14,0.39,0.39,2718.0,2718.0,166.0,166.0,7.6,7.6,-2.28,-2.28,5.18,5.18,cube44_cluster0,35,2.091756351727926,SL,87.43039514356485,-4.560198707426779,3.7204129901025347,,0
2025-09-15,681892,681892,641857,MIN,NYY,7,2,3,2,ST,ST,L,L,S,Ryan McMahon called out on strikes.,83.3,83.3,-1.14,1.14,-0.38,-0.38,2484.0,2484.0,308.0,52.0,7.2,7.2,2.71,-2.71,5.59,5.59,cube74_cluster0,95,1.424146954610322,ST,81.58280060620267,-13.628576142052651,-5.303629922931518,cube67_cluster0;cube74_cluster0,2
2025-09-15,681911,681911,596146,LAD,PHI,8,2,0,1,SL,SL,L,L,S,,86.3,86.3,-0.57,0.57,0.42,0.42,2436.0,2436.0,197.0,163.0,6.2,6.2,0.04,-0.04,6.08,6.08,cube42_cluster1,3,1.7232795952792983,FC,87.63142706302794,-5.957348927875244,5.6153508771929825,cube32_cluster0;cube42_cluster0,2
2025-09-15,657424,657424,682998,AZ,SF,6,0,1,0,SL,SL,L,L,S,,84.1,84.1,-0.39,0.39,0.1,0.1,2321.0,2321.0,258.0,102.0,6.5,6.5,2.6,-2.6,6.06,6.06,cube52_cluster1,9,0.835484559932205,SL,87.17033349644716,-3.7876297283127007,0.844764456834557,cube51_cluster0;cube58_cluster0,2
2025-09-15,687863,687863,694377,PIT,CHC,9,2,0,0,SL,SL,R,R,S,,87.2,87.2,0.74,0.74,0.53,0.53,2615.0,2615.0,96.0,96.0,7.3,7.3,-2.82,-2.82,5.62,5.62,cube52_cluster1,9,1.598389809443225,SL,87.17033349644716,-3.7876297283127007,0.844764456834557,,0
2025-09-15,676742,676742,694208,PIT,CHC,5,2,3,2,CH,CH,R,R,X,"Moisés Ballesteros grounds out, second baseman Nick Yorke to first baseman Spencer Horwitz.",92.9,92.9,-1.3,-1.3,0.1,0.1,1864.0,1864.0,241.0,241.0,6.3,6.3,-3.08,-3.08,5.96,5.96,cube24_cluster1,4,2.05183324044667,CH,87.80202822087334,14.29789321005082,-3.691264304536044,cube13_cluster0;cube14_cluster0,2
2025-09-15,680730,680730,645277,WSH,ATL,1,2,1,0,CU,CU,L,L,B,,79.8,79.8,-0.16,0.16,-0.96,-0.96,2389.0,2389.0,348.0,12.0,6.9,6.9,1.28,-1.28,6.25,6.25,cube65_cluster2,4,1.3957780752595228,CU,77.46691308243727,-3.8291129032258064,-11.446518817204302,cube66_cluster0,1
2025-09-15,669920,669920,669394,HOU,TEX,2,0,1,0,SI,SI,R,R,S,,89.8,89.8,-1.52,-1.52,0.15,0.15,1956.0,1956.0,250.0,250.0,6.6,6.6,-1.43,-1.43,5.61,5.61,cube23_cluster1,15,1.6587807034338435,CH,87.14244152758266,13.779793742871872,-2.1495322200021145,cube13_cluster0,1
2025-09-15,624133,624133,518692,LAD,PHI,2,0,2,2,SL,SL,L,L,S,Freddie Freeman strikes out swinging.,79.8,79.8,-0.74,0.74,0.58,0.58,2178.0,2178.0,278.0,82.0,6.1,6.1,2.3,-2.3,5.5,5.5,cube58_cluster0,194,1.6019994912869475,SL,84.5104961347656,-6.359862250696315,0.3949475543105161,cube58_cluster0,1
2025-09-15,592791,592791,457705,PIT,CHC,2,0,2,2,ST,ST,R,R,B,,81.9,81.9,1.56,1.56,0.15,0.15,2871.0,2871.0,57.0,57.0,6.9,6.9,-1.11,-1.11,6.19,6.19,cube66_cluster0,381,2.1995699981522945,ST,82.47698152646831,-10.124080234445362,-2.88332382968971,cube66_cluster0;cube73_cluster0,2
2025-09-15,681676,681676,682829,STL,CIN,8,1,3,0,FF,FF,R,R,S,,95.2,95.2,-0.92,-0.92,1.49,1.49,2276.0,2276.0,203.0,203.0,6.3,6.3,-1.58,-1.58,5.89,5.89,cube4_cluster0,983,1.0858840605471263,FF,92.73799323851703,11.87678282989603,11.880818729937886,cube4_cluster0,1
2025-09-15,687377,687377,673490,WSH,ATL,9,1,1,2,SI,SI,R,R,B,,96.3,96.3,-1.38,-1.38,1.03,1.03,2652.0,2652.0,210.0,210.0,6.6,6.6,-1.7,-1.7,6.48,6.48,cube4_cluster0,983,1.9354405771470773,FF,92.73799323851703,11.87678282989603,11.880818729937886,cube13_cluster0;cube4_cluster0,2
2025-09-15,596133,596133,621439,MIN,NYY,7,1,1,1,FC,FC,R,R,B,,93.7,93.7,-0.13,-0.13,0.66,0.66,2473.0,2473.0,199.0,199.0,6.0,6.0,-1.43,-1.43,5.5,5.5,cube23_cluster0,226,1.2974793548961083,FC,89.98051132303166,-0.8288022207088954,9.04754296913982,cube23_cluster0,1
2025-09-15,680732,680732,691723,CWS,BAL,3,0,2,2,SL,SL,R,R,S,Coby Mayo called out on strikes.,89.6,89.6,0.42,0.42,0.42,0.42,2487.0,2487.0,158.0,158.0,7.0,7.0,-2.23,-2.23,6.23,6.23,cube44_cluster0,35,1.5424590054158305,SL,87.43039514356485,-4.560198707426779,3.7204129901025347,cube33_cluster0;cube34_cluster0;cube43_cluster0,3
2025-09-15,669704,669704,643217,CWS,BAL,6,2,1,1,FC,FC,R,R,X,"Andrew Benintendi grounds out, first baseman Ryan Mountcastle to pitcher Kade Strowd.",90.0,90.0,0.63,0.63,0.11,0.11,2572.0,2572.0,113.0,113.0,6.2,6.2,-1.2,-1.2,5.8,5.8,cube51_cluster0,138,1.0624470155603611,SL,86.5599691183964,-4.203859573250014,1.5652746114364327,cube51_cluster0;cube58_cluster0;cube58_cluster1,3
2025-09-15,668933,668933,699625,STL,CIN,7,0,0,2,SL,SL,R,R,S,Jimmy Crooks strikes out swinging.,87.9,87.9,0.56,0.56,-0.13,-0.13,2816.0,2816.0,32.0,32.0,5.6,5.6,-0.32,-0.32,6.26,6.26,cube57_cluster1,5,2.094198000778796,SL,84.4555766444267,-4.522769280798219,-0.11781077608958196,,0
2025-09-15,669461,669461,663886,STL,CIN,2,1,0,1,FF,FF,L,L,X,Tyler Stephenson flies out sharply to center fielder Victor Scott II.,96.5,96.5,0.42,-0.42,1.45,1.45,2199.0,2199.0,152.0,208.0,6.4,6.4,0.51,-0.51,6.63,6.63,cube22_cluster0,44,2.205430420939968,FC,88.82845332305666,-1.3474977477043035,9.056608779489569,cube12_cluster0;cube3_cluster0,2
2025-09-15,656546,656546,663743,TB,TOR,9,2,1,1,SL,SL,R,R,S,,86.4,86.4,0.09,0.09,0.35,0.35,2613.0,2613.0,121.0,121.0,6.3,6.3,-2.14,-2.14,5.89,5.89,cube52_cluster0,25,0.9915764276368689,SL,87.17795916965139,-4.451177468094217,2.170340230630463,cube43_cluster0;cube51_cluster0,2
2025-09-15,678024,678024,687637,CWS,BAL,7,2,0,0,CH,CH,R,R,S,,86.9,86.9,-1.03,-1.03,0.35,0.35,1471.0,1471.0,247.0,247.0,6.3,6.3,-1.66,-1.66,5.87,5.87,cube12_cluster0,316,1.4681824063321294,CH,89.01009096911115,10.260232782391817,9.292479855944606,cube12_cluster0;cube13_cluster0;cube3_cluster0;cube4_cluster0,4
2025-09-15,681517,681517,682622,STL,CIN,9,0,1,0,SI,SI,R,R,S,,95.9,95.9,-1.06,-1.06,1.07,1.07,2350.0,2350.0,208.0,208.0,7.1,7.1,-1.85,-1.85,5.7,5.7,cube5_cluster0,516,1.1609368349220437,FF,94.26601183041208,12.58960465467938,11.873748452415477,cube14_cluster0;cube5_cluster0,2
2025-09-15,641302,641302,702616,CWS,BAL,6,2,3,0,SI,SI,L,L,S,,91.2,91.2,1.31,-1.31,0.64,0.64,2019.0,2019.0,137.0,223.0,6.4,6.4,2.12,-2.12,5.35,5.35,cube14_cluster0,644,0.8187002794491404,FF,92.67733037261901,12.017251018938115,9.608444861229,cube13_cluster0;cube14_cluster0;cube4_cluster0;cube5_cluster0,4
2025-09-15,608650,608650,643565,CWS,BAL,8,0,2,2,CH,CH,L,L,X,Mike Tauchman flies out to shortstop Gunnar Henderson.,86.7,86.7,1.19,-1.19,0.66,0.66,1239.0,1239.0,122.0,238.0,6.3,6.3,1.94,-1.94,6.21,6.21,cube3_cluster0,268,1.7640418849733615,CH,89.73428321085365,11.536857891248982,10.613841731058852,cube3_cluster0,1
2025-09-15,664076,664076,662139,TB,TOR,7,2,0,2,ST,ST,L,L,X,Daulton Varsho lines out sharply to right fielder Josh Lowe.,81.1,81.1,-1.05,1.05,-0.55,-0.55,2888.0,2888.0,299.0,61.0,5.8,5.8,1.37,-1.37,5.0,5.0,cube65_cluster1,5,1.9156740876037186,ST,79.83113104371454,-13.87824519299928,1.6911752817070245,,0
2025-09-15,686218,686218,596146,LAD,PHI,2,1,1,1,FF,FF,R,R,B,,95.6,95.6,-1.05,-1.05,1.39,1.39,2446.0,2446.0,214.0,214.0,6.6,6.6,-1.19,-1.19,5.29,5.29,cube5_cluster0,516,1.730620778718026,FF,94.26601183041208,12.58960465467938,11.873748452415477,cube4_cluster0;cube5_cluster0,2
2025-09-15,676263,676263,664056,LAD,PHI,7,1,1,2,SL,SL,L,L,S,Harrison Bader strikes out swinging.,90.0,90.0,-0.25,0.25,0.4,0.4,2415.0,2415.0,180.0,180.0,6.6,6.6,1.47,-1.47,5.91,5.91,cube33_cluster0,169,0.7569498357496576,FC,88.23401695598267,-3.1239005241649638,6.236802891040705,cube33_cluster0,1
2025-09-15,621381,621381,500743,LAD,PHI,8,2,3,2,FF,FF,L,L,X,Miguel Rojas flies out to center fielder Harrison Bader.,90.8,90.8,0.82,-0.82,1.33,1.33,2512.0,2512.0,141.0,219.0,6.1,6.1,1.6,-1.6,5.41,5.41,cube4_cluster0,983,1.587360912962331,FF,92.73799323851703,11.87678282989603,11.880818729937886,cube13_cluster0,1
2025-09-15,668678,668678,656305,AZ,SF,2,0,0,1,FF,FF,R,R,S,,92.3,92.3,-0.3,-0.3,1.48,1.48,2264.0,2264.0,212.0,212.0,6.4,6.4,-2.99,-2.99,6.08,6.08,cube24_cluster0,111,1.9408332923650025,FC,90.39472309229976,-0.35116486760382487,8.906212304019572,cube13_cluster0;cube14_cluster0,2
2025-09-15,677952,677952,694208,PIT,CHC,1,2,0,2,CU,CU,R,R,B,,85.7,85.7,0.55,0.55,-1.15,-1.15,2745.0,2745.0,32.0,32.0,6.2,6.2,-0.92,-0.92,6.31,6.31,cube77_cluster0,15,1.2490172753613062,CU,78.06982973839553,-10.373560444574672,-15.067035103894916,cube72_cluster0;cube73_cluster0,2
2025-09-15,595345,595345,680737,HOU,TEX,6,2,0,1,FF,FF,L,L,S,,89.9,89.9,0.55,-0.55,1.42,1.42,2237.0,2237.0,142.0,218.0,6.2,6.2,3.28,-3.28,6.02,6.02,cube5_cluster0,516,2.156366302844872,FF,94.26601183041208,12.58960465467938,11.873748452415477,cube13_cluster0;cube4_cluster0,2
2025-09-15,701519,701519,592450,MIN,NYY,8,2,0,0,FC,FC,R,R,B,,91.4,91.4,0.44,0.44,0.64,0.64,2472.0,2472.0,170.0,170.0,6.0,6.0,-2.17,-2.17,6.27,6.27,cube32_cluster0,41,1.2506375831266228,SL,87.45742516293836,-3.2707771382581203,5.520714440411837,cube33_cluster0,1
2025-09-15,675911,675911,671277,WSH,ATL,2,0,2,2,SL,SL,R,R,B,,84.0,84.0,0.44,0.44,0.26,0.26,2272.0,2272.0,151.0,151.0,7.0,7.0,-1.82,-1.82,5.83,5.83,cube43_cluster0,144,1.2534576729480469,SL,87.05264300971788,-4.004743073818654,3.6350863620861684,cube43_cluster0,1
2025-09-15,687911,687911,669394,HOU,TEX,8,1,2,2,SI,SI,L,L,X,"Jake Burger grounds out, second baseman Jose Altuve to first baseman Christian Walker.",91.7,91.7,1.07,-1.07,0.55,0.55,1979.0,1979.0,146.0,214.0,6.6,6.6,2.77,-2.77,5.54,5.54,cube14_cluster0,644,0.9713564041032674,FF,92.67733037261901,12.017251018938115,9.608444861229,cube13_cluster0;cube14_cluster0;cube4_cluster0;cube5_cluster0,4
2025-09-15,680755,680755,664040,TB,TOR,11,0,0,2,FF,FF,R,R,B,,94.8,94.8,-0.4,-0.4,1.44,1.44,2230.0,2230.0,206.0,206.0,5.5,5.5,0.45,0.45,6.6,6.6,cube22_cluster0,44,3.2003358500535843,FC,88.82845332305666,-1.3474977477043035,9.056608779489569,,0
2025-09-15,647336,647336,663698,PIT,CHC,7,2,1,0,FF,FF,R,R,B,,95.1,95.1,-0.78,-0.78,1.23,1.23,2516.0,2516.0,225.0,225.0,6.3,6.3,-2.63,-2.63,5.63,5.63,cube5_cluster0,516,1.2100935717203432,FF,94.26601183041208,12.58960465467938,11.873748452415477,cube14_cluster0;cube5_cluster0,2
2025-09-15,664192,664192,672695,AZ,SF,6,1,1,2,FF,FF,L,L,X,Geraldo Perdomo triples (5) on a sharp line drive to center fielder Jung Hoo Lee. Jake McCarthy scores.,91.8,91.8,0.5,-0.5,1.07,1.07,2085.0,2085.0,137.0,223.0,6.3,6.3,2.7,-2.7,5.71,5.71,cube14_cluster0,644,1.1713523036019855,FF,92.67733037261901,12.017251018938115,9.608444861229,cube13_cluster0;cube14_cluster0,2
2025-09-15,686973,686973,664040,TB,TOR,8,2,0,0,FF,FF,R,R,X,"Brandon Lowe grounds out, shortstop Andrés Giménez to first baseman Vladimir Guerrero Jr.",97.5,97.5,-0.85,-0.85,1.12,1.12,2109.0,2109.0,224.0,224.0,6.9,6.9,-3.13,-3.13,5.31,5.31,cube6_cluster3,4,0.6205290832590539,FF,96.83250199133,9.898196859286852,14.591325902230212,cube5_cluster0;cube6_cluster1;cube6_cluster3,3
2025-09-15,680732,680732,691723,CWS,BAL,3,0,2,1,SL,SL,R,R,S,,88.2,88.2,0.61,0.61,0.19,0.19,2671.0,2671.0,144.0,144.0,7.0,7.0,-2.32,-2.32,6.22,6.22,cube52_cluster1,9,1.5975997940571542,SL,87.17033349644716,-3.7876297283127007,0.844764456834557,cube43_cluster0,1
2025-09-15,675911,675911,671277,WSH,ATL,2,0,2,1,SL,SL,R,R,S,,85.4,85.4,0.52,0.52,0.2,0.2,2203.0,2203.0,173.0,173.0,7.0,7.0,-1.9,-1.9,5.75,5.75,cube44_cluster0,35,1.3124527300359259,SL,87.43039514356485,-4.560198707426779,3.7204129901025347,cube33_cluster0;cube34_cluster0;cube43_cluster0;cube44_cluster0,4
2025-09-15,664076,664076,662139,TB,TOR,7,2,0,1,SI,SI,L,L,S,,96.6,96.6,1.44,-1.44,0.6,0.6,2473.0,2473.0,137.0,223.0,5.9,5.9,1.28,-1.28,5.12,5.12,cube13_cluster0,1173,2.2346470992727383,FF,91.32597348809763,10.933560927718538,9.887490835989844,cube13_cluster0;cube14_cluster0;cube4_cluster0,3
2025-09-15,680573,680573,519317,MIN,NYY,1,2,0,1,FS,FS,R,R,S,,86.7,86.7,-0.73,-0.73,0.62,0.62,953.0,953.0,213.0,213.0,6.9,6.9,-1.19,-1.19,6.39,6.39,cube13_cluster1,3,1.8281874580691775,FS,84.2318346010472,7.0387863377694,1.0515447129672841,cube3_cluster0,1
2025-09-15,683004,683004,514888,HOU,TEX,1,0,2,0,FF,FF,R,R,X,Jose Altuve pops out to first baseman Jake Burger.,96.6,96.6,-0.8,-0.8,1.6,1.6,2438.0,2438.0,218.0,218.0,6.7,6.7,-1.24,-1.24,5.61,5.61,cube4_cluster0,983,1.6769518506996515,FF,92.73799323851703,11.87678282989603,11.880818729937886,cube4_cluster0;cube5_cluster0,2
2025-09-15,668933,668933,699625,STL,CIN,7,0,0,1,SL,SL,R,R,S,,88.1,88.1,0.59,0.59,-0.17,-0.17,2863.0,2863.0,51.0,51.0,5.6,5.6,-0.52,-0.52,6.27,6.27,cube57_cluster1,5,1.7711894070490217,SL,84.4555766444267,-4.522769280798219,-0.11781077608958196,,0
2025-09-15,701519,701519,663757,MIN,NYY,8,2,3,2,SL,SL,R,R,B,Trent Grisham walks.,85.9,85.9,0.45,0.45,-0.16,-0.16,2294.0,2294.0,98.0,98.0,6.5,6.5,-0.69,-0.69,5.91,5.91,cube50_cluster0,16,1.1234753864527491,SL,84.90007193384722,-3.20169019761113,0.4617852580480657,cube50_cluster0;cube51_cluster0;cube57_cluster0;cube58_cluster0,4
2025-09-15,681517,681517,682622,STL,CIN,9,0,0,0,ST,ST,R,R,B,,88.2,88.2,1.21,1.21,0.4,0.4,2660.0,2660.0,79.0,79.0,7.1,7.1,-2.33,-2.33,5.73,5.73,cube59_cluster3,4,1.4879128046693824,SL,85.12251530257362,-5.961374472524924,0.02102759100394158,cube67_cluster0,1
2025-09-15,624133,624133,518692,LAD,PHI,2,0,1,2,SL,SL,L,L,B,,79.1,79.1,-0.63,0.63,0.59,0.59,2105.0,2105.0,276.0,84.0,6.0,6.0,2.3,-2.3,5.55,5.55,cube65_cluster1,5,1.6901893884271133,ST,79.83113104371454,-13.87824519299928,1.6911752817070245,cube58_cluster0,1
2025-09-15,693312,693312,608348,PIT,CHC,7,2,0,0,FF,FF,R,R,S,,97.7,97.7,-0.55,-0.55,1.38,1.38,2443.0,2443.0,211.0,211.0,7.1,7.1,-0.89,-0.89,6.17,6.17,cube4_cluster0,983,2.2719825787841708,FF,92.73799323851703,11.87678282989603,11.880818729937886,cube13_cluster0;cube14_cluster0;cube4_cluster0;cube5_cluster0,4
2025-09-15,666711,666711,545121,AZ,SF,6,0,2,2,FF,FF,R,R,X,"Ildemaro Vargas singles on a sharp ground ball to right fielder Drew Gilbert. Corbin Carroll scores. Gabriel Moreno scores. Ildemaro Vargas out at 2nd on the throw, right fielder Drew Gilbert to first baseman Rafael Devers to shortstop Willy Adames to second baseman Casey Schmitt. Blaze Alexander to 3rd.",100.4,100.4,-0.58,-0.58,1.06,1.06,2333.0,2333.0,215.0,215.0,5.3,5.3,-0.93,-0.93,5.97,5.97,cube22_cluster0,44,2.3617533423898585,FC,88.82845332305666,-1.3474977477043035,9.056608779489569,,0
2025-09-15,829272,829272,621566,WSH,ATL,7,0,0,2,FF,FF,L,L,X,Matt Olson doubles (38) on a ground ball to left fielder James Wood. Nacho Alvarez Jr. scores. Jurickson Profar to 3rd.,92.4,92.4,0.86,-0.86,1.28,1.28,2241.0,2241.0,140.0,220.0,6.3,6.3,1.74,-1.74,5.57,5.57,cube4_cluster0,983,0.8430516381524645,FF,92.73799323851703,11.87678282989603,11.880818729937886,cube13_cluster0;cube4_cluster0,2
2025-09-15,502085,502085,571970,LAD,PHI,10,2,1,2,KC,KC,R,R,B,,86.8,86.8,0.8,0.8,-0.67,-0.67,2826.0,2826.0,43.0,43.0,6.3,6.3,-2.88,-2.88,5.63,5.63,cube74_cluster0,95,1.3000468842134694,ST,81.58280060620267,-13.628576142052651,-5.303629922931518,cube74_cluster0,1
2025-09-15,641302,641302,702616,CWS,BAL,6,2,2,0,FF,FF,L,L,B,,92.3,92.3,0.6,-0.6,1.28,1.28,2239.0,2239.0,137.0,223.0,6.5,6.5,1.99,-1.99,5.47,5.47,cube5_cluster0,516,0.8347989415735486,FF,94.26601183041208,12.58960465467938,11.873748452415477,cube13_cluster0;cube14_cluster0;cube4_cluster0;cube5_cluster0,4
2025-09-15,681676,681676,682829,STL,CIN,8,1,2,0,CH,CH,R,R,B,,87.0,87.0,-1.35,-1.35,0.65,0.65,1573.0,1573.0,228.0,228.0,6.4,6.4,-1.74,-1.74,5.77,5.77,cube3_cluster0,268,1.274425423371998,CH,89.73428321085365,11.536857891248982,10.613841731058852,cube3_cluster0;cube4_cluster0,2
2025-09-15,661395,661395,660271,LAD,PHI,9,2,1,1,FF,FF,R,R,B,,102.4,102.4,-0.93,-0.93,1.15,1.15,2139.0,2139.0,231.0,231.0,5.9,5.9,-2.25,-2.25,5.99,5.99,cube4_cluster0,983,1.6617800328966115,FF,92.73799323851703,11.87678282989603,11.880818729937886,cube4_cluster0,1
2025-09-15,688497,688497,672275,AZ,SF,7,2,0,2,FF,FF,R,R,B,,90.7,90.7,0.03,0.03,1.44,1.44,2297.0,2297.0,179.0,179.0,6.7,6.7,0.17,0.17,6.34,6.34,cube42_cluster1,3,2.5316076077221212,FC,87.63142706302794,-5.957348927875244,5.6153508771929825,,0
2025-09-15,678906,678906,672515,AZ,SF,1,1,0,2,FF,FF,R,R,B,,95.3,95.3,-0.71,-0.71,1.24,1.24,2570.0,2570.0,233.0,233.0,6.6,6.6,-2.25,-2.25,5.5,5.5,cube5_cluster0,516,1.046900384083001,FF,94.26601183041208,12.58960465467938,11.873748452415477,cube14_cluster0,1
2025-09-15,687911,687911,669394,HOU,TEX,8,1,2,2,ST,ST,L,L,S,,79.7,79.7,-1.61,1.61,0.18,0.18,1985.0,1985.0,289.0,71.0,6.5,6.5,2.77,-2.77,5.58,5.58,cube67_cluster3,1,1.5149636384099368,SL,78.67358490566038,-15.561509433962266,-4.000754716981133,cube66_cluster0,1
2025-09-15,681892,681892,641857,MIN,NYY,7,2,2,2,ST,ST,L,L,B,,83.7,83.7,-1.09,1.09,-0.39,-0.39,2467.0,2467.0,312.0,48.0,7.3,7.3,2.71,-2.71,5.49,5.49,cube74_cluster0,95,1.5935223375269243,ST,81.58280060620267,-13.628576142052651,-5.303629922931518,cube67_cluster0;cube74_cluster0,2
2025-09-15,669704,669704,643217,CWS,BAL,6,2,0,1,CU,CU,R,R,B,,82.0,82.0,1.28,1.28,-1.2,-1.2,3068.0,3068.0,50.0,50.0,6.2,6.2,-1.26,-1.26,5.82,5.82,cube78_cluster0,39,1.0066846913946472,CU,78.25681411814729,-11.338603080771456,-13.991335793358099,cube78_cluster0,1
2025-09-15,669276,669276,665953,WSH,ATL,8,2,3,2,CH,CH,L,L,X,Andrés Chaparro flies out to left fielder Jurickson Profar.,87.5,87.5,1.13,-1.13,1.44,1.44,1669.0,1669.0,140.0,220.0,6.5,6.5,1.74,-1.74,6.4,6.4,cube3_cluster0,268,1.2906849671102727,CH,89.73428321085365,11.536857891248982,10.613841731058852,cube3_cluster0,1
2025-09-15,657424,657424,682998,AZ,SF,6,0,0,0,SL,SL,L,L,B,,84.7,84.7,-0.35,0.35,0.09,0.09,2271.0,2271.0,258.0,102.0,6.3,6.3,2.33,-2.33,6.17,6.17,cube50_cluster1,3,0.8497981302712246,SL,84.76644083107497,-3.5251273712737126,1.6661102077687442,cube51_cluster0;cube58_cluster0,2
2025-09-15,681911,681911,596146,LAD,PHI,8,2,0,0,FF,FF,L,L,S,,93.0,93.0,0.52,-0.52,1.64,1.64,2538.0,2538.0,163.0,197.0,6.2,6.2,0.21,-0.21,5.94,5.94,cube22_cluster0,44,2.3600038741377913,FC,88.82845332305666,-1.3474977477043035,9.056608779489569,cube12_cluster0;cube13_cluster0,2
2025-09-15,668678,668678,656305,AZ,SF,2,0,0,0,FF,FF,R,R,S,,93.3,93.3,-0.28,-0.28,1.56,1.56,2391.0,2391.0,208.0,208.0,6.5,6.5,-2.93,-2.93,6.03,6.03,cube24_cluster0,111,1.8741940884720916,FC,90.39472309229976,-0.35116486760382487,8.906212304019572,cube13_cluster0;cube14_cluster0,2
2025-09-15,621381,621381,500743,LAD,PHI,8,2,2,2,FF,FF,L,L,B,,92.2,92.2,0.96,-0.96,1.28,1.28,2545.0,2545.0,135.0,225.0,5.9,5.9,1.81,-1.81,5.33,5.33,cube5_cluster0,516,1.7766525200945231,FF,94.26601183041208,12.58960465467938,11.873748452415477,cube13_cluster0;cube14_cluster0;cube4_cluster0;cube5_cluster0,4
2025-09-15,669461,669461,663886,STL,CIN,2,1,0,0,SL,SL,L,L,S,,88.7,88.7,-0.26,0.26,0.4,0.4,2651.0,2651.0,208.0,152.0,6.4,6.4,0.55,-0.55,6.6,6.6,cube42_cluster1,3,0.69984895556238,FC,87.63142706302794,-5.957348927875244,5.6153508771929825,cube42_cluster1,1
2025-09-15,592791,592791,457705,PIT,CHC,2,0,2,1,FF,FF,R,R,S,,92.5,92.5,-0.52,-0.52,1.35,1.35,2346.0,2346.0,203.0,203.0,6.9,6.9,-1.07,-1.07,6.12,6.12,cube4_cluster0,983,1.7906126124508697,FF,92.73799323851703,11.87678282989603,11.880818729937886,cube13_cluster0;cube4_cluster0,2
2025-09-15,687377,687377,673490,WSH,ATL,9,1,1,2,CH,CH,R,R,S,,85.3,85.3,-0.67,-0.67,1.19,1.19,1857.0,1857.0,225.0,225.0,6.5,6.5,-1.95,-1.95,6.42,6.42,cube3_cluster0,268,1.2939938106352986,CH,89.73428321085365,11.536857891248982,10.613841731058852,cube12_cluster0;cube13_cluster0;cube3_cluster0;cube4_cluster0,4
2025-09-15,676742,676742,694208,PIT,CHC,5,2,2,2,FF,FF,R,R,B,,98.6,98.6,-0.48,-0.48,1.45,1.45,2635.0,2635.0,212.0,212.0,6.3,6.3,-3.17,-3.17,5.91,5.91,cube6_cluster3,4,2.0992135561849024,FF,96.83250199133,9.898196859286852,14.591325902230212,cube14_cluster0;cube5_cluster0,2
2025-09-15,680694,680694,695657,CWS,BAL,1,2,0,0,FF,FF,R,R,B,,94.3,94.3,0.15,0.15,1.28,1.28,2434.0,2434.0,181.0,181.0,6.3,6.3,-1.05,-1.05,6.56,6.56,cube22_cluster0,44,1.5180072923290528,FC,88.82845332305666,-1.3474977477043035,9.056608779489569,cube12_cluster0;cube13_cluster0;cube22_cluster0;cube23_cluster0,4
2025-09-15,664747,664747,657557,WSH,ATL,9,1,0,0,SL,SL,R,R,S,,88.1,88.1,0.34,0.34,0.53,0.53,2651.0,2651.0,170.0,170.0,7.6,7.6,-2.33,-2.33,5.11,5.11,cube34_cluster0,80,2.1098011832336683,FC,89.12332099959275,-2.9379632103369024,6.342505511607449,,0
2025-09-15,656546,656546,663743,TB,TOR,9,2,1,0,FF,FF,R,R,S,,93.8,93.8,-0.96,-0.96,1.54,1.54,2485.0,2485.0,215.0,215.0,6.5,6.5,-2.25,-2.25,5.9,5.9,cube5_cluster0,516,1.2484531089671116,FF,94.26601183041208,12.58960465467938,11.873748452415477,cube4_cluster0;cube5_cluster0,2
2025-09-15,663574,663574,669357,STL,CIN,7,2,1,2,FF,FF,R,R,X,"Nolan Gorman grounds out, second baseman Matt McLain to first baseman Sal Stewart.",95.7,95.7,-1.29,-1.29,0.76,0.76,2356.0,2356.0,234.0,234.0,6.1,6.1,-2.52,-2.52,5.08,5.08,cube14_cluster0,644,1.3528771765601197,FF,92.67733037261901,12.017251018938115,9.608444861229,cube14_cluster0;cube5_cluster0,2
2025-09-15,686218,686218,596146,LAD,PHI,2,1,0,1,CH,CH,R,R,B,,84.8,84.8,-0.93,-0.93,0.52,0.52,1076.0,1076.0,260.0,260.0,6.3,6.3,-1.01,-1.01,5.49,5.49,cube13_cluster1,3,2.4757237578387588,FS,84.2318346010472,7.0387863377694,1.0515447129672841,cube12_cluster0;cube3_cluster0,2
2025-09-15,621051,621051,691723,CWS,BAL,6,2,2,1,ST,ST,R,R,B,,81.4,81.4,1.44,1.44,-0.3,-0.3,2823.0,2823.0,41.0,41.0,6.8,6.8,-2.45,-2.45,5.76,5.76,cube74_cluster0,95,0.9628675490151161,ST,81.58280060620267,-13.628576142052651,-5.303629922931518,cube73_cluster0;cube74_cluster0,2
2025-09-15,678024,678024,663624,CWS,BAL,7,1,2,0,SI,SI,R,R,X,Ryan Mountcastle lines out sharply to right fielder Mike Tauchman.,94.7,94.7,-1.28,-1.28,0.57,0.57,2075.0,2075.0,213.0,213.0,6.5,6.5,-1.62,-1.62,5.89,5.89,cube4_cluster0,983,0.8279910351919612,FF,92.73799323851703,11.87678282989603,11.880818729937886,cube13_cluster0;cube4_cluster0,2
2025-09-15,595345,595345,680737,HOU,TEX,6,2,0,0,SL,SL,L,L,S,,82.2,82.2,-0.34,0.34,0.91,0.91,2453.0,2453.0,268.0,92.0,6.1,6.1,3.38,-3.38,5.91,5.91,cube59_cluster0,6,1.7132395976658723,SL,85.10288607720291,-4.974455470207517,-0.26360602944668465,,0
2025-09-15,676775,676775,678489,AZ,SF,8,0,1,1,FS,FS,R,R,X,Jorge Barrosa lines out sharply to right fielder Drew Gilbert.,88.9,88.9,-1.21,-1.21,0.18,0.18,1399.0,1399.0,239.0,239.0,6.4,6.4,-1.55,-1.55,6.08,6.08,cube12_cluster0,316,1.613288817441758,CH,89.01009096911115,10.260232782391817,9.292479855944606,cube12_cluster0;cube13_cluster0;cube3_cluster0;cube4_cluster0,4
2025-09-15,677952,677952,694208,PIT,CHC,1,2,0,1,CU,CU,R,R,S,,84.8,84.8,0.92,0.92,-1.06,-1.06,2827.0,2827.0,42.0,42.0,6.2,6.2,-0.79,-0.79,6.41,6.41,cube77_cluster0,15,1.2775417763233639,CU,78.06982973839553,-10.373560444574672,-15.067035103894916,cube72_cluster0;cube73_cluster0,2
2025-09-15,671212,671212,662139,TB,TOR,2,1,0,1,FS,FS,R,R,B,,93.5,93.5,-1.05,-1.05,0.26,0.26,2053.0,2053.0,239.0,239.0,6.4,6.4,-1.22,-1.22,5.78,5.78,cube13_cluster0,1173,1.361654847660392,FF,91.32597348809763,10.933560927718538,9.887490835989844,cube13_cluster0,1
2025-09-15,608650,608650,643565,CWS,BAL,8,0,1,2,FC,FC,L,L,B,,86.9,86.9,0.14,-0.14,0.14,0.14,2196.0,2196.0,224.0,136.0,6.6,6.6,1.85,-1.85,6.33,6.33,cube50_cluster1,3,0.9332663825284294,SL,84.76644083107497,-3.5251273712737126,1.6661102077687442,cube43_cluster0,1
2025-09-15,676263,676263,664056,LAD,PHI,7,1,1,1,SL,SL,L,L,S,,88.3,88.3,-0.18,0.18,0.2,0.2,2253.0,2253.0,207.0,153.0,6.7,6.7,1.35,-1.35,5.88,5.88,cube43_cluster0,144,0.9081068008028084,SL,87.05264300971788,-4.004743073818654,3.6350863620861684,cube33_cluster0;cube43_cluster0,2
2025-09-15,596133,596133,621439,MIN,NYY,7,1,1,0,CH,CH,R,R,S,,88.8,88.8,-1.09,-1.09,0.32,0.32,1887.0,1887.0,219.0,219.0,6.2,6.2,-1.53,-1.53,5.5,5.5,cube13_cluster0,1173,1.2721332917158066,FF,91.32597348809763,10.933560927718538,9.887490835989844,cube13_cluster0,1
2025-09-15,607455,607455,547180,LAD,PHI,1,1,3,1,SI,SI,L,L,S,,96.4,96.4,1.29,-1.29,0.61,0.61,2153.0,2153.0,135.0,225.0,6.3,6.3,2.75,-2.75,5.41,5.41,cube14_cluster0,644,1.0066050255339034,FF,92.67733037261901,12.017251018938115,9.608444861229,cube14_cluster0;cube5_cluster0,2
2025-09-15,669920,669920,669394,HOU,TEX,2,0,0,0,SI,SI,R,R,B,,88.9,88.9,-1.56,-1.56,0.22,0.22,2014.0,2014.0,247.0,247.0,6.2,6.2,-1.55,-1.55,5.65,5.65,cube23_cluster1,15,1.4518106593912812,CH,87.14244152758266,13.779793742871872,-2.1495322200021145,cube13_cluster0,1
2025-09-15,641793,641793,671056,STL,CIN,1,1,3,2,SI,SI,R,R,S,Iván Herrera strikes out swinging.,91.5,91.5,-1.32,-1.32,0.84,0.84,2021.0,2021.0,213.0,213.0,6.3,6.3,-0.74,-0.74,6.0,6.0,cube3_cluster0,268,1.2221786792877967,CH,89.73428321085365,11.536857891248982,10.613841731058852,cube3_cluster0;cube4_cluster0,2
2025-09-15,702056,702056,691406,TB,TOR,1,1,1,2,FF,FF,R,R,S,,96.2,96.2,-0.34,-0.34,1.62,1.62,2285.0,2285.0,198.0,198.0,6.1,6.1,-0.58,-0.58,7.08,7.08,cube22_cluster0,44,2.6692813390399044,FC,88.82845332305666,-1.3474977477043035,9.056608779489569,cube12_cluster0;cube3_cluster0,2
2025-09-15,680730,680730,645277,WSH,ATL,1,2,0,0,FF,FF,L,L,B,,92.4,92.4,0.52,-0.52,1.56,1.56,2034.0,2034.0,158.0,202.0,6.8,6.8,0.98,-0.98,6.45,6.45,cube3_cluster0,268,1.9388808129322403,CH,89.73428321085365,11.536857891248982,10.613841731058852,cube3_cluster0;cube4_cluster0,2
2025-09-15,683175,683175,695336,STL,CIN,8,2,1,2,FF,FF,R,R,S,,98.8,98.8,-0.74,-0.74,1.49,1.49,2401.0,2401.0,223.0,223.0,6.1,6.1,-1.4,-1.4,5.81,5.81,cube4_cluster0,983,1.517908728986873,FF,92.73799323851703,11.87678282989603,11.880818729937886,cube4_cluster0,1
2025-09-15,607074,607074,668904,MIN,NYY,2,0,0,1,FF,FF,L,L,B,,93.3,93.3,1.04,-1.04,1.39,1.39,2366.0,2366.0,146.0,214.0,6.2,6.2,2.06,-2.06,6.46,6.46,cube4_cluster0,983,1.5540892471382888,FF,92.73799323851703,11.87678282989603,11.880818729937886,cube4_cluster0,1
2025-09-15,687863,687863,665833,PIT,CHC,9,1,3,2,SL,SL,R,R,X,"Oneil Cruz grounds out, third baseman Matt Shaw to first baseman Michael Busch. Nick Gonzales to 3rd. Jack Suwinski to 2nd.",85.2,85.2,0.65,0.65,0.59,0.59,2570.0,2570.0,102.0,102.0,7.3,7.3,-2.76,-2.76,5.56,5.56,cube52_cluster1,9,1.5834397581120827,SL,87.17033349644716,-3.7876297283127007,0.844764456834557,,0
2025-09-15,595345,595345,666969,HOU,TEX,6,1,2,2,FF,FF,L,L,X,"Adolis García grounds out, second baseman Jose Altuve to first baseman Christian Walker.",92.3,92.3,0.41,-0.41,1.29,1.29,2046.0,2046.0,139.0,221.0,6.2,6.2,3.27,-3.27,5.98,5.98,cube14_cluster0,644,2.0914029404540257,FF,92.67733037261901,12.017251018938115,9.608444861229,cube13_cluster0;cube4_cluster0,2
2025-09-15,683175,683175,695336,STL,CIN,8,2,0,2,ST,ST,R,R,B,,85.7,85.7,1.43,1.43,-0.16,-0.16,2533.0,2533.0,47.0,47.0,6.2,6.2,-1.67,-1.67,5.6,5.6,cube66_cluster0,381,1.0176105744125148,ST,82.47698152646831,-10.124080234445362,-2.88332382968971,cube66_cluster0;cube73_cluster0,2
2025-09-15,607074,607074,668904,MIN,NYY,2,0,0,0,FF,FF,L,L,S,,93.3,93.3,1.18,-1.18,1.37,1.37,2392.0,2392.0,147.0,213.0,6.2,6.2,2.07,-2.07,6.46,6.46,cube4_cluster0,983,1.590919172849051,FF,92.73799323851703,11.87678282989603,11.880818729937886,cube4_cluster0,1
2025-09-15,647336,647336,663698,PIT,CHC,7,2,0,0,SV,SV,R,R,B,,83.3,83.3,0.57,0.57,-0.86,-0.86,2861.0,2861.0,35.0,35.0,6.2,6.2,-2.65,-2.65,5.78,5.78,cube73_cluster0,327,1.4430940559841834,CU,80.47699441108988,-11.55224395022119,-8.074074661318553,cube73_cluster0;cube74_cluster0,2
2025-09-15,607455,607455,547180,LAD,PHI,1,1,2,1,SL,SL,L,L,B,,86.2,86.2,-0.47,0.47,-0.11,-0.11,2475.0,2475.0,323.0,37.0,6.3,6.3,2.56,-2.56,5.41,5.41,cube67_cluster0,152,1.1307009211569197,ST,83.21108910576972,-12.188986866329156,0.17080679660382098,cube58_cluster0;cube59_cluster1;cube66_cluster0;cube67_cluster0,4
2025-09-15,681517,681517,670770,STL,CIN,9,0,3,0,FF,FF,R,R,B,TJ Friedl walks.,95.1,95.1,-0.46,-0.46,1.46,1.46,2414.0,2414.0,199.0,199.0,7.0,7.0,-2.11,-2.11,5.72,5.72,cube15_cluster1,11,1.4475224972604002,FF,95.07044777791452,10.01799709211646,12.914228470751997,cube14_cluster0;cube5_cluster0,2
2025-09-15,596133,596133,621439,MIN,NYY,7,1,0,0,FC,FC,R,R,B,,93.6,93.6,0.26,0.26,1.15,1.15,2514.0,2514.0,201.0,201.0,6.1,6.1,-1.48,-1.48,5.59,5.59,cube23_cluster0,226,1.2520142104850558,FC,89.98051132303166,-0.8288022207088954,9.04754296913982,cube23_cluster0,1
2025-09-15,664747,664747,671277,WSH,ATL,9,0,2,2,SL,SL,R,R,S,Luis García Jr. called out on strikes.,87.9,87.9,0.3,0.3,0.42,0.42,2644.0,2644.0,178.0,178.0,7.5,7.5,-2.33,-2.33,5.12,5.12,cube34_cluster0,80,1.9339045971771036,FC,89.12332099959275,-2.9379632103369024,6.342505511607449,cube34_cluster0,1
2025-09-15,676263,676263,664056,LAD,PHI,7,1,1,0,SL,SL,L,L,S,,89.4,89.4,-0.36,0.36,0.27,0.27,2374.0,2374.0,178.0,182.0,6.6,6.6,1.5,-1.5,5.9,5.9,cube33_cluster0,169,0.7878245760722512,FC,88.23401695598267,-3.1239005241649638,6.236802891040705,cube33_cluster0,1
2025-09-15,608650,608650,643565,CWS,BAL,8,0,1,2,CH,CH,L,L,S,,85.7,85.7,0.8,-0.8,0.43,0.43,1109.0,1109.0,120.0,240.0,6.1,6.1,1.89,-1.89,6.42,6.42,cube13_cluster1,3,2.0644826235185483,FS,84.2318346010472,7.0387863377694,1.0515447129672841,cube12_cluster0;cube3_cluster0,2
2025-09-15,621051,621051,691723,CWS,BAL,6,2,2,0,FF,FF,R,R,S,,94.0,94.0,-0.26,-0.26,1.47,1.47,2458.0,2458.0,195.0,195.0,6.9,6.9,-2.14,-2.14,5.91,5.91,cube24_cluster0,111,1.6260974171436184,FC,90.39472309229976,-0.35116486760382487,8.906212304019572,cube13_cluster0;cube14_cluster0,2
2025-09-15,686218,686218,596146,LAD,PHI,2,1,0,0,FF,FF,R,R,S,,94.8,94.8,-0.67,-0.67,1.62,1.62,2432.0,2432.0,212.0,212.0,6.6,6.6,-1.03,-1.03,5.53,5.53,cube4_cluster0,983,1.8488010094969198,FF,92.73799323851703,11.87678282989603,11.880818729937886,cube13_cluster0;cube14_cluster0;cube4_cluster0;cube5_cluster0,4
2025-09-15,656546,656546,663743,TB,TOR,9,2,0,0,SL,SL,R,R,B,,84.5,84.5,0.32,0.32,0.25,0.25,2588.0,2588.0,82.0,82.0,6.2,6.2,-2.28,-2.28,5.92,5.92,cube58_cluster0,194,0.8989479764208105,SL,84.5104961347656,-6.359862250696315,0.3949475543105161,cube58_cluster0,1
2025-09-15,668678,668678,646240,AZ,SF,1,2,3,2,CH,CH,R,R,S,Rafael Devers strikes out swinging.,85.8,85.8,-0.95,-0.95,0.26,0.26,1559.0,1559.0,227.0,227.0,6.5,6.5,-3.23,-3.23,5.75,5.75,cube24_cluster1,4,2.171193057842246,CH,87.80202822087334,14.29789321005082,-3.691264304536044,cube13_cluster0,1
2025-09-15,669920,669920,592626,HOU,TEX,1,2,2,1,SI,SI,R,R,X,"Joc Pederson grounds out, second baseman Jose Altuve to first baseman Christian Walker.",91.7,91.7,-1.38,-1.38,0.43,0.43,2124.0,2124.0,244.0,244.0,6.4,6.4,-1.69,-1.69,5.65,5.65,cube13_cluster0,1173,1.0588270545498946,FF,91.32597348809763,10.933560927718538,9.887490835989844,cube13_cluster0;cube4_cluster0,2
2025-09-15,641793,641793,671056,STL,CIN,1,1,3,2,FF,FF,R,R,S,,93.7,93.7,-0.55,-0.55,1.46,1.46,2102.0,2102.0,213.0,213.0,6.4,6.4,-0.63,-0.63,6.05,6.05,cube3_cluster0,268,1.7267763085555474,CH,89.73428321085365,11.536857891248982,10.613841731058852,cube3_cluster0;cube4_cluster0,2
2025-09-15,681911,681911,805249,LAD,PHI,8,2,3,0,FF,FF,L,L,B,Otto Kemp walks.,92.5,92.5,0.46,-0.46,1.81,1.81,2508.0,2508.0,167.0,193.0,6.4,6.4,0.26,-0.26,5.9,5.9,cube22_cluster0,44,2.4789554702713734,FC,88.82845332305666,-1.3474977477043035,9.056608779489569,cube12_cluster0;cube13_cluster0;cube4_cluster0,3
2025-09-15,592791,592791,457705,PIT,CHC,2,0,2,0,FF,FF,R,R,S,,92.0,92.0,-0.51,-0.51,1.5,1.5,2339.0,2339.0,204.0,204.0,6.8,6.8,-1.2,-1.2,6.22,6.22,cube4_cluster0,983,1.7512661153354647,FF,92.73799323851703,11.87678282989603,11.880818729937886,cube13_cluster0;cube4_cluster0,2
2025-09-15,680694,680694,672820,CWS,BAL,1,1,0,2,SL,SL,R,R,S,Lenyn Sosa strikes out swinging.,87.1,87.1,0.72,0.72,-0.33,-0.33,2579.0,2579.0,26.0,26.0,6.4,6.4,-1.01,-1.01,6.39,6.39,cube65_cluster0,52,1.3367367402608494,CU,80.5172691598637,-7.955497641633661,-5.720742174043808,,0
2025-09-15,687377,687377,673490,WSH,ATL,9,1,0,2,CH,CH,R,R,B,,85.9,85.9,-1.15,-1.15,1.02,1.02,2043.0,2043.0,231.0,231.0,6.6,6.6,-2.16,-2.16,6.24,6.24,cube4_cluster0,983,1.2808209126423404,FF,92.73799323851703,11.87678282989603,11.880818729937886,cube13_cluster0;cube4_cluster0,2
2025-09-15,678024,678024,663624,CWS,BAL,7,1,1,0,SI,SI,R,R,B,,95.2,95.2,-1.18,-1.18,0.42,0.42,2109.0,2109.0,230.0,230.0,6.6,6.6,-1.5,-1.5,5.93,5.93,cube4_cluster0,983,1.0871272063409538,FF,92.73799323851703,11.87678282989603,11.880818729937886,cube13_cluster0;cube4_cluster0,2
2025-09-15,669461,669461,701398,STL,CIN,2,1,2,0,FF,FF,L,L,X,Sal Stewart homers (4) on a fly ball to left field.,95.5,95.5,0.64,-0.64,1.39,1.39,2164.0,2164.0,153.0,207.0,6.6,6.6,0.52,-0.52,6.64,6.64,cube3_cluster0,268,2.2396263007369175,CH,89.73428321085365,11.536857891248982,10.613841731058852,cube3_cluster0;cube4_cluster0,2
2025-09-15,680732,680732,691723,CWS,BAL,3,0,1,1,KC,KC,R,R,B,,81.0,81.0,0.06,0.06,-1.2,-1.2,2630.0,2630.0,18.0,18.0,7.1,7.1,-2.13,-2.13,6.28,6.28,cube65_cluster2,4,1.6920608527929066,CU,77.46691308243727,-3.8291129032258064,-11.446518817204302,cube73_cluster0;cube74_cluster0,2
2025-09-15,829272,829272,621566,WSH,ATL,7,0,0,1,FF,FF,L,L,S,,92.4,92.4,0.85,-0.85,1.39,1.39,2249.0,2249.0,143.0,217.0,6.3,6.3,1.74,-1.74,5.56,5.56,cube4_cluster0,983,0.9606867614675138,FF,92.73799323851703,11.87678282989603,11.880818729937886,cube13_cluster0;cube4_cluster0,2
2025-09-15,676742,676742,694208,PIT,CHC,5,2,2,1,FF,FF,R,R,S,,96.5,96.5,-0.23,-0.23,1.4,1.4,2486.0,2486.0,212.0,212.0,6.4,6.4,-3.19,-3.19,5.91,5.91,cube6_cluster3,4,1.8973233992331244,FF,96.83250199133,9.898196859286852,14.591325902230212,cube14_cluster0,1
2025-09-15,683004,683004,514888,HOU,TEX,1,0,1,0,SL,SL,R,R,B,,89.6,89.6,0.4,0.4,0.5,0.5,2551.0,2551.0,156.0,156.0,6.8,6.8,-1.3,-1.3,5.7,5.7,cube43_cluster0,144,1.1161302163797493,SL,87.05264300971788,-4.004743073818654,3.6350863620861684,cube33_cluster0;cube34_cluster0;cube43_cluster0;cube44_cluster0,4
2025-09-15,687863,687863,665833,PIT,CHC,9,1,3,1,SL,SL,R,R,S,,87.0,87.0,0.72,0.72,0.65,0.65,2652.0,2652.0,86.0,86.0,7.2,7.2,-2.68,-2.68,5.59,5.59,cube52_cluster1,9,1.6283788337415752,SL,87.17033349644716,-3.7876297283127007,0.844764456834557,,0
2025-09-15,671212,671212,662139,TB,TOR,2,1,0,0,SL,SL,R,R,S,,89.2,89.2,0.5,0.5,-0.1,-0.1,2718.0,2718.0,101.0,101.0,6.5,6.5,-1.17,-1.17,5.81,5.81,cube51_cluster0,138,1.1582728308568928,SL,86.5599691183964,-4.203859573250014,1.5652746114364327,cube58_cluster0,1
2025-09-15,680730,680730,660670,WSH,ATL,1,0,2,2,FS,FS,L,L,X,"Ronald Acuña Jr. grounds into a double play, third baseman Paul DeJong to second baseman Luis García Jr. to first baseman Josh Bell. Jurickson Profar to 3rd. Matt Olson out at 2nd. Ronald Acuña Jr. out at 1st.",86.0,86.0,0.68,-0.68,1.19,1.19,873.0,873.0,145.0,215.0,6.9,6.9,1.64,-1.64,6.21,6.21,cube13_cluster1,3,1.9375505171154876,FS,84.2318346010472,7.0387863377694,1.0515447129672841,,0
2025-09-15,657424,657424,606466,AZ,SF,5,2,1,1,CH,CH,L,L,X,"Ketel Marte grounds out, shortstop Willy Adames to first baseman Rafael Devers.",84.8,84.8,0.56,-0.56,0.45,0.45,1147.0,1147.0,130.0,230.0,6.4,6.4,2.37,-2.37,5.99,5.99,cube13_cluster1,3,1.493310761129733,FS,84.2318346010472,7.0387863377694,1.0515447129672841,cube12_cluster0;cube13_cluster0;cube3_cluster0;cube4_cluster0,4
2025-09-15,675911,675911,671277,WSH,ATL,2,0,1,1,CH,CH,R,R,B,,86.5,86.5,-1.42,-1.42,0.5,0.5,2017.0,2017.0,230.0,230.0,7.1,7.1,-1.9,-1.9,5.7,5.7,cube14_cluster0,644,1.618129574738831,FF,92.67733037261901,12.017251018938115,9.608444861229,cube13_cluster0;cube14_cluster0;cube4_cluster0;cube5_cluster0,4
2025-09-15,687911,687911,669394,HOU,TEX,8,1,2,2,FF,FF,L,L,S,,91.8,91.8,0.57,-0.57,1.26,1.26,2159.0,2159.0,141.0,219.0,6.6,6.6,2.85,-2.85,5.5,5.5,cube14_cluster0,644,1.1358601066878438,FF,92.67733037261901,12.017251018938115,9.608444861229,cube14_cluster0;cube5_cluster0,2
2025-09-15,669276,669276,665953,WSH,ATL,8,2,3,2,FF,FF,L,L,S,,94.8,94.8,0.48,-0.48,1.74,1.74,2406.0,2406.0,158.0,202.0,6.3,6.3,1.52,-1.52,6.63,6.63,cube22_cluster0,44,2.0557823044544072,FC,88.82845332305666,-1.3474977477043035,9.056608779489569,cube12_cluster0;cube13_cluster0;cube3_cluster0;cube4_cluster0,4
2025-09-15,681892,681892,641857,MIN,NYY,7,2,1,2,ST,ST,L,L,B,,84.7,84.7,-1.01,1.01,-0.33,-0.33,2484.0,2484.0,314.0,46.0,7.3,7.3,2.44,-2.44,5.47,5.47,cube74_cluster0,95,1.541686545871435,ST,81.58280060620267,-13.628576142052651,-5.303629922931518,cube67_cluster0,1
2025-09-15,663893,663893,666139,TB,TOR,6,2,2,2,KC,KC,L,L,X,"Josh Lowe grounds out, second baseman Ernie Clement to first baseman Vladimir Guerrero Jr.",86.3,86.3,-0.59,0.59,-0.97,-0.97,2181.0,2181.0,334.0,26.0,5.7,5.7,1.91,-1.91,6.23,6.23,cube72_cluster0,77,1.6267101195649176,CU,78.89146033796635,-9.531561177600954,-10.534460563196083,,0
2025-09-15,668933,668933,699625,STL,CIN,7,0,0,0,FC,FC,R,R,S,,95.3,95.3,0.29,0.29,0.71,0.71,2445.0,2445.0,190.0,190.0,5.5,5.5,-0.25,-0.25,6.5,6.5,cube22_cluster0,44,2.2246482076693646,FC,88.82845332305666,-1.3474977477043035,9.056608779489569,,0
2025-09-15,688497,688497,672275,AZ,SF,7,2,0,1,FS,FS,R,R,S,,83.7,83.7,-1.2,-1.2,0.29,0.29,1394.0,1394.0,224.0,224.0,6.5,6.5,-0.52,-0.52,6.33,6.33,cube3_cluster0,268,2.1357472817128564,CH,89.73428321085365,11.536857891248982,10.613841731058852,cube3_cluster0,1
2025-09-15,502085,502085,571970,LAD,PHI,10,2,0,2,KC,KC,R,R,B,,87.7,87.7,0.38,0.38,-0.78,-0.78,2763.0,2763.0,31.0,31.0,6.4,6.4,-2.77,-2.77,5.7,5.7,cube74_cluster0,95,1.5985524317479003,ST,81.58280060620267,-13.628576142052651,-5.303629922931518,,0
2025-09-15,681676,681676,682829,STL,CIN,8,1,1,0,CH,CH,R,R,B,,87.1,87.1,-1.17,-1.17,0.82,0.82,1398.0,1398.0,231.0,231.0,6.4,6.4,-1.99,-1.99,5.8,5.8,cube3_cluster0,268,1.5617870553699578,CH,89.73428321085365,11.536857891248982,10.613841731058852,cube3_cluster0;cube4_cluster0,2
2025-09-15,686973,686973,650490,TB,TOR,8,2,3,0,SI,SI,R,R,B,Yandy Díaz walks.,97.5,97.5,-1.4,-1.4,0.87,0.87,2112.0,2112.0,223.0,223.0,6.7,6.7,-2.9,-2.9,5.4,5.4,cube14_cluster0,644,1.1268880457082606,FF,92.67733037261901,12.017251018938115,9.608444861229,cube5_cluster0,1
2025-09-15,678906,678906,672515,AZ,SF,1,1,0,1,ST,ST,R,R,S,,84.5,84.5,1.56,1.56,0.09,0.09,2758.0,2758.0,58.0,58.0,6.5,6.5,-2.39,-2.39,5.42,5.42,cube67_cluster0,152,0.7886015259892146,ST,83.21108910576972,-12.188986866329156,0.17080679660382098,cube67_cluster0;cube74_cluster0,2
2025-09-15,661395,661395,660271,LAD,PHI,9,2,0,1,FF,FF,R,R,B,,102.2,102.2,-1.28,-1.28,0.97,0.97,2069.0,2069.0,233.0,233.0,6.2,6.2,-2.21,-2.21,5.92,5.92,cube4_cluster0,983,1.3906608808692225,FF,92.73799323851703,11.87678282989603,11.880818729937886,cube4_cluster0;cube5_cluster0,2
2025-09-15,621381,621381,500743,LAD,PHI,8,2,2,1,SL,SL,L,L,S,,80.9,80.9,-0.43,0.43,0.44,0.44,2606.0,2606.0,239.0,121.0,6.0,6.0,1.69,-1.69,5.49,5.49,cube52_cluster0,25,1.4581310784416621,SL,87.17795916965139,-4.451177468094217,2.170340230630463,cube51_cluster0,1
2025-09-15,641302,641302,702616,CWS,BAL,6,2,1,0,SI,SI,L,L,B,,92.0,92.0,1.32,-1.32,0.64,0.64,2116.0,2116.0,137.0,223.0,6.2,6.2,2.12,-2.12,5.31,5.31,cube14_cluster0,644,0.9678156771388685,FF,92.67733037261901,12.017251018938115,9.608444861229,cube13_cluster0;cube14_cluster0;cube4_cluster0;cube5_cluster0,4
2025-09-15,701487,701487,502671,MIN,NYY,9,2,1,1,CH,CH,R,R,X,"Paul Goldschmidt grounds out softly, pitcher Pierson Ohl to first baseman Edouard Julien.",81.5,81.5,-0.83,-0.83,0.69,0.69,2200.0,2200.0,253.0,253.0,6.4,6.4,-0.92,-0.92,5.99,5.99,cube12_cluster0,316,1.6729023503604366,CH,89.01009096911115,10.260232782391817,9.292479855944606,,0
2025-09-15,680573,680573,519317,MIN,NYY,1,2,0,0,SL,SL,R,R,S,,84.7,84.7,0.47,0.47,0.17,0.17,2210.0,2210.0,178.0,178.0,6.6,6.6,-1.49,-1.49,6.18,6.18,cube32_cluster0,41,1.1058803555132874,SL,87.45742516293836,-3.2707771382581203,5.520714440411837,cube32_cluster0;cube33_cluster0,2
2025-09-15,669704,669704,643217,CWS,BAL,6,2,0,0,FC,FC,R,R,S,,91.7,91.7,0.46,0.46,0.54,0.54,2575.0,2575.0,161.0,161.0,6.3,6.3,-1.26,-1.26,5.91,5.91,cube43_cluster0,144,1.073278519762734,SL,87.05264300971788,-4.004743073818654,3.6350863620861684,cube33_cluster0;cube43_cluster0,2
2025-09-15,664192,664192,672695,AZ,SF,6,1,1,2,FF,FF,L,L,S,,93.0,93.0,0.47,-0.47,1.06,1.06,2353.0,2353.0,144.0,216.0,6.2,6.2,2.59,-2.59,5.7,5.7,cube24_cluster0,111,1.2489798720862901,FC,90.39472309229976,-0.35116486760382487,8.906212304019572,cube13_cluster0;cube14_cluster0,2
2025-09-15,677952,677952,694208,PIT,CHC,1,2,0,0,FF,FF,R,R,S,,97.1,97.1,-1.06,-1.06,1.35,1.35,2404.0,2404.0,222.0,222.0,6.4,6.4,-1.0,-1.0,6.11,6.11,cube4_cluster0,983,1.5936678931263968,FF,92.73799323851703,11.87678282989603,11.880818729937886,cube4_cluster0,1
2025-09-15,663574,663574,669357,STL,CIN,7,2,0,2,FF,FF,R,R,B,,95.8,95.8,-1.24,-1.24,0.83,0.83,2369.0,2369.0,231.0,231.0,6.2,6.2,-2.52,-2.52,5.1,5.1,cube14_cluster0,644,1.2041792010134718,FF,92.67733037261901,12.017251018938115,9.608444861229,cube14_cluster0;cube5_cluster0,2
2025-09-15,624133,624133,518692,LAD,PHI,2,0,1,1,CU,CU,L,L,S,,74.6,74.6,-0.88,0.88,-0.7,-0.7,2087.0,2087.0,309.0,51.0,6.1,6.1,2.23,-2.23,5.66,5.66,cube72_cluster1,4,0.752747335144846,CU,73.14815617664787,-13.649330552782773,-9.00283815300432,cube66_cluster0;cube72_cluster1;cube73_cluster0,3
2025-09-15,700669,700669,680574,STL,CIN,9,2,3,2,FC,FC,R,R,X,Matt McLain flies out to right fielder Nathan Church.,87.9,87.9,-0.3,-0.3,-0.19,-0.19,2393.0,2393.0,60.0,60.0,6.4,6.4,-1.59,-1.59,6.12,6.12,cube57_cluster0,32,1.1636907974117068,SL,83.65118122149555,-5.010806328553835,-0.8552029953918647,cube51_cluster0;cube58_cluster0,2
2025-09-15,701519,701519,663757,MIN,NYY,8,2,3,1,FF,FF,R,R,S,,94.9,94.9,-0.41,-0.41,1.22,1.22,2339.0,2339.0,212.0,212.0,6.1,6.1,-0.73,-0.73,6.15,6.15,cube22_cluster0,44,1.5001542534434147,FC,88.82845332305666,-1.3474977477043035,9.056608779489569,cube12_cluster0;cube13_cluster0,2
2025-09-15,676775,676775,678489,AZ,SF,8,0,0,1,FS,FS,R,R,B,,88.1,88.1,-1.2,-1.2,0.12,0.12,1402.0,1402.0,236.0,236.0,6.4,6.4,-1.62,-1.62,5.98,5.98,cube12_cluster0,316,1.6607326627394308,CH,89.01009096911115,10.260232782391817,9.292479855944606,cube12_cluster0;cube13_cluster0;cube3_cluster0;cube4_cluster0,4
2025-09-15,664294,664294,664023,PIT,CHC,9,2,1,2,SL,SL,R,R,X,Ian Happ flies out to left fielder Tommy Pham.,84.3,84.3,-0.07,-0.07,-0.02,-0.02,2165.0,2165.0,288.0,288.0,6.3,6.3,-1.06,-1.06,6.0,6.0,cube58_cluster2,5,2.417972284799714,SL,85.46595452823905,-0.04526262806992336,-2.641776233356624,,0
2025-09-15,680755,680755,664040,TB,TOR,11,0,0,1,SL,SL,R,R,S,,86.6,86.6,0.36,0.36,0.13,0.13,2364.0,2364.0,159.0,159.0,5.5,5.5,0.54,0.54,6.6,6.6,cube42_cluster1,3,2.5504424160764243,FC,87.63142706302794,-5.957348927875244,5.6153508771929825,,0
2025-09-15,693312,693312,694208,PIT,CHC,7,1,0,2,FF,FF,R,R,S,Moisés Ballesteros strikes out swinging.,98.8,98.8,-0.45,-0.45,1.34,1.34,2396.0,2396.0,213.0,213.0,7.1,7.1,-0.94,-0.94,6.06,6.06,cube4_cluster0,983,2.1959943048995187,FF,92.73799323851703,11.87678282989603,11.880818729937886,cube13_cluster0;cube14_cluster0;cube4_cluster0;cube5_cluster0,4
2025-09-15,689147,689147,606192,LAD,PHI,7,2,0,2,ST,ST,R,R,S,Teoscar Hernández strikes out swinging.,87.5,87.5,0.64,0.64,-0.22,-0.22,2896.0,2896.0,60.0,60.0,6.2,6.2,-1.54,-1.54,5.47,5.47,cube66_cluster0,381,1.3872591700598498,ST,82.47698152646831,-10.124080234445362,-2.88332382968971,cube66_cluster0;cube67_cluster0,2
2025-09-15,664076,664076,662139,TB,TOR,7,2,0,0,ST,ST,L,L,S,,79.9,79.9,-1.4,1.4,0.01,0.01,2826.0,2826.0,296.0,64.0,5.8,5.8,1.45,-1.45,5.03,5.03,cube65_cluster1,5,1.4859742317986313,ST,79.83113104371454,-13.87824519299928,1.6911752817070245,cube73_cluster0,1
2025-09-15,688297,688297,680574,STL,CIN,7,1,0,0,SI,SI,R,R,X,Matt McLain hits a ground-rule double (17) on a line drive to right field. Tyler Stephenson scores. Elly De La Cruz scores.,95.9,95.9,-1.51,-1.51,0.53,0.53,1918.0,1918.0,254.0,254.0,6.9,6.9,-1.76,-1.76,5.0,5.0,cube6_cluster0,11,1.7834949158096034,FF,94.93316427873066,12.825740892008225,12.6853773304967,,0
2025-09-15,702056,702056,691406,TB,TOR,1,1,1,2,FS,FS,R,R,S,,85.0,85.0,-0.93,-0.93,0.41,0.41,1548.0,1548.0,218.0,218.0,5.9,5.9,-0.53,-0.53,7.19,7.19,cube3_cluster0,268,2.7629836774482266,CH,89.73428321085365,11.536857891248982,10.613841731058852,,0
2025-09-15,666711,666711,545121,AZ,SF,6,0,1,2,SL,SL,R,R,B,,92.2,92.2,0.47,0.47,-0.16,-0.16,2706.0,2706.0,108.0,108.0,5.6,5.6,-1.05,-1.05,5.96,5.96,cube57_cluster1,5,1.342973784629994,SL,84.4555766444267,-4.522769280798219,-0.11781077608958196,,0
2025-09-15,502085,502085,571970,LAD,PHI,10,2,0,1,FC,FC,R,R,S,,93.3,93.3,0.21,0.21,1.16,1.16,2719.0,2719.0,198.0,198.0,6.5,6.5,-2.8,-2.8,5.75,5.75,cube24_cluster0,111,1.3716856949623464,FC,90.39472309229976,-0.35116486760382487,8.906212304019572,cube24_cluster0,1
2025-09-15,641793,641793,671056,STL,CIN,1,1,2,2,FS,FS,R,R,B,,83.7,83.7,-1.22,-1.22,0.26,0.26,1145.0,1145.0,244.0,244.0,6.3,6.3,-0.43,-0.43,6.05,6.05,cube3_cluster0,268,2.5681754664463723,CH,89.73428321085365,11.536857891248982,10.613841731058852,cube12_cluster0,1
2025-09-15,592791,592791,457705,PIT,CHC,2,0,1,0,ST,ST,R,R,B,,79.8,79.8,1.3,1.3,-0.02,-0.02,2697.0,2697.0,56.0,56.0,6.7,6.7,-1.22,-1.22,6.2,6.2,cube65_cluster0,52,1.594224349787267,CU,80.5172691598637,-7.955497641633661,-5.720742174043808,cube66_cluster0;cube73_cluster0,2
2025-09-15,622554,622554,656484,TB,TOR,7,2,3,0,FF,FF,R,R,X,"Tristan Gray grounds out, second baseman Ernie Clement to first baseman Vladimir Guerrero Jr.",96.7,96.7,-0.48,-0.48,1.2,1.2,2380.0,2380.0,215.0,215.0,6.6,6.6,-2.05,-2.05,5.36,5.36,cube5_cluster0,516,1.0224396895132721,FF,94.26601183041208,12.58960465467938,11.873748452415477,cube14_cluster0,1
2025-09-15,624133,624133,518692,LAD,PHI,2,0,0,1,SI,SI,L,L,B,,90.6,90.6,1.08,-1.08,0.26,0.26,1912.0,1912.0,137.0,223.0,6.0,6.0,2.35,-2.35,5.51,5.51,cube23_cluster1,15,1.342484635763207,CH,87.14244152758266,13.779793742871872,-2.1495322200021145,cube13_cluster0,1
2025-09-15,702056,702056,691406,TB,TOR,1,1,1,1,FF,FF,R,R,S,,95.5,95.5,-0.17,-0.17,1.72,1.72,2404.0,2404.0,192.0,192.0,6.1,6.1,-0.45,-0.45,7.14,7.14,cube42_cluster1,3,2.6953549114178084,FC,87.63142706302794,-5.957348927875244,5.6153508771929825,cube12_cluster0,1
2025-09-15,688297,688297,663647,STL,CIN,7,0,0,0,SI,SI,R,R,X,"Ke'Bryan Hayes grounds out, shortstop Thomas Saggese to first baseman Willson Contreras. Tyler Stephenson to 3rd. Elly De La Cruz to 2nd.",96.8,96.8,-1.54,-1.54,0.46,0.46,1924.0,1924.0,253.0,253.0,7.0,7.0,-1.68,-1.68,5.1,5.1,cube6_cluster0,11,1.7754969888206604,FF,94.93316427873066,12.825740892008225,12.6853773304967,,0
2025-09-15,680755,680755,664040,TB,TOR,11,0,0,0,FF,FF,R,R,S,,92.3,92.3,-0.17,-0.17,1.19,1.19,2192.0,2192.0,203.0,203.0,5.6,5.6,0.49,0.49,6.63,6.63,cube22_cluster0,44,3.014494641750668,FC,88.82845332305666,-1.3474977477043035,9.056608779489569,,0
2025-09-15,669920,669920,592626,HOU,TEX,1,2,1,1,CH,CH,R,R,B,,80.9,80.9,-1.44,-1.44,-0.03,-0.03,1799.0,1799.0,273.0,273.0,6.8,6.8,-1.48,-1.48,5.6,5.6,cube23_cluster1,15,1.8974949754097765,CH,87.14244152758266,13.779793742871872,-2.1495322200021145,cube13_cluster0,1
2025-09-15,686973,686973,650490,TB,TOR,8,2,2,0,SL,SL,R,R,B,,93.0,93.0,0.2,0.2,0.93,0.93,2408.0,2408.0,206.0,206.0,6.9,6.9,-3.1,-3.1,5.41,5.41,cube24_cluster0,111,1.2845090950231164,FC,90.39472309229976,-0.35116486760382487,8.906212304019572,cube24_cluster0,1
2025-09-15,595345,595345,666969,HOU,TEX,6,1,1,2,SL,SL,L,L,B,,82.4,82.4,-0.96,0.96,0.19,0.19,2565.0,2565.0,285.0,75.0,6.2,6.2,3.18,-3.18,5.93,5.93,cube59_cluster0,6,1.0734084018626275,SL,85.10288607720291,-4.974455470207517,-0.26360602944668465,cube66_cluster0,1
2025-09-15,669276,669276,665953,WSH,ATL,8,2,3,2,SL,SL,L,L,S,,84.6,84.6,-0.25,0.25,0.51,0.51,2095.0,2095.0,163.0,197.0,6.4,6.4,1.73,-1.73,6.45,6.45,cube32_cluster0,41,1.1897630795703151,SL,87.45742516293836,-3.2707771382581203,5.520714440411837,cube22_cluster0;cube23_cluster0;cube32_cluster0;cube33_cluster0,4
2025-09-15,656546,656546,663968,TB,TOR,9,2,3,0,FF,FF,R,R,B,Jake Mangum walks.,94.1,94.1,-0.99,-0.99,1.49,1.49,2479.0,2479.0,219.0,219.0,6.4,6.4,-2.1,-2.1,5.81,5.81,cube5_cluster0,516,1.1516699384303974,FF,94.26601183041208,12.58960465467938,11.873748452415477,cube4_cluster0;cube5_cluster0,2
2025-09-15,678906,678906,672515,AZ,SF,1,1,0,0,ST,ST,R,R,S,,85.0,85.0,1.23,1.23,0.04,0.04,2782.0,2782.0,60.0,60.0,6.4,6.4,-2.28,-2.28,5.4,5.4,cube67_cluster0,152,0.6698115802389264,ST,83.21108910576972,-12.188986866329156,0.17080679660382098,cube66_cluster0;cube67_cluster0;cube73_cluster0;cube74_cluster0,4
2025-09-15,664192,664192,672695,AZ,SF,6,1,1,1,SI,SI,L,L,S,,91.5,91.5,1.09,-1.09,1.19,1.19,2329.0,2329.0,163.0,197.0,6.2,6.2,2.29,-2.29,6.09,6.09,cube4_cluster0,983,1.2773059054768865,FF,92.73799323851703,11.87678282989603,11.880818729937886,cube13_cluster0;cube4_cluster0,2
2025-09-15,657424,657424,606466,AZ,SF,5,2,0,1,CH,CH,L,L,B,,85.7,85.7,1.23,-1.23,0.5,0.5,1312.0,1312.0,138.0,222.0,6.4,6.4,2.36,-2.36,6.02,6.02,cube13_cluster1,3,1.8753680587295798,FS,84.2318346010472,7.0387863377694,1.0515447129672841,cube3_cluster0;cube4_cluster0,2
2025-09-15,683175,683175,695336,STL,CIN,8,2,0,1,ST,ST,R,R,S,,87.1,87.1,1.47,1.47,-0.08,-0.08,2601.0,2601.0,53.0,53.0,5.9,5.9,-1.77,-1.77,5.63,5.63,cube65_cluster1,5,1.2375119024870465,ST,79.83113104371454,-13.87824519299928,1.6911752817070245,cube66_cluster0;cube73_cluster0,2
2025-09-15,701519,701519,663757,MIN,NYY,8,2,2,1,FF,FF,R,R,B,,96.2,96.2,-0.42,-0.42,1.41,1.41,2338.0,2338.0,211.0,211.0,6.1,6.1,-1.0,-1.0,6.13,6.13,cube22_cluster0,44,1.5568823050630995,FC,88.82845332305666,-1.3474977477043035,9.056608779489569,cube12_cluster0;cube13_cluster0;cube3_cluster0;cube4_cluster0,4
2025-09-15,687377,687377,673490,WSH,ATL,9,1,0,1,FF,FF,R,R,S,,96.9,96.9,-0.48,-0.48,1.53,1.53,2662.0,2662.0,209.0,209.0,6.5,6.5,-1.77,-1.77,6.52,6.52,cube4_cluster0,983,2.1770101082635516,FF,92.73799323851703,11.87678282989603,11.880818729937886,cube13_cluster0;cube4_cluster0,2
2025-09-15,664747,664747,671277,WSH,ATL,9,0,2,2,SL,SL,R,R,S,,85.2,85.2,0.13,0.13,0.42,0.42,2564.0,2564.0,183.0,183.0,7.6,7.6,-2.53,-2.53,5.17,5.17,cube34_cluster0,80,2.106173709508453,FC,89.12332099959275,-2.9379632103369024,6.342505511607449,cube34_cluster0,1
2025-09-15,687863,687863,665833,PIT,CHC,9,1,2,1,SL,SL,R,R,B,,87.1,87.1,0.84,0.84,0.22,0.22,2595.0,2595.0,67.0,67.0,7.3,7.3,-2.66,-2.66,5.62,5.62,cube59_cluster3,4,1.5907987060145157,SL,85.12251530257362,-5.961374472524924,0.02102759100394158,cube67_cluster0,1
2025-09-15,680573,680573,641355,MIN,NYY,1,1,0,2,FS,FS,R,R,X,Cody Bellinger pops out to shortstop Brooks Lee.,84.9,84.9,-0.37,-0.37,0.55,0.55,639.0,639.0,231.0,231.0,6.8,6.8,-1.46,-1.46,6.24,6.24,cube13_cluster1,3,1.547437181976,FS,84.2318346010472,7.0387863377694,1.0515447129672841,,0
2025-09-15,681517,681517,670770,STL,CIN,9,0,2,0,SL,SL,R,R,B,,90.8,90.8,0.53,0.53,0.45,0.45,2375.0,2375.0,173.0,173.0,6.7,6.7,-2.32,-2.32,5.65,5.65,cube34_cluster0,80,0.5777502098026254,FC,89.12332099959275,-2.9379632103369024,6.342505511607449,cube33_cluster0;cube34_cluster0,2
2025-09-15,677952,677952,664023,PIT,CHC,1,1,1,2,CU,CU,R,R,S,Ian Happ strikes out swinging.,84.8,84.8,0.65,0.65,-1.09,-1.09,2749.0,2749.0,36.0,36.0,6.1,6.1,-0.85,-0.85,6.36,6.36,cube77_cluster0,15,1.1879937208623494,CU,78.06982973839553,-10.373560444574672,-15.067035103894916,cube72_cluster0;cube73_cluster0,2
2025-09-15,656222,656222,656305,AZ,SF,9,2,3,1,FF,FF,L,L,X,Matt Chapman pops out to second baseman Ketel Marte.,92.2,92.2,0.27,-0.27,1.47,1.47,2093.0,2093.0,150.0,210.0,6.3,6.3,1.3,-1.3,5.87,5.87,cube4_cluster0,983,1.3589680264618602,FF,92.73799323851703,11.87678282989603,11.880818729937886,cube13_cluster0;cube4_cluster0,2
2025-09-15,663893,663893,666139,TB,TOR,6,2,2,2,FC,FC,L,L,S,,93.3,93.3,0.1,-0.1,0.51,0.51,2271.0,2271.0,119.0,241.0,5.8,5.8,2.06,-2.06,6.14,6.14,cube23_cluster0,226,1.7331270044438292,FC,89.98051132303166,-0.8288022207088954,9.04754296913982,cube22_cluster0;cube23_cluster0,2
2025-09-15,669461,669461,701398,STL,CIN,2,1,1,0,CU,CU,L,L,B,,78.9,78.9,-0.72,0.72,-1.4,-1.4,3034.0,3034.0,338.0,22.0,6.4,6.4,0.56,-0.56,6.64,6.64,cube77_cluster0,15,1.6426273820298096,CU,78.06982973839553,-10.373560444574672,-15.067035103894916,,0
2025-09-15,675911,675911,671277,WSH,ATL,2,0,0,1,CH,CH,R,R,B,,85.7,85.7,-1.19,-1.19,0.61,0.61,2143.0,2143.0,227.0,227.0,6.9,6.9,-1.92,-1.92,5.79,5.79,cube13_cluster0,1173,1.2559762685696727,FF,91.32597348809763,10.933560927718538,9.887490835989844,cube13_cluster0;cube14_cluster0,2
2025-09-15,641302,641302,702616,CWS,BAL,6,2,0,0,ST,ST,L,L,B,,80.5,80.5,-1.27,1.27,0.39,0.39,2585.0,2585.0,276.0,84.0,6.1,6.1,2.28,-2.28,5.09,5.09,cube67_cluster0,152,1.4099463751286971,ST,83.21108910576972,-12.188986866329156,0.17080679660382098,cube66_cluster0;cube67_cluster0,2
2025-09-15,621381,621381,500743,LAD,PHI,8,2,2,0,FF,FF,L,L,S,,91.3,91.3,1.18,-1.18,1.34,1.34,2481.0,2481.0,135.0,225.0,6.3,6.3,1.59,-1.59,5.27,5.27,cube5_cluster0,516,1.492392356646544,FF,94.26601183041208,12.58960465467938,11.873748452415477,cube13_cluster0;cube14_cluster0;cube4_cluster0;cube5_cluster0,4
2025-09-15,607074,607074,807712,MIN,NYY,1,2,2,2,CH,CH,L,L,X,"Luke Keaschall grounds out, third baseman Ryan McMahon to first baseman Paul Goldschmidt.",85.4,85.4,1.45,-1.45,0.4,0.4,1745.0,1745.0,131.0,229.0,6.1,6.1,2.43,-2.43,6.27,6.27,cube12_cluster0,316,1.7405509147036702,CH,89.01009096911115,10.260232782391817,9.292479855944606,cube12_cluster0;cube13_cluster0;cube3_cluster0;cube4_cluster0,4
2025-09-15,676263,676263,664056,LAD,PHI,7,1,0,0,FF,FF,L,L,B,,94.0,94.0,0.36,-0.36,1.63,1.63,2495.0,2495.0,156.0,204.0,6.8,6.8,0.89,-0.89,5.82,5.82,cube4_cluster0,983,2.1507074595666484,FF,92.73799323851703,11.87678282989603,11.880818729937886,cube13_cluster0;cube4_cluster0,2
2025-09-15,680732,680732,691723,CWS,BAL,3,0,0,1,FF,FF,R,R,B,,96.2,96.2,-0.65,-0.65,1.48,1.48,2761.0,2761.0,198.0,198.0,6.9,6.9,-2.19,-2.19,6.38,6.38,cube5_cluster0,516,2.3618267921787783,FF,94.26601183041208,12.58960465467938,11.873748452415477,cube13_cluster0;cube14_cluster0,2
2025-09-15,701487,701487,502671,MIN,NYY,9,2,0,1,FC,FC,R,R,B,,86.7,86.7,0.11,0.11,0.92,0.92,2312.0,2312.0,213.0,213.0,6.3,6.3,-0.93,-0.93,5.91,5.91,cube22_cluster0,44,0.976724211267489,FC,88.82845332305666,-1.3474977477043035,9.056608779489569,cube22_cluster0;cube23_cluster0,2
2025-09-15,668678,668678,646240,AZ,SF,1,2,2,2,FF,FF,R,R,B,,95.5,95.5,-0.34,-0.34,1.17,1.17,2237.0,2237.0,210.0,210.0,6.3,6.3,-2.99,-2.99,6.03,6.03,cube5_cluster0,516,1.8105045156666115,FF,94.26601183041208,12.58960465467938,11.873748452415477,cube13_cluster0;cube14_cluster0,2
2025-09-15,686218,686218,805249,LAD,PHI,2,0,0,1,SL,SL,R,R,X,"Otto Kemp grounds out, third baseman Max Muncy to first baseman Freddie Freeman.",85.9,85.9,0.18,0.18,0.23,0.23,2354.0,2354.0,168.0,168.0,6.5,6.5,-1.18,-1.18,5.37,5.37,cube43_cluster0,144,1.383155366943011,SL,87.05264300971788,-4.004743073818654,3.6350863620861684,cube33_cluster0;cube43_cluster0,2
2025-09-15,666711,666711,545121,AZ,SF,6,0,1,1,FF,FF,R,R,S,,99.8,99.8,-0.46,-0.46,1.27,1.27,2318.0,2318.0,212.0,212.0,5.7,5.7,-1.09,-1.09,5.99,5.99,cube22_cluster0,44,1.894895357957112,FC,88.82845332305666,-1.3474977477043035,9.056608779489569,cube12_cluster0;cube13_cluster0;cube3_cluster0;cube4_cluster0,4
2025-09-15,596133,596133,666397,MIN,NYY,7,1,3,0,FF,FF,R,R,B,Edouard Julien walks.,95.9,95.9,-0.74,-0.74,1.56,1.56,2388.0,2388.0,204.0,204.0,6.1,6.1,-1.51,-1.51,5.57,5.57,cube4_cluster0,983,1.5625361898616874,FF,92.73799323851703,11.87678282989603,11.880818729937886,cube13_cluster0;cube4_cluster0,2
2025-09-15,681676,681676,682829,STL,CIN,8,1,0,0,SL,SL,R,R,B,,86.1,86.1,0.28,0.28,-0.06,-0.06,2649.0,2649.0,87.0,87.0,6.2,6.2,-1.94,-1.94,5.94,5.94,cube58_cluster0,194,0.8432204047855694,SL,84.5104961347656,-6.359862250696315,0.3949475543105161,cube58_cluster0,1
2025-09-15,647336,647336,669261,PIT,CHC,7,1,0,1,FF,FF,R,R,X,Jack Suwinski flies out to left fielder Ian Happ.,96.7,96.7,-0.81,-0.81,1.23,1.23,2640.0,2640.0,226.0,226.0,6.3,6.3,-2.64,-2.64,5.6,5.6,cube5_cluster0,516,1.4230530901665666,FF,94.26601183041208,12.58960465467938,11.873748452415477,cube14_cluster0;cube5_cluster0,2
2025-09-15,700669,700669,680574,STL,CIN,9,2,3,2,FF,FF,R,R,S,,97.1,97.1,-0.64,-0.64,1.25,1.25,2061.0,2061.0,215.0,215.0,6.3,6.3,-1.55,-1.55,6.21,6.21,cube4_cluster0,983,1.112207975800076,FF,92.73799323851703,11.87678282989603,11.880818729937886,cube4_cluster0,1
2025-09-15,657756,657756,682928,WSH,ATL,8,0,1,1,CH,CH,R,R,X,CJ Abrams singles on a ground ball to center fielder Michael Harris II. Riley Adams scores. Robert Hassell III to 3rd.,82.6,82.6,-1.3,-1.3,-0.06,-0.06,2152.0,2152.0,277.0,277.0,6.4,6.4,-3.01,-3.01,5.08,5.08,cube24_cluster1,4,1.369819265810672,CH,87.80202822087334,14.29789321005082,-3.691264304536044,,0
2025-09-15,668933,668933,695336,STL,CIN,7,0,1,1,FC,FC,R,R,X,Thomas Saggese singles on a line drive to right fielder Noelvi Marte. Nolan Arenado to 3rd.,95.4,95.4,0.19,0.19,0.84,0.84,2540.0,2540.0,195.0,195.0,5.6,5.6,-0.3,-0.3,6.38,6.38,cube22_cluster0,44,2.070613639778924,FC,88.82845332305666,-1.3474977477043035,9.056608779489569,,0
2025-09-15,641329,641329,543807,TB,TOR,8,2,1,2,SL,SL,R,R,S,George Springer strikes out swinging.,90.7,90.7,0.59,0.59,0.2,0.2,2447.0,2447.0,148.0,148.0,6.5,6.5,-0.34,-0.34,6.59,6.59,cube42_cluster1,3,1.034973298532925,FC,87.63142706302794,-5.957348927875244,5.6153508771929825,cube42_cluster1,1
2025-09-15,687911,687911,669394,HOU,TEX,8,1,2,2,FF,FF,L,L,S,,92.2,92.2,0.55,-0.55,1.19,1.19,2078.0,2078.0,141.0,219.0,6.6,6.6,2.8,-2.8,5.52,5.52,cube14_cluster0,644,1.0811247899483885,FF,92.67733037261901,12.017251018938115,9.608444861229,cube13_cluster0;cube14_cluster0;cube4_cluster0;cube5_cluster0,4
2025-09-15,693312,693312,694208,PIT,CHC,7,1,0,1,FF,FF,R,R,S,,98.1,98.1,-0.72,-0.72,1.54,1.54,2249.0,2249.0,214.0,214.0,7.2,7.2,-0.93,-0.93,6.05,6.05,cube4_cluster0,983,2.218912390375746,FF,92.73799323851703,11.87678282989603,11.880818729937886,cube4_cluster0;cube5_cluster0,2
2025-09-15,678024,678024,663624,CWS,BAL,7,1,0,0,FF,FF,R,R,B,,95.3,95.3,-0.68,-0.68,0.86,0.86,2206.0,2206.0,218.0,218.0,6.1,6.1,-1.79,-1.79,5.86,5.86,cube4_cluster0,983,0.8246697921713196,FF,92.73799323851703,11.87678282989603,11.880818729937886,cube13_cluster0,1
2025-09-15,829272,829272,621566,WSH,ATL,7,0,0,0,FF,FF,L,L,S,,92.9,92.9,0.8,-0.8,1.45,1.45,2148.0,2148.0,136.0,224.0,6.4,6.4,1.67,-1.67,5.59,5.59,cube4_cluster0,983,0.920776756637214,FF,92.73799323851703,11.87678282989603,11.880818729937886,cube4_cluster0,1
2025-09-15,681892,681892,641857,MIN,NYY,7,2,0,2,SI,SI,L,L,B,,95.7,95.7,1.45,-1.45,0.79,0.79,2380.0,2380.0,138.0,222.0,7.3,7.3,2.2,-2.2,5.74,5.74,cube15_cluster1,11,1.228176849412843,FF,95.07044777791452,10.01799709211646,12.914228470751997,cube5_cluster0,1
2025-09-15,607455,607455,547180,LAD,PHI,1,1,2,0,SI,SI,L,L,S,,96.3,96.3,1.34,-1.34,0.57,0.57,2169.0,2169.0,136.0,224.0,6.5,6.5,2.7,-2.7,5.44,5.44,cube14_cluster0,644,0.8632452004314931,FF,92.67733037261901,12.017251018938115,9.608444861229,cube14_cluster0;cube5_cluster0,2
2025-09-15,669704,669704,678554,CWS,BAL,6,1,2,2,FF,FF,R,R,S,Curtis Mead strikes out on a foul tip.,94.9,94.9,0.23,0.23,1.18,1.18,2212.0,2212.0,203.0,203.0,6.3,6.3,-1.08,-1.08,5.96,5.96,cube22_cluster0,44,1.150728058941723,FC,88.82845332305666,-1.3474977477043035,9.056608779489569,cube13_cluster0;cube23_cluster0,2
2025-09-15,664076,664076,676914,TB,TOR,7,1,3,2,SL,SL,L,L,S,Davis Schneider called out on strikes.,87.5,87.5,-0.41,0.41,-0.18,-0.18,2641.0,2641.0,273.0,87.0,5.8,5.8,1.33,-1.33,5.25,5.25,cube57_cluster1,5,1.3589818916319927,SL,84.4555766444267,-4.522769280798219,-0.11781077608958196,,0
2025-09-15,680730,680730,660670,WSH,ATL,1,0,1,2,FF,FF,L,L,B,,92.7,92.7,0.28,-0.28,1.66,1.66,2229.0,2229.0,164.0,196.0,7.0,7.0,1.02,-1.02,6.41,6.41,cube22_cluster0,44,2.298986484496785,FC,88.82845332305666,-1.3474977477043035,9.056608779489569,cube13_cluster0;cube4_cluster0,2
2025-09-15,681911,681911,805249,LAD,PHI,8,2,2,0,SL,SL,L,L,B,,85.0,85.0,-0.67,0.67,0.44,0.44,2446.0,2446.0,207.0,153.0,6.4,6.4,0.15,-0.15,6.15,6.15,cube42_cluster1,3,1.5243143218782063,FC,87.63142706302794,-5.957348927875244,5.6153508771929825,cube42_cluster0,1
2025-09-15,688497,688497,672275,AZ,SF,7,2,0,0,CU,CU,R,R,S,,74.2,74.2,0.25,0.25,-0.72,-0.72,1942.0,1942.0,12.0,12.0,6.5,6.5,0.08,0.08,6.4,6.4,cube65_cluster0,52,2.7517093140092763,CU,80.5172691598637,-7.955497641633661,-5.720742174043808,,0
2025-09-15,663574,663574,669357,STL,CIN,7,2,0,2,FF,FF,R,R,S,,95.4,95.4,-1.05,-1.05,1.18,1.18,2251.0,2251.0,233.0,233.0,6.2,6.2,-2.52,-2.52,5.1,5.1,cube14_cluster0,644,1.230115973074814,FF,92.67733037261901,12.017251018938115,9.608444861229,cube5_cluster0,1
2025-09-15,680694,680694,672820,CWS,BAL,1,1,0,1,SL,SL,R,R,S,,86.5,86.5,0.73,0.73,0.21,0.21,2579.0,2579.0,57.0,57.0,6.6,6.6,-1.12,-1.12,6.34,6.34,cube57_cluster0,32,1.3375914527582238,SL,83.65118122149555,-5.010806328553835,-0.8552029953918647,cube58_cluster0,1
2025-09-15,608650,608650,643565,CWS,BAL,8,0,1,1,FF,FF,L,L,S,,94.1,94.1,0.76,-0.76,1.24,1.24,1983.0,1983.0,154.0,206.0,6.2,6.2,1.99,-1.99,6.36,6.36,cube4_cluster0,983,1.2806479830227868,FF,92.73799323851703,11.87678282989603,11.880818729937886,cube3_cluster0;cube4_cluster0,2
2025-09-15,676775,676775,678489,AZ,SF,8,0,0,0,FF,FF,R,R,S,,95.8,95.8,-0.57,-0.57,1.12,1.12,2266.0,2266.0,230.0,230.0,6.1,6.1,-1.48,-1.48,6.16,6.16,cube4_cluster0,983,1.2266888321708447,FF,92.73799323851703,11.87678282989603,11.880818729937886,cube13_cluster0;cube4_cluster0,2
2025-09-15,621051,621051,691723,CWS,BAL,6,2,1,0,ST,ST,R,R,B,,81.9,81.9,1.48,1.48,-0.12,-0.12,2632.0,2632.0,50.0,50.0,6.6,6.6,-2.66,-2.66,5.7,5.7,cube74_cluster0,95,0.8956643774221518,ST,81.58280060620267,-13.628576142052651,-5.303629922931518,cube73_cluster0;cube74_cluster0,2
2025-09-15,671212,671212,676914,TB,TOR,2,1,0,1,SL,SL,R,R,X,Davis Schneider singles on a sharp ground ball to left fielder Chandler Simpson.,91.9,91.9,0.32,0.32,0.13,0.13,2788.0,2788.0,133.0,133.0,6.4,6.4,-1.05,-1.05,5.73,5.73,cube43_cluster0,144,1.4379490629856881,SL,87.05264300971788,-4.004743073818654,3.6350863620861684,cube43_cluster0;cube51_cluster0,2
2025-09-15,676742,676742,694208,PIT,CHC,5,2,1,1,FF,FF,R,R,B,,97.4,97.4,-0.38,-0.38,1.35,1.35,2482.0,2482.0,216.0,216.0,6.4,6.4,-3.16,-3.16,5.79,5.79,cube6_cluster3,4,1.7067719715659502,FF,96.83250199133,9.898196859286852,14.591325902230212,cube14_cluster0,1
2025-09-15,664294,664294,664023,PIT,CHC,9,2,0,2,FF,FF,R,R,B,,94.3,94.3,-0.78,-0.78,1.37,1.37,2340.0,2340.0,209.0,209.0,6.4,6.4,-0.83,-0.83,6.17,6.17,cube4_cluster0,983,1.7389429978249638,FF,92.73799323851703,11.87678282989603,11.880818729937886,cube12_cluster0;cube13_cluster0;cube3_cluster0;cube4_cluster0,4
2025-09-15,689147,689147,606192,LAD,PHI,7,2,0,1,ST,ST,R,R,S,,86.9,86.9,0.76,0.76,-0.02,-0.02,2938.0,2938.0,59.0,59.0,6.0,6.0,-1.69,-1.69,5.46,5.46,cube66_cluster0,381,1.4792935295736125,ST,82.47698152646831,-10.124080234445362,-2.88332382968971,cube66_cluster0;cube67_cluster0,2
2025-09-15,661395,661395,660271,LAD,PHI,9,2,0,0,FF,FF,R,R,S,,101.7,101.7,-1.1,-1.1,1.03,1.03,2103.0,2103.0,232.0,232.0,6.0,6.0,-2.19,-2.19,5.98,5.98,cube4_cluster0,983,1.460053237362452,FF,92.73799323851703,11.87678282989603,11.880818729937886,cube4_cluster0,1
2025-09-15,683004,683004,514888,HOU,TEX,1,0,0,0,SL,SL,R,R,B,,88.1,88.1,0.54,0.54,0.42,0.42,2394.0,2394.0,182.0,182.0,6.7,6.7,-1.41,-1.41,5.75,5.75,cube33_cluster0,169,0.9582095113258967,FC,88.23401695598267,-3.1239005241649638,6.236802891040705,cube33_cluster0,1
2025-09-15,676742,676742,694208,PIT,CHC,5,2,0,1,CH,CH,R,R,B,,93.8,93.8,-1.27,-1.27,-0.05,-0.05,1677.0,1677.0,242.0,242.0,6.2,6.2,-3.13,-3.13,5.97,5.97,cube24_cluster1,4,2.0720168511923793,CH,87.80202822087334,14.29789321005082,-3.691264304536044,cube13_cluster0,1
2025-09-15,678024,678024,641933,CWS,BAL,7,1,2,1,SI,SI,R,R,X,Tyler O'Neill singles on a line drive to right fielder Mike Tauchman.,95.3,95.3,-1.24,-1.24,0.52,0.52,2091.0,2091.0,231.0,231.0,6.5,6.5,-1.53,-1.53,5.89,5.89,cube4_cluster0,983,0.9423416271451185,FF,92.73799323851703,11.87678282989603,11.880818729937886,cube13_cluster0;cube4_cluster0,2
2025-09-15,689147,689147,606192,LAD,PHI,7,2,0,0,FF,FF,R,R,S,,98.3,98.3,-0.79,-0.79,1.31,1.31,2446.0,2446.0,223.0,223.0,6.3,6.3,-1.18,-1.18,5.82,5.82,cube4_cluster0,983,1.4764604784754363,FF,92.73799323851703,11.87678282989603,11.880818729937886,cube13_cluster0;cube4_cluster0,2
2025-09-15,686218,686218,805249,LAD,PHI,2,0,0,0,FF,FF,R,R,S,,94.7,94.7,-0.98,-0.98,1.52,1.52,2517.0,2517.0,208.0,208.0,6.5,6.5,-0.84,-0.84,5.55,5.55,cube4_cluster0,983,1.9882284400658379,FF,92.73799323851703,11.87678282989603,11.880818729937886,cube4_cluster0,1
2025-09-15,680755,680755,650490,TB,TOR,11,0,0,2,CU,CU,R,R,X,Yandy Díaz singles on a ground ball to third baseman Ernie Clement. Chandler Simpson to 3rd.,81.6,81.6,0.57,0.57,-1.35,-1.35,2606.0,2606.0,18.0,18.0,5.3,5.3,0.78,0.78,6.76,6.76,cube77_cluster0,15,3.4017455929390246,CU,78.06982973839553,-10.373560444574672,-15.067035103894916,,0
2025-09-15,502085,502085,571970,LAD,PHI,10,2,0,0,FC,FC,R,R,S,,92.8,92.8,0.28,0.28,1.15,1.15,2804.0,2804.0,194.0,194.0,6.5,6.5,-2.74,-2.74,5.71,5.71,cube24_cluster0,111,1.4484219614427596,FC,90.39472309229976,-0.35116486760382487,8.906212304019572,cube24_cluster0,1
2025-09-15,621051,621051,691723,CWS,BAL,6,2,0,0,ST,ST,R,R,B,,82.0,82.0,1.51,1.51,-0.32,-0.32,2697.0,2697.0,46.0,46.0,6.6,6.6,-2.45,-2.45,5.76,5.76,cube74_cluster0,95,0.7712354167593782,ST,81.58280060620267,-13.628576142052651,-5.303629922931518,cube73_cluster0;cube74_cluster0,2
2025-09-15,664294,664294,664023,PIT,CHC,9,2,0,1,SL,SL,R,R,S,,84.6,84.6,-0.21,-0.21,0.08,0.08,1969.0,1969.0,298.0,298.0,6.2,6.2,-1.04,-1.04,5.99,5.99,cube58_cluster2,5,2.3479086333112775,SL,85.46595452823905,-0.04526262806992336,-2.641776233356624,,0
2025-09-15,641793,641793,671056,STL,CIN,1,1,2,1,SL,SL,R,R,S,,88.9,88.9,-0.18,-0.18,0.62,0.62,2151.0,2151.0,204.0,204.0,6.2,6.2,-0.66,-0.66,6.18,6.18,cube22_cluster0,44,1.1042109356398546,FC,88.82845332305666,-1.3474977477043035,9.056608779489569,cube12_cluster0;cube22_cluster0,2
2025-09-15,661395,661395,624424,LAD,PHI,9,1,2,1,FS,FS,R,R,X,"Michael Conforto grounds out, first baseman Bryce Harper to pitcher Jhoan Duran.",98.3,98.3,-1.15,-1.15,0.28,0.28,1791.0,1791.0,238.0,238.0,6.1,6.1,-2.31,-2.31,5.84,5.84,cube13_cluster0,1173,1.604803453628511,FF,91.32597348809763,10.933560927718538,9.887490835989844,cube13_cluster0;cube4_cluster0,2
2025-09-15,829272,829272,595777,WSH,ATL,7,0,0,1,KC,KC,L,L,B,Jurickson Profar hit by pitch. Nacho Alvarez Jr. to 2nd.,72.6,72.6,-0.67,0.67,-1.7,-1.7,2858.0,2858.0,341.0,19.0,6.2,6.2,1.2,-1.2,5.77,5.77,cube77_cluster0,15,1.2417837773494351,CU,78.06982973839553,-10.373560444574672,-15.067035103894916,cube77_cluster0;cube78_cluster0,2
2025-09-15,671212,671212,676914,TB,TOR,2,1,0,0,FF,FF,R,R,S,,97.9,97.9,-0.49,-0.49,1.06,1.06,2621.0,2621.0,221.0,221.0,6.2,6.2,-1.02,-1.02,5.91,5.91,cube22_cluster0,44,1.8239751870847554,FC,88.82845332305666,-1.3474977477043035,9.056608779489569,cube13_cluster0,1
2025-09-15,608650,608650,643565,CWS,BAL,8,0,0,1,FC,FC,L,L,B,,85.9,85.9,-0.36,0.36,0.21,0.21,2137.0,2137.0,157.0,203.0,6.2,6.2,1.71,-1.71,6.42,6.42,cube32_cluster0,41,1.108430198382755,SL,87.45742516293836,-3.2707771382581203,5.520714440411837,cube22_cluster0;cube32_cluster0,2
2025-09-15,621381,621381,500743,LAD,PHI,8,2,1,0,FF,FF,L,L,B,,92.0,92.0,1.08,-1.08,1.4,1.4,2590.0,2590.0,134.0,226.0,6.1,6.1,1.66,-1.66,5.3,5.3,cube5_cluster0,516,1.731332441907266,FF,94.26601183041208,12.58960465467938,11.873748452415477,cube13_cluster0;cube14_cluster0;cube4_cluster0;cube5_cluster0,4
2025-09-15,668678,668678,646240,AZ,SF,1,2,1,2,FF,FF,R,R,B,,94.7,94.7,-0.31,-0.31,1.13,1.13,2270.0,2270.0,215.0,215.0,6.4,6.4,-2.98,-2.98,5.93,5.93,cube24_cluster0,111,1.5965368684547263,FC,90.39472309229976,-0.35116486760382487,8.906212304019572,cube13_cluster0;cube14_cluster0,2
2025-09-15,669704,669704,678554,CWS,BAL,6,1,2,1,ST,ST,R,R,S,,83.4,83.4,1.23,1.23,-0.6,-0.6,2772.0,2772.0,64.0,64.0,6.0,6.0,-1.43,-1.43,5.73,5.73,cube73_cluster0,327,1.122854977163514,CU,80.47699441108988,-11.55224395022119,-8.074074661318553,cube73_cluster0,1
2025-09-15,680573,680573,641355,MIN,NYY,1,1,0,1,FF,FF,R,R,S,,93.1,93.1,-0.63,-0.63,1.5,1.5,2289.0,2289.0,207.0,207.0,6.8,6.8,-1.33,-1.33,6.4,6.4,cube4_cluster0,983,1.7532288613214746,FF,92.73799323851703,11.87678282989603,11.880818729937886,cube13_cluster0;cube4_cluster0,2
2025-09-15,669276,669276,665953,WSH,ATL,8,2,3,2,FF,FF,L,L,S,,93.6,93.6,0.59,-0.59,1.9,1.9,2395.0,2395.0,161.0,199.0,6.2,6.2,1.45,-1.45,6.72,6.72,cube22_cluster0,44,2.276777209388692,FC,88.82845332305666,-1.3474977477043035,9.056608779489569,cube3_cluster0;cube4_cluster0,2
2025-09-15,607455,607455,547180,LAD,PHI,1,1,1,0,SL,SL,L,L,B,,85.4,85.4,-0.6,0.6,0.01,0.01,2243.0,2243.0,312.0,48.0,6.2,6.2,2.76,-2.76,5.5,5.5,cube67_cluster0,152,1.292409275324819,ST,83.21108910576972,-12.188986866329156,0.17080679660382098,cube58_cluster0;cube59_cluster1;cube66_cluster0;cube67_cluster0,4
2025-09-15,680694,680694,672820,CWS,BAL,1,1,0,0,SL,SL,R,R,S,,85.8,85.8,0.98,0.98,0.12,0.12,2603.0,2603.0,51.0,51.0,6.5,6.5,-1.21,-1.21,6.34,6.34,cube57_cluster0,32,1.3453329562506642,SL,83.65118122149555,-5.010806328553835,-0.8552029953918647,,0
2025-09-15,681911,681911,805249,LAD,PHI,8,2,1,0,FF,FF,L,L,B,,92.3,92.3,0.44,-0.44,1.77,1.77,2419.0,2419.0,170.0,190.0,6.2,6.2,0.28,-0.28,5.92,5.92,cube22_cluster0,44,2.3195215892634717,FC,88.82845332305666,-1.3474977477043035,9.056608779489569,cube12_cluster0;cube13_cluster0;cube4_cluster0,3
2025-09-15,687911,687911,669394,HOU,TEX,8,1,2,1,ST,ST,L,L,S,,79.3,79.3,-1.44,1.44,0.27,0.27,2216.0,2216.0,291.0,69.0,6.6,6.6,2.91,-2.91,5.58,5.58,cube67_cluster3,1,1.3271441257915966,SL,78.67358490566038,-15.561509433962266,-4.000754716981133,cube66_cluster0;cube67_cluster0,2
2025-09-15,663574,663574,669357,STL,CIN,7,2,0,1,FF,FF,R,R,S,,95.9,95.9,-1.07,-1.07,1.26,1.26,2422.0,2422.0,231.0,231.0,6.2,6.2,-2.47,-2.47,5.11,5.11,cube14_cluster0,644,1.3752729203228495,FF,92.67733037261901,12.017251018938115,9.608444861229,cube14_cluster0;cube5_cluster0,2
2025-09-15,657756,657756,682928,WSH,ATL,8,0,1,0,FF,FF,R,R,S,,93.1,93.1,-0.91,-0.91,1.32,1.32,2112.0,2112.0,231.0,231.0,6.3,6.3,-3.01,-3.01,5.31,5.31,cube14_cluster0,644,1.3704408388110372,FF,92.67733037261901,12.017251018938115,9.608444861229,cube5_cluster0,1
2025-09-15,681892,681892,641857,MIN,NYY,7,2,0,1,ST,ST,L,L,S,,83.0,83.0,-1.04,1.04,0.03,0.03,2556.0,2556.0,313.0,47.0,7.0,7.0,2.49,-2.49,5.6,5.6,cube67_cluster0,152,1.0589627027913202,ST,83.21108910576972,-12.188986866329156,0.17080679660382098,cube67_cluster0,1
2025-09-15,595014,595014,592206,LAD,PHI,10,2,0,0,SI,SI,R,R,X,Nick Castellanos flies out to right fielder Alex Call.,96.7,96.7,-1.53,-1.53,0.48,0.48,2366.0,2366.0,226.0,226.0,5.6,5.6,-2.68,-2.68,6.34,6.34,cube13_cluster0,1173,2.440861940526062,FF,91.32597348809763,10.933560927718538,9.887490835989844,cube13_cluster0;cube4_cluster0,2
2025-09-15,647336,647336,669261,PIT,CHC,7,1,0,0,FF,FF,R,R,S,,96.9,96.9,-0.83,-0.83,1.29,1.29,2667.0,2667.0,227.0,227.0,6.3,6.3,-2.73,-2.73,5.61,5.61,cube5_cluster0,516,1.5501815395249623,FF,94.26601183041208,12.58960465467938,11.873748452415477,cube14_cluster0;cube5_cluster0,2
2025-09-15,693312,693312,694208,PIT,CHC,7,1,0,0,FF,FF,R,R,S,,98.1,98.1,-0.62,-0.62,1.38,1.38,2286.0,2286.0,220.0,220.0,7.0,7.0,-0.99,-0.99,6.06,6.06,cube4_cluster0,983,1.9069782429243236,FF,92.73799323851703,11.87678282989603,11.880818729937886,cube4_cluster0;cube5_cluster0,2
2025-09-15,683004,683004,621043,HOU,TEX,1,0,1,0,FF,FF,R,R,X,Carlos Correa singles on a soft ground ball to pitcher Jack Leiter. Jeremy Peña scores. Yordan Alvarez scores. Carlos Correa to 2nd. Throwing error by pitcher Jack Leiter.,95.7,95.7,-0.94,-0.94,1.37,1.37,2362.0,2362.0,224.0,224.0,6.7,6.7,-1.37,-1.37,5.53,5.53,cube5_cluster0,516,1.3447886932058932,FF,94.26601183041208,12.58960465467938,11.873748452415477,cube4_cluster0;cube5_cluster0,2
2025-09-15,641329,641329,543807,TB,TOR,8,2,1,1,CH,CH,R,R,S,,87.3,87.3,-1.25,-1.25,0.68,0.68,1982.0,1982.0,222.0,222.0,6.5,6.5,-0.38,-0.38,6.62,6.62,cube3_cluster0,268,1.9440426028482807,CH,89.73428321085365,11.536857891248982,10.613841731058852,cube12_cluster0;cube3_cluster0,2
2025-09-15,663893,663893,666139,TB,TOR,6,2,1,2,KC,KC,L,L,B,,86.8,86.8,-0.17,0.17,-0.98,-0.98,1861.0,1861.0,338.0,22.0,5.9,5.9,1.91,-1.91,6.24,6.24,cube58_cluster2,5,1.7339630560998676,SL,85.46595452823905,-0.04526262806992336,-2.641776233356624,,0
2025-09-15,607074,607074,807712,MIN,NYY,1,2,2,2,FF,FF,L,L,S,,93.9,93.9,0.85,-0.85,1.59,1.59,2331.0,2331.0,144.0,216.0,6.0,6.0,2.12,-2.12,6.46,6.46,cube4_cluster0,983,1.805842313394398,FF,92.73799323851703,11.87678282989603,11.880818729937886,cube3_cluster0;cube4_cluster0,2
2025-09-15,700669,700669,680574,STL,CIN,9,2,2,2,CU,CU,R,R,B,,84.1,84.1,0.35,0.35,-1.53,-1.53,2882.0,2882.0,20.0,20.0,6.2,6.2,-1.51,-1.51,6.25,6.25,cube77_cluster0,15,1.2738124345449122,CU,78.06982973839553,-10.373560444574672,-15.067035103894916,cube73_cluster0,1
2025-09-15,701487,701487,502671,MIN,NYY,9,2,0,0,FF,FF,R,R,S,,92.9,92.9,-0.72,-0.72,1.68,1.68,2385.0,2385.0,203.0,203.0,6.3,6.3,-0.94,-0.94,5.88,5.88,cube4_cluster0,983,1.8169125766427503,FF,92.73799323851703,11.87678282989603,11.880818729937886,cube13_cluster0;cube4_cluster0,2
2025-09-15,677952,677952,664023,PIT,CHC,1,1,1,1,SL,SL,R,R,S,,93.9,93.9,-0.17,-0.17,0.93,0.93,2546.0,2546.0,207.0,207.0,6.2,6.2,-1.07,-1.07,6.17,6.17,cube22_cluster0,44,1.0974971881394853,FC,88.82845332305666,-1.3474977477043035,9.056608779489569,cube13_cluster0;cube23_cluster0,2
2025-09-15,688297,688297,682829,STL,CIN,7,0,3,2,FF,FF,R,R,B,Elly De La Cruz walks. Tyler Stephenson to 2nd.,96.5,96.5,-0.94,-0.94,0.74,0.74,2230.0,2230.0,237.0,237.0,6.8,6.8,-1.79,-1.79,5.01,5.01,cube6_cluster0,11,1.1974254397421384,FF,94.93316427873066,12.825740892008225,12.6853773304967,cube14_cluster0;cube5_cluster0,2
2025-09-15,641302,641302,681297,CWS,BAL,6,2,1,2,SI,SI,L,L,X,Colton Cowser homers (15) on a fly ball to left center field. Coby Mayo scores. Samuel Basallo scores.,93.1,93.1,1.24,-1.24,0.58,0.58,2200.0,2200.0,130.0,230.0,6.3,6.3,2.17,-2.17,5.25,5.25,cube14_cluster0,644,0.8320833077002792,FF,92.67733037261901,12.017251018938115,9.608444861229,cube13_cluster0;cube14_cluster0;cube4_cluster0;cube5_cluster0,4
2025-09-15,664126,664126,680718,TB,TOR,9,2,1,1,FF,FF,R,R,X,Addison Barger grounds out to first baseman Yandy Díaz.,97.9,97.9,-0.08,-0.08,1.52,1.52,2489.0,2489.0,192.0,192.0,6.5,6.5,0.05,0.05,6.9,6.9,cube42_cluster1,3,2.71464718012678,FC,87.63142706302794,-5.957348927875244,5.6153508771929825,cube12_cluster0,1
2025-09-15,687863,687863,665833,PIT,CHC,9,1,2,0,SL,SL,R,R,S,,86.6,86.6,0.47,0.47,0.58,0.58,2668.0,2668.0,80.0,80.0,7.3,7.3,-2.65,-2.65,5.6,5.6,cube52_cluster1,9,1.6840675430699876,SL,87.17033349644716,-3.7876297283127007,0.844764456834557,,0
2025-09-15,676263,676263,642215,LAD,PHI,7,1,2,0,FF,FF,L,L,X,Weston Wilson homers (5) on a fly ball to center field. Bryson Stott scores.,93.2,93.2,0.87,-0.87,1.54,1.54,2502.0,2502.0,158.0,202.0,6.9,6.9,1.08,-1.08,5.9,5.9,cube4_cluster0,983,1.9009530744505243,FF,92.73799323851703,11.87678282989603,11.880818729937886,cube13_cluster0;cube14_cluster0;cube4_cluster0;cube5_cluster0,4
2025-09-15,657424,657424,606466,AZ,SF,5,2,0,0,FF,FF,L,L,S,,91.6,91.6,0.22,-0.22,1.02,1.02,2233.0,2233.0,162.0,198.0,6.3,6.3,2.2,-2.2,6.31,6.31,cube23_cluster0,226,1.185505550846533,FC,89.98051132303166,-0.8288022207088954,9.04754296913982,cube13_cluster0;cube23_cluster0,2
2025-09-15,624133,624133,518692,LAD,PHI,2,0,0,0,SL,SL,L,L,S,,78.0,78.0,-0.73,0.73,0.56,0.56,2081.0,2081.0,267.0,93.0,5.9,5.9,2.37,-2.37,5.55,5.55,cube65_cluster1,5,1.7338368548839904,ST,79.83113104371454,-13.87824519299928,1.6911752817070245,cube58_cluster0,1
2025-09-15,664076,664076,676914,TB,TOR,7,1,2,2,SL,SL,L,L,B,,87.2,87.2,-0.57,0.57,-0.16,-0.16,2617.0,2617.0,264.0,96.0,5.9,5.9,1.52,-1.52,5.15,5.15,cube57_cluster1,5,1.6367803634275033,SL,84.4555766444267,-4.522769280798219,-0.11781077608958196,,0
2025-09-15,681517,681517,670770,STL,CIN,9,0,1,0,SL,SL,R,R,B,,91.1,91.1,0.5,0.5,0.65,0.65,2421.0,2421.0,180.0,180.0,7.0,7.0,-2.29,-2.29,5.71,5.71,cube34_cluster0,80,0.932983694271357,FC,89.12332099959275,-2.9379632103369024,6.342505511607449,cube34_cluster0,1
2025-09-15,669461,669461,701398,STL,CIN,2,1,0,0,FF,FF,L,L,B,,96.2,96.2,0.89,-0.89,1.39,1.39,2214.0,2214.0,149.0,211.0,6.5,6.5,0.63,-0.63,6.54,6.54,cube3_cluster0,268,2.0413862351029426,CH,89.73428321085365,11.536857891248982,10.613841731058852,cube3_cluster0;cube4_cluster0,2
2025-09-15,683175,683175,695336,STL,CIN,8,2,0,0,ST,ST,R,R,S,,86.9,86.9,1.42,1.42,-0.04,-0.04,2487.0,2487.0,59.0,59.0,6.0,6.0,-1.84,-1.84,5.63,5.63,cube66_cluster0,381,1.153724915495896,ST,82.47698152646831,-10.124080234445362,-2.88332382968971,cube66_cluster0,1
2025-09-15,688497,688497,671218,AZ,SF,7,1,1,1,FF,FF,R,R,X,Heliot Ramos lines out to right fielder Corbin Carroll.,89.6,89.6,0.06,0.06,1.28,1.28,2247.0,2247.0,182.0,182.0,6.8,6.8,0.08,0.08,6.35,6.35,cube42_cluster1,3,2.424718272986709,FC,87.63142706302794,-5.957348927875244,5.6153508771929825,,0
2025-09-15,664747,664747,671277,WSH,ATL,9,0,2,2,FF,FF,R,R,S,,93.6,93.6,-0.92,-0.92,1.11,1.11,2511.0,2511.0,227.0,227.0,7.8,7.8,-2.45,-2.45,4.97,4.97,cube15_cluster1,11,1.1423988507875673,FF,95.07044777791452,10.01799709211646,12.914228470751997,,0
2025-09-15,668933,668933,695336,STL,CIN,7,0,1,0,FC,FC,R,R,S,,94.7,94.7,0.33,0.33,0.55,0.55,2467.0,2467.0,189.0,189.0,5.5,5.5,-0.24,-0.24,6.45,6.45,cube42_cluster1,3,2.1959526455531013,FC,87.63142706302794,-5.957348927875244,5.6153508771929825,,0
2025-09-15,664192,664192,672695,AZ,SF,6,1,0,1,FF,FF,L,L,B,,92.4,92.4,0.44,-0.44,1.23,1.23,2331.0,2331.0,147.0,213.0,6.2,6.2,2.73,-2.73,5.7,5.7,cube24_cluster0,111,1.3784525718658671,FC,90.39472309229976,-0.35116486760382487,8.906212304019572,cube13_cluster0;cube14_cluster0,2
2025-09-15,656222,656222,656305,AZ,SF,9,2,3,0,FF,FF,L,L,S,,92.7,92.7,0.55,-0.55,1.28,1.28,2110.0,2110.0,148.0,212.0,6.4,6.4,1.19,-1.19,5.87,5.87,cube4_cluster0,983,1.1158496705146352,FF,92.73799323851703,11.87678282989603,11.880818729937886,cube13_cluster0;cube4_cluster0,2
2025-09-15,596133,596133,666397,MIN,NYY,7,1,2,0,FF,FF,R,R,B,,96.2,96.2,-0.89,-0.89,1.45,1.45,2334.0,2334.0,206.0,206.0,6.1,6.1,-1.61,-1.61,5.52,5.52,cube4_cluster0,983,1.407302005176243,FF,92.73799323851703,11.87678282989603,11.880818729937886,cube4_cluster0,1
2025-09-15,701519,701519,663757,MIN,NYY,8,2,2,0,CH,CH,R,R,S,,86.6,86.6,-1.42,-1.42,0.28,0.28,1875.0,1875.0,236.0,236.0,6.6,6.6,-1.27,-1.27,5.69,5.69,cube12_cluster0,316,1.5624794572460516,CH,89.01009096911115,10.260232782391817,9.292479855944606,cube13_cluster0;cube4_cluster0,2
2025-09-15,666711,666711,545121,AZ,SF,6,0,0,1,FF,FF,R,R,B,,100.8,100.8,-0.94,-0.94,0.86,0.86,2262.0,2262.0,214.0,214.0,5.5,5.5,-0.98,-0.98,5.97,5.97,cube12_cluster0,316,2.1967834077457464,CH,89.01009096911115,10.260232782391817,9.292479855944606,,0
2025-09-15,687377,687377,673490,WSH,ATL,9,1,0,0,SI,SI,R,R,S,,96.2,96.2,-1.27,-1.27,1.05,1.05,2532.0,2532.0,209.0,209.0,6.4,6.4,-1.93,-1.93,6.44,6.44,cube4_cluster0,983,1.6481252392814434,FF,92.73799323851703,11.87678282989603,11.880818729937886,cube13_cluster0;cube4_cluster0,2
2025-09-15,650556,650556,683227,HOU,TEX,9,2,1,0,FF,FF,R,R,X,"Cody Freeman grounds into a force out, third baseman Carlos Correa to second baseman Mauricio Dubón. Ezequiel Duran out at 2nd.",96.5,96.5,-0.53,-0.53,1.38,1.38,2321.0,2321.0,219.0,219.0,6.6,6.6,-2.76,-2.76,5.51,5.51,cube6_cluster3,4,1.1340828980108646,FF,96.83250199133,9.898196859286852,14.591325902230212,cube14_cluster0;cube5_cluster0,2
2025-09-15,687330,687330,664770,TB,TOR,11,2,2,1,FC,FC,R,R,X,"Nathan Lukes grounds out, second baseman Brandon Lowe to first baseman Yandy Díaz.",90.6,90.6,-0.3,-0.3,0.5,0.5,2240.0,2240.0,237.0,237.0,7.1,7.1,-1.72,-1.72,3.69,3.69,cube24_cluster2,4,2.916584725843124,CH,86.59885858822028,14.483213701192424,-0.8909986290305438,,0
2025-09-15,595345,595345,666969,HOU,TEX,6,1,1,2,FF,FF,L,L,S,,92.8,92.8,0.47,-0.47,1.28,1.28,2243.0,2243.0,138.0,222.0,5.9,5.9,3.38,-3.38,5.92,5.92,cube14_cluster0,644,2.324974600298429,FF,92.67733037261901,12.017251018938115,9.608444861229,cube13_cluster0,1
2025-09-15,686973,686973,650490,TB,TOR,8,2,1,0,SI,SI,R,R,B,,96.8,96.8,-1.25,-1.25,0.94,0.94,2120.0,2120.0,218.0,218.0,6.7,6.7,-2.78,-2.78,5.36,5.36,cube14_cluster0,644,0.9567525475386018,FF,92.67733037261901,12.017251018938115,9.608444861229,cube5_cluster0,1
2025-09-15,622554,622554,656484,TB,TOR,7,2,2,0,FF,FF,R,R,B,,97.4,97.4,-0.45,-0.45,1.32,1.32,2287.0,2287.0,219.0,219.0,6.5,6.5,-1.85,-1.85,5.4,5.4,cube5_cluster0,516,1.1449118628273165,FF,94.26601183041208,12.58960465467938,11.873748452415477,cube13_cluster0;cube14_cluster0;cube4_cluster0;cube5_cluster0,4
2025-09-15,680730,680730,660670,WSH,ATL,1,0,1,1,FS,FS,L,L,S,,86.1,86.1,0.78,-0.78,0.62,0.62,713.0,713.0,140.0,220.0,7.0,7.0,1.68,-1.68,6.19,6.19,cube13_cluster1,3,1.3558356577833013,FS,84.2318346010472,7.0387863377694,1.0515447129672841,,0
2025-09-15,592791,592791,457705,PIT,CHC,2,0,0,0,FF,FF,R,R,B,,92.4,92.4,-0.4,-0.4,1.59,1.59,2262.0,2262.0,204.0,204.0,6.8,6.8,-1.02,-1.02,6.13,6.13,cube4_cluster0,983,1.8801579293778867,FF,92.73799323851703,11.87678282989603,11.880818729937886,cube13_cluster0;cube4_cluster0,2
2025-09-15,676775,676775,545121,AZ,SF,7,2,1,1,FS,FS,R,R,X,"Ildemaro Vargas grounds out, second baseman Casey Schmitt to first baseman Rafael Devers.",89.8,89.8,-1.05,-1.05,-0.23,-0.23,1417.0,1417.0,240.0,240.0,6.2,6.2,-1.52,-1.52,6.12,6.12,cube12_cluster0,316,1.9055958295076283,CH,89.01009096911115,10.260232782391817,9.292479855944606,cube12_cluster0;cube13_cluster0,2
2025-09-15,656546,656546,663968,TB,TOR,9,2,2,0,SL,SL,R,R,B,,87.4,87.4,-0.05,-0.05,0.58,0.58,2516.0,2516.0,204.0,204.0,6.4,6.4,-2.23,-2.23,5.86,5.86,cube23_cluster0,226,0.7650803907381887,FC,89.98051132303166,-0.8288022207088954,9.04754296913982,cube23_cluster0,1
2025-09-15,669920,669920,592626,HOU,TEX,1,2,0,1,FF,FF,R,R,B,,91.5,91.5,-1.32,-1.32,0.84,0.84,2292.0,2292.0,245.0,245.0,6.4,6.4,-1.79,-1.79,5.69,5.69,cube13_cluster0,1173,0.9414630154519723,FF,91.32597348809763,10.933560927718538,9.887490835989844,cube13_cluster0;cube4_cluster0,2
2025-09-15,678906,678906,682998,AZ,SF,1,0,2,2,FF,FF,R,R,S,Corbin Carroll strikes out swinging.,95.1,95.1,-0.98,-0.98,1.03,1.03,2573.0,2573.0,222.0,222.0,6.4,6.4,-2.33,-2.33,5.45,5.45,cube5_cluster0,516,0.9984593755760324,FF,94.26601183041208,12.58960465467938,11.873748452415477,cube14_cluster0,1
2025-09-15,680732,680732,691723,CWS,BAL,3,0,0,0,KC,KC,R,R,S,,78.2,78.2,0.36,0.36,-0.98,-0.98,2313.0,2313.0,17.0,17.0,7.0,7.0,-2.03,-2.03,6.33,6.33,cube65_cluster2,4,1.1276562610100016,CU,77.46691308243727,-3.8291129032258064,-11.446518817204302,cube66_cluster0,1
2025-09-15,675911,675911,671277,WSH,ATL,2,0,0,0,CU,CU,R,R,S,,76.9,76.9,1.01,1.01,-0.2,-0.2,2594.0,2594.0,60.0,60.0,7.0,7.0,-1.81,-1.81,5.93,5.93,cube66_cluster0,381,1.4734985326694876,ST,82.47698152646831,-10.124080234445362,-2.88332382968971,cube66_cluster0;cube73_cluster0,2
2025-09-15,681676,681676,663886,STL,CIN,8,1,3,2,SL,SL,R,R,B,Tyler Stephenson walks. Sal Stewart to 2nd.,88.1,88.1,0.28,0.28,0.11,0.11,2697.0,2697.0,84.0,84.0,6.3,6.3,-1.54,-1.54,5.92,5.92,cube58_cluster0,194,1.0063905307395276,SL,84.5104961347656,-6.359862250696315,0.3949475543105161,cube58_cluster0,1
2025-09-15,702056,702056,691406,TB,TOR,1,1,1,0,SL,SL,R,R,S,,88.8,88.8,-0.18,-0.18,0.34,0.34,2282.0,2282.0,202.0,202.0,6.0,6.0,-0.55,-0.55,7.19,7.19,cube42_cluster1,3,2.0403856963522577,FC,87.63142706302794,-5.957348927875244,5.6153508771929825,,0
2025-09-15,829272,829272,595777,WSH,ATL,7,0,0,0,CH,CH,L,L,S,,82.2,82.2,1.23,-1.23,0.68,0.68,1670.0,1670.0,125.0,235.0,6.3,6.3,1.82,-1.82,5.63,5.63,cube12_cluster0,316,1.5100874832180973,CH,89.01009096911115,10.260232782391817,9.292479855944606,cube12_cluster0;cube13_cluster0;cube3_cluster0;cube4_cluster0,4
2025-09-15,661395,661395,624424,LAD,PHI,9,1,1,1,FF,FF,R,R,B,,101.7,101.7,-0.98,-0.98,1.17,1.17,2073.0,2073.0,231.0,231.0,6.1,6.1,-2.38,-2.38,5.92,5.92,cube4_cluster0,983,1.493683760510007,FF,92.73799323851703,11.87678282989603,11.880818729937886,cube4_cluster0;cube5_cluster0,2
2025-09-15,669920,669920,592626,HOU,TEX,1,2,0,0,SI,SI,R,R,S,,92.2,92.2,-1.49,-1.49,0.14,0.14,2105.0,2105.0,248.0,248.0,6.6,6.6,-1.63,-1.63,5.62,5.62,cube13_cluster0,1173,1.5280467928882653,FF,91.32597348809763,10.933560927718538,9.887490835989844,cube13_cluster0;cube14_cluster0,2
2025-09-15,656546,656546,663968,TB,TOR,9,2,1,0,FF,FF,R,R,B,,94.7,94.7,-1.11,-1.11,1.45,1.45,2427.0,2427.0,222.0,222.0,6.3,6.3,-2.09,-2.09,5.91,5.91,cube4_cluster0,983,1.1539829068232559,FF,92.73799323851703,11.87678282989603,11.880818729937886,cube4_cluster0,1
2025-09-15,687377,687377,645277,WSH,ATL,9,1,1,0,FF,FF,R,R,X,Ozzie Albies singles on a line drive to center fielder Robert Hassell III.,96.3,96.3,-0.5,-0.5,1.57,1.57,2624.0,2624.0,211.0,211.0,6.4,6.4,-1.92,-1.92,6.55,6.55,cube4_cluster0,983,2.153554680164626,FF,92.73799323851703,11.87678282989603,11.880818729937886,cube13_cluster0;cube4_cluster0,2
2025-09-15,676775,676775,545121,AZ,SF,7,2,0,1,FS,FS,R,R,B,,89.7,89.7,-0.84,-0.84,-0.13,-0.13,1513.0,1513.0,243.0,243.0,6.4,6.4,-1.43,-1.43,6.05,6.05,cube12_cluster0,316,1.723922269416,CH,89.01009096911115,10.260232782391817,9.292479855944606,cube12_cluster0;cube13_cluster0,2
2025-09-15,664192,664192,672695,AZ,SF,6,1,0,0,SI,SI,L,L,S,,91.0,91.0,1.2,-1.2,0.93,0.93,2136.0,2136.0,147.0,213.0,6.3,6.3,2.78,-2.78,5.64,5.64,cube14_cluster0,644,1.0396315595282792,FF,92.67733037261901,12.017251018938115,9.608444861229,cube13_cluster0;cube14_cluster0;cube4_cluster0;cube5_cluster0,4
2025-09-15,669276,669276,665953,WSH,ATL,8,2,3,2,CH,CH,L,L,S,,86.5,86.5,1.47,-1.47,0.98,0.98,1853.0,1853.0,136.0,224.0,6.4,6.4,1.73,-1.73,6.46,6.46,cube3_cluster0,268,1.1038393242794264,CH,89.73428321085365,11.536857891248982,10.613841731058852,cube3_cluster0,1
2025-09-15,680755,680755,650490,TB,TOR,11,0,0,1,SL,SL,R,R,S,,87.3,87.3,0.31,0.31,0.08,0.08,2378.0,2378.0,139.0,139.0,5.4,5.4,0.57,0.57,6.68,6.68,cube42_cluster1,3,2.699636966309699,FC,87.63142706302794,-5.957348927875244,5.6153508771929825,,0
2025-09-15,686973,686973,650490,TB,TOR,8,2,0,0,KC,KC,R,R,B,,87.8,87.8,0.28,0.28,-0.49,-0.49,2428.0,2428.0,40.0,40.0,6.8,6.8,-2.79,-2.79,5.47,5.47,cube59_cluster1,54,1.5379573894078737,SL,85.28451345513116,-6.463379179070062,0.3652873224190217,cube59_cluster1;cube67_cluster0,2
2025-09-15,687330,687330,664770,TB,TOR,11,2,2,0,SI,SI,R,R,S,,90.8,90.8,-1.5,-1.5,0.09,0.09,2209.0,2209.0,254.0,254.0,7.2,7.2,-1.39,-1.39,3.83,3.83,cube24_cluster2,4,2.599823801153281,CH,86.59885858822028,14.483213701192424,-0.8909986290305438,,0
2025-09-15,702056,702056,691406,TB,TOR,1,1,0,0,SL,SL,R,R,B,,88.6,88.6,-0.21,-0.21,0.38,0.38,2146.0,2146.0,210.0,210.0,6.0,6.0,-0.64,-0.64,7.19,7.19,cube42_cluster1,3,2.2483794282853853,FC,87.63142706302794,-5.957348927875244,5.6153508771929825,,0
2025-09-15,621051,621051,687637,CWS,BAL,6,1,3,2,FF,FF,R,R,X,Dylan Beavers flies out to left fielder Andrew Benintendi.,94.7,94.7,-0.4,-0.4,1.68,1.68,2610.0,2610.0,197.0,197.0,6.9,6.9,-2.27,-2.27,5.81,5.81,cube5_cluster0,516,1.844207809945796,FF,94.26601183041208,12.58960465467938,11.873748452415477,cube14_cluster0,1
2025-09-15,677952,677952,664023,PIT,CHC,1,1,0,1,FF,FF,R,R,B,,98.0,98.0,-0.88,-0.88,1.32,1.32,2440.0,2440.0,227.0,227.0,6.4,6.4,-0.98,-0.98,6.15,6.15,cube4_cluster0,983,1.7091826427984287,FF,92.73799323851703,11.87678282989603,11.880818729937886,cube4_cluster0,1
2025-09-15,664126,664126,680718,TB,TOR,9,2,1,0,FC,FC,R,R,S,,91.7,91.7,0.47,0.47,0.67,0.67,2480.0,2480.0,134.0,134.0,5.8,5.8,-0.09,-0.09,7.14,7.14,cube42_cluster1,3,1.8220863278576906,FC,87.63142706302794,-5.957348927875244,5.6153508771929825,,0
2025-09-15,502085,502085,500743,LAD,PHI,10,1,0,0,FC,FC,R,R,X,Miguel Rojas pops out to shortstop Bryson Stott on the infield fly rule.,90.5,90.5,0.42,0.42,0.77,0.77,2697.0,2697.0,172.0,172.0,6.4,6.4,-2.66,-2.66,5.71,5.71,cube34_cluster0,80,1.1010643304107144,FC,89.12332099959275,-2.9379632103369024,6.342505511607449,cube33_cluster0;cube34_cluster0,2
2025-09-15,595345,595345,666969,HOU,TEX,6,1,1,1,SL,SL,L,L,S,,81.0,81.0,-0.7,0.7,0.57,0.57,2376.0,2376.0,284.0,76.0,6.0,6.0,3.28,-3.28,5.87,5.87,cube59_cluster0,6,1.3923176465059792,SL,85.10288607720291,-4.974455470207517,-0.26360602944668465,cube58_cluster0,1
2025-09-15,657424,657424,672695,AZ,SF,5,2,3,2,FF,FF,L,L,B,Geraldo Perdomo walks.,92.4,92.4,0.1,-0.1,1.05,1.05,2225.0,2225.0,168.0,192.0,6.2,6.2,2.07,-2.07,6.24,6.24,cube23_cluster0,226,1.08423922066399,FC,89.98051132303166,-0.8288022207088954,9.04754296913982,cube13_cluster0;cube23_cluster0,2
2025-09-15,689147,689147,605141,LAD,PHI,7,2,0,1,FF,FF,R,R,X,Mookie Betts homers (19) on a fly ball to left center field.,98.3,98.3,-1.11,-1.11,1.01,1.01,2378.0,2378.0,229.0,229.0,6.3,6.3,-1.33,-1.33,5.77,5.77,cube4_cluster0,983,1.2011149157899088,FF,92.73799323851703,11.87678282989603,11.880818729937886,cube4_cluster0,1
2025-09-15,693312,693312,664023,PIT,CHC,7,1,2,2,CU,CU,R,R,B,Ian Happ hit by pitch.,87.5,87.5,0.96,0.96,-0.91,-0.91,2818.0,2818.0,34.0,34.0,7.1,7.1,-0.96,-0.96,6.05,6.05,cube67_cluster2,6,1.76470358010751,CU,83.11739876493539,-8.352412707608828,-11.699528597119054,cube73_cluster0;cube74_cluster0,2
2025-09-15,656222,656222,656305,AZ,SF,9,2,2,0,FF,FF,L,L,B,,92.5,92.5,0.54,-0.54,1.31,1.31,2117.0,2117.0,145.0,215.0,6.4,6.4,1.08,-1.08,5.88,5.88,cube4_cluster0,983,1.2451299425448998,FF,92.73799323851703,11.87678282989603,11.880818729937886,cube13_cluster0;cube4_cluster0,2
2025-09-15,664076,664076,676914,TB,TOR,7,1,2,2,FF,FF,L,L,S,,97.4,97.4,0.6,-0.6,1.34,1.34,2341.0,2341.0,142.0,218.0,6.0,6.0,1.08,-1.08,5.39,5.39,cube4_cluster0,983,1.8932651105020697,FF,92.73799323851703,11.87678282989603,11.880818729937886,cube13_cluster0;cube4_cluster0,2
2025-09-15,686218,686218,669016,LAD,PHI,1,2,2,2,SL,SL,R,R,X,"Brandon Marsh grounds out, second baseman Miguel Rojas to first baseman Freddie Freeman.",87.1,87.1,0.32,0.32,0.44,0.44,2224.0,2224.0,189.0,189.0,6.5,6.5,-1.31,-1.31,5.33,5.33,cube33_cluster0,169,1.3936376352775728,FC,88.23401695598267,-3.1239005241649638,6.236802891040705,cube23_cluster0;cube33_cluster0,2
2025-09-15,681517,681517,670770,STL,CIN,9,0,0,0,FF,FF,R,R,B,,95.6,95.6,-0.52,-0.52,1.56,1.56,2325.0,2325.0,202.0,202.0,7.1,7.1,-2.08,-2.08,5.82,5.82,cube15_cluster1,11,1.5245539241931332,FF,95.07044777791452,10.01799709211646,12.914228470751997,cube14_cluster0;cube5_cluster0,2
2025-09-15,668933,668933,695336,STL,CIN,7,0,0,0,FC,FC,R,R,B,,95.4,95.4,0.27,0.27,0.65,0.65,2489.0,2489.0,192.0,192.0,5.5,5.5,-0.14,-0.14,6.47,6.47,cube42_cluster1,3,2.327783527932361,FC,87.63142706302794,-5.957348927875244,5.6153508771929825,,0
2025-09-15,596133,596133,666397,MIN,NYY,7,1,1,0,CH,CH,R,R,B,,89.6,89.6,-1.16,-1.16,0.81,0.81,2129.0,2129.0,224.0,224.0,6.3,6.3,-1.59,-1.59,5.45,5.45,cube13_cluster0,1173,0.8995170780094773,FF,91.32597348809763,10.933560927718538,9.887490835989844,cube13_cluster0;cube4_cluster0,2
2025-09-15,624133,624133,606192,LAD,PHI,1,2,0,0,SI,SI,L,L,X,Teoscar Hernández flies out to right fielder Max Kepler.,90.9,90.9,0.8,-0.8,0.7,0.7,1965.0,1965.0,134.0,226.0,6.1,6.1,2.29,-2.29,5.5,5.5,cube13_cluster0,1173,1.0059623643851994,FF,91.32597348809763,10.933560927718538,9.887490835989844,cube13_cluster0,1
2025-09-15,663893,663893,666139,TB,TOR,6,2,1,1,KC,KC,L,L,S,,87.0,87.0,-0.19,0.19,-0.74,-0.74,1906.0,1906.0,346.0,14.0,5.7,5.7,1.86,-1.86,6.34,6.34,cube58_cluster2,5,1.845977959653555,SL,85.46595452823905,-0.04526262806992336,-2.641776233356624,,0
2025-09-15,701519,701519,663757,MIN,NYY,8,2,1,0,FF,FF,R,R,B,,95.0,95.0,-0.44,-0.44,1.29,1.29,2334.0,2334.0,212.0,212.0,6.3,6.3,-0.85,-0.85,6.19,6.19,cube22_cluster0,44,1.5225087762503235,FC,88.82845332305666,-1.3474977477043035,9.056608779489569,cube12_cluster0;cube13_cluster0;cube3_cluster0;cube4_cluster0,4
2025-09-15,668678,668678,646240,AZ,SF,1,2,1,1,FF,FF,R,R,S,,94.2,94.2,-0.2,-0.2,1.38,1.38,2365.0,2365.0,207.0,207.0,6.4,6.4,-2.9,-2.9,6.0,6.0,cube24_cluster0,111,1.6958860532781892,FC,90.39472309229976,-0.35116486760382487,8.906212304019572,cube13_cluster0;cube14_cluster0,2
2025-09-15,622554,622554,656484,TB,TOR,7,2,1,0,FF,FF,R,R,B,,96.8,96.8,-0.39,-0.39,1.37,1.37,2375.0,2375.0,213.0,213.0,6.4,6.4,-1.98,-1.98,5.5,5.5,cube5_cluster0,516,1.2250488142151914,FF,94.26601183041208,12.58960465467938,11.873748452415477,cube13_cluster0;cube14_cluster0;cube4_cluster0;cube5_cluster0,4
2025-09-15,676263,676263,642215,LAD,PHI,7,1,1,0,SL,SL,L,L,B,,88.8,88.8,-0.13,0.13,0.36,0.36,2348.0,2348.0,191.0,169.0,6.3,6.3,1.41,-1.41,5.95,5.95,cube32_cluster0,41,0.6791004406208069,SL,87.45742516293836,-3.2707771382581203,5.520714440411837,cube33_cluster0,1
2025-09-15,592791,592791,502054,PIT,CHC,1,2,0,0,FF,FF,R,R,X,Tommy Pham flies out to center fielder Pete Crow-Armstrong.,93.4,93.4,-0.64,-0.64,1.63,1.63,2353.0,2353.0,209.0,209.0,6.9,6.9,-1.25,-1.25,6.1,6.1,cube4_cluster0,983,1.7529726673684598,FF,92.73799323851703,11.87678282989603,11.880818729937886,cube4_cluster0,1
2025-09-15,666808,666808,668904,MIN,NYY,7,1,2,1,SL,SL,R,R,X,"Royce Lewis lines into a double play, third baseman Ryan McMahon to first baseman Paul Goldschmidt. Luke Keaschall out at 1st.",87.3,87.3,0.81,0.81,-0.15,-0.15,2759.0,2759.0,68.0,68.0,6.8,6.8,-1.6,-1.6,5.43,5.43,cube59_cluster1,54,1.2172187938954393,SL,85.28451345513116,-6.463379179070062,0.3652873224190217,cube67_cluster0,1
2025-09-15,650556,650556,683227,HOU,TEX,9,2,0,0,FF,FF,R,R,B,,97.5,97.5,-0.59,-0.59,1.42,1.42,2327.0,2327.0,217.0,217.0,6.8,6.8,-2.62,-2.62,5.53,5.53,cube6_cluster3,4,0.9577490968631737,FF,96.83250199133,9.898196859286852,14.591325902230212,cube14_cluster0;cube5_cluster0,2
2025-09-15,621381,621381,500743,LAD,PHI,8,2,0,0,SL,SL,L,L,B,,80.0,80.0,-0.45,0.45,0.32,0.32,2566.0,2566.0,266.0,94.0,6.2,6.2,1.67,-1.67,5.49,5.49,cube58_cluster0,194,1.2284384490229436,SL,84.5104961347656,-6.359862250696315,0.3949475543105161,cube58_cluster0,1
2025-09-15,681676,681676,663886,STL,CIN,8,1,2,2,SL,SL,R,R,B,,88.0,88.0,0.11,0.11,0.13,0.13,2681.0,2681.0,133.0,133.0,6.3,6.3,-1.81,-1.81,5.95,5.95,cube43_cluster0,144,0.8968237922345537,SL,87.05264300971788,-4.004743073818654,3.6350863620861684,cube43_cluster0;cube51_cluster0,2
2025-09-15,664747,664747,671277,WSH,ATL,9,0,1,2,FF,FF,R,R,B,,95.5,95.5,-0.87,-0.87,1.11,1.11,2592.0,2592.0,222.0,222.0,7.7,7.7,-2.23,-2.23,5.0,5.0,cube15_cluster1,11,1.0131792984529084,FF,95.07044777791452,10.01799709211646,12.914228470751997,cube15_cluster1;cube6_cluster0,2
2025-09-15,641302,641302,681297,CWS,BAL,6,2,1,2,ST,ST,L,L,S,,82.9,82.9,-0.82,0.82,0.42,0.42,2512.0,2512.0,276.0,84.0,6.7,6.7,2.25,-2.25,5.14,5.14,cube59_cluster1,54,1.0516481657202932,SL,85.28451345513116,-6.463379179070062,0.3652873224190217,cube59_cluster1;cube59_cluster2,2
2025-09-15,687863,687863,665833,PIT,CHC,9,1,1,0,SL,SL,R,R,B,,87.4,87.4,0.68,0.68,0.74,0.74,2682.0,2682.0,88.0,88.0,7.3,7.3,-2.68,-2.68,5.54,5.54,cube52_cluster1,9,1.8230302656775061,SL,87.17033349644716,-3.7876297283127007,0.844764456834557,,0
2025-09-15,680573,680573,641355,MIN,NYY,1,1,0,0,FF,FF,R,R,S,,93.5,93.5,-0.25,-0.25,1.54,1.54,2211.0,2211.0,203.0,203.0,6.6,6.6,-1.29,-1.29,6.4,6.4,cube22_cluster0,44,1.6953389761732818,FC,88.82845332305666,-1.3474977477043035,9.056608779489569,cube12_cluster0;cube13_cluster0;cube3_cluster0;cube4_cluster0,4
2025-09-15,680694,680694,691019,CWS,BAL,1,0,1,2,SI,SI,R,R,S,Kyle Teel called out on strikes.,95.3,95.3,-0.97,-0.97,1.04,1.04,2254.0,2254.0,191.0,191.0,6.5,6.5,-0.84,-0.84,6.44,6.44,cube3_cluster0,268,1.849221533886011,CH,89.73428321085365,11.536857891248982,10.613841731058852,cube12_cluster0;cube13_cluster0;cube3_cluster0;cube4_cluster0,4
2025-09-15,676742,676742,694208,PIT,CHC,5,2,0,0,FF,FF,R,R,S,,97.1,97.1,-0.49,-0.49,1.42,1.42,2704.0,2704.0,218.0,218.0,6.3,6.3,-3.24,-3.24,5.9,5.9,cube6_cluster3,4,2.151704371503167,FF,96.83250199133,9.898196859286852,14.591325902230212,cube14_cluster0,1
2025-09-15,700669,700669,680574,STL,CIN,9,2,1,2,FF,FF,R,R,B,,97.1,97.1,-0.43,-0.43,1.34,1.34,2213.0,2213.0,208.0,208.0,6.3,6.3,-1.58,-1.58,6.16,6.16,cube4_cluster0,983,1.2745838245332595,FF,92.73799323851703,11.87678282989603,11.880818729937886,cube13_cluster0;cube4_cluster0,2
2025-09-15,641329,641329,543807,TB,TOR,8,2,1,0,SL,SL,R,R,S,,91.8,91.8,0.59,0.59,0.59,0.59,2392.0,2392.0,163.0,163.0,6.5,6.5,-0.34,-0.34,6.55,6.55,cube42_cluster1,3,1.1293964673613297,FC,87.63142706302794,-5.957348927875244,5.6153508771929825,,0
2025-09-15,681892,681892,641857,MIN,NYY,7,2,0,0,SI,SI,L,L,S,,94.3,94.3,1.33,-1.33,0.69,0.69,2336.0,2336.0,141.0,219.0,7.3,7.3,2.3,-2.3,5.76,5.76,cube15_cluster1,11,1.2438902498015465,FF,95.07044777791452,10.01799709211646,12.914228470751997,cube14_cluster0;cube5_cluster0,2
2025-09-15,680732,680732,687637,CWS,BAL,2,2,1,0,FF,FF,R,R,X,Dylan Beavers flies out to left fielder Andrew Benintendi.,95.3,95.3,-0.34,-0.34,1.36,1.36,2527.0,2527.0,200.0,200.0,7.2,7.2,-2.32,-2.32,6.19,6.19,cube15_cluster1,11,2.0551161157043274,FF,95.07044777791452,10.01799709211646,12.914228470751997,cube14_cluster0,1
2025-09-15,595014,595014,592663,LAD,PHI,10,1,3,2,ST,ST,R,R,X,J.T. Realmuto out on a sacrifice fly to right fielder Alex Call. Harrison Bader scores. Bryce Harper to 3rd.,85.5,85.5,1.17,1.17,-0.09,-0.09,2738.0,2738.0,42.0,42.0,5.5,5.5,-2.99,-2.99,6.23,6.23,cube78_cluster1,5,2.1048353617208764,CU,80.64152300890618,-18.302848826753866,-5.60128168299082,,0
2025-09-15,701487,701487,665862,MIN,NYY,9,1,2,2,CH,CH,R,R,X,"Jazz Chisholm Jr. grounds out, shortstop Brooks Lee to first baseman Edouard Julien.",81.9,81.9,-1.06,-1.06,0.38,0.38,2134.0,2134.0,253.0,253.0,6.6,6.6,-0.89,-0.89,6.01,6.01,cube12_cluster0,316,1.8354263699974844,CH,89.01009096911115,10.260232782391817,9.292479855944606,,0
2025-09-15,675911,675911,695734,WSH,ATL,2,0,2,2,FF,FF,R,R,X,Daylen Lile homers (6) on a fly ball to right field.,96.1,96.1,-0.96,-0.96,1.44,1.44,2399.0,2399.0,213.0,213.0,7.0,7.0,-1.65,-1.65,5.87,5.87,cube5_cluster0,516,1.4509703222957142,FF,94.26601183041208,12.58960465467938,11.873748452415477,cube4_cluster0;cube5_cluster0,2
2025-09-15,681911,681911,805249,LAD,PHI,8,2,0,0,FF,FF,L,L,B,,92.5,92.5,0.46,-0.46,1.61,1.61,2428.0,2428.0,168.0,192.0,6.5,6.5,0.21,-0.21,5.95,5.95,cube22_cluster0,44,2.3495167782406163,FC,88.82845332305666,-1.3474977477043035,9.056608779489569,cube12_cluster0;cube13_cluster0,2
2025-09-15,607074,607074,807712,MIN,NYY,1,2,1,2,FF,FF,L,L,B,,94.1,94.1,0.89,-0.89,1.56,1.56,2294.0,2294.0,146.0,214.0,6.1,6.1,2.04,-2.04,6.44,6.44,cube4_cluster0,983,1.6389207055512987,FF,92.73799323851703,11.87678282989603,11.880818729937886,cube3_cluster0;cube4_cluster0,2
2025-09-15,687911,687911,669394,HOU,TEX,8,1,2,0,FF,FF,L,L,S,,90.6,90.6,0.56,-0.56,1.22,1.22,2103.0,2103.0,143.0,217.0,6.4,6.4,2.84,-2.84,5.63,5.63,cube14_cluster0,644,1.2443324285378874,FF,92.67733037261901,12.017251018938115,9.608444861229,cube13_cluster0;cube14_cluster0;cube4_cluster0;cube5_cluster0,4
2025-09-15,664294,664294,664023,PIT,CHC,9,2,0,0,SL,SL,R,R,S,,83.4,83.4,-0.14,-0.14,-0.07,-0.07,2091.0,2091.0,322.0,322.0,6.3,6.3,-1.15,-1.15,5.93,5.93,cube58_cluster2,5,1.7738295885265354,SL,85.46595452823905,-0.04526262806992336,-2.641776233356624,,0
2025-09-15,647336,647336,693304,PIT,CHC,7,0,2,2,SV,SV,R,R,S,Nick Gonzales strikes out swinging.,82.6,82.6,1.05,1.05,-1.13,-1.13,3121.0,3121.0,48.0,48.0,6.2,6.2,-2.49,-2.49,5.83,5.83,cube78_cluster1,5,1.3389337626682638,CU,80.64152300890618,-18.302848826753866,-5.60128168299082,cube78_cluster0,1
2025-09-15,663574,663574,669357,STL,CIN,7,2,0,0,FF,FF,R,R,S,,94.7,94.7,-0.88,-0.88,1.11,1.11,2338.0,2338.0,229.0,229.0,6.2,6.2,-2.45,-2.45,5.13,5.13,cube14_cluster0,644,1.1553526779062246,FF,92.67733037261901,12.017251018938115,9.608444861229,cube14_cluster0;cube5_cluster0,2
2025-09-15,669461,669461,669720,STL,CIN,2,0,2,0,FC,FC,L,L,X,Austin Hays lines out to first baseman Willson Contreras.,92.9,92.9,-0.06,0.06,1.08,1.08,2453.0,2453.0,147.0,213.0,6.4,6.4,0.63,-0.63,6.58,6.58,cube22_cluster0,44,1.6797830586495315,FC,88.82845332305666,-1.3474977477043035,9.056608779489569,cube12_cluster0;cube22_cluster0,2
2025-09-15,607455,607455,547180,LAD,PHI,1,1,0,0,SL,SL,L,L,B,,86.7,86.7,-0.38,0.38,0.01,0.01,2468.0,2468.0,333.0,27.0,6.4,6.4,2.62,-2.62,5.38,5.38,cube67_cluster0,152,1.3292834572650492,ST,83.21108910576972,-12.188986866329156,0.17080679660382098,cube59_cluster1,1
2025-09-15,688297,688297,682829,STL,CIN,7,0,3,2,SI,SI,R,R,S,,95.9,95.9,-1.69,-1.69,0.3,0.3,2047.0,2047.0,251.0,251.0,6.7,6.7,-1.68,-1.68,4.93,4.93,cube24_cluster2,4,1.7989835379100487,CH,86.59885858822028,14.483213701192424,-0.8909986290305438,cube14_cluster0,1
2025-09-15,678024,678024,641933,CWS,BAL,7,1,1,1,ST,ST,R,R,B,,81.8,81.8,1.43,1.43,-0.33,-0.33,2424.0,2424.0,48.0,48.0,6.5,6.5,-1.54,-1.54,5.88,5.88,cube66_cluster0,381,1.0579763342411623,ST,82.47698152646831,-10.124080234445362,-2.88332382968971,cube66_cluster0;cube73_cluster0,2
2025-09-15,680730,680730,660670,WSH,ATL,1,0,0,1,FF,FF,L,L,B,,93.5,93.5,0.42,-0.42,1.54,1.54,2198.0,2198.0,165.0,195.0,6.9,6.9,1.21,-1.21,6.39,6.39,cube4_cluster0,983,2.029880187077838,FF,92.73799323851703,11.87678282989603,11.880818729937886,cube13_cluster0;cube4_cluster0,2
2025-09-15,688497,688497,671218,AZ,SF,7,1,1,0,SL,SL,R,R,S,,83.1,83.1,0.55,0.55,0.47,0.47,2137.0,2137.0,134.0,134.0,6.5,6.5,-0.45,-0.45,6.41,6.41,cube42_cluster1,3,1.4352670125623832,FC,87.63142706302794,-5.957348927875244,5.6153508771929825,,0
2025-09-15,669704,669704,678554,CWS,BAL,6,1,1,1,SI,SI,R,R,B,,94.3,94.3,-0.87,-0.87,1.11,1.11,2211.0,2211.0,199.0,199.0,6.2,6.2,-1.23,-1.23,5.89,5.89,cube4_cluster0,983,1.1454334759872382,FF,92.73799323851703,11.87678282989603,11.880818729937886,cube13_cluster0;cube4_cluster0,2
2025-09-15,683004,683004,621043,HOU,TEX,1,0,0,0,SL,SL,R,R,B,,87.8,87.8,0.36,0.36,0.1,0.1,2421.0,2421.0,155.0,155.0,6.6,6.6,-1.34,-1.34,5.76,5.76,cube43_cluster0,144,0.7711172952799409,SL,87.05264300971788,-4.004743073818654,3.6350863620861684,cube43_cluster0,1
2025-09-15,608650,608650,643565,CWS,BAL,8,0,0,0,FF,FF,L,L,S,,93.5,93.5,0.45,-0.45,1.41,1.41,2185.0,2185.0,154.0,206.0,6.2,6.2,2.02,-2.02,6.42,6.42,cube4_cluster0,983,1.5538127972602416,FF,92.73799323851703,11.87678282989603,11.880818729937886,cube12_cluster0;cube13_cluster0;cube3_cluster0;cube4_cluster0,4
2025-09-15,641793,641793,671056,STL,CIN,1,1,1,1,FS,FS,R,R,B,,82.4,82.4,-1.02,-1.02,0.14,0.14,878.0,878.0,250.0,250.0,5.9,5.9,-0.64,-0.64,6.26,6.26,cube13_cluster1,3,3.0271403615258707,FS,84.2318346010472,7.0387863377694,1.0515447129672841,,0
2025-09-15,678906,678906,682998,AZ,SF,1,0,2,2,FF,FF,R,R,S,,94.7,94.7,-0.77,-0.77,1.09,1.09,2566.0,2566.0,235.0,235.0,6.5,6.5,-2.33,-2.33,5.43,5.43,cube5_cluster0,516,1.040337073223686,FF,94.26601183041208,12.58960465467938,11.873748452415477,cube14_cluster0,1
2025-09-15,657756,657756,682928,WSH,ATL,8,0,0,0,FC,FC,R,R,B,,88.0,88.0,-0.02,-0.02,0.73,0.73,2418.0,2418.0,219.0,219.0,6.2,6.2,-3.33,-3.33,5.18,5.18,cube24_cluster0,111,1.7103511365059503,FC,90.39472309229976,-0.35116486760382487,8.906212304019572,cube24_cluster0,1
2025-09-15,683175,683175,571448,STL,CIN,8,1,2,2,ST,ST,R,R,S,Nolan Arenado strikes out swinging.,86.5,86.5,1.33,1.33,0.02,0.02,2582.0,2582.0,62.0,62.0,6.1,6.1,-1.65,-1.65,5.66,5.66,cube66_cluster0,381,1.0883274576212976,ST,82.47698152646831,-10.124080234445362,-2.88332382968971,cube66_cluster0,1
2025-09-15,666711,666711,677942,AZ,SF,6,0,3,2,SI,SI,R,R,B,Blaze Alexander walks. Corbin Carroll to 3rd. Gabriel Moreno to 2nd.,100.0,100.0,-1.17,-1.17,0.68,0.68,2373.0,2373.0,213.0,213.0,5.4,5.4,-0.84,-0.84,5.83,5.83,cube12_cluster0,316,2.5013117893851917,CH,89.01009096911115,10.260232782391817,9.292479855944606,,0
2025-09-15,671212,671212,680718,TB,TOR,2,0,2,0,FF,FF,R,R,X,Addison Barger flies out to center fielder Jake Mangum.,98.1,98.1,-0.82,-0.82,1.05,1.05,2660.0,2660.0,220.0,220.0,6.4,6.4,-1.16,-1.16,5.77,5.77,cube4_cluster0,983,1.743744132475816,FF,92.73799323851703,11.87678282989603,11.880818729937886,cube13_cluster0;cube14_cluster0,2
2025-09-15,621051,621051,687637,CWS,BAL,6,1,2,2,CH,CH,R,R,B,,86.4,86.4,-1.07,-1.07,0.35,0.35,1383.0,1383.0,234.0,234.0,6.9,6.9,-2.53,-2.53,5.58,5.58,cube13_cluster1,3,1.6533275819820192,FS,84.2318346010472,7.0387863377694,1.0515447129672841,cube13_cluster0;cube4_cluster0,2
2025-09-15,702056,702056,664040,TB,TOR,1,0,0,2,FS,FS,R,R,S,Brandon Lowe strikes out swinging.,83.7,83.7,-0.61,-0.61,0.3,0.3,1408.0,1408.0,224.0,224.0,5.8,5.8,-0.56,-0.56,7.26,7.26,cube12_cluster0,316,3.0869156039506005,CH,89.01009096911115,10.260232782391817,9.292479855944606,,0
2025-09-15,661395,661395,624424,LAD,PHI,9,1,0,1,FS,FS,R,R,B,,99.6,99.6,-1.2,-1.2,0.03,0.03,1841.0,1841.0,247.0,247.0,6.1,6.1,-2.44,-2.44,5.74,5.74,cube23_cluster1,15,1.776733049303167,CH,87.14244152758266,13.779793742871872,-2.1495322200021145,cube13_cluster0;cube14_cluster0;cube4_cluster0,3
2025-09-15,666808,666808,668904,MIN,NYY,7,1,1,1,SL,SL,R,R,B,,88.5,88.5,0.92,0.92,-0.01,-0.01,2798.0,2798.0,68.0,68.0,6.4,6.4,-1.47,-1.47,5.41,5.41,cube59_cluster1,54,1.4071105282006844,SL,85.28451345513116,-6.463379179070062,0.3652873224190217,cube66_cluster0;cube67_cluster0,2
2025-09-15,677952,677952,664023,PIT,CHC,1,1,0,0,SL,SL,R,R,S,,93.7,93.7,0.01,0.01,0.77,0.77,2587.0,2587.0,206.0,206.0,6.3,6.3,-0.96,-0.96,6.23,6.23,cube22_cluster0,44,1.1857408953571522,FC,88.82845332305666,-1.3474977477043035,9.056608779489569,cube23_cluster0,1
2025-09-15,688497,688497,671218,AZ,SF,7,1,0,0,FF,FF,R,R,B,,89.8,89.8,0.14,0.14,1.63,1.63,2161.0,2161.0,180.0,180.0,6.8,6.8,-0.04,-0.04,6.37,6.37,cube22_cluster0,44,2.649702718562148,FC,88.82845332305666,-1.3474977477043035,9.056608779489569,,0
2025-09-15,678906,678906,682998,AZ,SF,1,0,2,2,ST,ST,R,R,S,,85.1,85.1,1.11,1.11,-0.07,-0.07,2816.0,2816.0,42.0,42.0,6.4,6.4,-2.37,-2.37,5.35,5.35,cube67_cluster0,152,0.8485006403134103,ST,83.21108910576972,-12.188986866329156,0.17080679660382098,cube67_cluster0;cube74_cluster0,2
2025-09-15,664294,664294,663538,PIT,CHC,9,1,1,1,SL,SL,R,R,X,Nico Hoerner lines out to shortstop Nick Gonzales.,84.1,84.1,-0.04,-0.04,-0.11,-0.11,1935.0,1935.0,299.0,299.0,6.2,6.2,-1.09,-1.09,6.02,6.02,cube58_cluster2,5,2.266489745573097,SL,85.46595452823905,-0.04526262806992336,-2.641776233356624,,0
2025-09-15,681892,681892,502671,MIN,NYY,7,1,3,2,SI,SI,L,L,X,Paul Goldschmidt grounds out sharply to first baseman Edouard Julien.,94.3,94.3,1.28,-1.28,0.63,0.63,2391.0,2391.0,155.0,205.0,7.1,7.1,2.26,-2.26,5.65,5.65,cube5_cluster0,516,1.2352504368323678,FF,94.26601183041208,12.58960465467938,11.873748452415477,cube14_cluster0;cube5_cluster0,2
2025-09-15,688297,688297,682829,STL,CIN,7,0,2,2,FC,FC,R,R,B,,88.6,88.6,0.51,0.51,0.22,0.22,2333.0,2333.0,103.0,103.0,7.1,7.1,-1.81,-1.81,4.89,4.89,cube52_cluster0,25,1.8427353076876123,SL,87.17795916965139,-4.451177468094217,2.170340230630463,,0
2025-09-15,689147,689147,605141,LAD,PHI,7,2,0,0,FF,FF,R,R,S,,98.5,98.5,-1.04,-1.04,1.07,1.07,2325.0,2325.0,230.0,230.0,6.4,6.4,-1.16,-1.16,5.8,5.8,cube4_cluster0,983,1.2780775257271237,FF,92.73799323851703,11.87678282989603,11.880818729937886,cube4_cluster0,1
2025-09-15,641941,641941,671056,STL,CIN,9,2,2,2,FF,FF,R,R,X,"Iván Herrera grounds into a force out, shortstop Elly De La Cruz to second baseman Matt McLain. Brendan Donovan out at 2nd.",96.2,96.2,-0.66,-0.66,1.53,1.53,2631.0,2631.0,207.0,207.0,7.0,7.0,-1.6,-1.6,5.44,5.44,cube15_cluster1,11,1.5597612673326722,FF,95.07044777791452,10.01799709211646,12.914228470751997,cube14_cluster0;cube5_cluster0,2
2025-09-15,669276,669276,665953,WSH,ATL,8,2,3,1,CH,CH,L,L,S,,85.8,85.8,1.37,-1.37,1.08,1.08,1776.0,1776.0,138.0,222.0,6.3,6.3,1.76,-1.76,6.47,6.47,cube3_cluster0,268,1.1072114578680143,CH,89.73428321085365,11.536857891248982,10.613841731058852,cube3_cluster0,1
2025-09-15,678024,678024,641933,CWS,BAL,7,1,1,0,SI,SI,R,R,S,,95.1,95.1,-1.24,-1.24,0.46,0.46,2163.0,2163.0,217.0,217.0,6.3,6.3,-1.5,-1.5,5.93,5.93,cube4_cluster0,983,1.0202499006484484,FF,92.73799323851703,11.87678282989603,11.880818729937886,cube13_cluster0;cube4_cluster0,2
2025-09-15,663574,663574,676475,STL,CIN,7,2,1,1,SV,SV,R,R,B,Alec Burleson hit by pitch.,85.0,85.0,0.97,0.97,-0.69,-0.69,2176.0,2176.0,32.0,32.0,6.1,6.1,-2.41,-2.41,5.26,5.26,cube67_cluster3,1,1.621129408218134,SL,78.67358490566038,-15.561509433962266,-4.000754716981133,cube66_cluster0,1
2025-09-15,669461,669461,669720,STL,CIN,2,0,1,0,FF,FF,L,L,B,,94.2,94.2,0.56,-0.56,1.38,1.38,2138.0,2138.0,150.0,210.0,6.5,6.5,0.45,-0.45,6.61,6.61,cube3_cluster0,268,2.1618369601652163,CH,89.73428321085365,11.536857891248982,10.613841731058852,cube12_cluster0;cube3_cluster0,2
2025-09-15,681911,681911,592206,LAD,PHI,8,1,0,2,SL,SL,L,L,X,Nick Castellanos lines out softly to first baseman Freddie Freeman.,86.4,86.4,-0.6,0.6,0.44,0.44,2369.0,2369.0,206.0,154.0,6.3,6.3,0.11,-0.11,6.09,6.09,cube42_cluster1,3,1.6303053493792738,FC,87.63142706302794,-5.957348927875244,5.6153508771929825,cube42_cluster0,1
2025-09-15,656945,656945,664056,LAD,PHI,9,2,0,0,SL,SL,L,L,X,Harrison Bader flies out to right fielder Alex Call.,90.5,90.5,-0.51,0.51,-0.01,-0.01,2542.0,2542.0,242.0,118.0,6.0,6.0,2.61,-2.61,5.08,5.08,cube52_cluster0,25,1.5043901798896153,SL,87.17795916965139,-4.451177468094217,2.170340230630463,cube52_cluster0,1
2025-09-15,641793,641793,671056,STL,CIN,1,1,1,0,SI,SI,R,R,S,,91.6,91.6,-1.21,-1.21,1.03,1.03,2053.0,2053.0,213.0,213.0,6.2,6.2,-0.74,-0.74,5.99,5.99,cube3_cluster0,268,1.2280301116864054,CH,89.73428321085365,11.536857891248982,10.613841731058852,cube3_cluster0;cube4_cluster0,2
2025-09-15,829272,829272,805373,WSH,ATL,7,0,2,1,FF,FF,L,L,X,Nacho Alvarez Jr. singles on a line drive to left fielder James Wood.,91.9,91.9,0.7,-0.7,1.2,1.2,2121.0,2121.0,140.0,220.0,6.4,6.4,1.67,-1.67,5.49,5.49,cube4_cluster0,983,0.8961817011874612,FF,92.73799323851703,11.87678282989603,11.880818729937886,cube13_cluster0;cube4_cluster0,2
2025-09-15,693312,693312,664023,PIT,CHC,7,1,2,2,FF,FF,R,R,S,,98.6,98.6,-0.49,-0.49,1.47,1.47,2394.0,2394.0,212.0,212.0,7.1,7.1,-1.08,-1.08,6.12,6.12,cube4_cluster0,983,2.1537395291617436,FF,92.73799323851703,11.87678282989603,11.880818729937886,cube13_cluster0;cube14_cluster0;cube4_cluster0;cube5_cluster0,4
2025-09-15,683004,683004,670541,HOU,TEX,1,0,3,2,FF,FF,R,R,B,Yordan Alvarez walks. Jeremy Peña to 2nd.,96.2,96.2,-0.73,-0.73,1.52,1.52,2378.0,2378.0,216.0,216.0,6.9,6.9,-1.25,-1.25,5.56,5.56,cube5_cluster0,516,1.7157690313825138,FF,94.26601183041208,12.58960465467938,11.873748452415477,cube4_cluster0;cube5_cluster0,2
2025-09-15,607074,607074,807712,MIN,NYY,1,2,1,2,SL,SL,L,L,S,,86.7,86.7,-0.45,0.45,0.18,0.18,2552.0,2552.0,255.0,105.0,5.8,5.8,2.61,-2.61,6.22,6.22,cube50_cluster1,3,1.6222148758311474,SL,84.76644083107497,-3.5251273712737126,1.6661102077687442,cube51_cluster0;cube58_cluster0,2
2025-09-15,675911,675911,695734,WSH,ATL,2,0,1,2,SL,SL,R,R,B,,84.7,84.7,0.48,0.48,0.15,0.15,2287.0,2287.0,145.0,145.0,7.1,7.1,-1.92,-1.92,5.74,5.74,cube44_cluster0,35,1.2333870043466875,SL,87.43039514356485,-4.560198707426779,3.7204129901025347,cube43_cluster0;cube44_cluster0,2
2025-09-15,669704,669704,678554,CWS,BAL,6,1,1,0,FC,FC,R,R,S,,90.5,90.5,0.48,0.48,0.44,0.44,2654.0,2654.0,129.0,129.0,6.3,6.3,-1.3,-1.3,5.87,5.87,cube43_cluster0,144,1.0303889431623254,SL,87.05264300971788,-4.004743073818654,3.6350863620861684,cube43_cluster0;cube51_cluster0,2
2025-09-15,641329,641329,543807,TB,TOR,8,2,0,0,CH,CH,R,R,B,,85.2,85.2,-1.31,-1.31,0.46,0.46,1859.0,1859.0,223.0,223.0,6.5,6.5,-0.61,-0.61,6.56,6.56,cube3_cluster0,268,1.778837780394209,CH,89.73428321085365,11.536857891248982,10.613841731058852,cube12_cluster0;cube3_cluster0,2
2025-09-15,687911,687911,669394,HOU,TEX,8,1,1,0,FF,FF,L,L,B,,89.0,89.0,0.4,-0.4,1.11,1.11,2020.0,2020.0,146.0,214.0,6.5,6.5,2.88,-2.88,5.64,5.64,cube14_cluster0,644,1.383748484177296,FF,92.67733037261901,12.017251018938115,9.608444861229,cube13_cluster0;cube14_cluster0,2
2025-09-15,680694,680694,691019,CWS,BAL,1,0,0,2,SL,SL,R,R,B,,86.8,86.8,0.98,0.98,-0.05,-0.05,2643.0,2643.0,50.0,50.0,6.6,6.6,-1.18,-1.18,6.28,6.28,cube57_cluster0,32,1.463297010359231,SL,83.65118122149555,-5.010806328553835,-0.8552029953918647,cube66_cluster0,1
2025-09-15,656457,656457,683002,CWS,BAL,1,2,0,1,ST,ST,L,L,X,Gunnar Henderson flies out sharply to center fielder Dominic Fletcher.,79.7,79.7,-1.28,1.28,0.03,0.03,2442.0,2442.0,294.0,66.0,5.8,5.8,4.01,-4.01,4.39,4.39,cube67_cluster1,4,2.0305429403389472,SL,78.78950140546428,-8.273754895294893,-2.5912499273211385,,0
2025-09-15,668933,668933,571448,STL,CIN,7,0,2,2,FC,FC,R,R,X,Nolan Arenado doubles (16) on a sharp line drive to right fielder Noelvi Marte.,96.0,96.0,0.25,0.25,0.76,0.76,2610.0,2610.0,190.0,190.0,5.4,5.4,-0.39,-0.39,6.51,6.51,cube22_cluster0,44,2.336056531494546,FC,88.82845332305666,-1.3474977477043035,9.056608779489569,,0
2025-09-15,686973,686973,802415,TB,TOR,8,1,0,2,KC,KC,R,R,S,Chandler Simpson strikes out swinging.,88.5,88.5,0.14,0.14,-0.51,-0.51,2461.0,2461.0,29.0,29.0,6.6,6.6,-2.86,-2.86,5.55,5.55,cube59_cluster1,54,1.765172092810998,SL,85.28451345513116,-6.463379179070062,0.3652873224190217,cube59_cluster1;cube67_cluster0,2
2025-09-15,687863,687863,665833,PIT,CHC,9,1,0,0,SL,SL,R,R,B,,87.9,87.9,0.51,0.51,0.85,0.85,2709.0,2709.0,96.0,96.0,7.1,7.1,-2.7,-2.7,5.68,5.68,cube52_cluster1,9,1.632392675854845,SL,87.17033349644716,-3.7876297283127007,0.844764456834557,,0
2025-09-15,669920,669920,694671,HOU,TEX,1,1,1,2,CH,CH,R,R,S,Wyatt Langford strikes out swinging.,81.0,81.0,-1.7,-1.7,0.03,0.03,1909.0,1909.0,270.0,270.0,6.4,6.4,-1.47,-1.47,5.59,5.59,cube23_cluster1,15,1.6425162482888722,CH,87.14244152758266,13.779793742871872,-2.1495322200021145,cube13_cluster0,1
2025-09-15,657612,657612,686797,MIN,NYY,8,2,0,2,SI,SI,L,L,X,"Brooks Lee grounds out, shortstop Anthony Volpe to first baseman Paul Goldschmidt.",89.0,89.0,1.22,-1.22,-0.56,-0.56,2081.0,2081.0,73.0,287.0,6.5,6.5,3.8,-3.8,2.83,2.83,cube24_cluster2,4,4.309303176229526,CH,86.59885858822028,14.483213701192424,-0.8909986290305438,,0
2025-09-15,647336,647336,693304,PIT,CHC,7,0,2,1,SV,SV,R,R,S,,84.3,84.3,0.67,0.67,-0.59,-0.59,2915.0,2915.0,68.0,68.0,6.3,6.3,-2.62,-2.62,5.77,5.77,cube74_cluster0,95,1.2640492911959404,ST,81.58280060620267,-13.628576142052651,-5.303629922931518,cube66_cluster0;cube67_cluster0;cube73_cluster0;cube74_cluster0,4
2025-09-15,680732,680732,687637,CWS,BAL,2,2,0,0,KC,KC,R,R,B,,79.1,79.1,0.44,0.44,-1.15,-1.15,2367.0,2367.0,27.0,27.0,6.9,6.9,-2.21,-2.21,6.23,6.23,cube65_cluster2,4,1.2246565152985907,CU,77.46691308243727,-3.8291129032258064,-11.446518817204302,cube66_cluster0;cube73_cluster0,2
2025-09-15,621381,621381,669743,LAD,PHI,8,1,2,2,FF,FF,L,L,S,Alex Call strikes out swinging.,93.1,93.1,1.08,-1.08,1.34,1.34,2534.0,2534.0,137.0,223.0,6.1,6.1,1.74,-1.74,5.35,5.35,cube5_cluster0,516,1.5425484463564367,FF,94.26601183041208,12.58960465467938,11.873748452415477,cube13_cluster0;cube14_cluster0;cube4_cluster0;cube5_cluster0,4
2025-09-15,700669,700669,680574,STL,CIN,9,2,0,2,FC,FC,R,R,B,,88.5,88.5,-0.1,-0.1,0.08,0.08,2238.0,2238.0,294.0,294.0,6.5,6.5,-1.53,-1.53,6.16,6.16,cube58_cluster2,5,2.1610876203842055,SL,85.46595452823905,-0.04526262806992336,-2.641776233356624,,0
2025-09-15,663893,663893,666139,TB,TOR,6,2,0,1,SI,SI,L,L,B,,93.1,93.1,1.32,-1.32,0.01,0.01,2104.0,2104.0,123.0,237.0,5.6,5.6,2.33,-2.33,5.92,5.92,cube23_cluster1,15,1.9780511939181615,CH,87.14244152758266,13.779793742871872,-2.1495322200021145,cube13_cluster0,1
2025-09-15,681676,681676,663886,STL,CIN,8,1,2,1,SL,SL,R,R,S,,87.9,87.9,0.18,0.18,0.21,0.21,2723.0,2723.0,199.0,199.0,6.2,6.2,-1.7,-1.7,5.96,5.96,cube33_cluster0,169,1.1998281406200544,FC,88.23401695598267,-3.1239005241649638,6.236802891040705,cube33_cluster0,1
2025-09-15,592791,592791,668804,PIT,CHC,1,2,0,2,CU,CU,R,R,X,Bryan Reynolds singles on a ground ball to right fielder Willi Castro.,80.4,80.4,0.63,0.63,-0.75,-0.75,2478.0,2478.0,38.0,38.0,6.6,6.6,-1.17,-1.17,6.33,6.33,cube65_cluster0,52,1.0404303686023817,CU,80.5172691598637,-7.955497641633661,-5.720742174043808,cube65_cluster0;cube66_cluster0;cube72_cluster0;cube73_cluster0,4
2025-09-15,641302,641302,681297,CWS,BAL,6,2,1,2,FF,FF,L,L,S,,92.8,92.8,0.79,-0.79,1.21,1.21,2252.0,2252.0,135.0,225.0,6.3,6.3,2.09,-2.09,5.47,5.47,cube5_cluster0,516,0.8161959700074337,FF,94.26601183041208,12.58960465467938,11.873748452415477,cube13_cluster0;cube14_cluster0;cube4_cluster0;cube5_cluster0,4
2025-09-15,624133,624133,605141,LAD,PHI,1,1,1,1,SI,SI,L,L,X,"Mookie Betts grounds out sharply, shortstop Bryson Stott to first baseman Bryce Harper.",90.3,90.3,1.01,-1.01,0.15,0.15,1937.0,1937.0,134.0,226.0,6.0,6.0,2.44,-2.44,5.52,5.52,cube23_cluster1,15,1.2708339076776338,CH,87.14244152758266,13.779793742871872,-2.1495322200021145,cube13_cluster0,1
2025-09-15,668678,668678,646240,AZ,SF,1,2,0,1,FF,FF,R,R,B,,94.8,94.8,-0.2,-0.2,1.4,1.4,2417.0,2417.0,211.0,211.0,6.4,6.4,-3.15,-3.15,5.96,5.96,cube24_cluster0,111,1.8777599482523513,FC,90.39472309229976,-0.35116486760382487,8.906212304019572,cube13_cluster0;cube14_cluster0,2
2025-09-15,701487,701487,665862,MIN,NYY,9,1,2,1,CH,CH,R,R,S,,81.5,81.5,-1.03,-1.03,0.58,0.58,2250.0,2250.0,253.0,253.0,6.4,6.4,-0.85,-0.85,5.96,5.96,cube12_cluster0,316,1.811577612491551,CH,89.01009096911115,10.260232782391817,9.292479855944606,,0
2025-09-15,657424,657424,672695,AZ,SF,5,2,2,2,CH,CH,L,L,B,,86.3,86.3,1.18,-1.18,0.48,0.48,1234.0,1234.0,133.0,227.0,6.5,6.5,2.55,-2.55,5.99,5.99,cube13_cluster1,3,1.712640212070321,FS,84.2318346010472,7.0387863377694,1.0515447129672841,cube3_cluster0;cube4_cluster0,2
2025-09-15,701519,701519,663757,MIN,NYY,8,2,0,0,CH,CH,R,R,B,,88.4,88.4,-1.59,-1.59,0.5,0.5,1929.0,1929.0,234.0,234.0,6.2,6.2,-1.03,-1.03,5.81,5.81,cube12_cluster0,316,1.2925322815404483,CH,89.01009096911115,10.260232782391817,9.292479855944606,cube12_cluster0;cube13_cluster0;cube3_cluster0;cube4_cluster0,4
2025-09-15,671212,671212,680718,TB,TOR,2,0,1,0,SL,SL,R,R,B,,90.4,90.4,0.45,0.45,0.11,0.11,2536.0,2536.0,153.0,153.0,6.4,6.4,-1.28,-1.28,5.7,5.7,cube43_cluster0,144,0.9141076720652895,SL,87.05264300971788,-4.004743073818654,3.6350863620861684,cube43_cluster0,1
2025-09-15,666711,666711,677942,AZ,SF,6,0,2,2,SI,SI,R,R,B,,100.5,100.5,-1.23,-1.23,0.64,0.64,2507.0,2507.0,217.0,217.0,5.5,5.5,-0.87,-0.87,5.86,5.86,cube4_cluster0,983,2.5792611113443615,FF,92.73799323851703,11.87678282989603,11.880818729937886,,0
2025-09-15,676775,676775,545121,AZ,SF,7,2,0,0,FF,FF,R,R,S,,96.7,96.7,-0.62,-0.62,1.3,1.3,2337.0,2337.0,223.0,223.0,6.3,6.3,-1.48,-1.48,6.14,6.14,cube4_cluster0,983,1.2093861371512475,FF,92.73799323851703,11.87678282989603,11.880818729937886,cube13_cluster0;cube4_cluster0,2
2025-09-15,683175,683175,571448,STL,CIN,8,1,2,2,FF,FF,R,R,S,,99.1,99.1,-0.59,-0.59,1.46,1.46,2524.0,2524.0,217.0,217.0,6.1,6.1,-1.37,-1.37,5.81,5.81,cube4_cluster0,983,1.7282389656729993,FF,92.73799323851703,11.87678282989603,11.880818729937886,cube13_cluster0;cube4_cluster0,2
2025-09-15,680573,680573,592450,MIN,NYY,1,1,3,1,SL,SL,R,R,B,Aaron Judge walks.,86.6,86.6,0.59,0.59,0.76,0.76,2292.0,2292.0,175.0,175.0,6.8,6.8,-1.49,-1.49,6.34,6.34,cube32_cluster0,41,1.414249712657797,SL,87.45742516293836,-3.2707771382581203,5.520714440411837,cube32_cluster0;cube33_cluster0,2
2025-09-15,686218,686218,669016,LAD,PHI,1,2,2,1,FF,FF,R,R,S,,93.9,93.9,-0.6,-0.6,1.56,1.56,2310.0,2310.0,210.0,210.0,6.6,6.6,-1.16,-1.16,5.49,5.49,cube4_cluster0,983,1.6448338857702933,FF,92.73799323851703,11.87678282989603,11.880818729937886,cube13_cluster0;cube14_cluster0;cube4_cluster0;cube5_cluster0,4
2025-09-15,607455,607455,656941,LAD,PHI,1,1,2,2,SL,SL,L,L,X,Kyle Schwarber homers (53) on a line drive to right center field.,86.3,86.3,-0.74,0.74,0.04,0.04,2372.0,2372.0,323.0,37.0,6.2,6.2,2.5,-2.5,5.54,5.54,cube67_cluster0,152,1.187411634733284,ST,83.21108910576972,-12.188986866329156,0.17080679660382098,cube58_cluster0;cube59_cluster1;cube66_cluster0;cube67_cluster0,4
2025-09-15,664747,664747,671277,WSH,ATL,9,0,0,2,SL,SL,R,R,B,,89.2,89.2,0.36,0.36,0.24,0.24,2828.0,2828.0,166.0,166.0,7.6,7.6,-2.19,-2.19,5.23,5.23,cube44_cluster0,35,2.144909627819725,SL,87.43039514356485,-4.560198707426779,3.7204129901025347,,0
2025-09-15,687377,687377,645277,WSH,ATL,9,1,0,0,FF,FF,R,R,B,,95.9,95.9,-0.83,-0.83,1.42,1.42,2702.0,2702.0,212.0,212.0,6.2,6.2,-1.89,-1.89,6.53,6.53,cube4_cluster0,983,2.1254108924228103,FF,92.73799323851703,11.87678282989603,11.880818729937886,cube13_cluster0;cube4_cluster0,2
2025-09-15,608650,608650,572191,CWS,BAL,7,2,3,2,FF,FF,L,L,S,Michael A. Taylor strikes out swinging.,94.4,94.4,0.66,-0.66,1.52,1.52,2168.0,2168.0,150.0,210.0,6.4,6.4,2.04,-2.04,6.3,6.3,cube4_cluster0,983,1.3125568194941488,FF,92.73799323851703,11.87678282989603,11.880818729937886,cube4_cluster0,1
2025-09-15,650556,650556,677649,HOU,TEX,9,2,0,0,SL,SL,R,R,X,Ezequiel Duran singles on a line drive to right fielder Zach Cole. Jonah Heim to 2nd.,86.5,86.5,0.52,0.52,-0.31,-0.31,2938.0,2938.0,59.0,59.0,6.3,6.3,-2.89,-2.89,5.74,5.74,cube59_cluster0,6,1.1316498395764967,SL,85.10288607720291,-4.974455470207517,-0.26360602944668465,cube67_cluster0,1
2025-09-15,681517,681517,680574,STL,CIN,8,2,3,2,ST,ST,R,R,S,Matt McLain strikes out swinging.,88.7,88.7,1.03,1.03,0.39,0.39,2558.0,2558.0,85.0,85.0,7.1,7.1,-2.17,-2.17,5.69,5.69,cube52_cluster1,9,1.4440958216272206,SL,87.17033349644716,-3.7876297283127007,0.844764456834557,,0
2025-09-15,596133,596133,666397,MIN,NYY,7,1,0,0,CH,CH,R,R,B,,89.6,89.6,-1.2,-1.2,0.73,0.73,1993.0,1993.0,222.0,222.0,6.2,6.2,-1.71,-1.71,5.55,5.55,cube13_cluster0,1173,0.7976780433780327,FF,91.32597348809763,10.933560927718538,9.887490835989844,cube13_cluster0;cube4_cluster0,2
2025-09-15,676742,676742,664023,PIT,CHC,5,1,2,1,SL,SL,R,R,X,Ian Happ flies out to center fielder Jack Suwinski.,86.2,86.2,0.23,0.23,0.14,0.14,2638.0,2638.0,91.0,91.0,6.1,6.1,-3.1,-3.1,6.19,6.19,cube59_cluster0,6,1.284414352603528,SL,85.10288607720291,-4.974455470207517,-0.26360602944668465,cube58_cluster0,1
2025-09-15,680730,680730,660670,WSH,ATL,1,0,0,0,CU,CU,L,L,S,,79.8,79.8,-0.38,0.38,-0.8,-0.8,2467.0,2467.0,337.0,23.0,7.0,7.0,1.54,-1.54,6.31,6.31,cube65_cluster2,4,1.3183264063052051,CU,77.46691308243727,-3.8291129032258064,-11.446518817204302,cube66_cluster0,1
2025-09-15,656222,656222,656305,AZ,SF,9,2,1,0,CH,CH,L,L,B,,87.5,87.5,1.38,-1.38,0.77,0.77,2089.0,2089.0,129.0,231.0,6.2,6.2,1.34,-1.34,5.81,5.81,cube12_cluster0,316,1.0124767392003038,CH,89.01009096911115,10.260232782391817,9.292479855944606,cube12_cluster0;cube13_cluster0;cube3_cluster0;cube4_cluster0,4
2025-09-15,622554,622554,656484,TB,TOR,7,2,0,0,ST,ST,R,R,B,,83.9,83.9,0.98,0.98,0.48,0.48,2489.0,2489.0,73.0,73.0,6.4,6.4,-1.97,-1.97,5.51,5.51,cube59_cluster1,54,0.9872823551484358,SL,85.28451345513116,-6.463379179070062,0.3652873224190217,cube58_cluster0;cube66_cluster0,2
2025-09-15,676263,676263,642215,LAD,PHI,7,1,0,0,SL,SL,L,L,B,,87.7,87.7,-0.09,0.09,0.41,0.41,2283.0,2283.0,180.0,180.0,6.7,6.7,1.3,-1.3,5.99,5.99,cube33_cluster0,169,1.0814079715082667,FC,88.23401695598267,-3.1239005241649638,6.236802891040705,cube23_cluster0;cube33_cluster0,2
2025-09-15,664126,664126,680718,TB,TOR,9,2,0,0,SL,SL,R,R,B,,85.1,85.1,0.62,0.62,-0.64,-0.64,2701.0,2701.0,45.0,45.0,6.4,6.4,-0.11,-0.11,7.17,7.17,cube65_cluster0,52,2.90245918745636,CU,80.5172691598637,-7.955497641633661,-5.720742174043808,,0
2025-09-15,664192,664192,664983,AZ,SF,6,1,3,1,SI,SI,L,L,X,Jake McCarthy reaches on a throwing error by second baseman Casey Schmitt.,91.6,91.6,1.0,-1.0,0.93,0.93,2201.0,2201.0,155.0,205.0,6.0,6.0,2.27,-2.27,5.86,5.86,cube13_cluster0,1173,1.0635815550503949,FF,91.32597348809763,10.933560927718538,9.887490835989844,cube13_cluster0;cube4_cluster0,2
2025-09-15,680755,680755,650490,TB,TOR,11,0,0,0,SL,SL,R,R,S,,88.5,88.5,0.19,0.19,0.45,0.45,2340.0,2340.0,180.0,180.0,5.4,5.4,0.63,0.63,6.68,6.68,cube42_cluster1,3,2.827849591446388,FC,87.63142706302794,-5.957348927875244,5.6153508771929825,,0
2025-09-15,687330,687330,664770,TB,TOR,11,2,1,0,FC,FC,R,R,B,,89.5,89.5,-0.34,-0.34,0.78,0.78,2277.0,2277.0,238.0,238.0,7.0,7.0,-1.58,-1.58,3.76,3.76,cube6_cluster1,15,2.8685189319965616,FF,93.47534420977159,14.387599769999566,11.216693762121963,,0
2025-09-15,595345,595345,666969,HOU,TEX,6,1,0,1,FF,FF,L,L,B,,92.9,92.9,0.52,-0.52,1.35,1.35,2203.0,2203.0,141.0,219.0,6.1,6.1,3.25,-3.25,6.0,6.0,cube5_cluster0,516,2.1139294425841726,FF,94.26601183041208,12.58960465467938,11.873748452415477,cube13_cluster0;cube4_cluster0,2
2025-09-15,595014,595014,592663,LAD,PHI,10,1,2,2,ST,ST,R,R,B,,85.2,85.2,0.83,0.83,0.12,0.12,2754.0,2754.0,43.0,43.0,5.6,5.6,-2.87,-2.87,6.25,6.25,cube59_cluster0,6,1.9910822939510713,SL,85.10288607720291,-4.974455470207517,-0.26360602944668465,,0
2025-09-15,656546,656546,663968,TB,TOR,9,2,0,0,FS,FS,R,R,B,,87.7,87.7,-1.24,-1.24,0.58,0.58,1493.0,1493.0,241.0,241.0,6.5,6.5,-2.23,-2.23,5.76,5.76,cube13_cluster0,1173,1.7005756522804147,FF,91.32597348809763,10.933560927718538,9.887490835989844,cube4_cluster0,1
2025-09-15,502085,502085,669743,LAD,PHI,10,1,3,2,KC,KC,R,R,B,Alex Call walks. Freddie Freeman to 2nd.,85.2,85.2,0.59,0.59,-0.99,-0.99,2684.0,2684.0,43.0,43.0,6.4,6.4,-2.8,-2.8,5.74,5.74,cube74_cluster0,95,1.43047206079441,ST,81.58280060620267,-13.628576142052651,-5.303629922931518,cube66_cluster0;cube73_cluster0;cube74_cluster0,3
2025-09-15,664076,664076,676914,TB,TOR,7,1,1,2,SL,SL,L,L,B,,86.3,86.3,-0.53,0.53,-0.27,-0.27,2695.0,2695.0,280.0,80.0,6.0,6.0,1.36,-1.36,5.15,5.15,cube57_cluster1,5,1.5645186079732334,SL,84.4555766444267,-4.522769280798219,-0.11781077608958196,cube58_cluster0;cube66_cluster0,2
2025-09-15,657756,657756,690987,WSH,ATL,8,0,3,2,CH,CH,R,R,B,Robert Hassell III walks. Riley Adams to 2nd.,82.6,82.6,-1.43,-1.43,-0.24,-0.24,2198.0,2198.0,275.0,275.0,6.3,6.3,-3.14,-3.14,5.03,5.03,cube24_cluster1,4,1.4683738585245005,CH,87.80202822087334,14.29789321005082,-3.691264304536044,,0
2025-09-15,675911,675911,695734,WSH,ATL,2,0,0,2,SL,SL,R,R,B,,84.7,84.7,0.55,0.55,0.11,0.11,2213.0,2213.0,174.0,174.0,7.0,7.0,-1.74,-1.74,5.78,5.78,cube33_cluster0,169,1.4460359669084624,FC,88.23401695598267,-3.1239005241649638,6.236802891040705,cube33_cluster0;cube43_cluster0,2
2025-09-15,595014,595014,592663,LAD,PHI,10,1,2,2,ST,ST,R,R,S,,86.1,86.1,0.94,0.94,-0.18,-0.18,2521.0,2521.0,40.0,40.0,5.6,5.6,-2.8,-2.8,6.27,6.27,cube66_cluster0,381,2.0828617258092925,ST,82.47698152646831,-10.124080234445362,-2.88332382968971,,0
2025-09-15,592791,592791,668804,PIT,CHC,1,2,0,2,FF,FF,R,R,S,,92.4,92.4,-0.61,-0.61,1.63,1.63,2278.0,2278.0,205.0,205.0,6.7,6.7,-1.14,-1.14,6.23,6.23,cube4_cluster0,983,1.7463554875063754,FF,92.73799323851703,11.87678282989603,11.880818729937886,cube13_cluster0;cube4_cluster0,2
2025-09-15,676263,676263,681082,LAD,PHI,7,1,3,2,FF,FF,L,L,X,Bryson Stott singles on a line drive to center fielder Andy Pages. Otto Kemp scores.,92.8,92.8,0.96,-0.96,1.6,1.6,2462.0,2462.0,157.0,203.0,6.6,6.6,2.09,-2.09,5.89,5.89,cube5_cluster0,516,1.3614263417204915,FF,94.26601183041208,12.58960465467938,11.873748452415477,cube4_cluster0;cube5_cluster0,2
2025-09-15,657612,657612,686797,MIN,NYY,8,2,0,2,FF,FF,L,L,S,,89.5,89.5,1.85,-1.85,0.44,0.44,2165.0,2165.0,81.0,279.0,6.6,6.6,3.5,-3.5,3.25,3.25,cube15_cluster0,42,3.4195988350267696,SI,92.30526222650909,14.93250583992383,7.242244489314018,,0
2025-09-15,647336,647336,693304,PIT,CHC,7,0,2,0,FF,FF,R,R,S,,95.2,95.2,-0.86,-0.86,1.37,1.37,2671.0,2671.0,225.0,225.0,6.5,6.5,-2.8,-2.8,5.52,5.52,cube5_cluster0,516,1.512140771141841,FF,94.26601183041208,12.58960465467938,11.873748452415477,cube14_cluster0;cube5_cluster0,2
2025-09-15,687863,687863,669261,PIT,CHC,9,1,3,0,SL,SL,R,R,B,Jack Suwinski walks. Nick Gonzales to 2nd.,87.6,87.6,0.93,0.93,0.25,0.25,2608.0,2608.0,59.0,59.0,7.1,7.1,-2.57,-2.57,5.64,5.64,cube67_cluster0,152,1.3252906395722976,ST,83.21108910576972,-12.188986866329156,0.17080679660382098,cube67_cluster0,1
2025-09-15,688297,688297,682829,STL,CIN,7,0,2,1,FC,FC,R,R,S,,87.8,87.8,0.52,0.52,-0.09,-0.09,2295.0,2295.0,105.0,105.0,6.9,6.9,-1.91,-1.91,4.9,4.9,cube52_cluster0,25,1.6557964680527628,SL,87.17795916965139,-4.451177468094217,2.170340230630463,,0
2025-09-15,671212,671212,680718,TB,TOR,2,0,0,0,FF,FF,R,R,B,,96.4,96.4,-0.19,-0.19,1.01,1.01,2693.0,2693.0,212.0,212.0,6.3,6.3,-1.0,-1.0,5.83,5.83,cube22_cluster0,44,1.711085257183091,FC,88.82845332305666,-1.3474977477043035,9.056608779489569,cube13_cluster0;cube23_cluster0,2
2025-09-15,643377,643377,676391,TB,TOR,10,2,0,2,ST,ST,R,R,S,"Ernie Clement strikes out swinging, catcher Nick Fortes to first baseman Yandy Díaz.",89.8,89.8,0.85,0.85,-0.31,-0.31,3129.0,3129.0,34.0,34.0,6.4,6.4,-0.59,-0.59,5.33,5.33,cube57_cluster1,5,2.5359685222858395,SL,84.4555766444267,-4.522769280798219,-0.11781077608958196,,0
2025-09-15,687911,687911,669394,HOU,TEX,8,1,0,0,FF,FF,L,L,B,,89.3,89.3,0.54,-0.54,1.19,1.19,2055.0,2055.0,138.0,222.0,6.3,6.3,2.84,-2.84,5.7,5.7,cube14_cluster0,644,1.3768322867854061,FF,92.67733037261901,12.017251018938115,9.608444861229,cube13_cluster0;cube4_cluster0,2
2025-09-15,622554,622554,663743,TB,TOR,7,1,2,2,ST,ST,R,R,S,Nick Fortes strikes out swinging.,85.6,85.6,0.85,0.85,0.61,0.61,2628.0,2628.0,77.0,77.0,6.3,6.3,-1.94,-1.94,5.47,5.47,cube59_cluster1,54,1.1730140442027168,SL,85.28451345513116,-6.463379179070062,0.3652873224190217,cube58_cluster0;cube59_cluster1,2
2025-09-15,657756,657756,690987,WSH,ATL,8,0,3,2,FF,FF,R,R,S,,93.5,93.5,-1.27,-1.27,1.28,1.28,2221.0,2221.0,229.0,229.0,6.3,6.3,-3.04,-3.04,5.35,5.35,cube14_cluster0,644,1.3709839396248462,FF,92.67733037261901,12.017251018938115,9.608444861229,cube5_cluster0,1
2025-09-15,680694,680694,691019,CWS,BAL,1,0,0,1,FF,FF,R,R,S,,94.6,94.6,0.26,0.26,1.18,1.18,2406.0,2406.0,178.0,178.0,6.4,6.4,-0.84,-0.84,6.59,6.59,cube42_cluster1,3,1.5771752171541173,FC,87.63142706302794,-5.957348927875244,5.6153508771929825,cube22_cluster0;cube23_cluster0,2
2025-09-15,669920,669920,694671,HOU,TEX,1,1,0,2,SI,SI,R,R,B,,92.3,92.3,-1.55,-1.55,0.07,0.07,2093.0,2093.0,247.0,247.0,6.6,6.6,-1.55,-1.55,5.49,5.49,cube23_cluster1,15,1.6783344177506072,CH,87.14244152758266,13.779793742871872,-2.1495322200021145,cube13_cluster0;cube14_cluster0,2
2025-09-15,661395,661395,624424,LAD,PHI,9,1,0,0,FS,FS,R,R,S,,99.5,99.5,-1.16,-1.16,-0.05,-0.05,1885.0,1885.0,241.0,241.0,6.2,6.2,-2.49,-2.49,5.75,5.75,cube23_cluster1,15,1.820481854391365,CH,87.14244152758266,13.779793742871872,-2.1495322200021145,cube13_cluster0,1
2025-09-15,656546,656546,666139,TB,TOR,9,1,2,2,SL,SL,R,R,S,Josh Lowe strikes out swinging.,86.5,86.5,0.13,0.13,0.35,0.35,2508.0,2508.0,144.0,144.0,6.5,6.5,-2.11,-2.11,5.9,5.9,cube43_cluster0,144,0.7876683687573327,SL,87.05264300971788,-4.004743073818654,3.6350863620861684,cube43_cluster0,1
2025-09-15,666808,666808,668904,MIN,NYY,7,1,1,0,SI,SI,R,R,S,,96.0,96.0,-0.52,-0.52,0.56,0.56,2556.0,2556.0,205.0,205.0,6.4,6.4,-1.68,-1.68,5.26,5.26,cube24_cluster0,111,1.5054002000245028,FC,90.39472309229976,-0.35116486760382487,8.906212304019572,cube14_cluster0;cube24_cluster0,2
2025-09-15,607074,607074,807712,MIN,NYY,1,2,0,2,FF,FF,L,L,B,,93.3,93.3,0.86,-0.86,1.5,1.5,2344.0,2344.0,138.0,222.0,6.0,6.0,2.18,-2.18,6.43,6.43,cube4_cluster0,983,1.7303996148280567,FF,92.73799323851703,11.87678282989603,11.880818729937886,cube3_cluster0;cube4_cluster0,2
2025-09-15,666711,666711,677942,AZ,SF,6,0,1,2,SL,SL,R,R,B,,91.6,91.6,0.48,0.48,-0.05,-0.05,2718.0,2718.0,107.0,107.0,5.6,5.6,-1.09,-1.09,5.9,5.9,cube57_cluster1,5,1.262586987343063,SL,84.4555766444267,-4.522769280798219,-0.11781077608958196,,0
2025-09-15,683175,683175,571448,STL,CIN,8,1,1,2,ST,ST,R,R,B,,86.4,86.4,1.26,1.26,-0.21,-0.21,2603.0,2603.0,56.0,56.0,5.8,5.8,-1.65,-1.65,5.64,5.64,cube65_cluster1,5,1.1181687369004791,ST,79.83113104371454,-13.87824519299928,1.6911752817070245,cube66_cluster0;cube73_cluster0,2
2025-09-15,624133,624133,605141,LAD,PHI,1,1,0,1,FC,FC,L,L,B,,87.2,87.2,-0.1,0.1,0.55,0.55,2128.0,2128.0,153.0,207.0,5.9,5.9,2.4,-2.4,5.58,5.58,cube23_cluster0,226,1.3684152681928299,FC,89.98051132303166,-0.8288022207088954,9.04754296913982,cube23_cluster0,1
2025-09-15,656945,656945,642215,LAD,PHI,9,1,0,2,FF,FF,L,L,S,Weston Wilson called out on strikes.,97.7,97.7,0.5,-0.5,1.33,1.33,2599.0,2599.0,148.0,212.0,6.2,6.2,2.29,-2.29,5.22,5.22,cube5_cluster0,516,1.6897170928947913,FF,94.26601183041208,12.58960465467938,11.873748452415477,cube14_cluster0,1
2025-09-15,502085,502085,669743,LAD,PHI,10,1,2,2,FC,FC,R,R,B,,91.4,91.4,0.46,0.46,1.11,1.11,2845.0,2845.0,181.0,181.0,6.6,6.6,-2.75,-2.75,5.82,5.82,cube34_cluster0,80,1.6195102529513856,FC,89.12332099959275,-2.9379632103369024,6.342505511607449,cube24_cluster0;cube34_cluster0,2
2025-09-15,677952,677952,663538,PIT,CHC,1,1,3,0,FF,FF,R,R,B,Nico Hoerner walks.,97.8,97.8,-0.81,-0.81,1.33,1.33,2386.0,2386.0,218.0,218.0,6.6,6.6,-0.64,-0.64,6.39,6.39,cube4_cluster0,983,2.208616074502421,FF,92.73799323851703,11.87678282989603,11.880818729937886,cube4_cluster0,1
2025-09-15,607455,607455,656941,LAD,PHI,1,1,1,2,SI,SI,L,L,S,,97.2,97.2,0.97,-0.97,1.02,1.02,2205.0,2205.0,142.0,218.0,6.3,6.3,2.36,-2.36,5.66,5.66,cube5_cluster0,516,0.7712627462938332,FF,94.26601183041208,12.58960465467938,11.873748452415477,cube4_cluster0;cube5_cluster0,2
2025-09-15,664747,664747,671277,WSH,ATL,9,0,0,1,FF,FF,R,R,S,,94.8,94.8,-0.91,-0.91,1.23,1.23,2543.0,2543.0,231.0,231.0,7.7,7.7,-2.27,-2.27,4.98,4.98,cube6_cluster0,11,1.0242644224502702,FF,94.93316427873066,12.825740892008225,12.6853773304967,cube15_cluster1;cube6_cluster0,2
2025-09-15,678906,678906,682998,AZ,SF,1,0,2,1,ST,ST,R,R,S,,83.9,83.9,0.89,0.89,0.11,0.11,2753.0,2753.0,61.0,61.0,6.3,6.3,-2.56,-2.56,5.31,5.31,cube67_cluster0,152,0.6003862489114599,ST,83.21108910576972,-12.188986866329156,0.17080679660382098,cube66_cluster0;cube67_cluster0,2
2025-09-15,657424,657424,672695,AZ,SF,5,2,2,2,FF,FF,L,L,S,,92.2,92.2,-0.15,0.15,1.24,1.24,2261.0,2261.0,172.0,188.0,6.3,6.3,2.18,-2.18,6.23,6.23,cube23_cluster0,226,1.2014555554849362,FC,89.98051132303166,-0.8288022207088954,9.04754296913982,cube13_cluster0;cube23_cluster0,2
2025-09-15,829272,829272,805373,WSH,ATL,7,0,1,1,FF,FF,L,L,B,,92.6,92.6,0.76,-0.76,1.3,1.3,2077.0,2077.0,140.0,220.0,6.4,6.4,1.55,-1.55,5.61,5.61,cube4_cluster0,983,0.8146149439236193,FF,92.73799323851703,11.87678282989603,11.880818729937886,cube4_cluster0,1
2025-09-15,681517,681517,680574,STL,CIN,8,2,3,2,ST,ST,R,R,S,,86.9,86.9,1.04,1.04,0.24,0.24,2646.0,2646.0,79.0,79.0,7.0,7.0,-2.25,-2.25,5.68,5.68,cube59_cluster1,54,1.229846394907314,SL,85.28451345513116,-6.463379179070062,0.3652873224190217,cube59_cluster1;cube67_cluster0,2
2025-09-15,641302,641302,681297,CWS,BAL,6,2,0,2,FF,FF,L,L,B,,93.1,93.1,0.64,-0.64,1.19,1.19,2237.0,2237.0,140.0,220.0,6.4,6.4,2.12,-2.12,5.51,5.51,cube5_cluster0,516,0.7440022078862296,FF,94.26601183041208,12.58960465467938,11.873748452415477,cube13_cluster0;cube14_cluster0;cube4_cluster0;cube5_cluster0,4
2025-09-15,683004,683004,670541,HOU,TEX,1,0,3,1,FF,FF,R,R,S,,97.6,97.6,-0.83,-0.83,1.58,1.58,2396.0,2396.0,219.0,219.0,6.8,6.8,-1.27,-1.27,5.57,5.57,cube5_cluster0,516,1.7022779478737653,FF,94.26601183041208,12.58960465467938,11.873748452415477,cube4_cluster0;cube5_cluster0,2
2025-09-15,650556,650556,641680,HOU,TEX,9,2,3,0,FF,FF,R,R,B,Jonah Heim walks.,95.5,95.5,-0.44,-0.44,1.38,1.38,2210.0,2210.0,219.0,219.0,6.7,6.7,-2.57,-2.57,5.61,5.61,cube5_cluster0,516,1.0778804154950556,FF,94.26601183041208,12.58960465467938,11.873748452415477,cube14_cluster0;cube5_cluster0,2
2025-09-15,678024,678024,641933,CWS,BAL,7,1,0,0,SI,SI,R,R,B,,95.4,95.4,-1.28,-1.28,0.49,0.49,2137.0,2137.0,222.0,222.0,6.5,6.5,-1.53,-1.53,5.87,5.87,cube4_cluster0,983,0.9580447707721209,FF,92.73799323851703,11.87678282989603,11.880818729937886,cube13_cluster0;cube4_cluster0,2
2025-09-15,656222,656222,656305,AZ,SF,9,2,0,0,CH,CH,L,L,B,,86.8,86.8,0.99,-0.99,0.77,0.77,1783.0,1783.0,123.0,237.0,6.0,6.0,1.26,-1.26,5.92,5.92,cube12_cluster0,316,0.757313896804997,CH,89.01009096911115,10.260232782391817,9.292479855944606,cube12_cluster0;cube3_cluster0,2
2025-09-15,680730,680730,621566,WSH,ATL,1,0,3,2,FF,FF,L,L,X,Matt Olson singles on a ground ball to second baseman Luis García Jr. Jurickson Profar to 2nd.,93.2,93.2,0.77,-0.77,1.28,1.28,2205.0,2205.0,164.0,196.0,6.8,6.8,1.1,-1.1,6.49,6.49,cube3_cluster0,268,1.8982630493343056,CH,89.73428321085365,11.536857891248982,10.613841731058852,cube12_cluster0;cube13_cluster0;cube3_cluster0;cube4_cluster0,4
2025-09-15,608650,608650,572191,CWS,BAL,7,2,3,1,CH,CH,L,L,S,,85.3,85.3,1.03,-1.03,0.98,0.98,1376.0,1376.0,119.0,241.0,6.2,6.2,1.82,-1.82,6.27,6.27,cube3_cluster0,268,1.4761050300196077,CH,89.73428321085365,11.536857891248982,10.613841731058852,cube3_cluster0,1
2025-09-15,669704,669704,678554,CWS,BAL,6,1,0,0,SI,SI,R,R,B,,95.3,95.3,-0.57,-0.57,1.02,1.02,2334.0,2334.0,200.0,200.0,6.4,6.4,-1.07,-1.07,5.9,5.9,cube4_cluster0,983,1.4180575961430175,FF,92.73799323851703,11.87678282989603,11.880818729937886,cube13_cluster0,1
2025-09-15,680573,680573,592450,MIN,NYY,1,1,2,1,FS,FS,R,R,B,,86.1,86.1,-0.46,-0.46,0.44,0.44,841.0,841.0,223.0,223.0,6.9,6.9,-1.27,-1.27,6.32,6.32,cube13_cluster1,3,1.522476794239984,FS,84.2318346010472,7.0387863377694,1.0515447129672841,cube3_cluster0,1
2025-09-15,621381,621381,669743,LAD,PHI,8,1,2,1,FC,FC,L,L,S,,86.2,86.2,-0.03,0.03,1.01,1.01,2588.0,2588.0,165.0,195.0,6.1,6.1,1.87,-1.87,5.31,5.31,cube23_cluster0,226,1.4080233590673807,FC,89.98051132303166,-0.8288022207088954,9.04754296913982,cube23_cluster0,1
2025-09-15,680732,680732,663624,CWS,BAL,2,1,1,2,KC,KC,R,R,X,"Ryan Mountcastle grounds out, shortstop Colson Montgomery to first baseman Lenyn Sosa.",82.6,82.6,0.36,0.36,-1.23,-1.23,2566.0,2566.0,26.0,26.0,7.0,7.0,-2.06,-2.06,6.27,6.27,cube67_cluster2,6,1.4017008543166094,CU,83.11739876493539,-8.352412707608828,-11.699528597119054,cube66_cluster0;cube73_cluster0;cube74_cluster0,3
2025-09-15,641941,641941,671056,STL,CIN,9,2,1,2,FS,FS,R,R,B,,82.9,82.9,-0.61,-0.61,0.44,0.44,944.0,944.0,240.0,240.0,7.2,7.2,-1.84,-1.84,5.41,5.41,cube13_cluster1,3,1.3699365811787292,FS,84.2318346010472,7.0387863377694,1.0515447129672841,cube13_cluster0;cube4_cluster0,2
2025-09-15,701519,701519,669224,MIN,NYY,8,1,1,1,FF,FF,R,R,X,"Austin Wells grounds out sharply, shortstop Brooks Lee to first baseman Edouard Julien.",95.2,95.2,-0.53,-0.53,1.38,1.38,2463.0,2463.0,214.0,214.0,6.3,6.3,-1.15,-1.15,5.93,5.93,cube4_cluster0,983,1.5394969220691241,FF,92.73799323851703,11.87678282989603,11.880818729937886,cube13_cluster0;cube4_cluster0,2
2025-09-15,596133,596133,640902,MIN,NYY,7,0,0,1,FF,FF,R,R,X,"Jhonny Pereda out on a sacrifice bunt, pitcher Luke Weaver to second baseman Jazz Chisholm Jr. Brooks Lee to 3rd.",96.8,96.8,-0.6,-0.6,1.69,1.69,2401.0,2401.0,203.0,203.0,6.1,6.1,-1.58,-1.58,5.66,5.66,cube4_cluster0,983,1.6810992454462987,FF,92.73799323851703,11.87678282989603,11.880818729937886,cube13_cluster0;cube4_cluster0,2
2025-09-15,668678,668678,646240,AZ,SF,1,2,0,0,CH,CH,R,R,S,,86.4,86.4,-1.03,-1.03,0.04,0.04,1581.0,1581.0,230.0,230.0,6.5,6.5,-3.17,-3.17,5.84,5.84,cube24_cluster1,4,2.074309255720569,CH,87.80202822087334,14.29789321005082,-3.691264304536044,cube13_cluster0,1
2025-09-15,641329,641329,665926,TB,TOR,8,1,2,2,CH,CH,R,R,X,Andrés Giménez out on a sacrifice fly to left fielder Chandler Simpson. Ernie Clement scores.,87.0,87.0,-1.2,-1.2,0.54,0.54,1895.0,1895.0,230.0,230.0,6.3,6.3,-0.93,-0.93,6.52,6.52,cube3_cluster0,268,1.275431551948304,CH,89.73428321085365,11.536857891248982,10.613841731058852,cube12_cluster0;cube3_cluster0,2
2025-09-15,676775,676775,677942,AZ,SF,7,1,1,2,FS,FS,R,R,S,Blaze Alexander strikes out swinging.,90.4,90.4,-0.89,-0.89,-0.23,-0.23,1498.0,1498.0,243.0,243.0,6.2,6.2,-1.45,-1.45,6.06,6.06,cube12_cluster0,316,1.8126775258503063,CH,89.01009096911115,10.260232782391817,9.292479855944606,cube12_cluster0;cube13_cluster0,2
2025-09-15,676742,676742,664023,PIT,CHC,5,1,1,1,FF,FF,R,R,B,,95.7,95.7,-0.39,-0.39,1.39,1.39,2569.0,2569.0,212.0,212.0,6.1,6.1,-3.1,-3.1,6.17,6.17,cube23_cluster0,226,2.321281608435599,FC,89.98051132303166,-0.8288022207088954,9.04754296913982,cube13_cluster0;cube14_cluster0,2
2025-09-15,663574,663574,676475,STL,CIN,7,2,1,0,SV,SV,R,R,S,,85.4,85.4,1.04,1.04,-0.58,-0.58,2177.0,2177.0,40.0,40.0,5.9,5.9,-2.56,-2.56,5.29,5.29,cube67_cluster3,1,1.539224209095956,SL,78.67358490566038,-15.561509433962266,-4.000754716981133,cube66_cluster0,1
2025-09-15,680755,680755,802415,TB,TOR,10,2,1,0,FC,FC,R,R,X,Chandler Simpson flies out to center fielder Daulton Varsho.,93.2,93.2,0.17,0.17,1.04,1.04,2218.0,2218.0,195.0,195.0,5.4,5.4,0.54,0.54,6.63,6.63,cube42_cluster1,3,3.1019143462857013,FC,87.63142706302794,-5.957348927875244,5.6153508771929825,,0
2025-09-15,681676,681676,663886,STL,CIN,8,1,2,0,SL,SL,R,R,S,,86.6,86.6,0.24,0.24,0.32,0.32,2691.0,2691.0,137.0,137.0,6.1,6.1,-1.66,-1.66,5.98,5.98,cube43_cluster0,144,0.967169452389083,SL,87.05264300971788,-4.004743073818654,3.6350863620861684,cube43_cluster0;cube51_cluster0,2
2025-09-15,693312,693312,664023,PIT,CHC,7,1,2,2,FF,FF,R,R,S,,98.9,98.9,-0.6,-0.6,1.39,1.39,2413.0,2413.0,210.0,210.0,7.1,7.1,-1.02,-1.02,6.07,6.07,cube4_cluster0,983,2.1413922851755016,FF,92.73799323851703,11.87678282989603,11.880818729937886,cube13_cluster0;cube14_cluster0;cube4_cluster0;cube5_cluster0,4
2025-09-15,687330,687330,664770,TB,TOR,11,2,0,0,SI,SI,R,R,B,,91.0,91.0,-1.42,-1.42,-0.11,-0.11,1951.0,1951.0,251.0,251.0,7.0,7.0,-1.56,-1.56,3.85,3.85,cube24_cluster2,4,2.195629421074076,CH,86.59885858822028,14.483213701192424,-0.8909986290305438,,0
2025-09-15,700669,700669,680574,STL,CIN,9,2,0,1,FC,FC,R,R,S,,88.7,88.7,-0.05,-0.05,-0.22,-0.22,2409.0,2409.0,23.0,23.0,6.3,6.3,-1.45,-1.45,6.11,6.11,cube58_cluster2,5,1.047904562612417,SL,85.46595452823905,-0.04526262806992336,-2.641776233356624,cube58_cluster0;cube58_cluster2,2
2025-09-15,664294,664294,663538,PIT,CHC,9,1,1,0,SL,SL,R,R,S,,84.6,84.6,-0.15,-0.15,0.16,0.16,1900.0,1900.0,266.0,266.0,6.5,6.5,-1.28,-1.28,5.95,5.95,cube12_cluster0,316,1.900887493141482,CH,89.01009096911115,10.260232782391817,9.292479855944606,,0
2025-09-15,621051,621051,687637,CWS,BAL,6,1,2,2,FC,FC,R,R,S,,91.4,91.4,0.42,0.42,0.94,0.94,2722.0,2722.0,165.0,165.0,6.7,6.7,-2.58,-2.58,5.75,5.75,cube34_cluster0,80,1.2250214706988554,FC,89.12332099959275,-2.9379632103369024,6.342505511607449,cube34_cluster0,1
2025-09-15,595345,595345,666969,HOU,TEX,6,1,0,0,FF,FF,L,L,S,,92.5,92.5,0.74,-0.74,1.3,1.3,2078.0,2078.0,139.0,221.0,6.0,6.0,3.31,-3.31,6.06,6.06,cube14_cluster0,644,2.258218600923269,FF,92.67733037261901,12.017251018938115,9.608444861229,cube13_cluster0;cube4_cluster0,2
2025-09-15,686973,686973,802415,TB,TOR,8,1,0,1,CH,CH,R,R,S,,93.5,93.5,-1.2,-1.2,-0.06,-0.06,1748.0,1748.0,232.0,232.0,6.8,6.8,-2.87,-2.87,5.35,5.35,cube15_cluster2,4,1.5784058959099292,SI,89.58860826939471,15.412970405553526,3.820621118012422,cube14_cluster0,1
2025-09-15,689147,689147,660271,LAD,PHI,7,1,3,2,FF,FF,R,R,S,Shohei Ohtani called out on strikes.,97.5,97.5,-0.89,-0.89,1.22,1.22,2351.0,2351.0,227.0,227.0,6.5,6.5,-1.15,-1.15,5.82,5.82,cube4_cluster0,983,1.2921750340665952,FF,92.73799323851703,11.87678282989603,11.880818729937886,cube4_cluster0,1
2025-09-15,701487,701487,665862,MIN,NYY,9,1,1,1,FF,FF,R,R,B,,93.0,93.0,-0.78,-0.78,1.47,1.47,2392.0,2392.0,208.0,208.0,6.3,6.3,-0.95,-0.95,5.88,5.88,cube4_cluster0,983,1.618989268598655,FF,92.73799323851703,11.87678282989603,11.880818729937886,cube13_cluster0;cube4_cluster0,2
2025-09-15,656457,656457,683002,CWS,BAL,1,2,0,0,ST,ST,L,L,S,,81.1,81.1,-0.69,0.69,-0.26,-0.26,2554.0,2554.0,300.0,60.0,5.6,5.6,4.03,-4.03,4.46,4.46,cube67_cluster1,4,2.0080272093977563,SL,78.78950140546428,-8.273754895294893,-2.5912499273211385,,0
2025-09-15,641793,641793,671056,STL,CIN,1,1,0,0,SL,SL,R,R,B,,86.6,86.6,-0.01,-0.01,0.59,0.59,2153.0,2153.0,194.0,194.0,5.9,5.9,-0.64,-0.64,6.44,6.44,cube22_cluster0,44,1.3082333543207454,FC,88.82845332305666,-1.3474977477043035,9.056608779489569,cube22_cluster0,1
2025-09-15,663893,663893,666139,TB,TOR,6,2,0,0,FC,FC,L,L,S,,93.4,93.4,0.09,-0.09,0.32,0.32,2333.0,2333.0,108.0,252.0,5.7,5.7,2.22,-2.22,6.21,6.21,cube23_cluster0,226,2.1684039420612775,FC,89.98051132303166,-0.8288022207088954,9.04754296913982,cube22_cluster0;cube23_cluster0,2
2025-09-15,664192,664192,664983,AZ,SF,6,1,2,1,SI,SI,L,L,B,,91.1,91.1,0.84,-0.84,0.89,0.89,2126.0,2126.0,150.0,210.0,6.0,6.0,2.23,-2.23,5.99,5.99,cube13_cluster0,1173,1.0027824462055912,FF,91.32597348809763,10.933560927718538,9.887490835989844,cube13_cluster0,1
2025-09-15,681892,681892,502671,MIN,NYY,7,1,2,2,ST,ST,L,L,B,,81.1,81.1,-1.59,1.59,-0.41,-0.41,2375.0,2375.0,303.0,57.0,6.9,6.9,2.53,-2.53,5.56,5.56,cube74_cluster0,95,1.1656006916655886,ST,81.58280060620267,-13.628576142052651,-5.303629922931518,cube73_cluster0;cube74_cluster0,2
2025-09-15,686218,686218,669016,LAD,PHI,1,2,2,0,FF,FF,R,R,S,,94.4,94.4,-0.69,-0.69,1.33,1.33,2421.0,2421.0,209.0,209.0,6.5,6.5,-1.26,-1.26,5.35,5.35,cube4_cluster0,983,1.644709425954221,FF,92.73799323851703,11.87678282989603,11.880818729937886,cube13_cluster0;cube14_cluster0;cube4_cluster0;cube5_cluster0,4
2025-09-15,668933,668933,571448,STL,CIN,7,0,1,2,SL,SL,R,R,B,,88.8,88.8,0.88,0.88,-0.23,-0.23,2959.0,2959.0,15.0,15.0,5.6,5.6,-0.29,-0.29,6.29,6.29,cube77_cluster0,15,2.4762684659649246,CU,78.06982973839553,-10.373560444574672,-15.067035103894916,,0
2025-09-15,688497,688497,805811,AZ,SF,7,0,1,1,FF,FF,R,R,X,Bryce Eldridge flies out sharply to center fielder Jorge Barrosa.,88.9,88.9,0.2,0.2,1.28,1.28,2247.0,2247.0,176.0,176.0,6.8,6.8,0.01,0.01,6.4,6.4,cube42_cluster1,3,2.26304469990216,FC,87.63142706302794,-5.957348927875244,5.6153508771929825,,0
2025-09-15,664126,664126,665489,TB,TOR,9,1,3,2,FC,FC,R,R,X,"Vladimir Guerrero Jr. grounds out, shortstop Carson Williams to first baseman Yandy Díaz.",92.1,92.1,0.37,0.37,0.3,0.3,2598.0,2598.0,151.0,151.0,6.2,6.2,-0.21,-0.21,7.01,7.01,cube42_cluster1,3,1.30776614661676,FC,87.63142706302794,-5.957348927875244,5.6153508771929825,,0
2025-09-15,702056,702056,664040,TB,TOR,1,0,0,1,FS,FS,R,R,S,,84.5,84.5,-0.63,-0.63,0.36,0.36,1394.0,1394.0,218.0,218.0,6.1,6.1,-0.39,-0.39,7.28,7.28,cube3_cluster0,268,3.09987234603915,CH,89.73428321085365,11.536857891248982,10.613841731058852,,0
2025-09-15,669461,669461,669720,STL,CIN,2,0,0,0,FF,FF,L,L,B,,94.5,94.5,0.63,-0.63,1.27,1.27,2141.0,2141.0,150.0,210.0,6.3,6.3,0.55,-0.55,6.61,6.61,cube3_cluster0,268,1.9608120712165376,CH,89.73428321085365,11.536857891248982,10.613841731058852,cube12_cluster0;cube3_cluster0,2
2025-09-15,687377,687377,660670,WSH,ATL,9,1,3,1,SL,SL,R,R,X,Ronald Acuña Jr. homers (17) on a fly ball to left field.,88.1,88.1,0.44,0.44,0.45,0.45,2138.0,2138.0,179.0,179.0,6.5,6.5,-1.84,-1.84,6.48,6.48,cube32_cluster0,41,1.184341112573558,SL,87.45742516293836,-3.2707771382581203,5.520714440411837,cube32_cluster0;cube33_cluster0,2
2025-09-15,669276,669276,665953,WSH,ATL,8,2,2,1,FF,FF,L,L,B,,92.7,92.7,0.68,-0.68,1.82,1.82,2389.0,2389.0,156.0,204.0,6.4,6.4,1.5,-1.5,6.63,6.63,cube4_cluster0,983,2.16238224908202,FF,92.73799323851703,11.87678282989603,11.880818729937886,cube3_cluster0;cube4_cluster0,2
2025-09-15,663455,663455,595777,WSH,ATL,8,2,0,0,FF,FF,L,L,X,Jurickson Profar flies out to center fielder Robert Hassell III.,92.7,92.7,0.92,-0.92,1.18,1.18,2277.0,2277.0,131.0,229.0,6.6,6.6,2.54,-2.54,5.83,5.83,cube5_cluster0,516,0.8040393349006772,FF,94.26601183041208,12.58960465467938,11.873748452415477,cube13_cluster0;cube14_cluster0;cube4_cluster0;cube5_cluster0,4
2025-09-15,681911,681911,592206,LAD,PHI,8,1,0,2,FF,FF,L,L,S,,92.8,92.8,0.51,-0.51,1.72,1.72,2537.0,2537.0,167.0,193.0,6.3,6.3,0.41,-0.41,5.94,5.94,cube22_cluster0,44,2.267583140984067,FC,88.82845332305666,-1.3474977477043035,9.056608779489569,cube12_cluster0;cube13_cluster0;cube4_cluster0,3
2025-09-15,664076,664076,676914,TB,TOR,7,1,1,2,FF,FF,L,L,S,,97.2,97.2,0.71,-0.71,1.35,1.35,2368.0,2368.0,138.0,222.0,6.1,6.1,1.05,-1.05,5.39,5.39,cube4_cluster0,983,1.83798136380902,FF,92.73799323851703,11.87678282989603,11.880818729937886,cube13_cluster0;cube4_cluster0,2
2025-09-15,680755,680755,802415,TB,TOR,10,2,0,0,FF,FF,R,R,B,,95.6,95.6,-0.46,-0.46,1.51,1.51,2253.0,2253.0,201.0,201.0,5.5,5.5,0.67,0.67,6.68,6.68,cube22_cluster0,44,3.54537630460896,FC,88.82845332305666,-1.3474977477043035,9.056608779489569,,0
2025-09-15,683004,683004,670541,HOU,TEX,1,0,2,1,FF,FF,R,R,B,,97.3,97.3,-0.65,-0.65,1.6,1.6,2427.0,2427.0,218.0,218.0,6.9,6.9,-1.32,-1.32,5.56,5.56,cube5_cluster0,516,1.7676944886839026,FF,94.26601183041208,12.58960465467938,11.873748452415477,cube5_cluster0,1
2025-09-15,657756,657756,690987,WSH,ATL,8,0,3,2,FF,FF,R,R,S,,94.4,94.4,-1.08,-1.08,1.43,1.43,2335.0,2335.0,223.0,223.0,6.3,6.3,-3.0,-3.0,5.36,5.36,cube14_cluster0,644,1.4731297583997147,FF,92.67733037261901,12.017251018938115,9.608444861229,cube5_cluster0,1
2025-09-15,592791,592791,668804,PIT,CHC,1,2,0,1,CH,CH,R,R,S,,84.6,84.6,-1.45,-1.45,0.72,0.72,1936.0,1936.0,233.0,233.0,6.5,6.5,-1.28,-1.28,6.26,6.26,cube3_cluster0,268,1.1199696404218193,CH,89.73428321085365,11.536857891248982,10.613841731058852,cube12_cluster0;cube13_cluster0;cube3_cluster0;cube4_cluster0,4
2025-09-15,661395,661395,681624,LAD,PHI,9,1,0,2,KC,KC,R,R,X,Andy Pages homers (25) on a fly ball to left field.,88.9,88.9,0.52,0.52,-0.88,-0.88,2665.0,2665.0,43.0,43.0,6.1,6.1,-2.45,-2.45,5.76,5.76,cube73_cluster0,327,1.4938711641888818,CU,80.47699441108988,-11.55224395022119,-8.074074661318553,cube66_cluster0;cube73_cluster0,2
2025-09-15,664076,664076,676914,TB,TOR,7,1,0,2,FF,FF,L,L,B,,97.7,97.7,0.53,-0.53,1.38,1.38,2423.0,2423.0,143.0,217.0,6.0,6.0,1.12,-1.12,5.44,5.44,cube4_cluster0,983,1.9367441580338438,FF,92.73799323851703,11.87678282989603,11.880818729937886,cube13_cluster0;cube4_cluster0,2
2025-09-15,663455,663455,805373,WSH,ATL,8,1,2,2,FF,FF,L,L,X,Nacho Alvarez Jr. flies out to center fielder Robert Hassell III.,92.4,92.4,0.91,-0.91,1.16,1.16,2331.0,2331.0,136.0,224.0,6.7,6.7,2.57,-2.57,5.78,5.78,cube5_cluster0,516,0.8029957206052281,FF,94.26601183041208,12.58960465467938,11.873748452415477,cube13_cluster0;cube14_cluster0;cube4_cluster0;cube5_cluster0,4
2025-09-15,687911,687911,543309,HOU,TEX,8,0,0,0,FF,FF,L,L,X,"Kyle Higashioka grounds out, third baseman Carlos Correa to first baseman Christian Walker.",88.9,88.9,0.42,-0.42,1.06,1.06,2051.0,2051.0,142.0,218.0,6.5,6.5,2.89,-2.89,5.73,5.73,cube14_cluster0,644,1.3733983414621231,FF,92.67733037261901,12.017251018938115,9.608444861229,cube13_cluster0;cube14_cluster0,2
2025-09-15,656546,656546,666139,TB,TOR,9,1,2,2,FF,FF,R,R,S,,93.4,93.4,-0.97,-0.97,1.45,1.45,2463.0,2463.0,226.0,226.0,6.4,6.4,-2.27,-2.27,5.8,5.8,cube5_cluster0,516,1.0855366505804622,FF,94.26601183041208,12.58960465467938,11.873748452415477,cube13_cluster0;cube14_cluster0;cube4_cluster0;cube5_cluster0,4
2025-09-15,664126,664126,665489,TB,TOR,9,1,2,2,SL,SL,R,R,B,,83.6,83.6,0.88,0.88,-0.72,-0.72,2643.0,2643.0,33.0,33.0,5.8,5.8,0.31,0.31,7.19,7.19,cube77_cluster0,15,3.2237671571579907,CU,78.06982973839553,-10.373560444574672,-15.067035103894916,,0
2025-09-15,681911,681911,592206,LAD,PHI,8,1,0,1,FF,FF,L,L,S,,92.7,92.7,0.39,-0.39,1.78,1.78,2631.0,2631.0,167.0,193.0,6.4,6.4,0.18,-0.18,5.97,5.97,cube22_cluster0,44,2.5670357314726853,FC,88.82845332305666,-1.3474977477043035,9.056608779489569,cube12_cluster0;cube13_cluster0,2
2025-09-15,686218,686218,669016,LAD,PHI,1,2,1,0,FF,FF,R,R,B,,93.1,93.1,-0.79,-0.79,1.38,1.38,2321.0,2321.0,210.0,210.0,6.5,6.5,-1.27,-1.27,5.34,5.34,cube4_cluster0,983,1.5416124613291011,FF,92.73799323851703,11.87678282989603,11.880818729937886,cube13_cluster0;cube14_cluster0;cube4_cluster0;cube5_cluster0,4
2025-09-15,687330,687330,543807,TB,TOR,11,2,0,2,ST,ST,R,R,X,George Springer singles on a line drive to left fielder Chandler Simpson. Ernie Clement scores.,79.6,79.6,1.67,1.67,0.44,0.44,2707.0,2707.0,78.0,78.0,7.4,7.4,-1.66,-1.66,4.02,4.02,cube59_cluster2,10,3.5846027057572942,ST,81.7973852093329,-10.12662567982655,5.018509240306132,,0
2025-09-15,663893,663893,691406,TB,TOR,6,1,2,1,FC,FC,L,L,X,"Junior Caminero grounds out, catcher Tyler Heineman to first baseman Vladimir Guerrero Jr. Yandy Díaz to 2nd.",92.6,92.6,0.22,-0.22,0.38,0.38,2200.0,2200.0,111.0,249.0,5.5,5.5,2.14,-2.14,6.22,6.22,cube12_cluster0,316,2.1421209801833423,CH,89.01009096911115,10.260232782391817,9.292479855944606,cube22_cluster0;cube23_cluster0,2
2025-09-15,595014,595014,592663,LAD,PHI,10,1,2,1,SI,SI,R,R,S,,96.1,96.1,-1.48,-1.48,0.54,0.54,2443.0,2443.0,230.0,230.0,5.5,5.5,-2.75,-2.75,6.32,6.32,cube13_cluster0,1173,2.5903056936124678,FF,91.32597348809763,10.933560927718538,9.887490835989844,cube13_cluster0;cube4_cluster0,2
2025-09-15,641329,641329,665926,TB,TOR,8,1,2,2,FF,FF,R,R,S,,98.8,98.8,-0.3,-0.3,1.29,1.29,2294.0,2294.0,201.0,201.0,6.3,6.3,-0.52,-0.52,6.65,6.65,cube22_cluster0,44,2.1544510422692777,FC,88.82845332305666,-1.3474977477043035,9.056608779489569,cube12_cluster0;cube13_cluster0;cube3_cluster0;cube4_cluster0,4
2025-09-15,676775,676775,677942,AZ,SF,7,1,1,2,FS,FS,R,R,S,,90.7,90.7,-1.16,-1.16,0.34,0.34,1560.0,1560.0,238.0,238.0,6.3,6.3,-1.49,-1.49,6.1,6.1,cube12_cluster0,316,1.1680821272147002,CH,89.01009096911115,10.260232782391817,9.292479855944606,cube12_cluster0;cube13_cluster0;cube3_cluster0;cube4_cluster0,4
2025-09-15,677952,677952,663538,PIT,CHC,1,1,2,0,FF,FF,R,R,B,,97.5,97.5,-0.8,-0.8,1.2,1.2,2399.0,2399.0,218.0,218.0,6.5,6.5,-0.92,-0.92,6.15,6.15,cube4_cluster0,983,1.673480060184135,FF,92.73799323851703,11.87678282989603,11.880818729937886,cube13_cluster0;cube4_cluster0,2
2025-09-15,680573,680573,592450,MIN,NYY,1,1,2,0,SL,SL,R,R,S,,84.9,84.9,0.84,0.84,0.4,0.4,2247.0,2247.0,164.0,164.0,6.7,6.7,-1.45,-1.45,6.31,6.31,cube42_cluster0,32,1.2990183165018538,SL,85.72870188950071,-3.7562483156713657,3.37869518789043,cube32_cluster0;cube33_cluster0;cube42_cluster0;cube43_cluster0,4
2025-09-15,656945,656945,642215,LAD,PHI,9,1,0,1,SL,SL,L,L,S,,90.7,90.7,-0.39,0.39,0.21,0.21,2608.0,2608.0,235.0,125.0,6.1,6.1,2.54,-2.54,5.12,5.12,cube52_cluster0,25,1.3116611112175125,SL,87.17795916965139,-4.451177468094217,2.170340230630463,cube52_cluster0,1
2025-09-15,701519,701519,669224,MIN,NYY,8,1,1,0,CH,CH,R,R,S,,88.0,88.0,-1.26,-1.26,0.24,0.24,1862.0,1862.0,232.0,232.0,6.1,6.1,-1.29,-1.29,5.7,5.7,cube12_cluster0,316,1.2456090491209386,CH,89.01009096911115,10.260232782391817,9.292479855944606,cube12_cluster0;cube13_cluster0,2
2025-09-15,681892,681892,502671,MIN,NYY,7,1,2,2,FC,FC,L,L,S,,93.9,93.9,-0.05,0.05,0.97,0.97,2233.0,2233.0,157.0,203.0,7.0,7.0,2.15,-2.15,5.82,5.82,cube24_cluster0,111,1.237230246920116,FC,90.39472309229976,-0.35116486760382487,8.906212304019572,cube13_cluster0;cube14_cluster0;cube23_cluster0;cube24_cluster0,4
2025-09-15,664192,664192,664983,AZ,SF,6,1,1,1,SI,SI,L,L,B,,91.0,91.0,1.32,-1.32,0.94,0.94,2210.0,2210.0,150.0,210.0,6.0,6.0,2.32,-2.32,5.96,5.96,cube13_cluster0,1173,1.1903616774840178,FF,91.32597348809763,10.933560927718538,9.887490835989844,cube13_cluster0;cube4_cluster0,2
2025-09-15,621051,621051,687637,CWS,BAL,6,1,2,1,FF,FF,R,R,S,,95.5,95.5,-0.43,-0.43,1.52,1.52,2549.0,2549.0,208.0,208.0,6.8,6.8,-2.3,-2.3,5.86,5.86,cube5_cluster0,516,1.531811459128846,FF,94.26601183041208,12.58960465467938,11.873748452415477,cube14_cluster0;cube5_cluster0,2
2025-09-15,702056,702056,664040,TB,TOR,1,0,0,0,FS,FS,R,R,S,,84.1,84.1,-0.72,-0.72,0.55,0.55,1514.0,1514.0,217.0,217.0,6.0,6.0,-0.44,-0.44,7.23,7.23,cube3_cluster0,268,2.86529581037539,CH,89.73428321085365,11.536857891248982,10.613841731058852,,0
2025-09-15,668933,668933,571448,STL,CIN,7,0,0,2,SL,SL,R,R,B,,88.8,88.8,0.73,0.73,-0.22,-0.22,2994.0,2994.0,38.0,38.0,5.7,5.7,-0.51,-0.51,6.28,6.28,cube57_cluster1,5,2.0996624167118556,SL,84.4555766444267,-4.522769280798219,-0.11781077608958196,,0
2025-09-15,641941,641941,671056,STL,CIN,9,2,1,1,FS,FS,R,R,S,,82.9,82.9,-0.76,-0.76,0.36,0.36,920.0,920.0,238.0,238.0,7.1,7.1,-1.94,-1.94,5.48,5.48,cube13_cluster1,3,1.1859716195866719,FS,84.2318346010472,7.0387863377694,1.0515447129672841,cube13_cluster0;cube4_cluster0,2
2025-09-15,656222,656222,646240,AZ,SF,9,1,1,1,FF,FF,L,L,X,"Rafael Devers grounds out, shortstop Geraldo Perdomo to first baseman Ildemaro Vargas.",94.3,94.3,0.64,-0.64,1.24,1.24,2122.0,2122.0,143.0,217.0,6.4,6.4,1.19,-1.19,5.78,5.78,cube4_cluster0,983,1.0564960620415644,FF,92.73799323851703,11.87678282989603,11.880818729937886,cube13_cluster0;cube4_cluster0,2
2025-09-15,678024,678024,683002,CWS,BAL,7,0,2,2,ST,ST,R,R,S,Gunnar Henderson called out on strikes.,82.0,82.0,1.73,1.73,-0.26,-0.26,2474.0,2474.0,50.0,50.0,6.2,6.2,-1.6,-1.6,5.92,5.92,cube66_cluster0,381,1.237782593317826,ST,82.47698152646831,-10.124080234445362,-2.88332382968971,cube72_cluster0;cube73_cluster0,2
2025-09-15,686973,686973,802415,TB,TOR,8,1,0,0,FF,FF,R,R,S,,98.3,98.3,-0.71,-0.71,1.34,1.34,2335.0,2335.0,216.0,216.0,6.8,6.8,-3.04,-3.04,5.39,5.39,cube6_cluster3,4,0.7092407440019249,FF,96.83250199133,9.898196859286852,14.591325902230212,cube5_cluster0;cube6_cluster3,2
2025-09-15,701487,701487,665862,MIN,NYY,9,1,1,0,FF,FF,R,R,S,,93.5,93.5,-0.54,-0.54,1.68,1.68,2367.0,2367.0,206.0,206.0,6.3,6.3,-0.97,-0.97,5.88,5.88,cube4_cluster0,983,1.8063326573525116,FF,92.73799323851703,11.87678282989603,11.880818729937886,cube13_cluster0;cube4_cluster0,2
2025-09-15,664294,664294,663538,PIT,CHC,9,1,0,0,FF,FF,R,R,B,,95.1,95.1,-0.92,-0.92,1.2,1.2,2268.0,2268.0,212.0,212.0,6.5,6.5,-0.71,-0.71,6.09,6.09,cube4_cluster0,983,1.7108900855237044,FF,92.73799323851703,11.87678282989603,11.880818729937886,cube4_cluster0,1
2025-09-15,700669,700669,680574,STL,CIN,9,2,0,0,CU,CU,R,R,S,,83.3,83.3,-0.09,-0.09,-1.22,-1.22,2566.0,2566.0,15.0,15.0,6.1,6.1,-1.42,-1.42,6.29,6.29,cube72_cluster0,77,1.4426805035380732,CU,78.89146033796635,-9.531561177600954,-10.534460563196083,cube65_cluster0;cube66_cluster0,2
2025-09-15,641793,641793,680977,STL,CIN,1,0,3,2,SI,SI,R,R,X,Brendan Donovan flies out to center fielder TJ Friedl.,92.7,92.7,-1.16,-1.16,1.03,1.03,2039.0,2039.0,216.0,216.0,6.2,6.2,-0.78,-0.78,6.01,6.01,cube3_cluster0,268,1.1658515481135656,CH,89.73428321085365,11.536857891248982,10.613841731058852,cube3_cluster0;cube4_cluster0,2
2025-09-15,681676,681676,663886,STL,CIN,8,1,1,0,FF,FF,R,R,B,,94.8,94.8,-0.74,-0.74,1.55,1.55,2340.0,2340.0,201.0,201.0,6.5,6.5,-1.58,-1.58,5.84,5.84,cube4_cluster0,983,1.2405052459162207,FF,92.73799323851703,11.87678282989603,11.880818729937886,cube13_cluster0;cube4_cluster0,2
2025-09-15,680732,680732,663624,CWS,BAL,2,1,0,2,FF,FF,R,R,B,,96.2,96.2,-0.45,-0.45,1.59,1.59,2582.0,2582.0,199.0,199.0,7.1,7.1,-1.96,-1.96,6.41,6.41,cube4_cluster0,983,2.383183202643216,FF,92.73799323851703,11.87678282989603,11.880818729937886,cube13_cluster0;cube14_cluster0;cube4_cluster0,3
2025-09-15,678906,678906,682998,AZ,SF,1,0,1,1,ST,ST,R,R,B,,79.4,79.4,0.78,0.78,0.36,0.36,2568.0,2568.0,59.0,59.0,6.3,6.3,-2.45,-2.45,5.28,5.28,cube67_cluster0,152,0.8793443594218746,ST,83.21108910576972,-12.188986866329156,0.17080679660382098,cube66_cluster0;cube67_cluster0,2
2025-09-15,663574,663574,676475,STL,CIN,7,2,0,0,FF,FF,R,R,B,,94.9,94.9,-1.07,-1.07,1.1,1.1,2333.0,2333.0,232.0,232.0,5.8,5.8,-2.66,-2.66,5.32,5.32,cube14_cluster0,644,1.655470045546942,FF,92.67733037261901,12.017251018938115,9.608444861229,cube13_cluster0;cube14_cluster0;cube4_cluster0;cube5_cluster0,4
2025-09-15,680730,680730,621566,WSH,ATL,1,0,2,2,FF,FF,L,L,B,,92.7,92.7,0.54,-0.54,1.4,1.4,2121.0,2121.0,165.0,195.0,6.7,6.7,1.13,-1.13,6.55,6.55,cube3_cluster0,268,1.8748449909200007,CH,89.73428321085365,11.536857891248982,10.613841731058852,cube12_cluster0;cube13_cluster0;cube3_cluster0;cube4_cluster0,4
2025-09-15,829272,829272,805373,WSH,ATL,7,0,1,0,FF,FF,L,L,S,,91.1,91.1,0.93,-0.93,1.47,1.47,2133.0,2133.0,138.0,222.0,6.4,6.4,1.62,-1.62,5.57,5.57,cube4_cluster0,983,0.9704686593046684,FF,92.73799323851703,11.87678282989603,11.880818729937886,cube4_cluster0,1
2025-09-15,608650,608650,572191,CWS,BAL,7,2,3,0,FF,FF,L,L,S,,94.4,94.4,0.56,-0.56,1.33,1.33,2028.0,2028.0,151.0,209.0,6.2,6.2,1.92,-1.92,6.34,6.34,cube4_cluster0,983,1.3135507788252516,FF,92.73799323851703,11.87678282989603,11.880818729937886,cube12_cluster0;cube13_cluster0;cube3_cluster0;cube4_cluster0,4
2025-09-15,693312,693312,664023,PIT,CHC,7,1,2,2,SL,SL,R,R,S,,90.4,90.4,0.32,0.32,0.02,0.02,2601.0,2601.0,138.0,138.0,7.1,7.1,-1.37,-1.37,5.91,5.91,cube43_cluster0,144,1.5116177941541502,SL,87.05264300971788,-4.004743073818654,3.6350863620861684,cube43_cluster0;cube44_cluster0;cube51_cluster0;cube52_cluster0,4
2025-09-15,676742,676742,664023,PIT,CHC,5,1,0,1,CH,CH,R,R,B,,94.1,94.1,-1.19,-1.19,0.08,0.08,1854.0,1854.0,245.0,245.0,6.3,6.3,-3.01,-3.01,6.04,6.04,cube23_cluster1,15,2.11929565199013,CH,87.14244152758266,13.779793742871872,-2.1495322200021145,cube13_cluster0;cube14_cluster0,2
2025-09-15,687377,687377,660670,WSH,ATL,9,1,3,0,FF,FF,R,R,S,,97.6,97.6,-0.6,-0.6,1.42,1.42,2617.0,2617.0,211.0,211.0,6.5,6.5,-1.75,-1.75,6.49,6.49,cube4_cluster0,983,2.0005920227038967,FF,92.73799323851703,11.87678282989603,11.880818729937886,cube13_cluster0;cube4_cluster0,2
2025-09-15,596133,596133,640902,MIN,NYY,7,0,0,0,FF,FF,R,R,S,,97.1,97.1,-0.58,-0.58,1.7,1.7,2479.0,2479.0,206.0,206.0,6.1,6.1,-1.47,-1.47,5.63,5.63,cube4_cluster0,983,1.8193527210683895,FF,92.73799323851703,11.87678282989603,11.880818729937886,cube13_cluster0;cube4_cluster0,2
2025-09-15,675911,675911,695734,WSH,ATL,2,0,0,1,FF,FF,R,R,S,,96.0,96.0,-0.66,-0.66,1.47,1.47,2396.0,2396.0,211.0,211.0,7.0,7.0,-1.72,-1.72,5.94,5.94,cube5_cluster0,516,1.555896360883917,FF,94.26601183041208,12.58960465467938,11.873748452415477,cube13_cluster0;cube14_cluster0;cube4_cluster0;cube5_cluster0,4
2025-09-15,641302,641302,681297,CWS,BAL,6,2,0,1,SI,SI,L,L,S,,92.0,92.0,1.31,-1.31,0.95,0.95,2286.0,2286.0,132.0,228.0,6.2,6.2,2.28,-2.28,5.28,5.28,cube14_cluster0,644,0.9295747640433778,FF,92.67733037261901,12.017251018938115,9.608444861229,cube13_cluster0;cube14_cluster0;cube4_cluster0;cube5_cluster0,4
2025-09-15,621381,621381,669743,LAD,PHI,8,1,1,1,SL,SL,L,L,B,,80.7,80.7,-0.62,0.62,0.14,0.14,2675.0,2675.0,272.0,88.0,5.9,5.9,1.72,-1.72,5.56,5.56,cube65_cluster1,5,1.022540904722146,ST,79.83113104371454,-13.87824519299928,1.6911752817070245,cube58_cluster0;cube58_cluster1;cube66_cluster0,3
2025-09-15,643377,643377,676391,TB,TOR,10,2,0,1,ST,ST,R,R,S,,88.0,88.0,1.02,1.02,-0.2,-0.2,3046.0,3046.0,36.0,36.0,6.3,6.3,-0.45,-0.45,5.45,5.45,cube57_cluster1,5,2.3105693860926984,SL,84.4555766444267,-4.522769280798219,-0.11781077608958196,,0
2025-09-15,622554,622554,663743,TB,TOR,7,1,2,1,FF,FF,R,R,S,,97.3,97.3,-0.18,-0.18,1.37,1.37,2245.0,2245.0,208.0,208.0,6.3,6.3,-2.0,-2.0,5.52,5.52,cube5_cluster0,516,1.4511894052497618,FF,94.26601183041208,12.58960465467938,11.873748452415477,cube13_cluster0;cube14_cluster0;cube4_cluster0;cube5_cluster0,4
2025-09-15,607455,607455,656941,LAD,PHI,1,1,1,1,SI,SI,L,L,S,,96.4,96.4,1.08,-1.08,0.92,0.92,2230.0,2230.0,140.0,220.0,6.3,6.3,2.67,-2.67,5.57,5.57,cube14_cluster0,644,0.9003759155439615,FF,92.67733037261901,12.017251018938115,9.608444861229,cube14_cluster0;cube5_cluster0,2
2025-09-15,669920,669920,694671,HOU,TEX,1,1,0,1,SI,SI,R,R,S,,92.2,92.2,-1.49,-1.49,0.19,0.19,2164.0,2164.0,244.0,244.0,6.4,6.4,-1.5,-1.5,5.53,5.53,cube13_cluster0,1173,1.5012637346507647,FF,91.32597348809763,10.933560927718538,9.887490835989844,cube13_cluster0;cube14_cluster0,2
2025-09-15,669704,669704,695657,CWS,BAL,6,0,3,2,FC,FC,R,R,S,Colson Montgomery strikes out swinging.,89.3,89.3,0.54,0.54,0.06,0.06,2714.0,2714.0,277.0,277.0,6.3,6.3,-1.17,-1.17,5.88,5.88,cube22_cluster0,44,2.6415068511156785,FC,88.82845332305666,-1.3474977477043035,9.056608779489569,,0
2025-09-15,502085,502085,669743,LAD,PHI,10,1,2,1,KC,KC,R,R,S,,85.2,85.2,0.29,0.29,-0.89,-0.89,2649.0,2649.0,44.0,44.0,6.5,6.5,-2.71,-2.71,5.84,5.84,cube74_cluster0,95,1.5572524381688848,ST,81.58280060620267,-13.628576142052651,-5.303629922931518,cube66_cluster0;cube67_cluster0;cube73_cluster0;cube74_cluster0,4
2025-09-15,681517,681517,680574,STL,CIN,8,2,3,2,SI,SI,R,R,S,,95.7,95.7,-1.16,-1.16,1.11,1.11,2300.0,2300.0,208.0,208.0,7.3,7.3,-1.98,-1.98,5.72,5.72,cube15_cluster1,11,1.1113522599108936,FF,95.07044777791452,10.01799709211646,12.914228470751997,cube5_cluster0,1
2025-09-15,664747,664747,671277,WSH,ATL,9,0,0,0,FF,FF,R,R,S,,93.8,93.8,-1.05,-1.05,1.24,1.24,2661.0,2661.0,226.0,226.0,7.7,7.7,-2.42,-2.42,4.98,4.98,cube15_cluster1,11,1.2058681043956747,FF,95.07044777791452,10.01799709211646,12.914228470751997,,0
2025-09-15,676263,676263,681082,LAD,PHI,7,1,3,1,SL,SL,L,L,S,,88.0,88.0,-0.37,0.37,0.35,0.35,2451.0,2451.0,174.0,186.0,6.6,6.6,2.38,-2.38,5.9,5.9,cube34_cluster0,80,0.8411088272073721,FC,89.12332099959275,-2.9379632103369024,6.342505511607449,cube33_cluster0;cube34_cluster0,2
2025-09-15,669461,669461,609280,STL,CIN,1,2,0,0,CU,CU,L,L,X,"Miguel Andujar grounds out, third baseman Nolan Arenado to first baseman Willson Contreras.",78.0,78.0,-0.72,0.72,-1.48,-1.48,2993.0,2993.0,335.0,25.0,6.4,6.4,0.54,-0.54,6.68,6.68,cube77_cluster0,15,1.6998937197169954,CU,78.06982973839553,-10.373560444574672,-15.067035103894916,,0
2025-09-15,595345,595345,669394,HOU,TEX,6,0,1,2,SL,SL,L,L,S,Jake Burger strikes out swinging.,82.3,82.3,-0.74,0.74,0.83,0.83,2374.0,2374.0,273.0,87.0,6.2,6.2,3.24,-3.24,5.97,5.97,cube59_cluster0,6,1.6991472258351894,SL,85.10288607720291,-4.974455470207517,-0.26360602944668465,cube58_cluster0,1
2025-09-15,668678,668678,642715,AZ,SF,1,1,2,2,FF,FF,R,R,S,Willy Adames called out on strikes.,94.7,94.7,-0.13,-0.13,1.48,1.48,2293.0,2293.0,210.0,210.0,6.5,6.5,-2.85,-2.85,5.94,5.94,cube24_cluster0,111,1.6838362687644284,FC,90.39472309229976,-0.35116486760382487,8.906212304019572,cube13_cluster0;cube14_cluster0,2
2025-09-15,650556,650556,641680,HOU,TEX,9,2,2,0,SL,SL,R,R,B,,82.9,82.9,0.76,0.76,-0.9,-0.9,2881.0,2881.0,45.0,45.0,6.1,6.1,-2.45,-2.45,6.06,6.06,cube73_cluster0,327,1.2848020188573226,CU,80.47699441108988,-11.55224395022119,-8.074074661318553,cube73_cluster0,1
2025-09-15,666808,666808,668904,MIN,NYY,7,1,0,0,SI,SI,R,R,B,,97.7,97.7,-0.98,-0.98,0.29,0.29,2362.0,2362.0,224.0,224.0,6.4,6.4,-1.69,-1.69,5.18,5.18,cube14_cluster0,644,1.5098912659379293,FF,92.67733037261901,12.017251018938115,9.608444861229,cube14_cluster0,1
2025-09-15,687863,687863,669261,PIT,CHC,9,1,2,0,SL,SL,R,R,B,,87.4,87.4,0.45,0.45,0.7,0.7,2602.0,2602.0,86.0,86.0,7.2,7.2,-2.67,-2.67,5.69,5.69,cube52_cluster1,9,1.515009649600783,SL,87.17033349644716,-3.7876297283127007,0.844764456834557,,0
2025-09-15,657424,657424,672695,AZ,SF,5,2,1,2,ST,ST,L,L,B,,81.0,81.0,-1.05,1.05,-0.02,-0.02,2454.0,2454.0,324.0,36.0,6.6,6.6,2.58,-2.58,6.0,6.0,cube66_cluster0,381,1.2738174016672215,ST,82.47698152646831,-10.124080234445362,-2.88332382968971,cube66_cluster0,1
2025-09-15,683175,683175,571448,STL,CIN,8,1,1,1,FF,FF,R,R,S,,98.9,98.9,-0.7,-0.7,1.28,1.28,2344.0,2344.0,222.0,222.0,6.2,6.2,-1.55,-1.55,5.77,5.77,cube4_cluster0,983,1.2126485126248434,FF,92.73799323851703,11.87678282989603,11.880818729937886,cube13_cluster0;cube4_cluster0,2
2025-09-15,689147,689147,660271,LAD,PHI,7,1,2,2,FF,FF,R,R,B,,98.0,98.0,-0.93,-0.93,1.04,1.04,2338.0,2338.0,233.0,233.0,6.2,6.2,-1.43,-1.43,5.77,5.77,cube4_cluster0,983,1.133492411456442,FF,92.73799323851703,11.87678282989603,11.880818729937886,cube13_cluster0;cube4_cluster0,2
2025-09-15,647336,647336,693304,PIT,CHC,7,0,1,0,SV,SV,R,R,B,,83.6,83.6,0.83,0.83,-0.76,-0.76,2997.0,2997.0,53.0,53.0,6.3,6.3,-2.64,-2.64,5.7,5.7,cube78_cluster1,5,1.2121729493839901,CU,80.64152300890618,-18.302848826753866,-5.60128168299082,cube73_cluster0;cube74_cluster0,2
2025-09-15,680694,680694,691019,CWS,BAL,1,0,0,0,CU,CU,R,R,S,,84.3,84.3,0.45,0.45,-1.2,-1.2,2613.0,2613.0,27.0,27.0,6.3,6.3,-0.96,-0.96,6.57,6.57,cube72_cluster0,77,1.538382502298571,CU,78.89146033796635,-9.531561177600954,-10.534460563196083,cube65_cluster0;cube66_cluster0;cube72_cluster0;cube73_cluster0,4
2025-09-15,657612,657612,686797,MIN,NYY,8,2,0,2,SI,SI,L,L,S,,89.3,89.3,1.7,-1.7,-0.66,-0.66,2146.0,2146.0,73.0,287.0,6.5,6.5,3.78,-3.78,2.81,2.81,cube24_cluster2,4,4.416413824100255,CH,86.59885858822028,14.483213701192424,-0.8909986290305438,,0
2025-09-15,605218,605218,676694,HOU,TEX,8,2,0,0,CU,CU,R,R,X,"Jake Meyers grounds out, third baseman Josh Jung to first baseman Jake Burger.",79.6,79.6,0.69,0.69,-0.76,-0.76,2160.0,2160.0,21.0,21.0,6.7,6.7,-1.9,-1.9,6.58,6.58,cube65_cluster2,4,0.7832134524893332,CU,77.46691308243727,-3.8291129032258064,-11.446518817204302,cube65_cluster2;cube66_cluster0,2
2025-09-15,607074,607074,807712,MIN,NYY,1,2,0,1,FF,FF,L,L,S,,92.9,92.9,1.02,-1.02,1.58,1.58,2316.0,2316.0,142.0,218.0,6.1,6.1,2.15,-2.15,6.42,6.42,cube4_cluster0,983,1.659671822732925,FF,92.73799323851703,11.87678282989603,11.880818729937886,cube3_cluster0;cube4_cluster0,2
2025-09-15,656457,656457,669236,CWS,BAL,1,1,1,2,FF,FF,L,L,S,Jeremiah Jackson strikes out swinging.,92.7,92.7,0.76,-0.76,0.95,0.95,2268.0,2268.0,120.0,240.0,5.9,5.9,2.57,-2.57,4.91,4.91,cube6_cluster1,15,1.6852410206763928,FF,93.47534420977159,14.387599769999566,11.216693762121963,cube14_cluster0,1
2025-09-15,624133,624133,605141,LAD,PHI,1,1,0,0,FF,FF,L,L,S,,92.0,92.0,0.47,-0.47,0.75,0.75,1901.0,1901.0,129.0,231.0,6.1,6.1,2.31,-2.31,5.49,5.49,cube13_cluster0,1173,1.200000900614172,FF,91.32597348809763,10.933560927718538,9.887490835989844,cube13_cluster0,1
2025-09-15,671212,671212,665489,TB,TOR,1,1,0,2,SL,SL,R,R,X,"Vladimir Guerrero Jr. grounds into a double play, second baseman Brandon Lowe to shortstop Carson Williams to first baseman Yandy Díaz. Nathan Lukes out at 2nd. Vladimir Guerrero Jr. out at 1st.",89.6,89.6,0.45,0.45,-0.04,-0.04,2565.0,2565.0,112.0,112.0,6.5,6.5,-0.88,-0.88,5.86,5.86,cube51_cluster0,138,1.259799632890142,SL,86.5599691183964,-4.203859573250014,1.5652746114364327,cube51_cluster0;cube58_cluster0,2
2025-09-15,688497,688497,805811,AZ,SF,7,0,0,1,FF,FF,R,R,B,,88.8,88.8,0.14,0.14,1.18,1.18,2193.0,2193.0,181.0,181.0,6.6,6.6,-0.19,-0.19,6.42,6.42,cube42_cluster1,3,2.002545455854398,FC,87.63142706302794,-5.957348927875244,5.6153508771929825,,0
2025-09-15,688297,688297,682829,STL,CIN,7,0,1,1,SI,SI,R,R,B,,96.6,96.6,-1.64,-1.64,0.24,0.24,2035.0,2035.0,259.0,259.0,6.9,6.9,-1.7,-1.7,4.82,4.82,cube24_cluster2,4,1.7693578246045611,CH,86.59885858822028,14.483213701192424,-0.8909986290305438,cube14_cluster0;cube15_cluster0,2
2025-09-15,666711,666711,677942,AZ,SF,6,0,0,2,SL,SL,R,R,B,,91.4,91.4,0.57,0.57,-0.1,-0.1,2677.0,2677.0,103.0,103.0,5.7,5.7,-1.05,-1.05,5.96,5.96,cube57_cluster1,5,1.1362467159206422,SL,84.4555766444267,-4.522769280798219,-0.11781077608958196,,0
2025-09-15,669276,669276,665953,WSH,ATL,8,2,1,1,CH,CH,L,L,B,,84.9,84.9,1.26,-1.26,1.16,1.16,1822.0,1822.0,137.0,223.0,6.3,6.3,1.65,-1.65,6.47,6.47,cube3_cluster0,268,1.0812381625443448,CH,89.73428321085365,11.536857891248982,10.613841731058852,cube3_cluster0,1
2025-09-15,657756,657756,690987,WSH,ATL,8,0,2,2,CH,CH,R,R,B,,82.6,82.6,-1.41,-1.41,-0.18,-0.18,2344.0,2344.0,274.0,274.0,6.4,6.4,-3.07,-3.07,4.97,4.97,cube24_cluster1,4,1.714827741003363,CH,87.80202822087334,14.29789321005082,-3.691264304536044,,0
2025-09-15,680755,680755,680700,TB,TOR,10,1,2,2,FF,FF,R,R,S,Richie Palacios strikes out swinging.,96.1,96.1,-0.18,-0.18,1.67,1.67,2319.0,2319.0,202.0,202.0,5.5,5.5,0.62,0.62,6.62,6.62,cube22_cluster0,44,3.506658405901141,FC,88.82845332305666,-1.3474977477043035,9.056608779489569,,0
2025-09-15,622554,622554,663743,TB,TOR,7,1,1,1,ST,ST,R,R,B,,85.8,85.8,0.65,0.65,0.59,0.59,2644.0,2644.0,66.0,66.0,6.5,6.5,-1.97,-1.97,5.49,5.49,cube59_cluster1,54,0.9852902787669441,SL,85.28451345513116,-6.463379179070062,0.3652873224190217,cube58_cluster0;cube59_cluster1,2
2025-09-15,688297,688297,682829,STL,CIN,7,0,0,1,FF,FF,R,R,B,,96.5,96.5,-0.7,-0.7,0.58,0.58,2237.0,2237.0,240.0,240.0,6.9,6.9,-1.62,-1.62,5.12,5.12,cube6_cluster0,11,1.3318340955430703,FF,94.93316427873066,12.825740892008225,12.6853773304967,cube14_cluster0,1
2025-09-15,624133,624133,660271,LAD,PHI,1,0,3,2,FF,FF,L,L,S,Shohei Ohtani called out on strikes.,91.6,91.6,0.49,-0.49,0.91,0.91,1931.0,1931.0,128.0,232.0,6.0,6.0,2.45,-2.45,5.43,5.43,cube13_cluster0,1173,1.4139989868560017,FF,91.32597348809763,10.933560927718538,9.887490835989844,cube13_cluster0,1
2025-09-15,675911,675911,695734,WSH,ATL,2,0,0,0,FF,FF,R,R,S,,95.4,95.4,-0.77,-0.77,1.44,1.44,2327.0,2327.0,218.0,218.0,6.9,6.9,-1.6,-1.6,5.92,5.92,cube4_cluster0,983,1.3187881109238653,FF,92.73799323851703,11.87678282989603,11.880818729937886,cube4_cluster0;cube5_cluster0,2
2025-09-15,650556,650556,641680,HOU,TEX,9,2,1,0,FF,FF,R,R,B,,96.6,96.6,-0.28,-0.28,1.36,1.36,2265.0,2265.0,211.0,211.0,6.2,6.2,-2.61,-2.61,5.76,5.76,cube5_cluster0,516,1.5438485377451538,FF,94.26601183041208,12.58960465467938,11.873748452415477,cube13_cluster0;cube14_cluster0;cube4_cluster0;cube5_cluster0,4
2025-09-15,671212,671212,665489,TB,TOR,1,1,0,1,FS,FS,R,R,S,,94.0,94.0,-1.18,-1.18,0.18,0.18,2132.0,2132.0,234.0,234.0,6.4,6.4,-1.02,-1.02,5.89,5.89,cube12_cluster0,316,1.5415830128241281,CH,89.01009096911115,10.260232782391817,9.292479855944606,cube13_cluster0,1
2025-09-15,647336,647336,693304,PIT,CHC,7,0,0,0,FF,FF,R,R,B,,95.7,95.7,-0.74,-0.74,1.32,1.32,2619.0,2619.0,225.0,225.0,6.6,6.6,-2.61,-2.61,5.64,5.64,cube5_cluster0,516,1.2785246796553367,FF,94.26601183041208,12.58960465467938,11.873748452415477,cube14_cluster0;cube5_cluster0,2
2025-09-15,643377,643377,676391,TB,TOR,10,2,0,0,ST,ST,R,R,S,,88.9,88.9,0.83,0.83,-0.18,-0.18,2963.0,2963.0,56.0,56.0,6.2,6.2,-0.68,-0.68,5.38,5.38,cube57_cluster1,5,1.832042164176104,SL,84.4555766444267,-4.522769280798219,-0.11781077608958196,,0
2025-09-15,666711,666711,677942,AZ,SF,6,0,0,1,SI,SI,R,R,S,,98.0,98.0,-1.23,-1.23,0.61,0.61,2413.0,2413.0,216.0,216.0,5.3,5.3,-1.17,-1.17,6.0,6.0,cube12_cluster0,316,2.3968776658817714,CH,89.01009096911115,10.260232782391817,9.292479855944606,cube12_cluster0,1
2025-09-15,688497,688497,805811,AZ,SF,7,0,0,0,FF,FF,R,R,S,,89.3,89.3,0.13,0.13,1.51,1.51,2239.0,2239.0,184.0,184.0,6.7,6.7,-0.14,-0.14,6.45,6.45,cube42_cluster1,3,2.356259753445069,FC,87.63142706302794,-5.957348927875244,5.6153508771929825,,0
2025-09-15,607074,607074,807712,MIN,NYY,1,2,0,0,FF,FF,L,L,S,,92.9,92.9,1.09,-1.09,1.56,1.56,2317.0,2317.0,143.0,217.0,6.1,6.1,2.29,-2.29,6.39,6.39,cube4_cluster0,983,1.68108956357788,FF,92.73799323851703,11.87678282989603,11.880818729937886,cube4_cluster0,1
2025-09-15,683175,683175,571448,STL,CIN,8,1,0,1,FF,FF,R,R,B,,99.0,99.0,-0.71,-0.71,1.57,1.57,2391.0,2391.0,219.0,219.0,6.0,6.0,-1.51,-1.51,5.86,5.86,cube4_cluster0,983,1.612274355761711,FF,92.73799323851703,11.87678282989603,11.880818729937886,cube4_cluster0,1
2025-09-15,687863,687863,669261,PIT,CHC,9,1,1,0,FF,FF,R,R,B,,98.3,98.3,-0.26,-0.26,1.51,1.51,2412.0,2412.0,204.0,204.0,7.4,7.4,-2.37,-2.37,5.74,5.74,cube15_cluster1,11,1.4423191817737322,FF,95.07044777791452,10.01799709211646,12.914228470751997,cube14_cluster0;cube5_cluster0,2
2025-09-15,596133,596133,686797,MIN,NYY,7,0,1,0,CH,CH,R,R,X,Brooks Lee doubles (15) on a line drive to right fielder Aaron Judge. Trevor Larnach scores.,89.6,89.6,-1.31,-1.31,1.06,1.06,2104.0,2104.0,225.0,225.0,6.2,6.2,-1.6,-1.6,5.51,5.51,cube13_cluster0,1173,0.9909189646692647,FF,91.32597348809763,10.933560927718538,9.887490835989844,cube4_cluster0,1
2025-09-15,678024,678024,683002,CWS,BAL,7,0,2,2,SI,SI,R,R,S,,94.6,94.6,-1.06,-1.06,0.44,0.44,2157.0,2157.0,211.0,211.0,6.5,6.5,-1.43,-1.43,6.03,6.03,cube4_cluster0,983,1.0880914964014095,FF,92.73799323851703,11.87678282989603,11.880818729937886,cube13_cluster0,1
2025-09-15,605218,605218,572233,HOU,TEX,8,1,1,2,FF,FF,R,R,S,Christian Walker strikes out swinging.,95.2,95.2,-0.03,-0.03,1.62,1.62,2654.0,2654.0,191.0,191.0,6.8,6.8,-2.24,-2.24,6.43,6.43,cube23_cluster0,226,2.197703418466866,FC,89.98051132303166,-0.8288022207088954,9.04754296913982,cube13_cluster0;cube14_cluster0,2
2025-09-15,657612,657612,686797,MIN,NYY,8,2,0,1,SI,SI,L,L,S,,88.7,88.7,1.35,-1.35,-0.68,-0.68,2074.0,2074.0,79.0,281.0,6.6,6.6,3.79,-3.79,2.74,2.74,cube24_cluster2,4,4.445061643143818,CH,86.59885858822028,14.483213701192424,-0.8909986290305438,,0
2025-09-15,661395,661395,681624,LAD,PHI,9,1,0,1,KC,KC,R,R,S,,89.4,89.4,0.2,0.2,-0.76,-0.76,2701.0,2701.0,37.0,37.0,6.0,6.0,-2.31,-2.31,5.66,5.66,cube66_cluster0,381,1.6676454615163436,ST,82.47698152646831,-10.124080234445362,-2.88332382968971,cube66_cluster0,1
2025-09-15,607455,607455,656941,LAD,PHI,1,1,0,1,SL,SL,L,L,B,,86.7,86.7,-0.61,0.61,-0.3,-0.3,2429.0,2429.0,332.0,28.0,6.3,6.3,2.68,-2.68,5.51,5.51,cube67_cluster0,152,1.358233718121368,ST,83.21108910576972,-12.188986866329156,0.17080679660382098,cube66_cluster0;cube67_cluster0,2
2025-09-15,669461,669461,682622,STL,CIN,1,1,1,2,SL,SL,L,L,S,Noelvi Marte called out on strikes.,88.6,88.6,-0.34,0.34,0.19,0.19,2683.0,2683.0,258.0,102.0,6.5,6.5,0.65,-0.65,6.56,6.56,cube50_cluster0,16,1.5083124563346937,SL,84.90007193384722,-3.20169019761113,0.4617852580480657,,0
2025-09-15,680694,680694,643565,CWS,BAL,1,0,3,2,FF,FF,R,R,B,Mike Tauchman walks.,94.9,94.9,-0.04,-0.04,1.49,1.49,2382.0,2382.0,192.0,192.0,6.5,6.5,-0.93,-0.93,6.59,6.59,cube22_cluster0,44,1.8413845428222322,FC,88.82845332305666,-1.3474977477043035,9.056608779489569,cube12_cluster0;cube13_cluster0,2
2025-09-15,689147,689147,660271,LAD,PHI,7,1,1,2,FF,FF,R,R,B,,98.3,98.3,-1.02,-1.02,1.16,1.16,2442.0,2442.0,226.0,226.0,6.3,6.3,-1.43,-1.43,5.72,5.72,cube4_cluster0,983,1.2487962333398905,FF,92.73799323851703,11.87678282989603,11.880818729937886,cube4_cluster0;cube5_cluster0,2
2025-09-15,680730,680730,621566,WSH,ATL,1,0,2,1,FF,FF,L,L,S,,91.7,91.7,0.91,-0.91,1.5,1.5,2082.0,2082.0,163.0,197.0,6.8,6.8,1.09,-1.09,6.48,6.48,cube3_cluster0,268,1.8598726442638076,CH,89.73428321085365,11.536857891248982,10.613841731058852,cube3_cluster0;cube4_cluster0,2
2025-09-15,676263,676263,681082,LAD,PHI,7,1,2,1,FF,FF,L,L,B,,92.7,92.7,0.67,-0.67,1.57,1.57,2490.0,2490.0,158.0,202.0,6.9,6.9,2.06,-2.06,5.82,5.82,cube5_cluster0,516,1.478718846931851,FF,94.26601183041208,12.58960465467938,11.873748452415477,cube13_cluster0;cube14_cluster0;cube4_cluster0;cube5_cluster0,4
2025-09-15,656222,656222,646240,AZ,SF,9,1,0,1,FF,FF,L,L,B,,94.0,94.0,0.83,-0.83,1.23,1.23,2110.0,2110.0,148.0,212.0,6.7,6.7,1.15,-1.15,5.72,5.72,cube4_cluster0,983,1.1887411842516535,FF,92.73799323851703,11.87678282989603,11.880818729937886,cube4_cluster0,1
2025-09-15,664747,664747,695734,WSH,ATL,9,0,3,2,FF,FF,R,R,B,Daylen Lile walks.,92.8,92.8,-0.97,-0.97,1.17,1.17,2647.0,2647.0,232.0,232.0,7.6,7.6,-2.29,-2.29,5.02,5.02,cube6_cluster0,11,1.0485624213834825,FF,94.93316427873066,12.825740892008225,12.6853773304967,cube15_cluster1;cube6_cluster0,2
2025-09-15,693312,693312,664023,PIT,CHC,7,1,1,2,SL,SL,R,R,B,,92.0,92.0,0.3,0.3,0.06,0.06,2629.0,2629.0,131.0,131.0,6.9,6.9,-1.25,-1.25,6.02,6.02,cube51_cluster0,138,1.4097537396198925,SL,86.5599691183964,-4.203859573250014,1.5652746114364327,cube43_cluster0;cube44_cluster0;cube51_cluster0;cube52_cluster0,4
2025-09-15,680732,680732,663624,CWS,BAL,2,1,0,1,FF,FF,R,R,S,,96.1,96.1,-0.44,-0.44,1.59,1.59,2577.0,2577.0,194.0,194.0,7.1,7.1,-1.95,-1.95,6.39,6.39,cube4_cluster0,983,2.395290821334814,FF,92.73799323851703,11.87678282989603,11.880818729937886,cube13_cluster0;cube14_cluster0,2
2025-09-15,502085,502085,669743,LAD,PHI,10,1,1,1,FC,FC,R,R,B,,92.5,92.5,0.29,0.29,1.32,1.32,2750.0,2750.0,187.0,187.0,6.5,6.5,-2.6,-2.6,5.88,5.88,cube24_cluster0,111,1.5996236954978809,FC,90.39472309229976,-0.35116486760382487,8.906212304019572,cube23_cluster0;cube24_cluster0,2
2025-09-15,657424,657424,672695,AZ,SF,5,2,1,1,FF,FF,L,L,S,,92.1,92.1,0.05,-0.05,0.99,0.99,2169.0,2169.0,160.0,200.0,6.2,6.2,2.27,-2.27,6.27,6.27,cube23_cluster0,226,1.1899169709885589,FC,89.98051132303166,-0.8288022207088954,9.04754296913982,cube13_cluster0;cube23_cluster0,2
2025-09-15,829272,829272,805373,WSH,ATL,7,0,0,0,FF,FF,L,L,B,,91.9,91.9,0.82,-0.82,1.5,1.5,2248.0,2248.0,136.0,224.0,6.3,6.3,1.6,-1.6,5.63,5.63,cube4_cluster0,983,1.0371598947474605,FF,92.73799323851703,11.87678282989603,11.880818729937886,cube4_cluster0,1
2025-09-15,663455,663455,805373,WSH,ATL,8,1,2,1,FF,FF,L,L,S,,91.1,91.1,1.09,-1.09,1.4,1.4,2347.0,2347.0,132.0,228.0,6.6,6.6,2.74,-2.74,5.76,5.76,cube5_cluster0,516,1.1399080817155158,FF,94.26601183041208,12.58960465467938,11.873748452415477,cube4_cluster0;cube5_cluster0,2
2025-09-15,666808,666808,807712,MIN,NYY,7,1,3,2,FC,FC,R,R,X,"Luke Keaschall singles on a ground ball to center fielder Trent Grisham, deflected by pitcher Camilo Doval. Austin Martin scores.",97.2,97.2,-0.02,-0.02,0.69,0.69,2596.0,2596.0,208.0,208.0,6.4,6.4,-1.68,-1.68,5.34,5.34,cube24_cluster0,111,1.4081162963873999,FC,90.39472309229976,-0.35116486760382487,8.906212304019572,cube24_cluster0,1
2025-09-15,608650,608650,572191,CWS,BAL,7,2,2,0,FF,FF,L,L,B,,94.1,94.1,0.57,-0.57,1.45,1.45,2088.0,2088.0,148.0,212.0,6.5,6.5,1.77,-1.77,6.26,6.26,cube4_cluster0,983,1.1802101359059203,FF,92.73799323851703,11.87678282989603,11.880818729937886,cube4_cluster0,1
2025-09-15,641941,641941,671056,STL,CIN,9,2,0,1,FF,FF,R,R,B,,96.9,96.9,-0.71,-0.71,1.59,1.59,2718.0,2718.0,208.0,208.0,6.8,6.8,-1.76,-1.76,5.6,5.6,cube5_cluster0,516,1.7467414573663116,FF,94.26601183041208,12.58960465467938,11.873748452415477,cube14_cluster0;cube5_cluster0,2
2025-09-15,687377,687377,660670,WSH,ATL,9,1,2,0,SI,SI,R,R,B,,95.3,95.3,-1.45,-1.45,0.92,0.92,2558.0,2558.0,211.0,211.0,6.5,6.5,-1.8,-1.8,6.47,6.47,cube4_cluster0,983,1.746580025838493,FF,92.73799323851703,11.87678282989603,11.880818729937886,cube13_cluster0;cube4_cluster0,2
2025-09-15,668678,668678,642715,AZ,SF,1,1,1,2,FF,FF,R,R,B,,93.5,93.5,-0.25,-0.25,1.51,1.51,2343.0,2343.0,204.0,204.0,6.3,6.3,-2.92,-2.92,6.11,6.11,cube23_cluster0,226,1.9474428825214167,FC,89.98051132303166,-0.8288022207088954,9.04754296913982,cube13_cluster0,1
2025-09-15,681151,681151,642133,HOU,TEX,7,1,0,2,CU,CU,R,R,X,Rowdy Tellez singles on a ground ball to right fielder Zach Cole. Jonah Heim to 2nd.,82.1,82.1,1.15,1.15,-1.01,-1.01,2826.0,2826.0,46.0,46.0,5.9,5.9,-1.63,-1.63,5.96,5.96,cube78_cluster0,39,0.855647250448039,CU,78.25681411814729,-11.338603080771456,-13.991335793358099,cube73_cluster0;cube78_cluster0,2
2025-09-15,681517,681517,680574,STL,CIN,8,2,2,2,FF,FF,R,R,B,,97.1,97.1,-0.26,-0.26,1.43,1.43,2389.0,2389.0,208.0,208.0,7.1,7.1,-1.92,-1.92,5.77,5.77,cube15_cluster1,11,1.5095125507721976,FF,95.07044777791452,10.01799709211646,12.914228470751997,cube14_cluster0;cube5_cluster0,2
2025-09-15,702056,702056,650490,TB,TOR,1,0,1,2,SL,SL,R,R,X,Yandy Díaz doubles (28) on a line drive to right fielder Nathan Lukes. Chandler Simpson scores.,88.2,88.2,-0.1,-0.1,0.3,0.3,2370.0,2370.0,213.0,213.0,6.0,6.0,-0.49,-0.49,7.27,7.27,cube42_cluster1,3,2.2248728101495723,FC,87.63142706302794,-5.957348927875244,5.6153508771929825,,0
2025-09-15,641302,641302,681297,CWS,BAL,6,2,0,0,CH,CH,L,L,S,,84.5,84.5,1.17,-1.17,0.37,0.37,1528.0,1528.0,115.0,245.0,6.2,6.2,2.45,-2.45,5.23,5.23,cube23_cluster1,15,1.1960281838608509,CH,87.14244152758266,13.779793742871872,-2.1495322200021145,cube13_cluster0,1
2025-09-15,664294,664294,683737,PIT,CHC,9,0,0,2,SL,SL,R,R,X,"Michael Busch grounds out, second baseman Nick Yorke to first baseman Spencer Horwitz.",83.5,83.5,-0.26,-0.26,0.23,0.23,1913.0,1913.0,262.0,262.0,6.5,6.5,-1.22,-1.22,5.91,5.91,cube12_cluster0,316,1.8029314034305919,CH,89.01009096911115,10.260232782391817,9.292479855944606,,0
2025-09-15,669704,669704,695657,CWS,BAL,6,0,2,2,FC,FC,R,R,B,,90.2,90.2,0.62,0.62,0.2,0.2,2567.0,2567.0,95.0,95.0,6.2,6.2,-1.17,-1.17,5.82,5.82,cube57_cluster1,5,1.0376488707129714,SL,84.4555766444267,-4.522769280798219,-0.11781077608958196,cube51_cluster0;cube58_cluster0;cube58_cluster1,3
2025-09-15,678906,678906,682998,AZ,SF,1,0,1,0,FF,FF,R,R,S,,92.8,92.8,-0.72,-0.72,1.22,1.22,2548.0,2548.0,231.0,231.0,6.3,6.3,-2.39,-2.39,5.44,5.44,cube5_cluster0,516,1.2043758033570051,FF,94.26601183041208,12.58960465467938,11.873748452415477,cube13_cluster0;cube14_cluster0,2
2025-09-15,683004,683004,670541,HOU,TEX,1,0,2,0,FF,FF,R,R,S,,95.2,95.2,-0.78,-0.78,1.35,1.35,2292.0,2292.0,213.0,213.0,6.8,6.8,-1.3,-1.3,5.57,5.57,cube4_cluster0,983,1.4062195488519567,FF,92.73799323851703,11.87678282989603,11.880818729937886,cube4_cluster0;cube5_cluster0,2
2025-09-15,656945,656945,642215,LAD,PHI,9,1,0,0,SL,SL,L,L,S,,90.6,90.6,-0.57,0.57,0.09,0.09,2534.0,2534.0,220.0,140.0,6.2,6.2,2.6,-2.6,5.13,5.13,cube52_cluster0,25,1.3575544809780271,SL,87.17795916965139,-4.451177468094217,2.170340230630463,cube44_cluster0;cube52_cluster0,2
2025-09-15,621051,621051,687637,CWS,BAL,6,1,1,1,FF,FF,R,R,B,,94.5,94.5,-0.39,-0.39,1.58,1.58,2512.0,2512.0,202.0,202.0,6.9,6.9,-2.13,-2.13,5.88,5.88,cube5_cluster0,516,1.6571369870187413,FF,94.26601183041208,12.58960465467938,11.873748452415477,cube14_cluster0,1
2025-09-15,669920,669920,694671,HOU,TEX,1,1,0,0,SI,SI,R,R,S,,91.7,91.7,-1.45,-1.45,0.32,0.32,2123.0,2123.0,250.0,250.0,6.4,6.4,-1.51,-1.51,5.51,5.51,cube13_cluster0,1173,1.4422628680641942,FF,91.32597348809763,10.933560927718538,9.887490835989844,cube13_cluster0,1
2025-09-15,664192,664192,664983,AZ,SF,6,1,1,0,SI,SI,L,L,S,,91.5,91.5,1.25,-1.25,0.94,0.94,2197.0,2197.0,154.0,206.0,6.0,6.0,2.44,-2.44,5.87,5.87,cube13_cluster0,1173,1.2457907085721092,FF,91.32597348809763,10.933560927718538,9.887490835989844,cube13_cluster0;cube4_cluster0,2
2025-09-15,595345,595345,669394,HOU,TEX,6,0,0,2,SL,SL,L,L,B,,83.0,83.0,-0.32,0.32,1.1,1.1,2360.0,2360.0,258.0,102.0,6.3,6.3,3.34,-3.34,5.8,5.8,cube59_cluster0,6,2.0171894154591876,SL,85.10288607720291,-4.974455470207517,-0.26360602944668465,,0
2025-09-15,687330,687330,543807,TB,TOR,11,2,0,1,SI,SI,R,R,S,,93.3,93.3,-1.43,-1.43,-0.15,-0.15,2224.0,2224.0,249.0,249.0,7.2,7.2,-1.39,-1.39,3.79,3.79,cube24_cluster2,4,2.72487754102098,CH,86.59885858822028,14.483213701192424,-0.8909986290305438,,0
2025-09-15,641329,641329,665926,TB,TOR,8,1,1,2,CH,CH,R,R,B,,88.3,88.3,-1.28,-1.28,0.61,0.61,1868.0,1868.0,226.0,226.0,6.5,6.5,-0.81,-0.81,6.52,6.52,cube3_cluster0,268,1.4073006929043488,CH,89.73428321085365,11.536857891248982,10.613841731058852,cube12_cluster0;cube3_cluster0,2
2025-09-15,686218,686218,669016,LAD,PHI,1,2,0,0,FF,FF,R,R,B,,92.5,92.5,-0.64,-0.64,1.34,1.34,2290.0,2290.0,210.0,210.0,6.5,6.5,-1.36,-1.36,5.33,5.33,cube4_cluster0,983,1.4916543187365483,FF,92.73799323851703,11.87678282989603,11.880818729937886,cube13_cluster0;cube14_cluster0;cube4_cluster0;cube5_cluster0,4
2025-09-15,676742,676742,664023,PIT,CHC,5,1,0,0,CH,CH,R,R,S,,92.3,92.3,-1.22,-1.22,0.04,0.04,1658.0,1658.0,242.0,242.0,6.3,6.3,-3.16,-3.16,6.05,6.05,cube24_cluster1,4,2.200524670457634,CH,87.80202822087334,14.29789321005082,-3.691264304536044,cube13_cluster0,1
2025-09-15,700669,700669,669289,STL,CIN,9,1,2,0,FC,FC,R,R,X,"Santiago Espinal grounds out, third baseman Nolan Arenado to first baseman Alec Burleson.",88.8,88.8,-0.05,-0.05,0.08,0.08,2313.0,2313.0,354.0,354.0,6.3,6.3,-1.45,-1.45,6.16,6.16,cube58_cluster2,5,1.2320833566744183,SL,85.46595452823905,-0.04526262806992336,-2.641776233356624,,0
2025-09-15,686973,686973,700246,TB,TOR,8,0,3,2,FF,FF,R,R,X,"Carson Williams grounds out, third baseman Addison Barger to first baseman Vladimir Guerrero Jr.",98.6,98.6,-0.75,-0.75,1.15,1.15,2141.0,2141.0,222.0,222.0,6.8,6.8,-2.98,-2.98,5.4,5.4,cube6_cluster3,4,0.6890201562564376,FF,96.83250199133,9.898196859286852,14.591325902230212,cube5_cluster0;cube6_cluster3,2
2025-09-15,681676,681676,663886,STL,CIN,8,1,0,0,FF,FF,R,R,B,,94.9,94.9,-0.63,-0.63,1.58,1.58,2214.0,2214.0,200.0,200.0,6.6,6.6,-1.57,-1.57,5.87,5.87,cube4_cluster0,983,1.2571796135943878,FF,92.73799323851703,11.87678282989603,11.880818729937886,cube4_cluster0,1
2025-09-15,668933,668933,571448,STL,CIN,7,0,0,1,SL,SL,R,R,S,,87.7,87.7,0.76,0.76,-0.28,-0.28,2885.0,2885.0,42.0,42.0,5.5,5.5,-0.39,-0.39,6.41,6.41,cube57_cluster1,5,2.2185315393202742,SL,84.4555766444267,-4.522769280798219,-0.11781077608958196,,0
2025-09-15,656457,656457,669236,CWS,BAL,1,1,1,1,SI,SI,L,L,S,,90.7,90.7,1.3,-1.3,0.23,0.23,2214.0,2214.0,115.0,245.0,5.8,5.8,2.54,-2.54,4.64,4.64,cube24_cluster1,4,1.8696566951392022,CH,87.80202822087334,14.29789321005082,-3.691264304536044,cube14_cluster0,1
2025-09-15,669276,669276,665953,WSH,ATL,8,2,1,0,CH,CH,L,L,S,,85.7,85.7,1.08,-1.08,1.18,1.18,1762.0,1762.0,138.0,222.0,6.4,6.4,1.74,-1.74,6.45,6.45,cube3_cluster0,268,1.072897363860339,CH,89.73428321085365,11.536857891248982,10.613841731058852,cube3_cluster0,1
2025-09-15,664126,664126,665489,TB,TOR,9,1,1,2,FF,FF,R,R,B,,97.0,97.0,-0.03,-0.03,1.44,1.44,2434.0,2434.0,193.0,193.0,6.3,6.3,0.16,0.16,6.93,6.93,cube42_cluster1,3,2.6688813868137897,FC,87.63142706302794,-5.957348927875244,5.6153508771929825,cube12_cluster0,1
2025-09-15,663574,663574,671056,STL,CIN,7,2,1,2,SV,SV,R,R,X,Iván Herrera singles on a line drive to left fielder Austin Hays. Thomas Saggese scores. Brendan Donovan to 3rd.,85.3,85.3,1.0,1.0,-0.38,-0.38,2293.0,2293.0,46.0,46.0,6.1,6.1,-2.68,-2.68,5.13,5.13,cube67_cluster1,4,1.2798472930933233,SL,78.78950140546428,-8.273754895294893,-2.5912499273211385,cube66_cluster0,1
2025-09-15,680573,680573,592450,MIN,NYY,1,1,1,0,SL,SL,R,R,B,,85.2,85.2,0.44,0.44,0.46,0.46,2226.0,2226.0,173.0,173.0,6.5,6.5,-1.51,-1.51,6.33,6.33,cube32_cluster0,41,0.8782955803363152,SL,87.45742516293836,-3.2707771382581203,5.520714440411837,cube32_cluster0;cube33_cluster0,2
2025-09-15,701487,701487,665862,MIN,NYY,9,1,0,0,FC,FC,R,R,B,,86.1,86.1,0.2,0.2,0.75,0.75,2293.0,2293.0,193.0,193.0,6.2,6.2,-1.07,-1.07,5.93,5.93,cube22_cluster0,44,0.6984849665416569,FC,88.82845332305666,-1.3474977477043035,9.056608779489569,cube22_cluster0;cube23_cluster0,2
2025-09-15,621381,621381,669743,LAD,PHI,8,1,1,0,FF,FF,L,L,S,,91.3,91.3,0.67,-0.67,1.55,1.55,2581.0,2581.0,131.0,229.0,5.9,5.9,1.8,-1.8,5.3,5.3,cube5_cluster0,516,2.031591056822397,FF,94.26601183041208,12.58960465467938,11.873748452415477,cube13_cluster0,1
2025-09-15,663893,663893,691406,TB,TOR,6,1,1,1,KC,KC,L,L,B,,86.5,86.5,-0.33,0.33,-0.7,-0.7,1890.0,1890.0,341.0,19.0,5.8,5.8,1.82,-1.82,6.27,6.27,cube58_cluster2,5,1.6621613493854313,SL,85.46595452823905,-0.04526262806992336,-2.641776233356624,,0
2025-09-15,681892,681892,502671,MIN,NYY,7,1,1,2,ST,ST,L,L,B,,83.9,83.9,-1.23,1.23,-0.36,-0.36,2482.0,2482.0,312.0,48.0,7.4,7.4,2.36,-2.36,5.46,5.46,cube74_cluster0,95,1.6738951806698374,ST,81.58280060620267,-13.628576142052651,-5.303629922931518,cube67_cluster0;cube74_cluster0,2
2025-09-15,656546,656546,666139,TB,TOR,9,1,2,1,FF,FF,R,R,S,,95.8,95.8,-0.98,-0.98,1.41,1.41,2556.0,2556.0,220.0,220.0,6.4,6.4,-2.21,-2.21,5.8,5.8,cube5_cluster0,516,1.1917524955144434,FF,94.26601183041208,12.58960465467938,11.873748452415477,cube13_cluster0;cube14_cluster0;cube4_cluster0;cube5_cluster0,4
2025-09-15,687911,687911,694671,HOU,TEX,7,2,1,2,FF,FF,L,L,X,"Wyatt Langford singles on a line drive to left fielder Jesús Sánchez. Jonah Heim out at home on the throw, left fielder Jesús Sánchez to catcher Yainer Diaz. Ezequiel Duran to 2nd.",92.6,92.6,0.17,-0.17,0.98,0.98,2028.0,2028.0,148.0,212.0,6.6,6.6,2.77,-2.77,5.58,5.58,cube24_cluster0,111,1.1764857290026942,FC,90.39472309229976,-0.35116486760382487,8.906212304019572,cube13_cluster0;cube14_cluster0,2
2025-09-15,676775,676775,677942,AZ,SF,7,1,1,1,FF,FF,R,R,S,,96.3,96.3,-0.6,-0.6,1.3,1.3,2352.0,2352.0,229.0,229.0,6.2,6.2,-1.53,-1.53,6.1,6.1,cube4_cluster0,983,1.2284020968334426,FF,92.73799323851703,11.87678282989603,11.880818729937886,cube13_cluster0;cube4_cluster0,2
2025-09-15,592791,592791,668804,PIT,CHC,1,2,0,0,FF,FF,R,R,S,,92.1,92.1,-0.64,-0.64,1.54,1.54,2301.0,2301.0,204.0,204.0,6.7,6.7,-1.25,-1.25,6.13,6.13,cube4_cluster0,983,1.5393861524791423,FF,92.73799323851703,11.87678282989603,11.880818729937886,cube13_cluster0;cube4_cluster0,2
2025-09-15,595014,595014,592663,LAD,PHI,10,1,1,1,ST,ST,R,R,B,,85.9,85.9,1.22,1.22,0.0,0.0,2693.0,2693.0,47.0,47.0,5.5,5.5,-2.89,-2.89,6.29,6.29,cube78_cluster1,5,2.170877515730784,CU,80.64152300890618,-18.302848826753866,-5.60128168299082,,0
2025-09-15,641793,641793,680977,STL,CIN,1,0,2,2,SI,SI,R,R,B,,92.3,92.3,-1.15,-1.15,1.16,1.16,2058.0,2058.0,214.0,214.0,6.2,6.2,-0.85,-0.85,6.04,6.04,cube3_cluster0,268,1.1452211363226341,CH,89.73428321085365,11.536857891248982,10.613841731058852,cube3_cluster0;cube4_cluster0,2
2025-09-15,681911,681911,592206,LAD,PHI,8,1,0,0,FF,FF,L,L,S,,92.6,92.6,0.35,-0.35,1.67,1.67,2541.0,2541.0,166.0,194.0,6.2,6.2,0.23,-0.23,5.97,5.97,cube22_cluster0,44,2.296430596436738,FC,88.82845332305666,-1.3474977477043035,9.056608779489569,cube12_cluster0;cube13_cluster0,2
2025-09-15,701519,701519,669224,MIN,NYY,8,1,0,0,CH,CH,R,R,B,,87.4,87.4,-1.28,-1.28,0.73,0.73,1914.0,1914.0,229.0,229.0,6.3,6.3,-0.87,-0.87,5.75,5.75,cube12_cluster0,316,1.2230159911151062,CH,89.01009096911115,10.260232782391817,9.292479855944606,cube12_cluster0;cube13_cluster0;cube3_cluster0;cube4_cluster0,4
2025-09-15,677952,677952,663538,PIT,CHC,1,1,1,0,SL,SL,R,R,B,,95.5,95.5,-0.02,-0.02,0.78,0.78,2593.0,2593.0,208.0,208.0,6.3,6.3,-0.96,-0.96,6.13,6.13,cube22_cluster0,44,1.3091891238298383,FC,88.82845332305666,-1.3474977477043035,9.056608779489569,cube23_cluster0,1
2025-09-15,664076,664076,676914,TB,TOR,7,1,0,1,SL,SL,L,L,S,,89.5,89.5,-0.36,0.36,0.12,0.12,2600.0,2600.0,224.0,136.0,5.9,5.9,1.33,-1.33,5.21,5.21,cube43_cluster0,144,1.8124344181733327,SL,87.05264300971788,-4.004743073818654,3.6350863620861684,cube43_cluster0;cube51_cluster0,2
2025-09-15,683004,683004,670541,HOU,TEX,1,0,1,0,FF,FF,R,R,B,,96.8,96.8,-0.97,-0.97,1.21,1.21,2253.0,2253.0,220.0,220.0,6.9,6.9,-1.26,-1.26,5.58,5.58,cube4_cluster0,983,1.4520255622376848,FF,92.73799323851703,11.87678282989603,11.880818729937886,cube4_cluster0;cube5_cluster0,2
2025-09-15,688297,688297,682829,STL,CIN,7,0,0,0,FF,FF,R,R,S,,94.7,94.7,-0.32,-0.32,0.87,0.87,2171.0,2171.0,235.0,235.0,6.8,6.8,-1.65,-1.65,5.11,5.11,cube6_cluster0,11,1.4848457673560262,FF,94.93316427873066,12.825740892008225,12.6853773304967,cube14_cluster0,1
2025-09-15,669461,669461,682622,STL,CIN,1,1,1,2,SL,SL,L,L,S,,88.4,88.4,-0.29,0.29,0.39,0.39,2616.0,2616.0,221.0,139.0,6.4,6.4,0.54,-0.54,6.53,6.53,cube42_cluster1,3,0.7531897504998731,FC,87.63142706302794,-5.957348927875244,5.6153508771929825,cube42_cluster1,1
2025-09-15,686218,686218,592663,LAD,PHI,1,1,2,2,SL,SL,R,R,S,J.T. Realmuto strikes out swinging.,86.3,86.3,0.23,0.23,0.35,0.35,2290.0,2290.0,186.0,186.0,6.4,6.4,-1.21,-1.21,5.42,5.42,cube33_cluster0,169,1.3288262384149365,FC,88.23401695598267,-3.1239005241649638,6.236802891040705,cube33_cluster0,1
2025-09-15,681892,681892,502671,MIN,NYY,7,1,0,2,ST,ST,L,L,B,,83.0,83.0,-1.22,1.22,-0.58,-0.58,2444.0,2444.0,306.0,54.0,7.2,7.2,2.37,-2.37,5.49,5.49,cube74_cluster0,95,1.357096342297149,ST,81.58280060620267,-13.628576142052651,-5.303629922931518,cube67_cluster0;cube74_cluster0,2
2025-09-15,680573,680573,592450,MIN,NYY,1,1,0,0,SL,SL,R,R,B,,85.3,85.3,0.51,0.51,0.46,0.46,2253.0,2253.0,167.0,167.0,6.6,6.6,-1.55,-1.55,6.28,6.28,cube32_cluster0,41,1.0338582122276307,SL,87.45742516293836,-3.2707771382581203,5.520714440411837,cube32_cluster0;cube33_cluster0,2
2025-09-15,669276,669276,665953,WSH,ATL,8,2,0,0,SL,SL,L,L,B,,84.1,84.1,-0.3,0.3,0.47,0.47,2206.0,2206.0,136.0,224.0,6.1,6.1,1.67,-1.67,6.6,6.6,cube22_cluster0,44,1.417292266444544,FC,88.82845332305666,-1.3474977477043035,9.056608779489569,cube22_cluster0,1
2025-09-15,664076,664076,676914,TB,TOR,7,1,0,0,SI,SI,L,L,S,,96.6,96.6,1.48,-1.48,0.51,0.51,2373.0,2373.0,135.0,225.0,6.0,6.0,1.44,-1.44,5.15,5.15,cube14_cluster0,644,1.9897602187776733,FF,92.67733037261901,12.017251018938115,9.608444861229,cube13_cluster0;cube14_cluster0;cube4_cluster0;cube5_cluster0,4
2025-09-15,664126,664126,665489,TB,TOR,9,1,1,2,FC,FC,R,R,S,,89.6,89.6,0.67,0.67,0.18,0.18,2609.0,2609.0,100.0,100.0,6.3,6.3,-0.02,-0.02,7.15,7.15,cube42_cluster1,3,2.0867148867399448,FC,87.63142706302794,-5.957348927875244,5.6153508771929825,,0
2025-09-15,656945,656945,681082,LAD,PHI,9,0,1,2,SL,SL,L,L,X,"Bryson Stott grounds out, second baseman Miguel Rojas to first baseman Freddie Freeman.",90.8,90.8,-0.45,0.45,0.06,0.06,2573.0,2573.0,209.0,151.0,6.2,6.2,2.5,-2.5,5.17,5.17,cube44_cluster0,35,1.3079569888264722,SL,87.43039514356485,-4.560198707426779,3.7204129901025347,cube44_cluster0,1
2025-09-15,676775,676775,677942,AZ,SF,7,1,0,1,SI,SI,R,R,B,,96.8,96.8,-1.29,-1.29,0.57,0.57,2443.0,2443.0,221.0,221.0,6.2,6.2,-1.43,-1.43,6.07,6.07,cube4_cluster0,983,1.4067147034699394,FF,92.73799323851703,11.87678282989603,11.880818729937886,cube13_cluster0;cube4_cluster0,2
2025-09-15,641793,641793,680977,STL,CIN,1,0,2,2,FS,FS,R,R,S,,83.0,83.0,-1.11,-1.11,-0.13,-0.13,971.0,971.0,250.0,250.0,6.0,6.0,-0.68,-0.68,6.19,6.19,cube13_cluster1,3,2.8650900756677293,FS,84.2318346010472,7.0387863377694,1.0515447129672841,cube12_cluster0,1
2025-09-15,595014,595014,592663,LAD,PHI,10,1,1,0,SI,SI,R,R,S,,96.9,96.9,-1.42,-1.42,0.45,0.45,2258.0,2258.0,230.0,230.0,5.5,5.5,-2.72,-2.72,6.26,6.26,cube13_cluster0,1173,2.4443088898474596,FF,91.32597348809763,10.933560927718538,9.887490835989844,cube13_cluster0;cube4_cluster0,2
2025-09-15,702056,702056,650490,TB,TOR,1,0,0,2,FF,FF,R,R,B,,96.4,96.4,-0.32,-0.32,1.53,1.53,2219.0,2219.0,197.0,197.0,6.2,6.2,-0.44,-0.44,7.08,7.08,cube42_cluster1,3,2.6942839399996594,FC,87.63142706302794,-5.957348927875244,5.6153508771929825,cube12_cluster0;cube3_cluster0,2
2025-09-15,686973,686973,700246,TB,TOR,8,0,3,2,FF,FF,R,R,S,,97.5,97.5,-0.7,-0.7,1.22,1.22,2268.0,2268.0,225.0,225.0,7.0,7.0,-2.95,-2.95,5.34,5.34,cube6_cluster3,4,0.3858512740753443,FF,96.83250199133,9.898196859286852,14.591325902230212,cube14_cluster0;cube15_cluster1;cube5_cluster0;cube6_cluster3,4
2025-09-15,641329,641329,665926,TB,TOR,8,1,1,1,FF,FF,R,R,S,,97.8,97.8,-0.32,-0.32,1.5,1.5,2310.0,2310.0,202.0,202.0,6.5,6.5,-0.45,-0.45,6.62,6.62,cube22_cluster0,44,2.3439286637664254,FC,88.82845332305666,-1.3474977477043035,9.056608779489569,cube12_cluster0;cube13_cluster0;cube3_cluster0;cube4_cluster0,4
2025-09-15,656546,656546,666139,TB,TOR,9,1,1,1,SL,SL,R,R,B,,86.3,86.3,0.02,0.02,0.38,0.38,2515.0,2515.0,236.0,236.0,6.2,6.2,-2.37,-2.37,5.78,5.78,cube23_cluster0,226,1.4521331369734154,FC,89.98051132303166,-0.8288022207088954,9.04754296913982,,0
2025-09-15,701487,701487,519317,MIN,NYY,9,0,3,2,CH,CH,R,R,S,Giancarlo Stanton strikes out on a foul tip.,82.7,82.7,-1.03,-1.03,0.44,0.44,2343.0,2343.0,257.0,257.0,6.2,6.2,-1.04,-1.04,5.89,5.89,cube12_cluster0,316,1.8368960860920933,CH,89.01009096911115,10.260232782391817,9.292479855944606,,0
2025-09-15,701519,701519,700250,MIN,NYY,8,0,3,2,SL,SL,R,R,S,Ben Rice strikes out on a foul tip.,86.2,86.2,0.59,0.59,-0.09,-0.09,2373.0,2373.0,106.0,106.0,6.6,6.6,-1.2,-1.2,5.75,5.75,cube51_cluster0,138,0.9513201220254153,SL,86.5599691183964,-4.203859573250014,1.5652746114364327,cube51_cluster0;cube58_cluster0,2
2025-09-15,663893,663893,691406,TB,TOR,6,1,1,0,FC,FC,L,L,S,,93.7,93.7,0.34,-0.34,0.6,0.6,2233.0,2233.0,116.0,244.0,5.4,5.4,2.04,-2.04,6.17,6.17,cube12_cluster0,316,2.0999509755232024,CH,89.01009096911115,10.260232782391817,9.292479855944606,cube22_cluster0;cube23_cluster0,2
2025-09-15,700669,700669,669289,STL,CIN,9,1,1,0,FF,FF,R,R,B,,95.9,95.9,-0.3,-0.3,1.39,1.39,2058.0,2058.0,205.0,205.0,6.3,6.3,-1.39,-1.39,6.2,6.2,cube4_cluster0,983,1.4634155381300296,FF,92.73799323851703,11.87678282989603,11.880818729937886,cube12_cluster0;cube13_cluster0;cube3_cluster0;cube4_cluster0,4
2025-09-15,643377,643377,662139,TB,TOR,10,1,1,1,FF,FF,R,R,X,Daulton Varsho flies out sharply to center fielder Jake Mangum. Myles Straw to 3rd.,97.5,97.5,-0.57,-0.57,1.41,1.41,2502.0,2502.0,209.0,209.0,6.4,6.4,-0.42,-0.42,5.51,5.51,cube4_cluster0,983,2.4771862283203445,FF,92.73799323851703,11.87678282989603,11.880818729937886,cube13_cluster0;cube4_cluster0,2
2025-09-15,664192,664192,664983,AZ,SF,6,1,0,0,SI,SI,L,L,B,,91.5,91.5,1.18,-1.18,1.11,1.11,2253.0,2253.0,153.0,207.0,6.0,6.0,2.11,-2.11,5.94,5.94,cube4_cluster0,983,1.0853880431432215,FF,92.73799323851703,11.87678282989603,11.880818729937886,cube13_cluster0;cube4_cluster0,2
2025-09-15,687330,687330,543807,TB,TOR,11,2,0,0,ST,ST,R,R,S,,78.1,78.1,1.69,1.69,0.57,0.57,2671.0,2671.0,85.0,85.0,7.2,7.2,-1.54,-1.54,3.74,3.74,cube59_cluster2,10,3.9376614198850755,ST,81.7973852093329,-10.12662567982655,5.018509240306132,,0
2025-09-15,621381,621381,669743,LAD,PHI,8,1,0,0,FF,FF,L,L,B,,91.2,91.2,0.79,-0.79,1.47,1.47,2589.0,2589.0,136.0,224.0,6.2,6.2,1.66,-1.66,5.37,5.37,cube5_cluster0,516,1.6783771679863828,FF,94.26601183041208,12.58960465467938,11.873748452415477,cube13_cluster0;cube14_cluster0;cube4_cluster0;cube5_cluster0,4
2025-09-15,621051,621051,687637,CWS,BAL,6,1,0,1,FF,FF,R,R,B,,94.2,94.2,-0.59,-0.59,1.43,1.43,2435.0,2435.0,206.0,206.0,6.8,6.8,-2.26,-2.26,5.84,5.84,cube5_cluster0,516,1.243849029245419,FF,94.26601183041208,12.58960465467938,11.873748452415477,cube13_cluster0;cube14_cluster0;cube4_cluster0;cube5_cluster0,4
2025-09-15,656457,656457,669236,CWS,BAL,1,1,1,0,SI,SI,L,L,S,,90.9,90.9,1.32,-1.32,0.1,0.1,2181.0,2181.0,118.0,242.0,5.8,5.8,2.61,-2.61,4.72,4.72,cube24_cluster1,4,1.7099448287352526,CH,87.80202822087334,14.29789321005082,-3.691264304536044,cube14_cluster0,1
2025-09-15,668933,668933,571448,STL,CIN,7,0,0,0,SL,SL,R,R,S,,87.4,87.4,0.87,0.87,-0.25,-0.25,2897.0,2897.0,47.0,47.0,5.4,5.4,-0.5,-0.5,6.44,6.44,cube57_cluster1,5,2.2345455740598283,SL,84.4555766444267,-4.522769280798219,-0.11781077608958196,,0
2025-09-15,669704,669704,695657,CWS,BAL,6,0,1,2,FF,FF,R,R,B,,95.0,95.0,-0.13,-0.13,1.19,1.19,2290.0,2290.0,198.0,198.0,6.2,6.2,-1.1,-1.1,5.96,5.96,cube22_cluster0,44,1.1310486709539724,FC,88.82845332305666,-1.3474977477043035,9.056608779489569,cube13_cluster0,1
2025-09-15,663574,663574,671056,STL,CIN,7,2,1,2,FF,FF,R,R,S,,96.5,96.5,-0.98,-0.98,0.99,0.99,2340.0,2340.0,234.0,234.0,6.2,6.2,-2.51,-2.51,5.12,5.12,cube14_cluster0,644,1.193916709289309,FF,92.67733037261901,12.017251018938115,9.608444861229,cube14_cluster0;cube5_cluster0,2
2025-09-15,641302,641302,694212,CWS,BAL,6,2,2,2,ST,ST,L,L,X,Samuel Basallo singles on a ground ball to right fielder Mike Tauchman. Coby Mayo to 2nd.,83.2,83.2,-1.28,1.28,0.48,0.48,2707.0,2707.0,281.0,79.0,6.8,6.8,2.22,-2.22,5.09,5.09,cube67_cluster0,152,1.3066742415681356,ST,83.21108910576972,-12.188986866329156,0.17080679660382098,cube67_cluster0,1
2025-09-15,681911,681911,592663,LAD,PHI,8,0,0,1,SL,SL,L,L,X,J.T. Realmuto lines out to left fielder Michael Conforto.,86.3,86.3,-0.34,0.34,0.28,0.28,2492.0,2492.0,194.0,166.0,6.3,6.3,0.11,-0.11,6.14,6.14,cube42_cluster1,3,1.6078640705063996,FC,87.63142706302794,-5.957348927875244,5.6153508771929825,cube32_cluster0;cube42_cluster0,2
2025-09-15,595345,595345,669394,HOU,TEX,6,0,0,1,FF,FF,L,L,S,,91.7,91.7,0.54,-0.54,1.33,1.33,2258.0,2258.0,138.0,222.0,6.0,6.0,3.31,-3.31,6.05,6.05,cube14_cluster0,644,2.2933614910656437,FF,92.67733037261901,12.017251018938115,9.608444861229,cube13_cluster0;cube4_cluster0,2
2025-09-15,664294,664294,683737,PIT,CHC,9,0,0,1,SL,SL,R,R,S,,83.4,83.4,-0.13,-0.13,0.0,0.0,2098.0,2098.0,305.0,305.0,6.3,6.3,-1.16,-1.16,5.99,5.99,cube58_cluster2,5,2.0742717644113906,SL,85.46595452823905,-0.04526262806992336,-2.641776233356624,,0
2025-09-15,681676,681676,701398,STL,CIN,8,1,1,0,SL,SL,R,R,X,Sal Stewart singles on a line drive to left fielder Lars Nootbaar.,86.7,86.7,0.26,0.26,0.08,0.08,2705.0,2705.0,92.0,92.0,6.1,6.1,-1.71,-1.71,6.0,6.0,cube51_cluster0,138,1.1120238479957965,SL,86.5599691183964,-4.203859573250014,1.5652746114364327,cube58_cluster0,1
2025-09-15,687377,687377,660670,WSH,ATL,9,1,1,0,SI,SI,R,R,B,,96.0,96.0,-1.3,-1.3,0.9,0.9,2402.0,2402.0,212.0,212.0,6.4,6.4,-1.83,-1.83,6.65,6.65,cube4_cluster0,983,1.7916054977347255,FF,92.73799323851703,11.87678282989603,11.880818729937886,cube13_cluster0;cube4_cluster0,2
2025-09-15,829272,829272,671739,WSH,ATL,6,2,1,1,FF,FF,L,L,X,"Michael Harris II grounds out, shortstop CJ Abrams to first baseman Josh Bell.",93.1,93.1,1.04,-1.04,1.47,1.47,2357.0,2357.0,139.0,221.0,6.4,6.4,1.79,-1.79,5.54,5.54,cube5_cluster0,516,1.0582746877299092,FF,94.26601183041208,12.58960465467938,11.873748452415477,cube4_cluster0;cube5_cluster0,2
2025-09-15,680732,680732,663624,CWS,BAL,2,1,0,0,SL,SL,R,R,S,,88.3,88.3,0.24,0.24,0.75,0.75,2315.0,2315.0,175.0,175.0,7.1,7.1,-2.49,-2.49,6.16,6.16,cube34_cluster0,80,1.6374486247352336,FC,89.12332099959275,-2.9379632103369024,6.342505511607449,cube23_cluster0;cube33_cluster0;cube34_cluster0,3
2025-09-15,647336,647336,457705,PIT,CHC,7,0,3,2,SV,SV,R,R,B,Andrew McCutchen walks.,82.2,82.2,1.25,1.25,-0.6,-0.6,2984.0,2984.0,50.0,50.0,6.2,6.2,-2.56,-2.56,5.84,5.84,cube78_cluster1,5,0.7882919691834961,CU,80.64152300890618,-18.302848826753866,-5.60128168299082,cube73_cluster0;cube74_cluster0;cube78_cluster0;cube78_cluster1,4
2025-09-15,663455,663455,805373,WSH,ATL,8,1,1,1,CH,CH,L,L,B,,84.2,84.2,1.81,-1.81,0.3,0.3,1958.0,1958.0,115.0,245.0,6.4,6.4,2.71,-2.71,5.76,5.76,cube23_cluster1,15,1.7550634258354114,CH,87.14244152758266,13.779793742871872,-2.1495322200021145,cube13_cluster0;cube4_cluster0,2
2025-09-15,656222,656222,646240,AZ,SF,9,1,0,0,FF,FF,L,L,S,,93.4,93.4,0.76,-0.76,1.23,1.23,2096.0,2096.0,148.0,212.0,6.3,6.3,1.23,-1.23,5.84,5.84,cube4_cluster0,983,0.9803367908181176,FF,92.73799323851703,11.87678282989603,11.880818729937886,cube13_cluster0;cube4_cluster0,2
2025-09-15,681517,681517,680574,STL,CIN,8,2,2,2,CU,CU,R,R,S,,83.8,83.8,0.84,0.84,-1.22,-1.22,2514.0,2514.0,39.0,39.0,7.0,7.0,-2.0,-2.0,5.87,5.87,cube67_cluster2,6,0.7084462615804676,CU,83.11739876493539,-8.352412707608828,-11.699528597119054,cube73_cluster0;cube74_cluster0,2
2025-09-15,596133,596133,686797,MIN,NYY,7,0,0,0,FF,FF,R,R,B,,96.7,96.7,-0.64,-0.64,1.67,1.67,2370.0,2370.0,206.0,206.0,6.1,6.1,-1.55,-1.55,5.64,5.64,cube4_cluster0,983,1.6149054570322408,FF,92.73799323851703,11.87678282989603,11.880818729937886,cube4_cluster0,1
2025-09-15,667463,667463,609280,STL,CIN,7,2,0,1,CH,CH,L,L,X,Miguel Andujar flies out to left fielder Alec Burleson.,83.9,83.9,1.1,-1.1,0.21,0.21,1687.0,1687.0,112.0,248.0,6.1,6.1,2.17,-2.17,5.48,5.48,cube23_cluster1,15,0.8355928394562897,CH,87.14244152758266,13.779793742871872,-2.1495322200021145,cube13_cluster0,1
2025-09-15,668678,668678,642715,AZ,SF,1,1,1,1,SL,SL,R,R,S,,88.6,88.6,0.36,0.36,0.3,0.3,2369.0,2369.0,108.0,108.0,6.4,6.4,-3.11,-3.11,5.88,5.88,cube52_cluster1,9,1.2243880606994613,SL,87.17033349644716,-3.7876297283127007,0.844764456834557,cube51_cluster0;cube52_cluster0;cube52_cluster1,3
2025-09-15,693312,693312,664023,PIT,CHC,7,1,0,2,CU,CU,R,R,B,,88.6,88.6,0.42,0.42,-0.82,-0.82,2841.0,2841.0,38.0,38.0,6.8,6.8,-1.02,-1.02,6.09,6.09,cube67_cluster2,6,1.7562354898308785,CU,83.11739876493539,-8.352412707608828,-11.699528597119054,cube73_cluster0;cube74_cluster0,2
2025-09-15,608650,608650,572191,CWS,BAL,7,2,1,0,FF,FF,L,L,B,,94.3,94.3,0.49,-0.49,1.36,1.36,1987.0,1987.0,148.0,212.0,6.3,6.3,1.94,-1.94,6.4,6.4,cube4_cluster0,983,1.4060195945324325,FF,92.73799323851703,11.87678282989603,11.880818729937886,cube3_cluster0;cube4_cluster0,2
2025-09-15,641941,641941,671056,STL,CIN,9,2,0,0,FF,FF,R,R,S,,97.1,97.1,-0.66,-0.66,1.57,1.57,2771.0,2771.0,208.0,208.0,6.9,6.9,-1.64,-1.64,5.53,5.53,cube15_cluster1,11,1.8320030514126526,FF,95.07044777791452,10.01799709211646,12.914228470751997,cube14_cluster0;cube5_cluster0,2
2025-09-15,678024,678024,683002,CWS,BAL,7,0,2,2,FC,FC,R,R,S,,88.2,88.2,0.12,0.12,0.36,0.36,2201.0,2201.0,160.0,160.0,6.4,6.4,-1.55,-1.55,6.03,6.03,cube42_cluster0,32,0.8299000756989401,SL,85.72870188950071,-3.7562483156713657,3.37869518789043,cube33_cluster0,1
2025-09-15,624133,624133,660271,LAD,PHI,1,0,3,2,SL,SL,L,L,S,,78.2,78.2,-0.62,0.62,0.11,0.11,2186.0,2186.0,273.0,87.0,6.0,6.0,2.4,-2.4,5.53,5.53,cube65_cluster1,5,1.5602676020166784,ST,79.83113104371454,-13.87824519299928,1.6911752817070245,cube58_cluster0,1
2025-09-15,664747,664747,695734,WSH,ATL,9,0,3,2,SL,SL,R,R,S,,85.4,85.4,0.43,0.43,0.32,0.32,2697.0,2697.0,140.0,140.0,7.5,7.5,-2.63,-2.63,5.21,5.21,cube44_cluster0,35,1.9015805698995765,SL,87.43039514356485,-4.560198707426779,3.7204129901025347,,0
2025-09-15,689147,689147,660271,LAD,PHI,7,1,1,1,ST,ST,R,R,S,,87.5,87.5,0.94,0.94,0.34,0.34,2883.0,2883.0,60.0,60.0,6.0,6.0,-1.72,-1.72,5.52,5.52,cube65_cluster1,5,1.5234916351820846,ST,79.83113104371454,-13.87824519299928,1.6911752817070245,cube66_cluster0,1
2025-09-15,678906,678906,682998,AZ,SF,1,0,0,0,ST,ST,R,R,B,,84.3,84.3,0.99,0.99,0.06,0.06,2656.0,2656.0,51.0,51.0,6.2,6.2,-2.35,-2.35,5.41,5.41,cube67_cluster0,152,0.7209846687783985,ST,83.21108910576972,-12.188986866329156,0.17080679660382098,cube66_cluster0;cube67_cluster0,2
2025-09-15,661395,661395,681624,LAD,PHI,9,1,0,0,FS,FS,R,R,S,,99.4,99.4,-1.29,-1.29,0.31,0.31,1936.0,1936.0,237.0,237.0,6.1,6.1,-2.26,-2.26,5.93,5.93,cube13_cluster0,1173,1.5689816531083662,FF,91.32597348809763,10.933560927718538,9.887490835989844,cube13_cluster0;cube4_cluster0,2
2025-09-15,676263,676263,681082,LAD,PHI,7,1,1,1,FF,FF,L,L,B,,93.4,93.4,0.71,-0.71,1.75,1.75,2569.0,2569.0,156.0,204.0,6.9,6.9,2.1,-2.1,5.84,5.84,cube5_cluster0,516,1.69501737074611,FF,94.26601183041208,12.58960465467938,11.873748452415477,cube14_cluster0;cube5_cluster0,2
2025-09-15,607074,607074,668885,MIN,NYY,1,1,2,2,CH,CH,L,L,X,"Austin Martin grounds out, third baseman Ryan McMahon to first baseman Paul Goldschmidt.",85.2,85.2,1.4,-1.4,0.37,0.37,1691.0,1691.0,127.0,233.0,6.0,6.0,2.29,-2.29,6.31,6.31,cube12_cluster0,316,1.6810110096025705,CH,89.01009096911115,10.260232782391817,9.292479855944606,cube12_cluster0;cube3_cluster0,2
2025-09-15,681151,681151,642133,HOU,TEX,7,1,0,1,FF,FF,R,R,S,,96.5,96.5,-1.1,-1.1,1.26,1.26,2470.0,2470.0,227.0,227.0,6.0,6.0,-1.73,-1.73,5.85,5.85,cube4_cluster0,983,1.3301316125943348,FF,92.73799323851703,11.87678282989603,11.880818729937886,cube4_cluster0,1
2025-09-15,657424,657424,672695,AZ,SF,5,2,1,0,FF,FF,L,L,S,,92.4,92.4,-0.01,0.01,1.05,1.05,2088.0,2088.0,167.0,193.0,6.3,6.3,2.4,-2.4,6.22,6.22,cube23_cluster0,226,1.2949980847591942,FC,89.98051132303166,-0.8288022207088954,9.04754296913982,cube13_cluster0;cube23_cluster0,2
2025-09-15,680694,680694,643565,CWS,BAL,1,0,2,2,SI,SI,R,R,B,,96.2,96.2,-0.72,-0.72,1.22,1.22,2121.0,2121.0,184.0,184.0,6.3,6.3,-0.6,-0.6,6.55,6.55,cube22_cluster0,44,2.0614329693908577,FC,88.82845332305666,-1.3474977477043035,9.056608779489569,cube12_cluster0;cube3_cluster0,2
2025-09-15,680730,680730,621566,WSH,ATL,1,0,2,0,FF,FF,L,L,S,,91.8,91.8,0.62,-0.62,1.65,1.65,2141.0,2141.0,157.0,203.0,6.8,6.8,1.46,-1.46,6.39,6.39,cube4_cluster0,983,1.766504179826576,FF,92.73799323851703,11.87678282989603,11.880818729937886,cube4_cluster0,1
2025-09-15,669920,669920,669701,HOU,TEX,1,0,2,2,CH,CH,R,R,X,Josh Smith flies out to shortstop Jeremy Peña.,81.2,81.2,-1.56,-1.56,0.21,0.21,1862.0,1862.0,263.0,263.0,6.3,6.3,-1.45,-1.45,5.69,5.69,cube23_cluster1,15,1.6415575573864158,CH,87.14244152758266,13.779793742871872,-2.1495322200021145,cube12_cluster0;cube13_cluster0,2
2025-09-15,687863,687863,669261,PIT,CHC,9,1,0,0,FF,FF,R,R,B,,97.4,97.4,-0.27,-0.27,1.51,1.51,2389.0,2389.0,197.0,197.0,7.3,7.3,-2.46,-2.46,5.78,5.78,cube6_cluster3,4,1.5122143386326834,FF,96.83250199133,9.898196859286852,14.591325902230212,cube14_cluster0;cube5_cluster0,2
2025-09-15,605218,605218,572233,HOU,TEX,8,1,1,1,CU,CU,R,R,S,,77.8,77.8,0.62,0.62,-1.1,-1.1,2150.0,2150.0,26.0,26.0,6.5,6.5,-1.87,-1.87,6.58,6.58,cube65_cluster2,4,0.5453901735001977,CU,77.46691308243727,-3.8291129032258064,-11.446518817204302,cube65_cluster2;cube66_cluster0;cube72_cluster0,3
2025-09-15,650556,650556,641680,HOU,TEX,9,2,0,0,FF,FF,R,R,B,,97.0,97.0,-0.43,-0.43,1.34,1.34,2285.0,2285.0,219.0,219.0,6.4,6.4,-2.46,-2.46,5.69,5.69,cube5_cluster0,516,1.1349658184061706,FF,94.26601183041208,12.58960465467938,11.873748452415477,cube13_cluster0;cube14_cluster0;cube4_cluster0;cube5_cluster0,4
2025-09-15,607455,607455,656941,LAD,PHI,1,1,0,0,SL,SL,L,L,S,,84.9,84.9,-0.61,0.61,0.09,0.09,2341.0,2341.0,318.0,42.0,6.3,6.3,2.59,-2.59,5.46,5.46,cube67_cluster0,152,1.0724382642425736,ST,83.21108910576972,-12.188986866329156,0.17080679660382098,cube58_cluster0;cube59_cluster1;cube66_cluster0;cube67_cluster0,4
2025-09-15,671212,671212,665489,TB,TOR,1,1,0,0,FF,FF,R,R,S,,98.6,98.6,-0.56,-0.56,1.33,1.33,2708.0,2708.0,218.0,218.0,6.4,6.4,-0.99,-0.99,5.89,5.89,cube4_cluster0,983,2.082556135069387,FF,92.73799323851703,11.87678282989603,11.880818729937886,cube13_cluster0,1
2025-09-15,657612,657612,686797,MIN,NYY,8,2,0,0,SI,SI,L,L,S,,88.6,88.6,1.54,-1.54,-0.55,-0.55,2103.0,2103.0,73.0,287.0,6.6,6.6,3.72,-3.72,2.85,2.85,cube24_cluster2,4,4.235405239984145,CH,86.59885858822028,14.483213701192424,-0.8909986290305438,,0
2025-09-15,622554,622554,663743,TB,TOR,7,1,0,1,FF,FF,R,R,B,,97.7,97.7,-0.53,-0.53,1.38,1.38,2434.0,2434.0,211.0,211.0,6.4,6.4,-1.85,-1.85,5.46,5.46,cube5_cluster0,516,1.2996651260449172,FF,94.26601183041208,12.58960465467938,11.873748452415477,cube13_cluster0;cube14_cluster0;cube4_cluster0;cube5_cluster0,4
2025-09-15,676742,676742,663538,PIT,CHC,5,0,2,2,FF,FF,R,R,X,Nico Hoerner pops out to third baseman Jared Triolo.,97.3,97.3,-0.4,-0.4,1.4,1.4,2537.0,2537.0,208.0,208.0,6.4,6.4,-2.97,-2.97,6.13,6.13,cube5_cluster0,516,2.072161019863911,FF,94.26601183041208,12.58960465467938,11.873748452415477,cube13_cluster0;cube14_cluster0,2
2025-09-15,657756,657756,690987,WSH,ATL,8,0,2,2,FF,FF,R,R,S,,92.3,92.3,-1.11,-1.11,1.22,1.22,2214.0,2214.0,231.0,231.0,6.2,6.2,-2.96,-2.96,5.35,5.35,cube14_cluster0,644,1.3053483309873313,FF,92.67733037261901,12.017251018938115,9.608444861229,cube4_cluster0;cube5_cluster0,2
2025-09-15,683175,683175,571448,STL,CIN,8,1,0,0,ST,ST,R,R,S,,85.6,85.6,1.36,1.36,-0.15,-0.15,2546.0,2546.0,64.0,64.0,5.9,5.9,-1.87,-1.87,5.69,5.69,cube65_cluster1,5,1.0237887064478308,ST,79.83113104371454,-13.87824519299928,1.6911752817070245,cube66_cluster0;cube73_cluster0,2
2025-09-15,502085,502085,669743,LAD,PHI,10,1,1,0,FC,FC,R,R,S,,91.6,91.6,0.47,0.47,1.23,1.23,2736.0,2736.0,182.0,182.0,6.5,6.5,-2.69,-2.69,5.82,5.82,cube34_cluster0,80,1.567805076054662,FC,89.12332099959275,-2.9379632103369024,6.342505511607449,cube23_cluster0;cube24_cluster0;cube33_cluster0;cube34_cluster0,4
2025-09-15,592791,592791,687462,PIT,CHC,1,1,1,1,CH,CH,R,R,X,Spencer Horwitz flies out to left fielder Ian Happ.,84.0,84.0,-1.4,-1.4,0.27,0.27,1764.0,1764.0,234.0,234.0,6.4,6.4,-1.28,-1.28,6.23,6.23,cube12_cluster0,316,1.330447388333181,CH,89.01009096911115,10.260232782391817,9.292479855944606,cube12_cluster0;cube3_cluster0,2
2025-09-15,666808,666808,807712,MIN,NYY,7,1,3,2,SL,SL,R,R,S,,87.0,87.0,0.75,0.75,-0.06,-0.06,2702.0,2702.0,71.0,71.0,6.3,6.3,-1.45,-1.45,5.42,5.42,cube58_cluster0,194,1.2217407514899188,SL,84.5104961347656,-6.359862250696315,0.3949475543105161,cube66_cluster0;cube67_cluster0,2
2025-09-15,688497,688497,656305,AZ,SF,7,0,3,2,FF,FF,R,R,B,Matt Chapman walks.,89.4,89.4,-0.08,-0.08,1.11,1.11,2214.0,2214.0,173.0,173.0,6.9,6.9,0.09,0.09,6.31,6.31,cube42_cluster1,3,2.4194378665249707,FC,87.63142706302794,-5.957348927875244,5.6153508771929825,,0
2025-09-15,687911,687911,694671,HOU,TEX,7,2,0,2,ST,ST,L,L,B,,81.0,81.0,-1.29,1.29,0.57,0.57,2206.0,2206.0,286.0,74.0,6.4,6.4,2.94,-2.94,5.37,5.37,cube59_cluster2,10,1.2309718513416754,ST,81.7973852093329,-10.12662567982655,5.018509240306132,cube58_cluster0;cube59_cluster1;cube66_cluster0;cube67_cluster0,4
2025-09-15,666711,666711,677942,AZ,SF,6,0,0,0,SI,SI,R,R,S,,96.9,96.9,-1.37,-1.37,0.49,0.49,2411.0,2411.0,208.0,208.0,5.5,5.5,-1.17,-1.17,5.97,5.97,cube12_cluster0,316,2.210353535351014,CH,89.01009096911115,10.260232782391817,9.292479855944606,cube12_cluster0;cube13_cluster0,2
2025-09-15,680755,680755,680700,TB,TOR,10,1,2,2,SL,SL,R,R,S,,89.3,89.3,0.22,0.22,0.21,0.21,2396.0,2396.0,172.0,172.0,5.5,5.5,0.55,0.55,6.69,6.69,cube42_cluster1,3,2.600183426892735,FC,87.63142706302794,-5.957348927875244,5.6153508771929825,,0
2025-09-15,675911,675911,605137,WSH,ATL,1,2,1,0,CU,CU,R,R,X,Josh Bell flies out to center fielder Michael Harris II.,77.3,77.3,0.66,0.66,-0.77,-0.77,2744.0,2744.0,62.0,62.0,7.0,7.0,-1.74,-1.74,5.94,5.94,cube67_cluster2,6,1.354657541372897,CU,83.11739876493539,-8.352412707608828,-11.699528597119054,cube73_cluster0,1
2025-09-15,677952,677952,663538,PIT,CHC,1,1,0,0,FF,FF,R,R,B,,98.2,98.2,-0.53,-0.53,1.46,1.46,2474.0,2474.0,217.0,217.0,6.7,6.7,-0.86,-0.86,6.14,6.14,cube4_cluster0,983,2.0564827813468223,FF,92.73799323851703,11.87678282989603,11.880818729937886,cube13_cluster0;cube4_cluster0,2
2025-09-15,621051,621051,687637,CWS,BAL,6,1,0,0,ST,ST,R,R,S,,82.3,82.3,1.44,1.44,-0.06,-0.06,2743.0,2743.0,45.0,45.0,6.5,6.5,-2.69,-2.69,5.71,5.71,cube74_cluster0,95,0.9816127626220298,ST,81.58280060620267,-13.628576142052651,-5.303629922931518,cube73_cluster0;cube74_cluster0,2
2025-09-15,656945,656945,681082,LAD,PHI,9,0,1,2,SL,SL,L,L,S,,90.3,90.3,-0.54,0.54,0.05,0.05,2636.0,2636.0,237.0,123.0,6.2,6.2,2.51,-2.51,5.13,5.13,cube52_cluster0,25,1.210883589997548,SL,87.17795916965139,-4.451177468094217,2.170340230630463,cube52_cluster0,1
2025-09-15,657756,657756,690987,WSH,ATL,8,0,1,2,CH,CH,R,R,B,,83.1,83.1,-1.48,-1.48,-0.2,-0.2,2413.0,2413.0,273.0,273.0,6.4,6.4,-3.14,-3.14,4.99,4.99,cube24_cluster1,4,1.8606316599247825,CH,87.80202822087334,14.29789321005082,-3.691264304536044,,0
2025-09-15,829272,829272,671739,WSH,ATL,6,2,1,0,FF,FF,L,L,S,,92.6,92.6,0.84,-0.84,1.45,1.45,2366.0,2366.0,139.0,221.0,6.4,6.4,1.84,-1.84,5.47,5.47,cube5_cluster0,516,1.067533022912128,FF,94.26601183041208,12.58960465467938,11.873748452415477,cube13_cluster0;cube14_cluster0;cube4_cluster0;cube5_cluster0,4
2025-09-15,675911,675911,605137,WSH,ATL,1,2,0,0,SL,SL,R,R,B,,83.7,83.7,-0.01,-0.01,0.23,0.23,2248.0,2248.0,161.0,161.0,7.1,7.1,-1.72,-1.72,5.78,5.78,cube43_cluster0,144,1.523468188115252,SL,87.05264300971788,-4.004743073818654,3.6350863620861684,cube33_cluster0;cube34_cluster0,2
2025-09-15,680755,680755,680700,TB,TOR,10,1,2,1,SL,SL,R,R,S,,87.6,87.6,0.3,0.3,0.04,0.04,2418.0,2418.0,132.0,132.0,5.5,5.5,0.57,0.57,6.61,6.61,cube42_cluster1,3,2.6268040009308646,FC,87.63142706302794,-5.957348927875244,5.6153508771929825,,0
2025-09-15,664294,664294,683737,PIT,CHC,9,0,0,0,SL,SL,R,R,S,,82.5,82.5,-0.1,-0.1,0.01,0.01,2013.0,2013.0,291.0,291.0,6.3,6.3,-1.14,-1.14,5.98,5.98,cube58_cluster2,5,2.356426361806123,SL,85.46595452823905,-0.04526262806992336,-2.641776233356624,,0
2025-09-15,680732,680732,641933,CWS,BAL,2,0,2,2,FF,FF,R,R,X,Tyler O'Neill lines out to center fielder Dominic Fletcher.,95.6,95.6,-0.27,-0.27,1.69,1.69,2636.0,2636.0,196.0,196.0,7.4,7.4,-1.92,-1.92,6.38,6.38,cube15_cluster1,11,2.6420599264722444,FF,95.07044777791452,10.01799709211646,12.914228470751997,cube14_cluster0,1
2025-09-15,676263,676263,681082,LAD,PHI,7,1,1,0,FF,FF,L,L,S,,92.7,92.7,0.66,-0.66,1.69,1.69,2463.0,2463.0,158.0,202.0,6.6,6.6,2.18,-2.18,5.93,5.93,cube5_cluster0,516,1.5546323138080709,FF,94.26601183041208,12.58960465467938,11.873748452415477,cube13_cluster0;cube14_cluster0;cube4_cluster0;cube5_cluster0,4
2025-09-15,678906,678906,606466,AZ,SF,1,0,0,0,ST,ST,R,R,B,Ketel Marte hit by pitch. Geraldo Perdomo to 2nd.,84.1,84.1,1.14,1.14,-0.1,-0.1,2753.0,2753.0,49.0,49.0,6.4,6.4,-2.25,-2.25,5.42,5.42,cube74_cluster0,95,0.6895878090775801,ST,81.58280060620267,-13.628576142052651,-5.303629922931518,cube66_cluster0;cube67_cluster0;cube73_cluster0;cube74_cluster0,4
2025-09-15,596133,596133,663616,MIN,NYY,7,0,1,2,FF,FF,R,R,X,Trevor Larnach doubles (22) on a line drive to right fielder Aaron Judge.,96.5,96.5,-0.91,-0.91,1.56,1.56,2502.0,2502.0,204.0,204.0,6.2,6.2,-1.45,-1.45,5.61,5.61,cube4_cluster0,983,1.6336954089310183,FF,92.73799323851703,11.87678282989603,11.880818729937886,cube4_cluster0;cube5_cluster0,2
2025-09-15,624133,624133,660271,LAD,PHI,1,0,2,2,SI,SI,L,L,B,,90.7,90.7,0.85,-0.85,0.35,0.35,2018.0,2018.0,138.0,222.0,6.1,6.1,2.32,-2.32,5.5,5.5,cube13_cluster0,1173,1.1993727782551915,FF,91.32597348809763,10.933560927718538,9.887490835989844,cube13_cluster0,1
2025-09-15,595345,595345,669394,HOU,TEX,6,0,0,0,SL,SL,L,L,S,,80.0,80.0,-0.72,0.72,0.64,0.64,2404.0,2404.0,262.0,98.0,6.1,6.1,3.38,-3.38,6.03,6.03,cube59_cluster0,6,1.733318718584062,SL,85.10288607720291,-4.974455470207517,-0.26360602944668465,cube58_cluster0,1
2025-09-15,681151,681151,642133,HOU,TEX,7,1,0,0,CU,CU,R,R,S,,81.7,81.7,1.36,1.36,-0.75,-0.75,2561.0,2561.0,52.0,52.0,6.0,6.0,-1.68,-1.68,6.0,6.0,cube73_cluster0,327,0.8974790367090065,CU,80.47699441108988,-11.55224395022119,-8.074074661318553,cube72_cluster0;cube73_cluster0,2
2025-09-15,622554,622554,663743,TB,TOR,7,1,0,0,SI,SI,R,R,S,,97.2,97.2,-1.18,-1.18,0.86,0.86,2365.0,2365.0,214.0,214.0,6.4,6.4,-1.82,-1.82,5.47,5.47,cube5_cluster0,516,0.9257515353948637,FF,94.26601183041208,12.58960465467938,11.873748452415477,cube13_cluster0;cube14_cluster0;cube4_cluster0;cube5_cluster0,4
2025-09-15,687911,687911,694671,HOU,TEX,7,2,0,1,FF,FF,L,L,S,,91.8,91.8,0.46,-0.46,1.15,1.15,2154.0,2154.0,145.0,215.0,6.5,6.5,2.8,-2.8,5.56,5.56,cube14_cluster0,644,1.1289613250496737,FF,92.67733037261901,12.017251018938115,9.608444861229,cube13_cluster0;cube14_cluster0,2
2025-09-15,656457,656457,669236,CWS,BAL,1,1,0,0,ST,ST,L,L,B,,81.7,81.7,-0.43,0.43,0.07,0.07,2418.0,2418.0,300.0,60.0,5.5,5.5,2.7,-2.7,4.58,4.58,cube67_cluster1,4,1.8007974624203782,SL,78.78950140546428,-8.273754895294893,-2.5912499273211385,,0
2025-09-15,605218,605218,572233,HOU,TEX,8,1,0,1,CU,CU,R,R,B,,80.7,80.7,0.55,0.55,-1.13,-1.13,2362.0,2362.0,17.0,17.0,6.9,6.9,-1.73,-1.73,6.53,6.53,cube65_cluster2,4,1.0016765109271655,CU,77.46691308243727,-3.8291129032258064,-11.446518817204302,cube66_cluster0,1
2025-09-15,688497,688497,656305,AZ,SF,7,0,2,2,FS,FS,R,R,B,,85.3,85.3,-1.16,-1.16,0.61,0.61,1576.0,1576.0,210.0,210.0,6.7,6.7,0.02,0.02,6.44,6.44,cube3_cluster0,268,2.51024939224221,CH,89.73428321085365,11.536857891248982,10.613841731058852,,0
2025-09-15,680730,680730,621566,WSH,ATL,1,0,1,0,SL,SL,L,L,B,,83.1,83.1,-0.74,0.74,-0.38,-0.38,2286.0,2286.0,329.0,31.0,6.9,6.9,1.96,-1.96,6.04,6.04,cube67_cluster2,6,1.2120710312254304,CU,83.11739876493539,-8.352412707608828,-11.699528597119054,cube66_cluster0,1
2025-09-15,664747,664747,695734,WSH,ATL,9,0,2,2,SL,SL,R,R,B,,87.1,87.1,0.56,0.56,0.11,0.11,2926.0,2926.0,165.0,165.0,7.6,7.6,-2.52,-2.52,5.17,5.17,cube44_cluster0,35,2.3092780688567607,SL,87.43039514356485,-4.560198707426779,3.7204129901025347,,0
2025-09-15,607455,607455,664056,LAD,PHI,1,0,2,2,FF,FF,L,L,S,Harrison Bader strikes out swinging.,95.7,95.7,0.82,-0.82,1.22,1.22,2274.0,2274.0,136.0,224.0,6.2,6.2,2.65,-2.65,5.65,5.65,cube5_cluster0,516,1.12592766524585,FF,94.26601183041208,12.58960465467938,11.873748452415477,cube13_cluster0;cube14_cluster0;cube4_cluster0;cube5_cluster0,4
2025-09-15,621381,621381,518692,LAD,PHI,8,0,2,2,SL,SL,L,L,S,Freddie Freeman strikes out swinging.,83.3,83.3,-0.55,0.55,0.2,0.2,2720.0,2720.0,249.0,111.0,6.2,6.2,3.57,-3.57,5.45,5.45,cube59_cluster0,6,1.3207603907584258,SL,85.10288607720291,-4.974455470207517,-0.26360602944668465,,0
2025-09-15,687330,687330,665926,TB,TOR,11,1,2,1,SI,SI,R,R,X,Andrés Giménez lines out sharply to left fielder Chandler Simpson.,92.2,92.2,-1.49,-1.49,-0.2,-0.2,2159.0,2159.0,254.0,254.0,7.2,7.2,-1.55,-1.55,3.73,3.73,cube24_cluster2,4,2.6188832293047284,CH,86.59885858822028,14.483213701192424,-0.8909986290305438,,0
2025-09-15,666711,666711,672515,AZ,SF,6,0,3,1,FF,FF,R,R,B,Gabriel Moreno walks.,98.7,98.7,-0.49,-0.49,1.21,1.21,2387.0,2387.0,204.0,204.0,5.4,5.4,-0.93,-0.93,6.0,6.0,cube22_cluster0,44,2.1218453233940933,FC,88.82845332305666,-1.3474977477043035,9.056608779489569,,0
2025-09-15,502085,502085,669743,LAD,PHI,10,1,0,0,KC,KC,R,R,B,,85.6,85.6,0.37,0.37,-0.66,-0.66,2694.0,2694.0,46.0,46.0,6.5,6.5,-2.74,-2.74,5.83,5.83,cube74_cluster0,95,1.3969682098042653,ST,81.58280060620267,-13.628576142052651,-5.303629922931518,cube66_cluster0;cube67_cluster0,2
2025-09-15,669920,669920,669701,HOU,TEX,1,0,1,2,FF,FF,R,R,B,,91.0,91.0,-1.27,-1.27,1.05,1.05,2259.0,2259.0,243.0,243.0,6.2,6.2,-1.77,-1.77,5.88,5.88,cube4_cluster0,983,0.9144562799787582,FF,92.73799323851703,11.87678282989603,11.880818729937886,cube13_cluster0;cube4_cluster0,2
2025-09-15,664126,664126,665489,TB,TOR,9,1,0,2,FC,FC,R,R,B,,89.6,89.6,0.84,0.84,0.07,0.07,2531.0,2531.0,83.0,83.0,6.0,6.0,0.3,0.3,7.13,7.13,cube42_cluster1,3,2.7224395454752117,FC,87.63142706302794,-5.957348927875244,5.6153508771929825,,0
2025-09-15,656546,656546,666139,TB,TOR,9,1,0,1,FS,FS,R,R,B,,88.4,88.4,-1.38,-1.38,0.36,0.36,1630.0,1630.0,248.0,248.0,6.6,6.6,-2.39,-2.39,5.65,5.65,cube23_cluster1,15,1.4768364010370028,CH,87.14244152758266,13.779793742871872,-2.1495322200021145,cube13_cluster0;cube4_cluster0,2
2025-09-15,641302,641302,694212,CWS,BAL,6,2,2,2,ST,ST,L,L,S,,80.8,80.8,-1.64,1.64,0.19,0.19,2636.0,2636.0,288.0,72.0,6.3,6.3,2.16,-2.16,5.3,5.3,cube67_cluster0,152,1.1147542371097752,ST,83.21108910576972,-12.188986866329156,0.17080679660382098,cube66_cluster0;cube67_cluster0;cube73_cluster0;cube74_cluster0,4
2025-09-15,702056,702056,650490,TB,TOR,1,0,0,1,SL,SL,R,R,S,,87.6,87.6,-0.1,-0.1,0.45,0.45,2275.0,2275.0,205.0,205.0,5.9,5.9,-0.51,-0.51,7.23,7.23,cube42_cluster1,3,2.1476521900073813,FC,87.63142706302794,-5.957348927875244,5.6153508771929825,,0
2025-09-15,647336,647336,457705,PIT,CHC,7,0,3,1,FF,FF,R,R,S,,95.1,95.1,-0.6,-0.6,1.33,1.33,2618.0,2618.0,232.0,232.0,6.6,6.6,-2.69,-2.69,5.58,5.58,cube5_cluster0,516,1.3972850081508728,FF,94.26601183041208,12.58960465467938,11.873748452415477,cube14_cluster0,1
2025-09-15,657424,657424,672695,AZ,SF,5,2,0,0,SL,SL,L,L,B,,86.9,86.9,-0.44,0.44,0.23,0.23,2452.0,2452.0,226.0,134.0,6.3,6.3,2.47,-2.47,6.07,6.07,cube50_cluster1,3,1.1368918091122713,SL,84.76644083107497,-3.5251273712737126,1.6661102077687442,cube43_cluster0;cube51_cluster0,2
2025-09-15,687863,687863,693304,PIT,CHC,9,1,2,1,FF,FF,R,R,X,Nick Gonzales singles on a sharp ground ball to center fielder Pete Crow-Armstrong.,95.9,95.9,-0.06,-0.06,1.18,1.18,2404.0,2404.0,205.0,205.0,7.3,7.3,-2.22,-2.22,5.74,5.74,cube15_cluster1,11,1.378312293670629,FF,95.07044777791452,10.01799709211646,12.914228470751997,cube14_cluster0,1
2025-09-15,678024,678024,683002,CWS,BAL,7,0,1,2,CU,CU,R,R,B,,82.3,82.3,0.61,0.61,-0.97,-0.97,1962.0,1962.0,33.0,33.0,6.0,6.0,-1.31,-1.31,6.16,6.16,cube65_cluster0,52,1.3895887179194584,CU,80.5172691598637,-7.955497641633661,-5.720742174043808,,0
2025-09-15,689147,689147,660271,LAD,PHI,7,1,0,1,ST,ST,R,R,B,,88.2,88.2,0.75,0.75,0.15,0.15,3005.0,3005.0,55.0,55.0,6.1,6.1,-1.69,-1.69,5.45,5.45,cube66_cluster0,381,1.6535418880878643,ST,82.47698152646831,-10.124080234445362,-2.88332382968971,cube66_cluster0;cube67_cluster0,2
2025-09-15,656222,656222,642715,AZ,SF,9,0,2,2,FF,FF,L,L,S,Willy Adames strikes out swinging.,93.9,93.9,0.79,-0.79,1.21,1.21,2076.0,2076.0,149.0,211.0,6.6,6.6,1.35,-1.35,5.81,5.81,cube4_cluster0,983,0.8809171544291499,FF,92.73799323851703,11.87678282989603,11.880818729937886,cube4_cluster0,1
2025-09-15,607074,607074,668885,MIN,NYY,1,1,1,2,FF,FF,L,L,B,,92.4,92.4,0.95,-0.95,1.26,1.26,2234.0,2234.0,139.0,221.0,6.1,6.1,1.99,-1.99,6.46,6.46,cube4_cluster0,983,1.420904309966099,FF,92.73799323851703,11.87678282989603,11.880818729937886,cube12_cluster0;cube13_cluster0;cube3_cluster0;cube4_cluster0,4
2025-09-15,681517,681517,680574,STL,CIN,8,2,1,2,CU,CU,R,R,B,,84.7,84.7,0.86,0.86,-1.18,-1.18,2468.0,2468.0,36.0,36.0,7.1,7.1,-1.86,-1.86,5.9,5.9,cube67_cluster2,6,0.7651349724117554,CU,83.11739876493539,-8.352412707608828,-11.699528597119054,cube73_cluster0;cube74_cluster0,2
2025-09-15,676742,676742,663538,PIT,CHC,5,0,2,2,SL,SL,R,R,S,,88.7,88.7,0.44,0.44,0.12,0.12,2620.0,2620.0,130.0,130.0,6.1,6.1,-3.17,-3.17,6.08,6.08,cube59_cluster0,6,1.791152692369898,SL,85.10288607720291,-4.974455470207517,-0.26360602944668465,cube51_cluster0,1
2025-09-15,643377,643377,662139,TB,TOR,10,1,0,1,CH,CH,R,R,B,,92.8,92.8,-1.23,-1.23,0.29,0.29,1844.0,1844.0,226.0,226.0,6.4,6.4,-0.45,-0.45,5.66,5.66,cube12_cluster0,316,1.9409784819051428,CH,89.01009096911115,10.260232782391817,9.292479855944606,cube13_cluster0;cube4_cluster0,2
2025-09-15,669704,669704,695657,CWS,BAL,6,0,1,2,CU,CU,R,R,S,,83.3,83.3,1.1,1.1,-1.07,-1.07,2985.0,2985.0,47.0,47.0,6.1,6.1,-1.22,-1.22,5.87,5.87,cube78_cluster0,39,0.9634637638173201,CU,78.25681411814729,-11.338603080771456,-13.991335793358099,cube73_cluster0;cube78_cluster0,2
2025-09-15,657612,657612,663616,MIN,NYY,8,1,0,2,SI,SI,L,L,S,Trevor Larnach called out on strikes.,88.8,88.8,1.39,-1.39,-0.78,-0.78,2072.0,2072.0,75.0,285.0,6.5,6.5,3.85,-3.85,2.83,2.83,cube24_cluster2,4,4.3959512627888815,CH,86.59885858822028,14.483213701192424,-0.8909986290305438,,0
2025-09-15,641941,641941,680977,STL,CIN,9,2,0,0,FF,FF,R,R,X,Brendan Donovan singles on a soft bunt ground ball to third baseman Santiago Espinal.,94.7,94.7,-0.56,-0.56,1.61,1.61,2547.0,2547.0,204.0,204.0,6.6,6.6,-1.86,-1.86,5.51,5.51,cube5_cluster0,516,1.5039458137804225,FF,94.26601183041208,12.58960465467938,11.873748452415477,cube13_cluster0;cube14_cluster0;cube4_cluster0;cube5_cluster0,4
2025-09-15,595014,595014,592663,LAD,PHI,10,1,0,0,SI,SI,R,R,B,,96.4,96.4,-1.35,-1.35,0.53,0.53,2362.0,2362.0,229.0,229.0,5.9,5.9,-2.57,-2.57,6.24,6.24,cube13_cluster0,1173,1.9075402174632363,FF,91.32597348809763,10.933560927718538,9.887490835989844,cube13_cluster0;cube4_cluster0,2
2025-09-15,661395,661395,571970,LAD,PHI,9,0,1,2,KC,KC,R,R,S,Max Muncy strikes out swinging.,89.9,89.9,0.47,0.47,-0.9,-0.9,2939.0,2939.0,37.0,37.0,6.0,6.0,-2.25,-2.25,5.84,5.84,cube73_cluster0,327,1.6878236560208877,CU,80.47699441108988,-11.55224395022119,-8.074074661318553,cube66_cluster0;cube73_cluster0,2
2025-09-15,693312,693312,664023,PIT,CHC,7,1,0,1,CU,CU,R,R,S,,85.6,85.6,0.42,0.42,-0.88,-0.88,2731.0,2731.0,40.0,40.0,7.1,7.1,-1.15,-1.15,5.97,5.97,cube67_cluster2,6,1.3883213954155946,CU,83.11739876493539,-8.352412707608828,-11.699528597119054,cube73_cluster0;cube74_cluster0,2
2025-09-15,592791,592791,687462,PIT,CHC,1,1,1,0,CU,CU,R,R,S,,79.2,79.2,0.88,0.88,-0.88,-0.88,2561.0,2561.0,36.0,36.0,6.5,6.5,-1.19,-1.19,6.36,6.36,cube72_cluster0,77,1.0428519854959875,CU,78.89146033796635,-9.531561177600954,-10.534460563196083,cube72_cluster0;cube73_cluster0,2
2025-09-15,676775,676775,677942,AZ,SF,7,1,0,0,FS,FS,R,R,S,,88.0,88.0,-0.92,-0.92,0.04,0.04,1446.0,1446.0,246.0,246.0,6.3,6.3,-1.48,-1.48,6.01,6.01,cube12_cluster0,316,1.6402033799801639,CH,89.01009096911115,10.260232782391817,9.292479855944606,cube12_cluster0;cube13_cluster0,2
2025-09-15,650556,650556,673962,HOU,TEX,9,0,1,1,SL,SL,R,R,X,"Josh Jung grounds into a double play, second baseman Mauricio Dubón to first baseman Christian Walker. Michael Helman out at 2nd. Josh Jung out at 1st.",86.1,86.1,0.63,0.63,-0.92,-0.92,3046.0,3046.0,45.0,45.0,6.3,6.3,-2.48,-2.48,5.96,5.96,cube73_cluster0,327,1.5794111119001653,CU,80.47699441108988,-11.55224395022119,-8.074074661318553,cube73_cluster0,1
2025-09-15,663455,663455,805373,WSH,ATL,8,1,0,1,CH,CH,L,L,B,,84.1,84.1,1.59,-1.59,0.17,0.17,1768.0,1768.0,111.0,249.0,6.4,6.4,2.66,-2.66,5.78,5.78,cube23_cluster1,15,1.510761150689024,CH,87.14244152758266,13.779793742871872,-2.1495322200021145,cube13_cluster0,1
2025-09-15,688297,688297,663886,STL,CIN,7,0,2,2,SI,SI,R,R,X,Tyler Stephenson singles on a sharp ground ball to center fielder Victor Scott II.,96.6,96.6,-1.42,-1.42,0.56,0.56,2015.0,2015.0,259.0,259.0,6.8,6.8,-1.7,-1.7,4.84,4.84,cube6_cluster1,15,1.7903209347673767,FF,93.47534420977159,14.387599769999566,11.216693762121963,cube14_cluster0,1
2025-09-15,687377,687377,660670,WSH,ATL,9,1,0,0,SL,SL,R,R,B,,86.8,86.8,0.27,0.27,0.02,0.02,2224.0,2224.0,156.0,156.0,6.4,6.4,-2.11,-2.11,6.45,6.45,cube50_cluster1,3,1.1058084910613084,SL,84.76644083107497,-3.5251273712737126,1.6661102077687442,cube32_cluster0;cube33_cluster0;cube43_cluster0,3
2025-09-15,681676,681676,701398,STL,CIN,8,1,0,0,FF,FF,R,R,B,,95.6,95.6,-0.47,-0.47,1.53,1.53,2345.0,2345.0,199.0,199.0,6.3,6.3,-1.31,-1.31,5.98,5.98,cube4_cluster0,983,1.5360567961806328,FF,92.73799323851703,11.87678282989603,11.880818729937886,cube13_cluster0;cube4_cluster0,2
2025-09-15,641329,641329,665926,TB,TOR,8,1,0,1,FF,FF,R,R,B,,97.4,97.4,-0.39,-0.39,1.47,1.47,2345.0,2345.0,204.0,204.0,6.2,6.2,-0.44,-0.44,6.68,6.68,cube22_cluster0,44,2.286554424735686,FC,88.82845332305666,-1.3474977477043035,9.056608779489569,cube12_cluster0;cube3_cluster0,2
2025-09-15,664076,664076,680718,TB,TOR,7,0,2,2,ST,ST,L,L,S,Addison Barger strikes out swinging.,81.7,81.7,-1.56,1.56,0.07,0.07,2675.0,2675.0,299.0,61.0,6.0,6.0,1.45,-1.45,5.06,5.06,cube65_cluster1,5,1.499917919343974,ST,79.83113104371454,-13.87824519299928,1.6911752817070245,cube73_cluster0,1
2025-09-15,666808,666808,807712,MIN,NYY,7,1,2,2,SL,SL,R,R,B,,88.7,88.7,0.54,0.54,-0.32,-0.32,2684.0,2684.0,70.0,70.0,6.7,6.7,-1.44,-1.44,5.37,5.37,cube59_cluster1,54,1.3405117638344424,SL,85.28451345513116,-6.463379179070062,0.3652873224190217,cube59_cluster1;cube67_cluster0,2
2025-09-15,701519,701519,700250,MIN,NYY,8,0,3,1,FF,FF,R,R,S,,95.5,95.5,-0.43,-0.43,1.4,1.4,2472.0,2472.0,209.0,209.0,6.6,6.6,-1.07,-1.07,5.93,5.93,cube4_cluster0,983,1.7146856728029842,FF,92.73799323851703,11.87678282989603,11.880818729937886,cube13_cluster0;cube4_cluster0,2
2025-09-15,663574,663574,671056,STL,CIN,7,2,1,2,FF,FF,R,R,S,,95.8,95.8,-1.11,-1.11,1.16,1.16,2462.0,2462.0,236.0,236.0,6.1,6.1,-2.5,-2.5,5.2,5.2,cube14_cluster0,644,1.4068691604335726,FF,92.67733037261901,12.017251018938115,9.608444861229,cube14_cluster0;cube5_cluster0,2
2025-09-15,671212,671212,664770,TB,TOR,1,1,0,0,FF,FF,R,R,X,Nathan Lukes singles on a line drive to right fielder Josh Lowe.,97.8,97.8,-0.44,-0.44,0.85,0.85,2632.0,2632.0,225.0,225.0,6.6,6.6,-1.11,-1.11,5.71,5.71,cube4_cluster0,983,1.8807327737933053,FF,92.73799323851703,11.87678282989603,11.880818729937886,cube13_cluster0;cube14_cluster0,2
2025-09-15,667463,667463,609280,STL,CIN,7,2,0,0,CH,CH,L,L,S,,83.4,83.4,1.15,-1.15,0.24,0.24,1580.0,1580.0,117.0,243.0,5.8,5.8,2.11,-2.11,5.57,5.57,cube23_cluster1,15,1.2662179214960192,CH,87.14244152758266,13.779793742871872,-2.1495322200021145,cube12_cluster0;cube13_cluster0,2
2025-09-15,681892,681892,502671,MIN,NYY,7,1,0,1,FC,FC,L,L,S,,92.1,92.1,-0.22,0.22,0.76,0.76,2327.0,2327.0,153.0,207.0,6.9,6.9,2.12,-2.12,5.84,5.84,cube24_cluster0,111,1.0381809745105375,FC,90.39472309229976,-0.35116486760382487,8.906212304019572,cube23_cluster0;cube24_cluster0,2
2025-09-15,683175,683175,663457,STL,CIN,8,0,2,2,ST,ST,R,R,S,Lars Nootbaar strikes out swinging.,86.1,86.1,1.27,1.27,-0.03,-0.03,2466.0,2466.0,49.0,49.0,6.1,6.1,-1.81,-1.81,5.64,5.64,cube66_cluster0,381,0.9405645266485657,ST,82.47698152646831,-10.124080234445362,-2.88332382968971,cube66_cluster0,1
2025-09-15,669276,669276,695578,WSH,ATL,8,0,1,2,FF,FF,L,L,X,"James Wood grounds into a double play, second baseman Ozzie Albies to shortstop Ha-Seong Kim to first baseman Matt Olson. Robert Hassell III scores. CJ Abrams out at 2nd. James Wood out at 1st.",94.0,94.0,0.65,-0.65,1.65,1.65,2444.0,2444.0,155.0,205.0,6.3,6.3,1.54,-1.54,6.62,6.62,cube22_cluster0,44,2.0326989781889675,FC,88.82845332305666,-1.3474977477043035,9.056608779489569,cube12_cluster0;cube13_cluster0;cube3_cluster0;cube4_cluster0,4
2025-09-15,657097,657097,621043,HOU,TEX,7,2,1,0,FF,FF,R,R,X,Carlos Correa flies out to center fielder Michael Helman.,94.0,94.0,-0.88,-0.88,1.42,1.42,2557.0,2557.0,221.0,221.0,6.3,6.3,-2.62,-2.62,5.66,5.66,cube5_cluster0,516,1.3463825367612823,FF,94.26601183041208,12.58960465467938,11.873748452415477,cube13_cluster0;cube14_cluster0;cube4_cluster0;cube5_cluster0,4
2025-09-15,668933,668933,663457,STL,CIN,6,2,2,2,FC,FC,R,R,X,"Lars Nootbaar grounds out, shortstop Elly De La Cruz to first baseman Sal Stewart.",96.1,96.1,0.22,0.22,0.82,0.82,2609.0,2609.0,199.0,199.0,5.5,5.5,-0.37,-0.37,6.5,6.5,cube22_cluster0,44,2.24293707669081,FC,88.82845332305666,-1.3474977477043035,9.056608779489569,,0
2025-09-15,663893,663893,691406,TB,TOR,6,1,0,0,KC,KC,L,L,B,,86.7,86.7,-0.43,0.43,-0.84,-0.84,1977.0,1977.0,342.0,18.0,5.8,5.8,1.67,-1.67,6.28,6.28,cube58_cluster2,5,1.759359240706643,SL,85.46595452823905,-0.04526262806992336,-2.641776233356624,,0
2025-09-15,686218,686218,592663,LAD,PHI,1,1,1,2,FF,FF,R,R,B,,94.0,94.0,-0.56,-0.56,1.55,1.55,2195.0,2195.0,206.0,206.0,6.5,6.5,-0.93,-0.93,5.56,5.56,cube4_cluster0,983,1.7376422252925143,FF,92.73799323851703,11.87678282989603,11.880818729937886,cube13_cluster0;cube4_cluster0,2
2025-09-15,681911,681911,592663,LAD,PHI,8,0,0,0,FF,FF,L,L,S,,91.9,91.9,0.33,-0.33,1.7,1.7,2487.0,2487.0,163.0,197.0,6.3,6.3,0.29,-0.29,5.93,5.93,cube22_cluster0,44,2.2443876430520113,FC,88.82845332305666,-1.3474977477043035,9.056608779489569,cube12_cluster0;cube13_cluster0,2
2025-09-15,669461,669461,682622,STL,CIN,1,1,1,1,CU,CU,L,L,S,,79.4,79.4,-1.07,1.07,-1.58,-1.58,3068.0,3068.0,333.0,27.0,6.3,6.3,0.62,-0.62,6.63,6.63,cube77_cluster0,15,1.5819756285696382,CU,78.06982973839553,-10.373560444574672,-15.067035103894916,,0
2025-09-15,608650,608650,572191,CWS,BAL,7,2,0,0,FF,FF,L,L,B,,95.3,95.3,0.5,-0.5,1.24,1.24,2186.0,2186.0,149.0,211.0,6.1,6.1,1.85,-1.85,6.32,6.32,cube4_cluster0,983,1.3450443450830902,FF,92.73799323851703,11.87678282989603,11.880818729937886,cube12_cluster0;cube13_cluster0;cube3_cluster0;cube4_cluster0,4
2025-09-15,680694,680694,643565,CWS,BAL,1,0,2,2,SL,SL,R,R,S,,87.0,87.0,1.07,1.07,-0.02,-0.02,2595.0,2595.0,32.0,32.0,6.4,6.4,-1.36,-1.36,6.41,6.41,cube65_cluster0,52,1.4458665924878167,CU,80.5172691598637,-7.955497641633661,-5.720742174043808,,0
2025-09-15,683004,683004,670541,HOU,TEX,1,0,0,0,CU,CU,R,R,B,,78.7,78.7,0.5,0.5,-0.45,-0.45,2476.0,2476.0,49.0,49.0,6.2,6.2,-1.38,-1.38,5.94,5.94,cube65_cluster0,52,0.47444226104897924,CU,80.5172691598637,-7.955497641633661,-5.720742174043808,cube65_cluster0;cube66_cluster0,2
2025-09-15,664192,664192,543510,AZ,SF,6,1,0,1,CU,CU,L,L,X,James McCann homers (5) on a fly ball to left center field. Jordan Lawlar scores.,77.3,77.3,-0.44,0.44,-0.53,-0.53,2277.0,2277.0,345.0,15.0,5.9,5.9,2.12,-2.12,6.6,6.6,cube65_cluster2,4,1.2826932346143327,CU,77.46691308243727,-3.8291129032258064,-11.446518817204302,,0
2025-09-15,701487,701487,519317,MIN,NYY,9,0,2,2,FF,FF,R,R,B,,94.0,94.0,-0.63,-0.63,1.59,1.59,2367.0,2367.0,213.0,213.0,6.2,6.2,-0.98,-0.98,5.89,5.89,cube4_cluster0,983,1.7027953632778012,FF,92.73799323851703,11.87678282989603,11.880818729937886,cube13_cluster0;cube4_cluster0,2
2025-09-15,668678,668678,642715,AZ,SF,1,1,1,0,KC,KC,R,R,S,,81.2,81.2,0.43,0.43,-0.93,-0.93,2377.0,2377.0,32.0,32.0,6.2,6.2,-3.14,-3.14,5.99,5.99,cube67_cluster3,1,1.8507224291111433,SL,78.67358490566038,-15.561509433962266,-4.000754716981133,cube73_cluster0,1
2025-09-15,686973,686973,700246,TB,TOR,8,0,3,1,FF,FF,R,R,S,,98.4,98.4,-0.53,-0.53,1.37,1.37,2292.0,2292.0,218.0,218.0,6.9,6.9,-3.0,-3.0,5.35,5.35,cube6_cluster3,4,0.6484627915634619,FF,96.83250199133,9.898196859286852,14.591325902230212,cube14_cluster0;cube15_cluster1;cube5_cluster0;cube6_cluster3,4
2025-09-15,641793,641793,680977,STL,CIN,1,0,2,2,SI,SI,R,R,S,,92.0,92.0,-1.29,-1.29,1.1,1.1,2182.0,2182.0,212.0,212.0,6.2,6.2,-0.99,-0.99,6.02,6.02,cube3_cluster0,268,1.2109451355198981,CH,89.73428321085365,11.536857891248982,10.613841731058852,cube3_cluster0;cube4_cluster0,2
2025-09-15,677952,677952,683737,PIT,CHC,1,0,2,2,CU,CU,R,R,S,Michael Busch strikes out swinging.,85.3,85.3,0.87,0.87,-1.31,-1.31,2879.0,2879.0,40.0,40.0,6.2,6.2,-0.82,-0.82,6.34,6.34,cube77_cluster0,15,1.1793589557129722,CU,78.06982973839553,-10.373560444574672,-15.067035103894916,cube72_cluster0;cube73_cluster0;cube77_cluster0,3
2025-09-15,680573,680573,663757,MIN,NYY,1,0,2,2,SL,SL,R,R,S,Trent Grisham strikes out swinging.,85.4,85.4,0.51,0.51,0.46,0.46,2332.0,2332.0,154.0,154.0,6.4,6.4,-1.52,-1.52,6.42,6.42,cube42_cluster0,32,0.8151889954890691,SL,85.72870188950071,-3.7562483156713657,3.37869518789043,cube32_cluster0;cube33_cluster0;cube42_cluster0;cube43_cluster0,4
2025-09-15,700669,700669,669289,STL,CIN,9,1,0,0,SI,SI,R,R,B,,94.2,94.2,-1.22,-1.22,0.89,0.89,1931.0,1931.0,212.0,212.0,6.3,6.3,-1.56,-1.56,6.16,6.16,cube3_cluster0,268,0.7283586706758794,CH,89.73428321085365,11.536857891248982,10.613841731058852,cube3_cluster0;cube4_cluster0,2
2025-09-15,701487,701487,519317,MIN,NYY,9,0,2,1,CH,CH,R,R,S,,80.6,80.6,-0.89,-0.89,0.67,0.67,2265.0,2265.0,254.0,254.0,6.5,6.5,-0.83,-0.83,6.0,6.0,cube12_cluster0,316,1.9207092166381547,CH,89.01009096911115,10.260232782391817,9.292479855944606,,0
2025-09-15,656222,656222,642715,AZ,SF,9,0,2,1,FF,FF,L,L,S,,91.9,91.9,0.7,-0.7,1.21,1.21,2027.0,2027.0,154.0,206.0,6.4,6.4,1.2,-1.2,5.88,5.88,cube4_cluster0,983,1.0681064845559058,FF,92.73799323851703,11.87678282989603,11.880818729937886,cube13_cluster0;cube4_cluster0,2
2025-09-15,664294,664294,807713,PIT,CHC,8,2,2,1,SL,SL,R,R,X,"Cubs challenged (play at 1st), call on the field was upheld: Matt Shaw grounds out, shortstop Nick Gonzales to first baseman Spencer Horwitz.",83.9,83.9,-0.05,-0.05,0.01,0.01,2065.0,2065.0,284.0,284.0,6.2,6.2,-0.94,-0.94,5.96,5.96,cube12_cluster0,316,2.4451835396953805,CH,89.01009096911115,10.260232782391817,9.292479855944606,,0
2025-09-15,668933,668933,663457,STL,CIN,6,2,2,1,SL,SL,R,R,S,,88.5,88.5,0.86,0.86,0.02,0.02,2866.0,2866.0,34.0,34.0,5.6,5.6,-0.71,-0.71,6.31,6.31,cube57_cluster1,5,2.037648929182304,SL,84.4555766444267,-4.522769280798219,-0.11781077608958196,,0
2025-09-15,680732,680732,641933,CWS,BAL,2,0,1,2,KC,KC,R,R,B,,82.9,82.9,0.45,0.45,-1.0,-1.0,2584.0,2584.0,20.0,20.0,7.0,7.0,-2.25,-2.25,6.3,6.3,cube67_cluster2,6,1.5207279617531628,CU,83.11739876493539,-8.352412707608828,-11.699528597119054,cube66_cluster0;cube73_cluster0;cube74_cluster0,3
2025-09-15,668678,668678,642715,AZ,SF,1,1,0,0,KC,KC,R,R,B,,80.9,80.9,0.53,0.53,-0.85,-0.85,2458.0,2458.0,39.0,39.0,6.1,6.1,-3.17,-3.17,5.97,5.97,cube67_cluster3,1,1.734414005087141,SL,78.67358490566038,-15.561509433962266,-4.000754716981133,cube73_cluster0,1
2025-09-15,686973,686973,700246,TB,TOR,8,0,3,0,FF,FF,R,R,S,,97.5,97.5,-0.89,-0.89,1.27,1.27,2293.0,2293.0,220.0,220.0,6.6,6.6,-3.01,-3.01,5.42,5.42,cube6_cluster3,4,0.9752321498931503,FF,96.83250199133,9.898196859286852,14.591325902230212,cube5_cluster0,1
2025-09-15,663574,663574,671056,STL,CIN,7,2,1,1,SV,SV,R,R,S,,85.6,85.6,0.99,0.99,-0.51,-0.51,2475.0,2475.0,38.0,38.0,5.9,5.9,-2.56,-2.56,5.29,5.29,cube74_cluster0,95,1.524575461372446,ST,81.58280060620267,-13.628576142052651,-5.303629922931518,cube66_cluster0;cube67_cluster0;cube73_cluster0;cube74_cluster0,4
2025-09-15,677952,677952,683737,PIT,CHC,1,0,1,2,FF,FF,R,R,B,,99.2,99.2,-0.63,-0.63,1.35,1.35,2527.0,2527.0,219.0,219.0,6.6,6.6,-0.76,-0.76,6.11,6.11,cube4_cluster0,983,2.1182693615399053,FF,92.73799323851703,11.87678282989603,11.880818729937886,cube13_cluster0;cube4_cluster0,2
2025-09-15,669276,669276,695578,WSH,ATL,8,0,1,2,SL,SL,L,L,S,,85.2,85.2,0.3,-0.3,0.67,0.67,2069.0,2069.0,171.0,189.0,6.3,6.3,1.75,-1.75,6.62,6.62,cube22_cluster0,44,1.4149184047593566,FC,88.82845332305666,-1.3474977477043035,9.056608779489569,cube22_cluster0,1
2025-09-15,641793,641793,680977,STL,CIN,1,0,1,2,FF,FF,R,R,B,,91.9,91.9,-0.56,-0.56,1.36,1.36,2089.0,2089.0,210.0,210.0,6.0,6.0,-0.85,-0.85,6.17,6.17,cube3_cluster0,268,1.4374184049584295,CH,89.73428321085365,11.536857891248982,10.613841731058852,cube12_cluster0;cube3_cluster0,2
2025-09-15,675911,675911,695578,WSH,ATL,1,1,0,2,FF,FF,R,R,S,James Wood called out on strikes.,96.2,96.2,-0.81,-0.81,1.49,1.49,2367.0,2367.0,207.0,207.0,7.1,7.1,-1.53,-1.53,5.87,5.87,cube5_cluster0,516,1.7028790941177638,FF,94.26601183041208,12.58960465467938,11.873748452415477,cube4_cluster0;cube5_cluster0,2
2025-09-15,680573,680573,663757,MIN,NYY,1,0,1,2,FS,FS,R,R,B,,85.7,85.7,-0.49,-0.49,0.82,0.82,903.0,903.0,219.0,219.0,7.0,7.0,-1.42,-1.42,6.34,6.34,cube13_cluster1,3,1.6583343129088417,FS,84.2318346010472,7.0387863377694,1.0515447129672841,cube3_cluster0,1
2025-09-15,701519,701519,700250,MIN,NYY,8,0,2,1,FF,FF,R,R,B,,94.8,94.8,-0.16,-0.16,1.39,1.39,2534.0,2534.0,212.0,212.0,6.1,6.1,-0.64,-0.64,6.25,6.25,cube22_cluster0,44,1.733964246763841,FC,88.82845332305666,-1.3474977477043035,9.056608779489569,cube12_cluster0;cube13_cluster0,2
2025-09-15,592791,592791,687462,PIT,CHC,1,1,0,0,FF,FF,R,R,B,,91.9,91.9,-0.68,-0.68,1.69,1.69,2282.0,2282.0,207.0,207.0,6.7,6.7,-1.24,-1.24,6.16,6.16,cube4_cluster0,983,1.6470778109194129,FF,92.73799323851703,11.87678282989603,11.880818729937886,cube4_cluster0,1
2025-09-15,700669,700669,682829,STL,CIN,9,1,1,2,FC,FC,R,R,X,Elly De La Cruz doubles (30) on a fly ball to left fielder Lars Nootbaar. Tyler Stephenson to 3rd.,87.3,87.3,0.05,0.05,-0.23,-0.23,2429.0,2429.0,38.0,38.0,6.0,6.0,-1.52,-1.52,6.12,6.12,cube57_cluster0,32,1.161916221014588,SL,83.65118122149555,-5.010806328553835,-0.8552029953918647,cube57_cluster0;cube58_cluster0,2
2025-09-15,667463,667463,682622,STL,CIN,7,1,0,0,CU,CU,L,L,X,Noelvi Marte lines out to right fielder Lars Nootbaar.,78.8,78.8,-0.56,0.56,-0.95,-0.95,2874.0,2874.0,323.0,37.0,5.7,5.7,1.78,-1.78,5.92,5.92,cube78_cluster0,39,1.1324030103422378,CU,78.25681411814729,-11.338603080771456,-13.991335793358099,cube72_cluster0;cube73_cluster0,2
2025-09-15,687330,687330,665926,TB,TOR,11,1,2,0,SI,SI,R,R,S,,92.2,92.2,-1.38,-1.38,-0.2,-0.2,2127.0,2127.0,249.0,249.0,7.2,7.2,-1.35,-1.35,3.83,3.83,cube24_cluster2,4,2.6076631921124283,CH,86.59885858822028,14.483213701192424,-0.8909986290305438,,0
2025-09-15,671212,671212,543807,TB,TOR,1,0,0,2,FF,FF,R,R,S,George Springer strikes out swinging.,97.9,97.9,-0.35,-0.35,1.11,1.11,2582.0,2582.0,218.0,218.0,6.4,6.4,-1.0,-1.0,5.8,5.8,cube22_cluster0,44,1.8630402739745573,FC,88.82845332305666,-1.3474977477043035,9.056608779489569,cube13_cluster0,1
2025-09-15,657424,657424,664983,AZ,SF,5,1,0,1,SI,SI,L,L,X,Jake McCarthy flies out to left fielder Heliot Ramos.,91.9,91.9,1.05,-1.05,1.14,1.14,2009.0,2009.0,145.0,215.0,6.4,6.4,2.59,-2.59,6.01,6.01,cube4_cluster0,983,1.1858669339038874,FF,92.73799323851703,11.87678282989603,11.880818729937886,cube4_cluster0,1
2025-09-15,656945,656945,681082,LAD,PHI,9,0,1,2,SL,SL,L,L,S,,90.8,90.8,-0.35,0.35,0.36,0.36,2605.0,2605.0,208.0,152.0,6.1,6.1,2.57,-2.57,5.11,5.11,cube44_cluster0,35,1.486290374087985,SL,87.43039514356485,-4.560198707426779,3.7204129901025347,cube44_cluster0,1
2025-09-15,657097,657097,621043,HOU,TEX,7,2,0,0,ST,ST,R,R,B,,82.3,82.3,1.35,1.35,-0.82,-0.82,2826.0,2826.0,30.0,30.0,6.2,6.2,-2.51,-2.51,5.72,5.72,cube78_cluster1,5,1.1142854944138993,CU,80.64152300890618,-18.302848826753866,-5.60128168299082,cube73_cluster0;cube74_cluster0;cube78_cluster0,3
2025-09-15,678024,678024,683002,CWS,BAL,7,0,1,2,SI,SI,R,R,S,,95.2,95.2,-1.29,-1.29,0.38,0.38,2118.0,2118.0,224.0,224.0,6.3,6.3,-1.52,-1.52,5.92,5.92,cube13_cluster0,1173,1.0955383583398113,FF,91.32597348809763,10.933560927718538,9.887490835989844,cube13_cluster0;cube4_cluster0,2
2025-09-15,664076,664076,680718,TB,TOR,7,0,1,2,ST,ST,L,L,B,,80.6,80.6,-1.65,1.65,-0.14,-0.14,2714.0,2714.0,294.0,66.0,5.7,5.7,1.48,-1.48,4.98,4.98,cube65_cluster1,5,1.5341925733029187,ST,79.83113104371454,-13.87824519299928,1.6911752817070245,cube73_cluster0,1
2025-09-15,656457,656457,702616,CWS,BAL,1,0,1,2,ST,ST,L,L,X,Jackson Holliday flies out to left fielder Andrew Benintendi.,80.6,80.6,-1.01,1.01,0.02,0.02,2534.0,2534.0,300.0,60.0,5.7,5.7,4.07,-4.07,4.35,4.35,cube67_cluster1,4,2.098921210230132,SL,78.78950140546428,-8.273754895294893,-2.5912499273211385,,0
2025-09-15,607455,607455,664056,LAD,PHI,1,0,1,2,SL,SL,L,L,B,,87.3,87.3,-0.71,0.71,-0.72,-0.72,2378.0,2378.0,352.0,8.0,6.4,6.4,2.58,-2.58,5.48,5.48,cube74_cluster0,95,1.7234175572173094,ST,81.58280060620267,-13.628576142052651,-5.303629922931518,,0
2025-09-15,669461,669461,682622,STL,CIN,1,1,1,0,FF,FF,L,L,S,,92.6,92.6,0.31,-0.31,1.28,1.28,2598.0,2598.0,153.0,207.0,6.5,6.5,0.63,-0.63,6.53,6.53,cube22_cluster0,44,1.945459569038051,FC,88.82845332305666,-1.3474977477043035,9.056608779489569,cube12_cluster0;cube13_cluster0,2
2025-09-15,643377,643377,662139,TB,TOR,10,1,0,0,ST,ST,R,R,S,,88.5,88.5,1.24,1.24,0.11,0.11,3075.0,3075.0,41.0,41.0,6.3,6.3,-0.63,-0.63,5.42,5.42,cube57_cluster1,5,2.333070310705811,SL,84.4555766444267,-4.522769280798219,-0.11781077608958196,,0
2025-09-15,687377,687377,621566,WSH,ATL,9,0,1,2,FF,FF,R,R,S,Matt Olson strikes out on a foul tip.,96.5,96.5,-0.76,-0.76,1.35,1.35,2663.0,2663.0,207.0,207.0,6.3,6.3,-1.84,-1.84,6.53,6.53,cube4_cluster0,983,2.047925451474867,FF,92.73799323851703,11.87678282989603,11.880818729937886,cube13_cluster0;cube4_cluster0,2
2025-09-15,681892,681892,502671,MIN,NYY,7,1,0,0,ST,ST,L,L,S,,80.7,80.7,-1.49,1.49,-0.36,-0.36,2406.0,2406.0,307.0,53.0,6.6,6.6,2.4,-2.4,5.7,5.7,cube74_cluster0,95,0.9113055169016478,ST,81.58280060620267,-13.628576142052651,-5.303629922931518,cube73_cluster0;cube74_cluster0,2
2025-09-15,666808,666808,807712,MIN,NYY,7,1,1,2,SL,SL,R,R,B,,90.7,90.7,0.59,0.59,0.06,0.06,2757.0,2757.0,62.0,62.0,6.6,6.6,-1.52,-1.52,5.33,5.33,cube59_cluster1,54,1.3331326631083025,SL,85.28451345513116,-6.463379179070062,0.3652873224190217,cube59_cluster1;cube67_cluster0,2
2025-09-15,693312,693312,664023,PIT,CHC,7,1,0,0,FF,FF,R,R,S,,98.1,98.1,-0.65,-0.65,1.23,1.23,2388.0,2388.0,212.0,212.0,7.1,7.1,-1.01,-1.01,6.07,6.07,cube4_cluster0,983,2.027586021976453,FF,92.73799323851703,11.87678282989603,11.880818729937886,cube13_cluster0;cube14_cluster0;cube4_cluster0;cube5_cluster0,4
2025-09-15,680694,680694,643565,CWS,BAL,1,0,2,1,SL,SL,R,R,S,,86.5,86.5,1.11,1.11,-0.17,-0.17,2644.0,2644.0,46.0,46.0,6.5,6.5,-1.41,-1.41,6.4,6.4,cube65_cluster0,52,1.40123912883468,CU,80.5172691598637,-7.955497641633661,-5.720742174043808,cube66_cluster0,1
2025-09-15,641329,641329,665926,TB,TOR,8,1,0,0,FF,FF,R,R,S,,97.5,97.5,-0.37,-0.37,1.39,1.39,2219.0,2219.0,204.0,204.0,6.3,6.3,-0.71,-0.71,6.65,6.65,cube22_cluster0,44,2.033153951065781,FC,88.82845332305666,-1.3474977477043035,9.056608779489569,cube12_cluster0;cube3_cluster0,2
2025-09-15,663893,663893,664040,TB,TOR,6,0,1,2,KC,KC,L,L,S,Brandon Lowe strikes out swinging.,86.5,86.5,-0.33,0.33,-0.76,-0.76,2080.0,2080.0,337.0,23.0,5.7,5.7,1.65,-1.65,6.32,6.32,cube65_cluster0,52,1.702740222226128,CU,80.5172691598637,-7.955497641633661,-5.720742174043808,,0
2025-09-15,669704,669704,695657,CWS,BAL,6,0,0,2,FF,FF,R,R,B,,95.4,95.4,0.17,0.17,1.18,1.18,2299.0,2299.0,189.0,189.0,6.1,6.1,-1.09,-1.09,6.07,6.07,cube22_cluster0,44,1.0910353437044682,FC,88.82845332305666,-1.3474977477043035,9.056608779489569,cube12_cluster0;cube13_cluster0;cube22_cluster0;cube23_cluster0,4
2025-09-15,641941,641941,687363,STL,CIN,9,1,0,0,FF,FF,R,R,X,Victor Scott II flies out to right fielder Noelvi Marte.,95.4,95.4,-0.64,-0.64,1.53,1.53,2736.0,2736.0,204.0,204.0,7.0,7.0,-1.78,-1.78,5.51,5.51,cube15_cluster1,11,1.603306284808868,FF,95.07044777791452,10.01799709211646,12.914228470751997,cube14_cluster0,1
2025-09-15,621381,621381,518692,LAD,PHI,8,0,2,1,FF,FF,L,L,S,,92.2,92.2,1.07,-1.07,1.4,1.4,2555.0,2555.0,135.0,225.0,6.3,6.3,3.46,-3.46,5.39,5.39,cube6_cluster3,4,1.9147753644428547,FF,96.83250199133,9.898196859286852,14.591325902230212,cube14_cluster0;cube5_cluster0,2
2025-09-15,689147,689147,660271,LAD,PHI,7,1,0,0,FF,FF,R,R,S,,98.0,98.0,-0.79,-0.79,1.37,1.37,2271.0,2271.0,225.0,225.0,6.4,6.4,-1.32,-1.32,5.78,5.78,cube4_cluster0,983,1.1817734023002877,FF,92.73799323851703,11.87678282989603,11.880818729937886,cube4_cluster0,1
2025-09-15,663455,663455,805373,WSH,ATL,8,1,0,0,FF,FF,L,L,S,,91.5,91.5,0.8,-0.8,1.3,1.3,2286.0,2286.0,137.0,223.0,6.4,6.4,2.69,-2.69,5.89,5.89,cube5_cluster0,516,1.198212908175519,FF,94.26601183041208,12.58960465467938,11.873748452415477,cube13_cluster0;cube14_cluster0;cube4_cluster0;cube5_cluster0,4
2025-09-15,664126,664126,665489,TB,TOR,9,1,0,1,FC,FC,R,R,S,,90.4,90.4,0.7,0.7,0.18,0.18,2560.0,2560.0,100.0,100.0,6.4,6.4,0.12,0.12,7.04,7.04,cube42_cluster1,3,2.1397368977219235,FC,87.63142706302794,-5.957348927875244,5.6153508771929825,,0
2025-09-15,661395,661395,571970,LAD,PHI,9,0,1,2,FF,FF,R,R,S,,101.1,101.1,-0.99,-0.99,0.95,0.95,1993.0,1993.0,231.0,231.0,5.9,5.9,-2.19,-2.19,5.94,5.94,cube4_cluster0,983,1.521704653626167,FF,92.73799323851703,11.87678282989603,11.880818729937886,cube4_cluster0,1
2025-09-15,502085,502085,666163,LAD,PHI,10,0,1,2,KC,KC,R,R,X,"Ben Rortvedt grounds out, shortstop Bryson Stott to first baseman Bryce Harper. Mookie Betts to 3rd.",85.1,85.1,0.47,0.47,-0.92,-0.92,2793.0,2793.0,36.0,36.0,6.3,6.3,-2.65,-2.65,5.89,5.89,cube73_cluster0,327,1.5000441913627185,CU,80.47699441108988,-11.55224395022119,-8.074074661318553,cube66_cluster0;cube73_cluster0;cube74_cluster0,3
2025-09-15,607074,607074,668885,MIN,NYY,1,1,0,2,CH,CH,L,L,B,,84.7,84.7,1.32,-1.32,0.14,0.14,1675.0,1675.0,129.0,231.0,6.5,6.5,2.21,-2.21,6.28,6.28,cube12_cluster0,316,1.8039364368266428,CH,89.01009096911115,10.260232782391817,9.292479855944606,cube12_cluster0;cube13_cluster0,2
2025-09-15,641302,641302,694212,CWS,BAL,6,2,2,1,SI,SI,L,L,S,,91.8,91.8,1.34,-1.34,0.6,0.6,2191.0,2191.0,132.0,228.0,6.2,6.2,2.22,-2.22,5.37,5.37,cube14_cluster0,644,0.9050453493768196,FF,92.67733037261901,12.017251018938115,9.608444861229,cube13_cluster0;cube14_cluster0;cube4_cluster0;cube5_cluster0,4
2025-09-15,687863,687863,693304,PIT,CHC,9,1,1,1,SL,SL,R,R,B,,87.6,87.6,0.88,0.88,0.5,0.5,2559.0,2559.0,64.0,64.0,7.3,7.3,-2.6,-2.6,5.63,5.63,cube59_cluster3,4,1.7365770737505082,SL,85.12251530257362,-5.961374472524924,0.02102759100394158,,0
2025-09-15,647336,647336,457705,PIT,CHC,7,0,2,1,FF,FF,R,R,B,,95.2,95.2,-0.47,-0.47,1.09,1.09,2656.0,2656.0,232.0,232.0,6.5,6.5,-2.73,-2.73,5.55,5.55,cube14_cluster0,644,1.4854478531615956,FF,92.67733037261901,12.017251018938115,9.608444861229,cube14_cluster0,1
2025-09-15,641745,641745,669707,PIT,CHC,9,2,1,2,SI,SI,R,R,S,Jared Triolo strikes out swinging.,98.2,98.2,-1.34,-1.34,0.72,0.72,2225.0,2225.0,207.0,207.0,6.2,6.2,-1.44,-1.44,6.28,6.28,cube4_cluster0,983,1.4279323806273772,FF,92.73799323851703,11.87678282989603,11.880818729937886,cube4_cluster0,1
2025-09-15,656546,656546,666139,TB,TOR,9,1,0,0,FF,FF,R,R,S,,95.2,95.2,-1.03,-1.03,1.43,1.43,2522.0,2522.0,223.0,223.0,6.3,6.3,-2.17,-2.17,5.85,5.85,cube5_cluster0,516,1.25802205098243,FF,94.26601183041208,12.58960465467938,11.873748452415477,cube4_cluster0;cube5_cluster0,2
2025-09-15,680730,680730,621566,WSH,ATL,1,0,0,0,FF,FF,L,L,B,,92.8,92.8,0.27,-0.27,1.62,1.62,2092.0,2092.0,166.0,194.0,6.6,6.6,1.33,-1.33,6.57,6.57,cube22_cluster0,44,1.9185783805005217,FC,88.82845332305666,-1.3474977477043035,9.056608779489569,cube12_cluster0;cube13_cluster0;cube3_cluster0;cube4_cluster0,4
2025-09-15,676742,676742,663538,PIT,CHC,5,0,2,1,FF,FF,R,R,S,,96.8,96.8,-0.51,-0.51,1.4,1.4,2489.0,2489.0,218.0,218.0,6.3,6.3,-3.19,-3.19,6.02,6.02,cube6_cluster3,4,2.0415695403169223,FF,96.83250199133,9.898196859286852,14.591325902230212,cube13_cluster0;cube14_cluster0;cube4_cluster0;cube5_cluster0,4
2025-09-15,669920,669920,669701,HOU,TEX,1,0,1,2,CH,CH,R,R,S,,81.5,81.5,-1.71,-1.71,0.47,0.47,1995.0,1995.0,259.0,259.0,6.3,6.3,-1.71,-1.71,5.74,5.74,cube23_cluster1,15,1.7818395499716462,CH,87.14244152758266,13.779793742871872,-2.1495322200021145,cube12_cluster0;cube13_cluster0,2
2025-09-15,688497,688497,656305,AZ,SF,7,0,1,2,FS,FS,R,R,B,,84.0,84.0,-1.01,-1.01,0.82,0.82,1512.0,1512.0,213.0,213.0,6.5,6.5,0.1,0.1,6.58,6.58,cube3_cluster0,268,2.613042079429069,CH,89.73428321085365,11.536857891248982,10.613841731058852,,0
2025-09-15,683175,683175,663457,STL,CIN,8,0,1,2,FF,FF,R,R,B,,99.0,99.0,-0.78,-0.78,1.39,1.39,2583.0,2583.0,226.0,226.0,5.8,5.8,-1.67,-1.67,5.86,5.86,cube4_cluster0,983,1.896392435515872,FF,92.73799323851703,11.87678282989603,11.880818729937886,cube13_cluster0;cube4_cluster0,2
2025-09-15,657612,657612,663616,MIN,NYY,8,1,0,2,SI,SI,L,L,S,,89.5,89.5,1.43,-1.43,-0.63,-0.63,2158.0,2158.0,80.0,280.0,6.5,6.5,3.82,-3.82,2.85,2.85,cube24_cluster2,4,4.310737991094393,CH,86.59885858822028,14.483213701192424,-0.8909986290305438,,0
2025-09-15,622554,622554,663968,TB,TOR,7,0,1,2,FS,FS,R,R,X,"Jake Mangum grounds out, second baseman Ernie Clement to first baseman Vladimir Guerrero Jr.",86.9,86.9,-0.52,-0.52,-0.17,-0.17,782.0,782.0,263.0,263.0,6.5,6.5,-1.74,-1.74,5.71,5.71,cube13_cluster1,3,1.6034309762576353,FS,84.2318346010472,7.0387863377694,1.0515447129672841,cube12_cluster0;cube13_cluster0,2
2025-09-15,621051,621051,663624,CWS,BAL,6,0,1,2,FC,FC,R,R,S,Ryan Mountcastle strikes out swinging.,90.4,90.4,0.47,0.47,0.99,0.99,2818.0,2818.0,149.0,149.0,6.8,6.8,-2.19,-2.19,5.85,5.85,cube44_cluster0,35,1.552101989463347,SL,87.43039514356485,-4.560198707426779,3.7204129901025347,,0
2025-09-15,666711,666711,672515,AZ,SF,6,0,2,1,SI,SI,R,R,B,,98.3,98.3,-1.2,-1.2,0.7,0.7,2511.0,2511.0,212.0,212.0,5.5,5.5,-0.97,-0.97,5.94,5.94,cube12_cluster0,316,2.4008633497873633,CH,89.01009096911115,10.260232782391817,9.292479855944606,,0
2025-09-15,608650,608650,805367,CWS,BAL,7,1,1,1,CH,CH,L,L,X,Chase Meidroth lines out to shortstop Gunnar Henderson.,84.4,84.4,1.29,-1.29,0.34,0.34,1139.0,1139.0,116.0,244.0,6.1,6.1,1.91,-1.91,6.3,6.3,cube13_cluster1,3,2.1155817536781485,FS,84.2318346010472,7.0387863377694,1.0515447129672841,cube3_cluster0,1
2025-09-15,650556,650556,673962,HOU,TEX,9,0,0,1,SL,SL,R,R,B,,87.6,87.6,0.51,0.51,-0.54,-0.54,2894.0,2894.0,49.0,49.0,6.4,6.4,-2.7,-2.7,5.67,5.67,cube74_cluster0,95,1.332744960146654,ST,81.58280060620267,-13.628576142052651,-5.303629922931518,,0
2025-09-15,681517,681517,680574,STL,CIN,8,2,1,1,ST,ST,R,R,S,,86.8,86.8,1.28,1.28,0.33,0.33,2687.0,2687.0,78.0,78.0,7.0,7.0,-2.28,-2.28,5.69,5.69,cube67_cluster0,152,1.3990892047786438,ST,83.21108910576972,-12.188986866329156,0.17080679660382098,cube59_cluster1;cube67_cluster0,2
2025-09-15,624133,624133,660271,LAD,PHI,1,0,1,2,SI,SI,L,L,B,,91.8,91.8,1.28,-1.28,0.24,0.24,2014.0,2014.0,134.0,226.0,6.2,6.2,2.39,-2.39,5.48,5.48,cube14_cluster0,644,1.2214091177920217,FF,92.67733037261901,12.017251018938115,9.608444861229,cube13_cluster0;cube14_cluster0,2
2025-09-15,595345,595345,592626,HOU,TEX,5,2,1,2,SL,SL,L,L,S,Joc Pederson strikes out swinging.,81.4,81.4,-0.67,0.67,0.83,0.83,2477.0,2477.0,293.0,67.0,6.2,6.2,3.27,-3.27,5.9,5.9,cube59_cluster0,6,1.5986612695908349,SL,85.10288607720291,-4.974455470207517,-0.26360602944668465,cube58_cluster0,1
2025-09-15,686218,686218,592663,LAD,PHI,1,1,1,2,SL,SL,R,R,S,,86.9,86.9,0.28,0.28,0.18,0.18,2345.0,2345.0,177.0,177.0,6.4,6.4,-1.16,-1.16,5.43,5.43,cube33_cluster0,169,1.3884579088164553,FC,88.23401695598267,-3.1239005241649638,6.236802891040705,cube33_cluster0,1
2025-09-15,687911,687911,694671,HOU,TEX,7,2,0,0,FF,FF,L,L,S,,91.7,91.7,0.49,-0.49,1.35,1.35,2183.0,2183.0,148.0,212.0,6.6,6.6,2.83,-2.83,5.62,5.62,cube5_cluster0,516,1.298880642881984,FF,94.26601183041208,12.58960465467938,11.873748452415477,cube13_cluster0;cube14_cluster0;cube4_cluster0;cube5_cluster0,4
2025-09-15,678906,678906,672695,AZ,SF,1,0,3,0,FF,FF,R,R,B,Geraldo Perdomo walks.,91.2,91.2,-0.68,-0.68,1.11,1.11,2491.0,2491.0,217.0,217.0,6.3,6.3,-2.24,-2.24,5.66,5.66,cube5_cluster0,516,1.088023464737753,FF,94.26601183041208,12.58960465467938,11.873748452415477,cube13_cluster0;cube14_cluster0,2
2025-09-15,676775,676775,672515,AZ,SF,7,0,1,2,FS,FS,R,R,X,Gabriel Moreno lines out sharply to center fielder Jung Hoo Lee.,89.2,89.2,-1.25,-1.25,-0.15,-0.15,1512.0,1512.0,240.0,240.0,6.3,6.3,-1.55,-1.55,6.04,6.04,cube12_cluster0,316,1.7537733284286006,CH,89.01009096911115,10.260232782391817,9.292479855944606,cube12_cluster0;cube13_cluster0,2
2025-09-15,664747,664747,695734,WSH,ATL,9,0,2,1,SL,SL,R,R,S,,85.6,85.6,0.37,0.37,0.29,0.29,2815.0,2815.0,181.0,181.0,7.5,7.5,-2.55,-2.55,5.18,5.18,cube44_cluster0,35,2.126440815247209,SL,87.43039514356485,-4.560198707426779,3.7204129901025347,,0
2025-09-15,664192,664192,543510,AZ,SF,6,1,0,0,FF,FF,L,L,S,,91.6,91.6,0.67,-0.67,1.18,1.18,2217.0,2217.0,141.0,219.0,6.0,6.0,2.67,-2.67,5.77,5.77,cube13_cluster0,1173,1.4441220715269465,FF,91.32597348809763,10.933560927718538,9.887490835989844,cube13_cluster0;cube4_cluster0,2
2025-09-15,657756,657756,690987,WSH,ATL,8,0,0,2,CH,CH,R,R,B,,83.8,83.8,-1.59,-1.59,-0.11,-0.11,2328.0,2328.0,279.0,279.0,6.3,6.3,-3.16,-3.16,5.03,5.03,cube24_cluster1,4,1.742346427921311,CH,87.80202822087334,14.29789321005082,-3.691264304536044,,0
2025-09-15,605218,605218,572233,HOU,TEX,8,1,0,0,FF,FF,R,R,S,,94.8,94.8,0.01,0.01,1.59,1.59,2548.0,2548.0,193.0,193.0,6.6,6.6,-2.28,-2.28,6.48,6.48,cube23_cluster0,226,2.0372750170598173,FC,89.98051132303166,-0.8288022207088954,9.04754296913982,cube13_cluster0,1
2025-09-15,683004,683004,665161,HOU,TEX,1,0,0,2,FF,FF,R,R,X,Jeremy Peña singles on a line drive to right fielder Adolis García.,96.6,96.6,-0.68,-0.68,1.24,1.24,2172.0,2172.0,210.0,210.0,6.8,6.8,-1.14,-1.14,5.6,5.6,cube4_cluster0,983,1.480096625436637,FF,92.73799323851703,11.87678282989603,11.880818729937886,cube13_cluster0;cube14_cluster0;cube4_cluster0;cube5_cluster0,4
2025-09-15,676263,676263,681082,LAD,PHI,7,1,0,0,SL,SL,L,L,B,,87.2,87.2,-0.37,0.37,0.25,0.25,2347.0,2347.0,183.0,177.0,6.7,6.7,2.36,-2.36,5.83,5.83,cube34_cluster0,80,0.8394185788463704,FC,89.12332099959275,-2.9379632103369024,6.342505511607449,cube33_cluster0;cube34_cluster0,2
2025-09-15,681911,681911,547180,LAD,PHI,8,0,1,2,FF,FF,L,L,X,Bryce Harper homers (27) on a fly ball to center field.,92.3,92.3,0.35,-0.35,1.79,1.79,2405.0,2405.0,163.0,197.0,6.3,6.3,0.21,-0.21,6.02,6.02,cube22_cluster0,44,2.3527566139838756,FC,88.82845332305666,-1.3474977477043035,9.056608779489569,cube12_cluster0;cube13_cluster0;cube4_cluster0,3
2025-09-15,829272,829272,671739,WSH,ATL,6,2,0,0,SL,SL,L,L,B,,83.4,83.4,-0.23,0.23,0.11,0.11,2398.0,2398.0,230.0,130.0,6.3,6.3,1.83,-1.83,5.57,5.57,cube52_cluster0,25,0.9241589037962115,SL,87.17795916965139,-4.451177468094217,2.170340230630463,cube43_cluster0;cube51_cluster0,2
2025-09-15,702056,702056,650490,TB,TOR,1,0,0,0,FF,FF,R,R,S,,95.7,95.7,-0.11,-0.11,1.61,1.61,2311.0,2311.0,192.0,192.0,6.2,6.2,-0.4,-0.4,7.22,7.22,cube42_cluster1,3,2.667059880282772,FC,87.63142706302794,-5.957348927875244,5.6153508771929825,cube12_cluster0,1
2025-09-15,680755,680755,680700,TB,TOR,10,1,1,1,FF,FF,R,R,B,,96.1,96.1,-0.45,-0.45,1.4,1.4,2332.0,2332.0,204.0,204.0,5.5,5.5,0.58,0.58,6.71,6.71,cube22_cluster0,44,3.435514558315026,FC,88.82845332305666,-1.3474977477043035,9.056608779489569,,0
2025-09-15,595014,595014,656941,LAD,PHI,10,0,1,2,ST,ST,R,R,X,Kyle Schwarber lines out softly to second baseman Miguel Rojas.,85.2,85.2,1.06,1.06,0.22,0.22,2629.0,2629.0,42.0,42.0,5.5,5.5,-2.99,-2.99,6.27,6.27,cube59_cluster0,6,2.1887613644420356,SL,85.10288607720291,-4.974455470207517,-0.26360602944668465,,0
2025-09-15,688297,688297,663886,STL,CIN,7,0,1,2,FC,FC,R,R,B,,87.1,87.1,0.7,0.7,-0.19,-0.19,2205.0,2205.0,90.0,90.0,7.0,7.0,-1.57,-1.57,5.08,5.08,cube59_cluster1,54,1.692220085019046,SL,85.28451345513116,-6.463379179070062,0.3652873224190217,cube59_cluster1,1
2025-09-15,596133,596133,663616,MIN,NYY,7,0,1,2,FF,FF,R,R,S,,96.7,96.7,-0.82,-0.82,1.59,1.59,2493.0,2493.0,206.0,206.0,6.1,6.1,-1.41,-1.41,5.65,5.65,cube4_cluster0,983,1.6968584310126038,FF,92.73799323851703,11.87678282989603,11.880818729937886,cube4_cluster0,1
2025-09-15,681676,681676,669720,STL,CIN,8,0,1,2,FF,FF,R,R,X,Austin Hays flies out to left fielder Lars Nootbaar.,95.5,95.5,-0.66,-0.66,1.5,1.5,2233.0,2233.0,201.0,201.0,6.3,6.3,-1.34,-1.34,5.97,5.97,cube4_cluster0,983,1.3054374143050624,FF,92.73799323851703,11.87678282989603,11.880818729937886,cube4_cluster0,1
2025-09-15,681151,681151,641680,HOU,TEX,7,1,0,2,FF,FF,R,R,X,Jonah Heim singles on a line drive to right fielder Zach Cole.,96.9,96.9,-0.94,-0.94,1.22,1.22,2537.0,2537.0,226.0,226.0,6.1,6.1,-1.75,-1.75,5.81,5.81,cube4_cluster0,983,1.3442134905001908,FF,92.73799323851703,11.87678282989603,11.880818729937886,cube13_cluster0;cube4_cluster0,2
2025-09-15,829272,829272,542303,WSH,ATL,6,0,1,1,CH,CH,L,L,X,"Marcell Ozuna grounds into a double play, third baseman Paul DeJong to second baseman Luis García Jr. to first baseman Josh Bell. Drake Baldwin out at 2nd. Marcell Ozuna out at 1st.",81.9,81.9,1.31,-1.31,0.75,0.75,1725.0,1725.0,125.0,235.0,6.2,6.2,1.57,-1.57,5.75,5.75,cube12_cluster0,316,1.289414296947953,CH,89.01009096911115,10.260232782391817,9.292479855944606,cube12_cluster0;cube13_cluster0;cube3_cluster0;cube4_cluster0,4
2025-09-15,678024,678024,683002,CWS,BAL,7,0,1,1,CH,CH,R,R,S,,86.8,86.8,-0.93,-0.93,0.28,0.28,1474.0,1474.0,246.0,246.0,6.6,6.6,-1.55,-1.55,5.85,5.85,cube12_cluster0,316,1.6576530922984722,CH,89.01009096911115,10.260232782391817,9.292479855944606,cube12_cluster0;cube13_cluster0,2
2025-09-15,680694,680694,643565,CWS,BAL,1,0,1,1,SI,SI,R,R,B,,94.4,94.4,-1.12,-1.12,1.15,1.15,2188.0,2188.0,197.0,197.0,6.3,6.3,-1.07,-1.07,6.53,6.53,cube3_cluster0,268,1.5829022468177516,CH,89.73428321085365,11.536857891248982,10.613841731058852,cube3_cluster0;cube4_cluster0,2
2025-09-15,656457,656457,702616,CWS,BAL,1,0,0,2,ST,ST,L,L,B,,81.9,81.9,-1.09,1.09,0.04,0.04,2510.0,2510.0,304.0,56.0,5.7,5.7,3.91,-3.91,4.46,4.46,cube67_cluster1,4,1.8887225985979303,SL,78.78950140546428,-8.273754895294893,-2.5912499273211385,,0
2025-09-15,656222,656222,642715,AZ,SF,9,0,1,1,FF,FF,L,L,B,,92.6,92.6,0.79,-0.79,1.25,1.25,2070.0,2070.0,154.0,206.0,6.4,6.4,1.2,-1.2,5.82,5.82,cube4_cluster0,983,1.045535804605083,FF,92.73799323851703,11.87678282989603,11.880818729937886,cube13_cluster0;cube4_cluster0,2
2025-09-15,592791,592791,669707,PIT,CHC,1,0,1,1,FC,FC,R,R,X,"Jared Triolo grounds out, third baseman Matt Shaw to first baseman Michael Busch.",85.3,85.3,0.59,0.59,0.44,0.44,2578.0,2578.0,153.0,153.0,6.4,6.4,-1.31,-1.31,6.24,6.24,cube42_cluster0,32,0.9681284186602791,SL,85.72870188950071,-3.7562483156713657,3.37869518789043,cube42_cluster0;cube43_cluster0,2
2025-09-15,681892,681892,665862,MIN,NYY,7,0,2,0,SI,SI,L,L,X,"Jazz Chisholm Jr. grounds out, second baseman Luke Keaschall to first baseman Edouard Julien.",93.4,93.4,1.33,-1.33,0.69,0.69,2372.0,2372.0,141.0,219.0,7.4,7.4,2.23,-2.23,5.73,5.73,cube15_cluster1,11,1.2129684481741252,FF,95.07044777791452,10.01799709211646,12.914228470751997,cube14_cluster0;cube5_cluster0,2
2025-09-15,624133,624133,660271,LAD,PHI,1,0,1,1,SL,SL,L,L,S,,79.1,79.1,-0.39,0.39,0.18,0.18,2152.0,2152.0,259.0,101.0,6.0,6.0,2.51,-2.51,5.55,5.55,cube59_cluster0,6,1.6924993749344306,SL,85.10288607720291,-4.974455470207517,-0.26360602944668465,,0
2025-09-15,596133,596133,663616,MIN,NYY,7,0,1,1,CH,CH,R,R,S,,88.0,88.0,-1.52,-1.52,0.55,0.55,2067.0,2067.0,224.0,224.0,6.1,6.1,-1.53,-1.53,5.55,5.55,cube13_cluster0,1173,1.259755840405464,FF,91.32597348809763,10.933560927718538,9.887490835989844,cube13_cluster0;cube4_cluster0,2
2025-09-15,680755,680755,680700,TB,TOR,10,1,1,0,FC,FC,R,R,S,,93.2,93.2,0.13,0.13,0.75,0.75,2268.0,2268.0,199.0,199.0,5.4,5.4,0.33,0.33,6.59,6.59,cube42_cluster1,3,2.854952599602834,FC,87.63142706302794,-5.957348927875244,5.6153508771929825,,0
2025-09-15,675911,675911,695578,WSH,ATL,1,1,0,1,FF,FF,R,R,S,,95.7,95.7,-0.97,-0.97,1.09,1.09,2358.0,2358.0,214.0,214.0,7.0,7.0,-1.65,-1.65,5.91,5.91,cube5_cluster0,516,1.29791632994188,FF,94.26601183041208,12.58960465467938,11.873748452415477,cube13_cluster0;cube14_cluster0;cube4_cluster0;cube5_cluster0,4
2025-09-15,686218,686218,592663,LAD,PHI,1,1,1,1,SL,SL,R,R,S,,86.6,86.6,0.17,0.17,0.22,0.22,2185.0,2185.0,173.0,173.0,6.3,6.3,-1.21,-1.21,5.44,5.44,cube33_cluster0,169,1.409653530168555,FC,88.23401695598267,-3.1239005241649638,6.236802891040705,cube33_cluster0,1
2025-09-15,664294,664294,807713,PIT,CHC,8,2,1,1,FF,FF,R,R,B,,94.7,94.7,-0.86,-0.86,1.38,1.38,2368.0,2368.0,211.0,211.0,6.4,6.4,-0.79,-0.79,6.13,6.13,cube4_cluster0,983,1.7711160879072634,FF,92.73799323851703,11.87678282989603,11.880818729937886,cube12_cluster0;cube13_cluster0;cube3_cluster0;cube4_cluster0,4
2025-09-15,671212,671212,543807,TB,TOR,1,0,0,2,FF,FF,R,R,S,,98.5,98.5,-0.49,-0.49,1.43,1.43,2673.0,2673.0,220.0,220.0,6.5,6.5,-0.96,-0.96,5.7,5.7,cube4_cluster0,983,2.1342543466071158,FF,92.73799323851703,11.87678282989603,11.880818729937886,cube13_cluster0;cube14_cluster0;cube4_cluster0;cube5_cluster0,4
2025-09-15,688297,688297,663886,STL,CIN,7,0,1,1,FC,FC,R,R,S,,86.4,86.4,0.51,0.51,0.07,0.07,2363.0,2363.0,91.0,91.0,6.8,6.8,-2.05,-2.05,4.88,4.88,cube59_cluster1,54,1.3858887395476087,SL,85.28451345513116,-6.463379179070062,0.3652873224190217,cube59_cluster1,1
2025-09-15,605218,605218,514888,HOU,TEX,8,0,1,1,FF,FF,R,R,X,Jose Altuve flies out to right fielder Adolis García.,95.8,95.8,0.04,0.04,1.7,1.7,2685.0,2685.0,199.0,199.0,6.9,6.9,-2.3,-2.3,6.37,6.37,cube23_cluster0,226,2.33260002700532,FC,89.98051132303166,-0.8288022207088954,9.04754296913982,cube13_cluster0;cube14_cluster0,2
2025-09-15,664747,664747,695734,WSH,ATL,9,0,1,1,SL,SL,R,R,B,,85.9,85.9,0.36,0.36,0.52,0.52,2764.0,2764.0,169.0,169.0,7.6,7.6,-2.49,-2.49,5.22,5.22,cube44_cluster0,35,2.1245360942799962,SL,87.43039514356485,-4.560198707426779,3.7204129901025347,,0
2025-09-15,681151,681151,641680,HOU,TEX,7,1,0,1,FF,FF,R,R,S,,97.2,97.2,-1.08,-1.08,1.31,1.31,2494.0,2494.0,229.0,229.0,6.1,6.1,-1.84,-1.84,5.68,5.68,cube4_cluster0,983,1.3781486386596642,FF,92.73799323851703,11.87678282989603,11.880818729937886,cube4_cluster0;cube5_cluster0,2
2025-09-15,680730,680730,595777,WSH,ATL,1,0,0,2,SL,SL,L,L,X,Jurickson Profar singles on a ground ball to left fielder James Wood.,84.6,84.6,-0.51,0.51,0.23,0.23,2361.0,2361.0,299.0,61.0,6.9,6.9,2.26,-2.26,5.95,5.95,cube59_cluster3,4,0.9764502892471385,SL,85.12251530257362,-5.961374472524924,0.02102759100394158,cube58_cluster0;cube59_cluster1,2
2025-09-15,657756,657756,690987,WSH,ATL,8,0,0,1,CH,CH,R,R,S,,82.2,82.2,-1.57,-1.57,-0.12,-0.12,2174.0,2174.0,271.0,271.0,6.4,6.4,-3.1,-3.1,5.07,5.07,cube24_cluster1,4,1.4867727681471905,CH,87.80202822087334,14.29789321005082,-3.691264304536044,,0
2025-09-15,502085,502085,666163,LAD,PHI,10,0,1,1,FC,FC,R,R,S,,91.1,91.1,0.27,0.27,1.11,1.11,2646.0,2646.0,183.0,183.0,6.4,6.4,-2.82,-2.82,5.85,5.85,cube24_cluster0,111,1.446922621789608,FC,90.39472309229976,-0.35116486760382487,8.906212304019572,cube23_cluster0;cube24_cluster0;cube33_cluster0;cube34_cluster0,4
2025-09-15,657612,657612,663616,MIN,NYY,8,1,0,1,SI,SI,L,L,S,,88.9,88.9,1.78,-1.78,-0.53,-0.53,2071.0,2071.0,79.0,281.0,6.6,6.6,3.8,-3.8,2.99,2.99,cube24_cluster2,4,4.0521269932811075,CH,86.59885858822028,14.483213701192424,-0.8909986290305438,,0
2025-09-15,650556,650556,673962,HOU,TEX,9,0,0,0,FF,FF,R,R,S,,97.6,97.6,-0.98,-0.98,1.28,1.28,2306.0,2306.0,225.0,225.0,6.8,6.8,-2.45,-2.45,5.41,5.41,cube5_cluster0,516,0.8420388143503287,FF,94.26601183041208,12.58960465467938,11.873748452415477,cube5_cluster0,1
2025-09-15,595345,595345,592626,HOU,TEX,5,2,1,1,FF,FF,L,L,S,,90.7,90.7,0.5,-0.5,1.44,1.44,2079.0,2079.0,141.0,219.0,6.2,6.2,3.13,-3.13,6.11,6.11,cube13_cluster0,1173,2.1088065411579753,FF,91.32597348809763,10.933560927718538,9.887490835989844,cube13_cluster0;cube4_cluster0,2
2025-09-15,676742,676742,663538,PIT,CHC,5,0,1,1,FF,FF,R,R,B,,96.7,96.7,-0.45,-0.45,1.38,1.38,2562.0,2562.0,209.0,209.0,6.4,6.4,-3.0,-3.0,6.19,6.19,cube5_cluster0,516,2.13499816223022,FF,94.26601183041208,12.58960465467938,11.873748452415477,cube13_cluster0;cube14_cluster0,2
2025-09-15,622554,622554,663968,TB,TOR,7,0,0,2,FS,FS,R,R,B,,85.8,85.8,-0.51,-0.51,0.73,0.73,959.0,959.0,252.0,252.0,6.3,6.3,-1.94,-1.94,5.69,5.69,cube13_cluster1,3,1.867522919533583,FS,84.2318346010472,7.0387863377694,1.0515447129672841,cube12_cluster0;cube13_cluster0;cube3_cluster0;cube4_cluster0,4
2025-09-15,681517,681517,680574,STL,CIN,8,2,0,1,SL,SL,R,R,B,,92.5,92.5,0.39,0.39,0.52,0.52,2497.0,2497.0,180.0,180.0,7.1,7.1,-2.21,-2.21,5.58,5.58,cube34_cluster0,80,1.045714625693103,FC,89.12332099959275,-2.9379632103369024,6.342505511607449,cube34_cluster0,1
2025-09-15,661395,661395,571970,LAD,PHI,9,0,1,1,FS,FS,R,R,S,,98.0,98.0,-1.16,-1.16,0.05,0.05,1852.0,1852.0,237.0,237.0,6.0,6.0,-2.43,-2.43,5.94,5.94,cube13_cluster0,1173,1.8646924681253216,FF,91.32597348809763,10.933560927718538,9.887490835989844,cube13_cluster0;cube4_cluster0,2
2025-09-15,669920,669920,669701,HOU,TEX,1,0,1,1,CH,CH,R,R,S,,80.2,80.2,-1.53,-1.53,-0.01,-0.01,1753.0,1753.0,264.0,264.0,6.2,6.2,-1.63,-1.63,5.78,5.78,cube23_cluster1,15,1.5388776021614077,CH,87.14244152758266,13.779793742871872,-2.1495322200021145,cube12_cluster0;cube13_cluster0,2
2025-09-15,688497,688497,656305,AZ,SF,7,0,0,2,FF,FF,R,R,B,,89.7,89.7,0.16,0.16,1.58,1.58,2227.0,2227.0,177.0,177.0,6.9,6.9,0.16,0.16,6.45,6.45,cube42_cluster1,3,2.71095871700841,FC,87.63142706302794,-5.957348927875244,5.6153508771929825,,0
2025-09-15,657424,657424,664983,AZ,SF,5,1,0,0,SL,SL,L,L,S,,85.4,85.4,-0.4,0.4,0.16,0.16,2250.0,2250.0,251.0,109.0,6.3,6.3,2.46,-2.46,6.16,6.16,cube50_cluster1,3,0.9212114688430356,SL,84.76644083107497,-3.5251273712737126,1.6661102077687442,cube51_cluster0,1
2025-09-15,681676,681676,669720,STL,CIN,8,0,0,2,SL,SL,R,R,B,,87.7,87.7,0.11,0.11,0.15,0.15,2669.0,2669.0,107.0,107.0,6.5,6.5,-1.49,-1.49,5.96,5.96,cube51_cluster0,138,0.7495140606751155,SL,86.5599691183964,-4.203859573250014,1.5652746114364327,cube51_cluster0,1
2025-09-15,641302,641302,694212,CWS,BAL,6,2,2,0,FF,FF,L,L,S,,92.7,92.7,0.99,-0.99,1.08,1.08,2371.0,2371.0,145.0,215.0,6.4,6.4,2.08,-2.08,5.52,5.52,cube5_cluster0,516,0.6739210430481035,FF,94.26601183041208,12.58960465467938,11.873748452415477,cube13_cluster0;cube14_cluster0;cube4_cluster0;cube5_cluster0,4
2025-09-15,687863,687863,693304,PIT,CHC,9,1,0,1,SL,SL,R,R,B,,87.7,87.7,0.76,0.76,0.59,0.59,2605.0,2605.0,78.0,78.0,7.2,7.2,-2.43,-2.43,5.76,5.76,cube59_cluster3,4,1.4651419290983736,SL,85.12251530257362,-5.961374472524924,0.02102759100394158,,0
2025-09-15,669704,669704,695657,CWS,BAL,6,0,0,2,FF,FF,R,R,S,,95.4,95.4,-0.17,-0.17,1.18,1.18,2317.0,2317.0,196.0,196.0,6.3,6.3,-1.02,-1.02,5.95,5.95,cube22_cluster0,44,1.2523337787217386,FC,88.82845332305666,-1.3474977477043035,9.056608779489569,cube13_cluster0,1
2025-09-15,621051,621051,663624,CWS,BAL,6,0,1,1,FF,FF,R,R,S,,94.0,94.0,-0.36,-0.36,1.5,1.5,2420.0,2420.0,198.0,198.0,6.8,6.8,-2.08,-2.08,5.94,5.94,cube23_cluster0,226,1.5669396711628762,FC,89.98051132303166,-0.8288022207088954,9.04754296913982,cube13_cluster0;cube14_cluster0,2
2025-09-15,689147,689147,624424,LAD,PHI,7,0,0,2,FF,FF,R,R,S,Michael Conforto called out on strikes.,97.5,97.5,-0.93,-0.93,1.27,1.27,2275.0,2275.0,230.0,230.0,6.3,6.3,-1.37,-1.37,5.72,5.72,cube4_cluster0,983,1.0994747613499576,FF,92.73799323851703,11.87678282989603,11.880818729937886,cube4_cluster0,1
2025-09-15,595014,595014,656941,LAD,PHI,10,0,1,1,FF,FF,R,R,S,,95.4,95.4,-0.86,-0.86,1.28,1.28,2520.0,2520.0,231.0,231.0,5.6,5.6,-2.69,-2.69,6.32,6.32,cube4_cluster0,983,2.434605665772224,FF,92.73799323851703,11.87678282989603,11.880818729937886,cube13_cluster0;cube4_cluster0,2
2025-09-15,669461,669461,682622,STL,CIN,1,1,0,0,FF,FF,L,L,B,,95.4,95.4,0.59,-0.59,1.68,1.68,2218.0,2218.0,150.0,210.0,6.5,6.5,0.58,-0.58,6.52,6.52,cube3_cluster0,268,2.2697042302455475,CH,89.73428321085365,11.536857891248982,10.613841731058852,cube3_cluster0;cube4_cluster0,2
2025-09-15,676775,676775,672515,AZ,SF,7,0,1,1,SI,SI,R,R,S,,95.2,95.2,-1.29,-1.29,0.35,0.35,2275.0,2275.0,226.0,226.0,6.2,6.2,-1.38,-1.38,6.1,6.1,cube4_cluster0,983,1.4105116028206877,FF,92.73799323851703,11.87678282989603,11.880818729937886,cube13_cluster0,1
2025-09-15,680732,680732,641933,CWS,BAL,2,0,1,1,KC,KC,R,R,S,,79.4,79.4,0.16,0.16,-1.04,-1.04,2282.0,2282.0,26.0,26.0,7.1,7.1,-2.25,-2.25,6.3,6.3,cube65_cluster2,4,1.424417585962869,CU,77.46691308243727,-3.8291129032258064,-11.446518817204302,cube66_cluster0,1
2025-09-15,663574,663574,671056,STL,CIN,7,2,0,1,SV,SV,R,R,B,,84.8,84.8,1.09,1.09,-0.66,-0.66,2400.0,2400.0,26.0,26.0,6.0,6.0,-2.57,-2.57,5.26,5.26,cube67_cluster3,1,1.530462172095243,SL,78.67358490566038,-15.561509433962266,-4.000754716981133,cube66_cluster0;cube67_cluster0;cube73_cluster0;cube74_cluster0,4
2025-09-15,656546,656546,691406,TB,TOR,9,0,1,1,FS,FS,R,R,X,"Junior Caminero grounds out, shortstop Andrés Giménez to first baseman Vladimir Guerrero Jr.",87.7,87.7,-1.12,-1.12,0.07,0.07,1581.0,1581.0,246.0,246.0,6.4,6.4,-2.37,-2.37,5.76,5.76,cube23_cluster1,15,1.2540901757205414,CH,87.14244152758266,13.779793742871872,-2.1495322200021145,cube13_cluster0,1
2025-09-15,641329,641329,623168,TB,TOR,8,0,0,0,FF,FF,R,R,X,"Tyler Heineman out on a sacrifice bunt, third baseman Tristan Gray to second baseman Brandon Lowe. Ernie Clement to 3rd.",96.0,96.0,-0.46,-0.46,1.39,1.39,2252.0,2252.0,203.0,203.0,6.4,6.4,-0.59,-0.59,6.68,6.68,cube22_cluster0,44,2.127974333392259,FC,88.82845332305666,-1.3474977477043035,9.056608779489569,cube12_cluster0;cube3_cluster0,2
2025-09-15,676263,676263,596146,LAD,PHI,7,0,2,0,SL,SL,L,L,X,"Max Kepler grounds out, second baseman Miguel Rojas to first baseman Freddie Freeman. Otto Kemp to 3rd.",88.1,88.1,-0.26,0.26,0.41,0.41,2395.0,2395.0,171.0,189.0,6.5,6.5,2.56,-2.56,5.9,5.9,cube34_cluster0,80,0.9361477774514871,FC,89.12332099959275,-2.9379632103369024,6.342505511607449,cube33_cluster0;cube34_cluster0,2
2025-09-15,657097,657097,805904,HOU,TEX,7,2,1,1,CH,CH,R,R,X,Zach Cole singles on a sharp line drive to right fielder Adolis García. Jeremy Peña scores. Zach Cole to 2nd.,86.0,86.0,-1.4,-1.4,1.03,1.03,2353.0,2353.0,239.0,239.0,6.1,6.1,-2.51,-2.51,5.88,5.88,cube13_cluster0,1173,1.543074398786827,FF,91.32597348809763,10.933560927718538,9.887490835989844,cube13_cluster0;cube4_cluster0,2
2025-09-15,683175,683175,663457,STL,CIN,8,0,1,1,ST,ST,R,R,S,,86.0,86.0,1.08,1.08,-0.03,-0.03,2530.0,2530.0,60.0,60.0,6.0,6.0,-2.04,-2.04,5.64,5.64,cube66_cluster0,381,0.9022706468285753,ST,82.47698152646831,-10.124080234445362,-2.88332382968971,cube66_cluster0,1
2025-09-15,702056,702056,802415,TB,TOR,1,0,1,1,FF,FF,R,R,X,Chandler Simpson singles on a ground ball to center fielder Daulton Varsho.,94.7,94.7,0.04,0.04,1.65,1.65,2263.0,2263.0,196.0,196.0,6.2,6.2,-0.52,-0.52,7.06,7.06,cube42_cluster1,3,2.5414692514313617,FC,87.63142706302794,-5.957348927875244,5.6153508771929825,cube12_cluster0,1
2025-09-15,687377,687377,621566,WSH,ATL,9,0,1,1,SL,SL,R,R,S,,87.0,87.0,-0.07,-0.07,0.21,0.21,2133.0,2133.0,165.0,165.0,6.2,6.2,-2.06,-2.06,6.55,6.55,cube32_cluster0,41,1.3722248407655222,SL,87.45742516293836,-3.2707771382581203,5.520714440411837,cube32_cluster0;cube33_cluster0,2
2025-09-15,647336,647336,457705,PIT,CHC,7,0,2,0,FF,FF,R,R,S,,94.9,94.9,-0.56,-0.56,1.28,1.28,2601.0,2601.0,233.0,233.0,6.4,6.4,-2.73,-2.73,5.61,5.61,cube5_cluster0,516,1.459696886148729,FF,94.26601183041208,12.58960465467938,11.873748452415477,cube14_cluster0,1
2025-09-15,656945,656945,681082,LAD,PHI,9,0,0,2,SL,SL,L,L,B,,90.1,90.1,-0.57,0.57,0.17,0.17,2717.0,2717.0,249.0,111.0,6.3,6.3,2.36,-2.36,5.22,5.22,cube52_cluster0,25,1.0218041364128503,SL,87.17795916965139,-4.451177468094217,2.170340230630463,cube52_cluster0,1
2025-09-15,678906,678906,672695,AZ,SF,1,0,2,0,FF,FF,R,R,B,,92.2,92.2,-0.76,-0.76,1.22,1.22,2381.0,2381.0,218.0,218.0,6.4,6.4,-2.19,-2.19,5.52,5.52,cube5_cluster0,516,0.8029279103540585,FF,94.26601183041208,12.58960465467938,11.873748452415477,cube13_cluster0;cube14_cluster0;cube4_cluster0;cube5_cluster0,4
2025-09-15,666711,666711,672515,AZ,SF,6,0,1,1,SL,SL,R,R,B,,89.8,89.8,0.46,0.46,-0.12,-0.12,2559.0,2559.0,99.0,99.0,5.7,5.7,-1.46,-1.46,5.98,5.98,cube57_cluster1,5,1.1298131850362956,SL,84.4555766444267,-4.522769280798219,-0.11781077608958196,cube57_cluster1;cube58_cluster1,2
2025-09-15,680573,680573,663757,MIN,NYY,1,0,1,1,FS,FS,R,R,S,,83.7,83.7,-0.39,-0.39,0.86,0.86,924.0,924.0,225.0,225.0,7.1,7.1,-1.52,-1.52,6.22,6.22,cube13_cluster1,3,1.4942935575333385,FS,84.2318346010472,7.0387863377694,1.0515447129672841,cube3_cluster0,1
2025-09-15,681911,681911,547180,LAD,PHI,8,0,1,1,SL,SL,L,L,S,,85.4,85.4,-0.57,0.57,0.45,0.45,2441.0,2441.0,216.0,144.0,6.1,6.1,0.24,-0.24,6.18,6.18,cube42_cluster1,3,1.4155173986662095,FC,87.63142706302794,-5.957348927875244,5.6153508771929825,cube42_cluster0,1
2025-09-15,669276,669276,695578,WSH,ATL,8,0,1,1,FF,FF,L,L,S,,91.3,91.3,0.81,-0.81,1.63,1.63,2305.0,2305.0,155.0,205.0,6.2,6.2,1.58,-1.58,6.62,6.62,cube3_cluster0,268,1.9024820270319196,CH,89.73428321085365,11.536857891248982,10.613841731058852,cube3_cluster0;cube4_cluster0,2
2025-09-15,641745,641745,669707,PIT,CHC,9,2,1,1,SI,SI,R,R,S,,97.1,97.1,-1.34,-1.34,0.73,0.73,2203.0,2203.0,209.0,209.0,6.2,6.2,-1.47,-1.47,6.34,6.34,cube4_cluster0,983,1.40672258497954,FF,92.73799323851703,11.87678282989603,11.880818729937886,cube4_cluster0,1
2025-09-15,663455,663455,671739,WSH,ATL,8,0,1,1,FF,FF,L,L,X,Michael Harris II lines out to left fielder James Wood.,91.6,91.6,0.99,-0.99,1.14,1.14,2386.0,2386.0,134.0,226.0,6.3,6.3,2.64,-2.64,5.89,5.89,cube5_cluster0,516,1.1929800071510945,FF,94.26601183041208,12.58960465467938,11.873748452415477,cube13_cluster0;cube14_cluster0;cube4_cluster0;cube5_cluster0,4
2025-09-15,641793,641793,680977,STL,CIN,1,0,0,2,FS,FS,R,R,B,,82.7,82.7,-1.09,-1.09,0.4,0.4,1187.0,1187.0,232.0,232.0,5.9,5.9,-0.69,-0.69,6.25,6.25,cube12_cluster0,316,2.282123081657593,CH,89.01009096911115,10.260232782391817,9.292479855944606,,0
2025-09-15,641941,641941,699625,STL,CIN,9,0,0,2,FS,FS,R,R,S,Jimmy Crooks strikes out swinging.,82.8,82.8,-0.61,-0.61,0.14,0.14,1122.0,1122.0,231.0,231.0,7.2,7.2,-1.63,-1.63,5.5,5.5,cube13_cluster1,3,1.2864170201004264,FS,84.2318346010472,7.0387863377694,1.0515447129672841,cube13_cluster0,1
2025-09-15,683004,683004,665161,HOU,TEX,1,0,0,2,FF,FF,R,R,S,,98.6,98.6,-0.85,-0.85,1.43,1.43,2428.0,2428.0,213.0,213.0,6.8,6.8,-1.1,-1.1,5.62,5.62,cube4_cluster0,983,1.7950813369008383,FF,92.73799323851703,11.87678282989603,11.880818729937886,cube4_cluster0;cube5_cluster0,2
2025-09-15,643377,643377,672386,TB,TOR,10,0,0,2,ST,ST,R,R,S,Alejandro Kirk strikes out swinging.,89.3,89.3,1.12,1.12,-0.38,-0.38,3179.0,3179.0,35.0,35.0,6.4,6.4,-0.55,-0.55,5.48,5.48,cube77_cluster0,15,2.5513407547489924,CU,78.06982973839553,-10.373560444574672,-15.067035103894916,,0
2025-09-15,687330,687330,665926,TB,TOR,11,1,1,0,SI,SI,R,R,B,,90.5,90.5,-1.41,-1.41,-0.13,-0.13,2141.0,2141.0,256.0,256.0,7.1,7.1,-1.61,-1.61,3.73,3.73,cube24_cluster2,4,2.446992497548462,CH,86.59885858822028,14.483213701192424,-0.8909986290305438,,0
2025-09-15,700669,700669,682829,STL,CIN,9,1,0,2,CU,CU,R,R,B,,84.0,84.0,0.18,0.18,-1.48,-1.48,2703.0,2703.0,10.0,10.0,6.3,6.3,-1.47,-1.47,6.25,6.25,cube77_cluster0,15,1.5594810862453596,CU,78.06982973839553,-10.373560444574672,-15.067035103894916,cube66_cluster0;cube73_cluster0,2
2025-09-15,687911,687911,683227,HOU,TEX,7,1,0,2,FF,FF,L,L,X,Cody Freeman pops out to first baseman Christian Walker on the infield fly rule.,91.2,91.2,0.37,-0.37,1.28,1.28,2161.0,2161.0,148.0,212.0,6.7,6.7,2.78,-2.78,5.59,5.59,cube6_cluster3,4,1.2678075612497777,FF,96.83250199133,9.898196859286852,14.591325902230212,cube13_cluster0;cube14_cluster0,2
2025-09-15,621381,621381,518692,LAD,PHI,8,0,2,0,FF,FF,L,L,S,,91.9,91.9,1.06,-1.06,1.29,1.29,2475.0,2475.0,137.0,223.0,6.1,6.1,3.49,-3.49,5.44,5.44,cube14_cluster0,644,2.0807557594455184,FF,92.67733037261901,12.017251018938115,9.608444861229,cube14_cluster0;cube5_cluster0,2
2025-09-15,607074,607074,668885,MIN,NYY,1,1,0,1,SL,SL,L,L,S,,84.7,84.7,-0.19,0.19,0.19,0.19,2591.0,2591.0,252.0,108.0,5.9,5.9,2.57,-2.57,6.23,6.23,cube50_cluster1,3,1.488580641711192,SL,84.76644083107497,-3.5251273712737126,1.6661102077687442,cube51_cluster0;cube58_cluster0,2
2025-09-15,664192,664192,691783,AZ,SF,6,1,2,0,FF,FF,L,L,X,Jordan Lawlar doubles (6) on a sharp fly ball to left fielder Heliot Ramos. Blaze Alexander scores.,92.7,92.7,0.61,-0.61,1.29,1.29,2233.0,2233.0,151.0,209.0,5.9,5.9,1.95,-1.95,6.09,6.09,cube4_cluster0,983,1.3217305925696936,FF,92.73799323851703,11.87678282989603,11.880818729937886,cube12_cluster0;cube13_cluster0;cube3_cluster0;cube4_cluster0,4
2025-09-15,664126,664126,665489,TB,TOR,9,1,0,0,SL,SL,R,R,S,,82.8,82.8,0.77,0.77,-0.84,-0.84,2525.0,2525.0,41.0,41.0,6.0,6.0,0.09,0.09,7.23,7.23,cube65_cluster0,52,3.093527891740846,CU,80.5172691598637,-7.955497641633661,-5.720742174043808,,0
2025-09-15,668933,668933,663457,STL,CIN,6,2,2,0,FC,FC,R,R,S,,95.4,95.4,0.31,0.31,0.78,0.78,2476.0,2476.0,197.0,197.0,5.5,5.5,-0.25,-0.25,6.52,6.52,cube22_cluster0,44,2.2485788220880165,FC,88.82845332305666,-1.3474977477043035,9.056608779489569,,0
2025-09-15,663893,663893,664040,TB,TOR,6,0,0,2,KC,KC,L,L,B,,85.9,85.9,-0.32,0.32,-0.67,-0.67,1515.0,1515.0,346.0,14.0,5.8,5.8,1.67,-1.67,6.31,6.31,cube58_cluster2,5,2.136478842562119,SL,85.46595452823905,-0.04526262806992336,-2.641776233356624,,0
2025-09-15,686973,686973,700246,TB,TOR,8,0,2,0,FF,FF,R,R,B,,97.4,97.4,-0.6,-0.6,1.33,1.33,2290.0,2290.0,222.0,222.0,6.6,6.6,-2.93,-2.93,5.43,5.43,cube6_cluster3,4,1.0252166031723966,FF,96.83250199133,9.898196859286852,14.591325902230212,cube14_cluster0;cube5_cluster0,2
2025-09-15,701487,701487,519317,MIN,NYY,9,0,1,1,CH,CH,R,R,B,,80.9,80.9,-1.27,-1.27,0.38,0.38,2200.0,2200.0,253.0,253.0,6.4,6.4,-0.85,-0.85,5.9,5.9,cube12_cluster0,316,1.9313989245739807,CH,89.01009096911115,10.260232782391817,9.292479855944606,,0
2025-09-15,677952,677952,683737,PIT,CHC,1,0,0,2,SL,SL,R,R,B,,95.1,95.1,0.3,0.3,0.72,0.72,2670.0,2670.0,194.0,194.0,6.5,6.5,-0.99,-0.99,6.08,6.08,cube22_cluster0,44,1.511161220850991,FC,88.82845332305666,-1.3474977477043035,9.056608779489569,cube23_cluster0;cube33_cluster0,2
2025-09-15,608650,608650,805367,CWS,BAL,7,1,0,1,CU,CU,L,L,B,,76.9,76.9,-0.39,0.39,-1.08,-1.08,2155.0,2155.0,336.0,24.0,6.0,6.0,1.62,-1.62,6.49,6.49,cube65_cluster2,4,1.0173672004000223,CU,77.46691308243727,-3.8291129032258064,-11.446518817204302,cube65_cluster2,1
2025-09-15,701519,701519,700250,MIN,NYY,8,0,1,1,CH,CH,R,R,B,,86.9,86.9,-1.11,-1.11,0.38,0.38,1783.0,1783.0,233.0,233.0,6.2,6.2,-1.14,-1.14,5.67,5.67,cube12_cluster0,316,1.214197592608168,CH,89.01009096911115,10.260232782391817,9.292479855944606,cube12_cluster0;cube13_cluster0,2
2025-09-15,664076,664076,680718,TB,TOR,7,0,1,1,SI,SI,L,L,S,,96.4,96.4,1.6,-1.6,0.34,0.34,2361.0,2361.0,135.0,225.0,5.9,5.9,1.48,-1.48,5.12,5.12,cube14_cluster0,644,2.1750436215034794,FF,92.67733037261901,12.017251018938115,9.608444861229,cube13_cluster0;cube14_cluster0;cube4_cluster0,3
2025-09-15,667463,667463,670770,STL,CIN,7,1,1,1,SI,SI,L,L,X,TJ Friedl singles on a ground ball to center fielder Victor Scott II. Matt McLain scores.,92.7,92.7,1.34,-1.34,0.11,0.11,2231.0,2231.0,127.0,233.0,6.1,6.1,1.9,-1.9,5.5,5.5,cube13_cluster0,1173,1.4619200490452329,FF,91.32597348809763,10.933560927718538,9.887490835989844,cube13_cluster0;cube14_cluster0,2
2025-09-15,668678,668678,808982,AZ,SF,1,0,2,0,FF,FF,R,R,X,Jung Hoo Lee pops out to shortstop Geraldo Perdomo.,93.6,93.6,-0.1,-0.1,1.43,1.43,2335.0,2335.0,210.0,210.0,6.2,6.2,-3.03,-3.03,6.04,6.04,cube24_cluster0,111,1.9473885236245916,FC,90.39472309229976,-0.35116486760382487,8.906212304019572,cube13_cluster0;cube14_cluster0,2
2025-09-15,607455,607455,664056,LAD,PHI,1,0,1,1,SL,SL,L,L,S,,87.1,87.1,-0.83,0.83,-0.73,-0.73,2354.0,2354.0,335.0,25.0,6.0,6.0,2.79,-2.79,5.45,5.45,cube67_cluster3,1,1.620200403946142,SL,78.67358490566038,-15.561509433962266,-4.000754716981133,cube66_cluster0,1
2025-09-15,666808,666808,807712,MIN,NYY,7,1,1,1,FC,FC,R,R,S,,98.5,98.5,-0.42,-0.42,1.11,1.11,2695.0,2695.0,221.0,221.0,6.5,6.5,-1.65,-1.65,5.23,5.23,cube5_cluster0,516,1.7861162262710608,FF,94.26601183041208,12.58960465467938,11.873748452415477,cube14_cluster0,1
2025-09-15,693312,693312,663538,PIT,CHC,7,0,0,0,FF,FF,R,R,X,Nico Hoerner flies out to left fielder Tommy Pham.,98.1,98.1,-0.38,-0.38,1.39,1.39,2317.0,2317.0,209.0,209.0,7.0,7.0,-1.13,-1.13,6.14,6.14,cube4_cluster0,983,1.972942094882707,FF,92.73799323851703,11.87678282989603,11.880818729937886,cube13_cluster0;cube14_cluster0;cube4_cluster0;cube5_cluster0,4
2025-09-15,621381,621381,518692,LAD,PHI,8,0,1,0,FC,FC,L,L,B,,87.4,87.4,0.25,-0.25,1.05,1.05,2651.0,2651.0,159.0,201.0,6.4,6.4,3.5,-3.5,5.28,5.28,cube24_cluster0,111,1.9061133646605453,FC,90.39472309229976,-0.35116486760382487,8.906212304019572,cube24_cluster0,1
2025-09-15,681892,681892,665862,MIN,NYY,7,0,1,0,ST,ST,L,L,B,,80.9,80.9,-1.35,1.35,-0.29,-0.29,2457.0,2457.0,303.0,57.0,7.1,7.1,2.63,-2.63,5.63,5.63,cube74_cluster0,95,1.3050045612694552,ST,81.58280060620267,-13.628576142052651,-5.303629922931518,cube67_cluster0;cube74_cluster0,2
2025-09-15,678024,678024,683002,CWS,BAL,7,0,1,0,SI,SI,R,R,S,,94.9,94.9,-1.3,-1.3,0.56,0.56,2174.0,2174.0,216.0,216.0,6.5,6.5,-1.59,-1.59,5.92,5.92,cube4_cluster0,983,0.8713410698819363,FF,92.73799323851703,11.87678282989603,11.880818729937886,cube13_cluster0;cube4_cluster0,2
2025-09-15,683175,683175,663457,STL,CIN,8,0,0,1,FF,FF,R,R,B,,97.8,97.8,-1.01,-1.01,1.25,1.25,2351.0,2351.0,229.0,229.0,6.1,6.1,-1.74,-1.74,5.81,5.81,cube4_cluster0,983,1.122795468319724,FF,92.73799323851703,11.87678282989603,11.880818729937886,cube4_cluster0,1
2025-09-15,669461,669461,670770,STL,CIN,1,0,1,0,SI,SI,L,L,X,"TJ Friedl grounds out, second baseman Brendan Donovan to first baseman Willson Contreras.",94.6,94.6,1.12,-1.12,1.1,1.1,2092.0,2092.0,147.0,213.0,6.4,6.4,0.55,-0.55,6.52,6.52,cube3_cluster0,268,1.7633275220172806,CH,89.73428321085365,11.536857891248982,10.613841731058852,cube3_cluster0,1
2025-09-15,675911,675911,695578,WSH,ATL,1,1,0,0,FF,FF,R,R,S,,95.7,95.7,-0.78,-0.78,1.28,1.28,2246.0,2246.0,209.0,209.0,7.0,7.0,-1.68,-1.68,5.88,5.88,cube4_cluster0,983,1.3146318178437886,FF,92.73799323851703,11.87678282989603,11.880818729937886,cube4_cluster0;cube5_cluster0,2
2025-09-15,656222,656222,642715,AZ,SF,9,0,1,0,CH,CH,L,L,S,,87.4,87.4,1.06,-1.06,1.16,1.16,2031.0,2031.0,133.0,227.0,6.1,6.1,1.37,-1.37,6.0,6.0,cube3_cluster0,268,0.757997485028367,CH,89.73428321085365,11.536857891248982,10.613841731058852,cube12_cluster0;cube13_cluster0;cube3_cluster0;cube4_cluster0,4
2025-09-15,667463,667463,670770,STL,CIN,7,1,0,1,SI,SI,L,L,B,,92.9,92.9,1.21,-1.21,0.27,0.27,2270.0,2270.0,129.0,231.0,6.0,6.0,1.77,-1.77,5.53,5.53,cube13_cluster0,1173,1.3519261520892452,FF,91.32597348809763,10.933560927718538,9.887490835989844,cube13_cluster0,1
2025-09-15,596133,596133,663616,MIN,NYY,7,0,0,1,CH,CH,R,R,B,,89.3,89.3,-1.28,-1.28,0.95,0.95,2085.0,2085.0,222.0,222.0,6.1,6.1,-1.55,-1.55,5.57,5.57,cube13_cluster0,1173,0.9910556232862783,FF,91.32597348809763,10.933560927718538,9.887490835989844,cube13_cluster0;cube4_cluster0,2
2025-09-15,607455,607455,664056,LAD,PHI,1,0,1,0,SL,SL,L,L,S,,84.7,84.7,-0.8,0.8,-0.57,-0.57,2306.0,2306.0,324.0,36.0,6.0,6.0,2.75,-2.75,5.48,5.48,cube67_cluster3,1,1.3347026363301462,SL,78.67358490566038,-15.561509433962266,-4.000754716981133,cube66_cluster0;cube67_cluster0,2
2025-09-15,664076,664076,680718,TB,TOR,7,0,1,0,SI,SI,L,L,S,,96.7,96.7,1.54,-1.54,0.54,0.54,2446.0,2446.0,136.0,224.0,5.8,5.8,1.34,-1.34,5.1,5.1,cube13_cluster0,1173,2.331760360316093,FF,91.32597348809763,10.933560927718538,9.887490835989844,cube13_cluster0;cube14_cluster0;cube4_cluster0,3
2025-09-15,657756,657756,690987,WSH,ATL,8,0,0,0,FF,FF,R,R,S,,92.1,92.1,-0.58,-0.58,1.56,1.56,2166.0,2166.0,230.0,230.0,6.2,6.2,-3.07,-3.07,5.45,5.45,cube14_cluster0,644,1.7395549936796781,FF,92.67733037261901,12.017251018938115,9.608444861229,cube13_cluster0;cube14_cluster0;cube4_cluster0;cube5_cluster0,4
2025-09-15,595345,595345,592626,HOU,TEX,5,2,0,1,SL,SL,L,L,B,,81.1,81.1,-0.49,0.49,1.06,1.06,2342.0,2342.0,270.0,90.0,6.1,6.1,3.33,-3.33,5.96,5.96,cube59_cluster0,6,1.998797499942687,SL,85.10288607720291,-4.974455470207517,-0.26360602944668465,,0
2025-09-15,643377,643377,672386,TB,TOR,10,0,0,1,ST,ST,R,R,S,,87.7,87.7,0.98,0.98,0.07,0.07,3124.0,3124.0,44.0,44.0,6.4,6.4,-0.56,-0.56,5.42,5.42,cube57_cluster1,5,2.3116590311920735,SL,84.4555766444267,-4.522769280798219,-0.11781077608958196,,0
2025-09-15,622554,622554,663968,TB,TOR,7,0,0,1,FF,FF,R,R,S,,96.8,96.8,-0.32,-0.32,1.22,1.22,2349.0,2349.0,213.0,213.0,6.3,6.3,-2.11,-2.11,5.54,5.54,cube5_cluster0,516,1.2220620600051426,FF,94.26601183041208,12.58960465467938,11.873748452415477,cube13_cluster0;cube14_cluster0,2
2025-09-15,656945,656945,681082,LAD,PHI,9,0,0,1,SL,SL,L,L,S,,89.9,89.9,-0.32,0.32,0.15,0.15,2697.0,2697.0,221.0,139.0,6.2,6.2,2.66,-2.66,5.15,5.15,cube52_cluster0,25,1.3887489735508758,SL,87.17795916965139,-4.451177468094217,2.170340230630463,cube44_cluster0;cube52_cluster0,2
2025-09-15,680755,680755,680700,TB,TOR,10,1,0,0,SL,SL,R,R,B,,88.5,88.5,0.21,0.21,0.32,0.32,2339.0,2339.0,177.0,177.0,5.4,5.4,0.62,0.62,6.76,6.76,cube42_cluster1,3,2.80830873146118,FC,87.63142706302794,-5.957348927875244,5.6153508771929825,,0
2025-09-15,688297,688297,663886,STL,CIN,7,0,1,0,SI,SI,R,R,S,,96.0,96.0,-1.35,-1.35,0.64,0.64,2184.0,2184.0,252.0,252.0,7.0,7.0,-1.73,-1.73,4.99,4.99,cube6_cluster0,11,1.2905648451364369,FF,94.93316427873066,12.825740892008225,12.6853773304967,cube14_cluster0;cube15_cluster0;cube15_cluster1;cube5_cluster0;cube6_cluster0,5
2025-09-15,668678,668678,808982,AZ,SF,1,0,1,0,FF,FF,R,R,B,,94.5,94.5,-0.43,-0.43,1.57,1.57,2415.0,2415.0,216.0,216.0,6.5,6.5,-2.88,-2.88,6.0,6.0,cube5_cluster0,516,1.770236030207752,FF,94.26601183041208,12.58960465467938,11.873748452415477,cube13_cluster0;cube14_cluster0;cube4_cluster0;cube5_cluster0,4
2025-09-15,693312,693312,683737,PIT,CHC,6,2,1,0,CU,CU,R,R,X,Michael Busch grounds out to first baseman Spencer Horwitz.,85.3,85.3,0.42,0.42,-1.04,-1.04,2697.0,2697.0,49.0,49.0,7.0,7.0,-1.14,-1.14,5.9,5.9,cube67_cluster2,6,1.2842820742007084,CU,83.11739876493539,-8.352412707608828,-11.699528597119054,cube66_cluster0;cube73_cluster0;cube74_cluster0,3
2025-09-15,701519,701519,700250,MIN,NYY,8,0,1,0,FF,FF,R,R,S,,95.1,95.1,0.11,0.11,1.26,1.26,2511.0,2511.0,209.0,209.0,6.3,6.3,-0.66,-0.66,6.12,6.12,cube22_cluster0,44,1.593653620515297,FC,88.82845332305666,-1.3474977477043035,9.056608779489569,cube12_cluster0;cube13_cluster0;cube23_cluster0,3
2025-09-15,656457,656457,702616,CWS,BAL,1,0,0,1,SI,SI,L,L,S,,88.3,88.3,1.26,-1.26,0.14,0.14,2105.0,2105.0,113.0,247.0,6.0,6.0,4.13,-4.13,4.55,4.55,cube15_cluster0,42,2.472213533990375,SI,92.30526222650909,14.93250583992383,7.242244489314018,,0
2025-09-15,680730,680730,595777,WSH,ATL,1,0,0,1,FF,FF,L,L,S,,92.5,92.5,0.68,-0.68,1.54,1.54,2213.0,2213.0,161.0,199.0,7.1,7.1,1.28,-1.28,6.36,6.36,cube4_cluster0,983,2.046855996386351,FF,92.73799323851703,11.87678282989603,11.880818729937886,cube13_cluster0;cube4_cluster0,2
2025-09-15,701487,701487,519317,MIN,NYY,9,0,1,0,FF,FF,R,R,S,,92.4,92.4,-0.76,-0.76,1.58,1.58,2279.0,2279.0,204.0,204.0,6.3,6.3,-0.87,-0.87,5.89,5.89,cube4_cluster0,983,1.717375682126118,FF,92.73799323851703,11.87678282989603,11.880818729937886,cube3_cluster0;cube4_cluster0,2
2025-09-15,671212,671212,543807,TB,TOR,1,0,0,1,SL,SL,R,R,S,,90.8,90.8,0.32,0.32,0.21,0.21,2662.0,2662.0,132.0,132.0,6.4,6.4,-1.13,-1.13,5.79,5.79,cube43_cluster0,144,1.1266023180914086,SL,87.05264300971788,-4.004743073818654,3.6350863620861684,cube43_cluster0;cube51_cluster0,2
2025-09-15,687911,687911,683227,HOU,TEX,7,1,0,1,FF,FF,L,L,S,,89.7,89.7,0.31,-0.31,1.2,1.2,1985.0,1985.0,142.0,218.0,6.6,6.6,3.0,-3.0,5.56,5.56,cube14_cluster0,644,1.525887207729878,FF,92.67733037261901,12.017251018938115,9.608444861229,cube13_cluster0;cube14_cluster0,2
2025-09-15,608650,608650,805367,CWS,BAL,7,1,0,0,FF,FF,L,L,S,,94.0,94.0,0.39,-0.39,1.33,1.33,1928.0,1928.0,154.0,206.0,6.3,6.3,1.88,-1.88,6.41,6.41,cube3_cluster0,268,1.4307648935664314,CH,89.73428321085365,11.536857891248982,10.613841731058852,cube12_cluster0;cube13_cluster0;cube3_cluster0;cube4_cluster0,4
2025-09-15,680694,680694,643565,CWS,BAL,1,0,0,1,FF,FF,R,R,B,,93.6,93.6,0.1,0.1,1.26,1.26,2378.0,2378.0,192.0,192.0,6.4,6.4,-1.07,-1.07,6.57,6.57,cube22_cluster0,44,1.4410593522748105,FC,88.82845332305666,-1.3474977477043035,9.056608779489569,cube12_cluster0;cube13_cluster0;cube22_cluster0;cube23_cluster0,4
2025-09-15,502085,502085,666163,LAD,PHI,10,0,1,0,FC,FC,R,R,S,,90.4,90.4,0.39,0.39,1.28,1.28,2675.0,2675.0,180.0,180.0,6.4,6.4,-2.71,-2.71,5.82,5.82,cube24_cluster0,111,1.5586301052790894,FC,90.39472309229976,-0.35116486760382487,8.906212304019572,cube23_cluster0;cube24_cluster0;cube33_cluster0;cube34_cluster0,4
2025-09-15,683004,683004,665161,HOU,TEX,1,0,0,1,SL,SL,R,R,S,,89.3,89.3,0.43,0.43,0.4,0.4,2524.0,2524.0,127.0,127.0,6.7,6.7,-1.25,-1.25,5.71,5.71,cube43_cluster0,144,1.056019238365182,SL,87.05264300971788,-4.004743073818654,3.6350863620861684,cube43_cluster0;cube44_cluster0;cube51_cluster0;cube52_cluster0,4
2025-09-15,686973,686973,700246,TB,TOR,8,0,1,0,SL,SL,R,R,B,,94.2,94.2,-0.06,-0.06,0.81,0.81,2391.0,2391.0,208.0,208.0,6.8,6.8,-3.0,-3.0,5.48,5.48,cube24_cluster0,111,1.0962341750496338,FC,90.39472309229976,-0.35116486760382487,8.906212304019572,cube14_cluster0;cube24_cluster0,2
2025-09-15,641941,641941,699625,STL,CIN,9,0,0,1,FS,FS,R,R,S,,82.7,82.7,-0.73,-0.73,-0.04,-0.04,1017.0,1017.0,239.0,239.0,7.2,7.2,-1.72,-1.72,5.58,5.58,cube13_cluster1,3,1.059744027061232,FS,84.2318346010472,7.0387863377694,1.0515447129672841,cube13_cluster0;cube13_cluster1,2
2025-09-15,681151,681151,641680,HOU,TEX,7,1,0,0,FF,FF,R,R,S,,95.6,95.6,-0.96,-0.96,1.21,1.21,2457.0,2457.0,229.0,229.0,6.0,6.0,-1.82,-1.82,5.79,5.79,cube4_cluster0,983,1.2646825730666125,FF,92.73799323851703,11.87678282989603,11.880818729937886,cube13_cluster0;cube4_cluster0,2
2025-09-15,657612,657612,663616,MIN,NYY,8,1,0,0,SI,SI,L,L,S,,87.6,87.6,1.69,-1.69,-0.48,-0.48,2034.0,2034.0,74.0,286.0,6.6,6.6,3.77,-3.77,2.97,2.97,cube24_cluster2,4,4.045926413810865,CH,86.59885858822028,14.483213701192424,-0.8909986290305438,,0
2025-09-15,829272,829272,542303,WSH,ATL,6,0,0,1,KC,KC,L,L,B,,72.3,72.3,-0.17,0.17,-1.7,-1.7,2552.0,2552.0,347.0,13.0,6.1,6.1,1.38,-1.38,5.93,5.93,cube77_cluster1,2,1.0403814331193098,CU,74.19497816593886,-8.547379912663756,-17.060043668122272,,0
2025-09-15,624133,624133,660271,LAD,PHI,1,0,0,1,SL,SL,L,L,B,,79.4,79.4,-0.44,0.44,0.36,0.36,2204.0,2204.0,270.0,90.0,6.2,6.2,2.38,-2.38,5.56,5.56,cube58_cluster0,194,1.4456567910539535,SL,84.5104961347656,-6.359862250696315,0.3949475543105161,cube58_cluster0,1
2025-09-15,621051,621051,663624,CWS,BAL,6,0,1,0,ST,ST,R,R,S,,81.9,81.9,1.15,1.15,0.18,0.18,2679.0,2679.0,53.0,53.0,6.6,6.6,-2.62,-2.62,5.78,5.78,cube67_cluster0,152,0.87406993979094,ST,83.21108910576972,-12.188986866329156,0.17080679660382098,cube66_cluster0;cube67_cluster0,2
2025-09-15,676263,676263,596146,LAD,PHI,7,0,1,0,FF,FF,L,L,B,,92.0,92.0,0.6,-0.6,1.67,1.67,2525.0,2525.0,156.0,204.0,6.8,6.8,2.26,-2.26,5.9,5.9,cube5_cluster0,516,1.6191707201730974,FF,94.26601183041208,12.58960465467938,11.873748452415477,cube13_cluster0;cube14_cluster0;cube4_cluster0;cube5_cluster0,4
2025-09-15,668933,668933,663457,STL,CIN,6,2,1,0,SL,SL,R,R,B,,87.3,87.3,1.01,1.01,0.0,0.0,2911.0,2911.0,52.0,52.0,5.5,5.5,-0.83,-0.83,6.31,6.31,cube57_cluster1,5,1.90129248840838,SL,84.4555766444267,-4.522769280798219,-0.11781077608958196,,0
2025-09-15,686218,686218,592663,LAD,PHI,1,1,0,1,FF,FF,R,R,B,,93.6,93.6,-0.36,-0.36,1.5,1.5,2187.0,2187.0,207.0,207.0,6.4,6.4,-0.89,-0.89,5.62,5.62,cube4_cluster0,983,1.7755379703079532,FF,92.73799323851703,11.87678282989603,11.880818729937886,cube13_cluster0;cube4_cluster0,2
2025-09-15,688497,688497,656305,AZ,SF,7,0,0,1,FF,FF,R,R,S,,89.1,89.1,0.21,0.21,1.65,1.65,2162.0,2162.0,179.0,179.0,6.8,6.8,0.23,0.23,6.43,6.43,cube42_cluster1,3,2.806795626236293,FC,87.63142706302794,-5.957348927875244,5.6153508771929825,,0
2025-09-15,700669,700669,682829,STL,CIN,9,1,0,1,FF,FF,R,R,S,,95.1,95.1,-0.54,-0.54,1.2,1.2,2000.0,2000.0,210.0,210.0,6.2,6.2,-1.51,-1.51,6.21,6.21,cube3_cluster0,268,1.0615157468757377,CH,89.73428321085365,11.536857891248982,10.613841731058852,cube12_cluster0;cube13_cluster0;cube3_cluster0;cube4_cluster0,4
2025-09-15,647336,647336,457705,PIT,CHC,7,0,1,0,FF,FF,R,R,B,,93.9,93.9,-0.68,-0.68,1.37,1.37,2535.0,2535.0,230.0,230.0,6.3,6.3,-2.69,-2.69,5.61,5.61,cube5_cluster0,516,1.387831238848444,FF,94.26601183041208,12.58960465467938,11.873748452415477,cube13_cluster0;cube14_cluster0;cube4_cluster0;cube5_cluster0,4
2025-09-15,663893,663893,664040,TB,TOR,6,0,0,1,KC,KC,L,L,S,,86.4,86.4,-0.09,0.09,-0.97,-0.97,2041.0,2041.0,341.0,19.0,5.7,5.7,1.72,-1.72,6.28,6.28,cube58_cluster2,5,1.9009695223486451,SL,85.46595452823905,-0.04526262806992336,-2.641776233356624,,0
2025-09-15,664747,664747,695734,WSH,ATL,9,0,0,1,FF,FF,R,R,B,,96.4,96.4,-0.92,-0.92,1.2,1.2,2712.0,2712.0,228.0,228.0,7.5,7.5,-2.43,-2.43,5.04,5.04,cube15_cluster1,11,1.0543278110467231,FF,95.07044777791452,10.01799709211646,12.914228470751997,cube15_cluster1;cube6_cluster0,2
2025-09-15,663455,663455,671739,WSH,ATL,8,0,0,1,SL,SL,L,L,B,,82.1,82.1,-0.08,0.08,-0.01,-0.01,2455.0,2455.0,325.0,35.0,6.2,6.2,2.5,-2.5,5.96,5.96,cube66_cluster0,381,1.3932492957318234,ST,82.47698152646831,-10.124080234445362,-2.88332382968971,cube58_cluster0,1
2025-09-15,641793,641793,680977,STL,CIN,1,0,0,1,FS,FS,R,R,S,,84.0,84.0,-1.33,-1.33,0.04,0.04,1279.0,1279.0,236.0,236.0,6.1,6.1,-0.63,-0.63,6.18,6.18,cube12_cluster0,316,2.3160934690073205,CH,89.01009096911115,10.260232782391817,9.292479855944606,cube12_cluster0,1
2025-09-15,661395,661395,571970,LAD,PHI,9,0,0,1,KC,KC,R,R,B,,88.3,88.3,0.37,0.37,-0.94,-0.94,2734.0,2734.0,34.0,34.0,6.0,6.0,-2.36,-2.36,5.93,5.93,cube73_cluster0,327,1.5832588480556093,CU,80.47699441108988,-11.55224395022119,-8.074074661318553,cube66_cluster0;cube73_cluster0,2
2025-09-15,676742,676742,663538,PIT,CHC,5,0,0,1,FF,FF,R,R,B,,99.2,99.2,-0.68,-0.68,1.37,1.37,2599.0,2599.0,217.0,217.0,6.4,6.4,-3.09,-3.09,5.78,5.78,cube6_cluster3,4,1.7581547726380664,FF,96.83250199133,9.898196859286852,14.591325902230212,cube14_cluster0;cube5_cluster0,2
2025-09-15,664126,664126,664770,TB,TOR,9,0,1,0,FF,FF,R,R,X,Nathan Lukes lines out to center fielder Jake Mangum.,96.5,96.5,-0.35,-0.35,1.61,1.61,2362.0,2362.0,196.0,196.0,6.3,6.3,-0.25,-0.25,6.88,6.88,cube42_cluster1,3,2.685245639816767,FC,87.63142706302794,-5.957348927875244,5.6153508771929825,cube12_cluster0;cube3_cluster0,2
2025-09-15,664294,664294,807713,PIT,CHC,8,2,1,0,SL,SL,R,R,S,,82.7,82.7,-0.18,-0.18,0.18,0.18,2151.0,2151.0,286.0,286.0,6.3,6.3,-1.14,-1.14,6.02,6.02,cube12_cluster0,316,2.3402345971658822,CH,89.01009096911115,10.260232782391817,9.292479855944606,,0
2025-09-15,680732,680732,641933,CWS,BAL,2,0,1,0,FF,FF,R,R,S,,92.7,92.7,-0.86,-0.86,1.26,1.26,2432.0,2432.0,198.0,198.0,7.3,7.3,-2.04,-2.04,6.27,6.27,cube5_cluster0,516,2.079415153432881,FF,94.26601183041208,12.58960465467938,11.873748452415477,cube13_cluster0;cube14_cluster0;cube4_cluster0;cube5_cluster0,4
2025-09-15,677952,677952,683737,PIT,CHC,1,0,0,1,CU,CU,R,R,S,,84.6,84.6,0.78,0.78,-1.02,-1.02,2823.0,2823.0,43.0,43.0,6.2,6.2,-0.87,-0.87,6.4,6.4,cube77_cluster0,15,1.2373480384875697,CU,78.06982973839553,-10.373560444574672,-15.067035103894916,cube72_cluster0;cube73_cluster0,2
2025-09-15,669920,669920,669701,HOU,TEX,1,0,1,0,SI,SI,R,R,S,,91.3,91.3,-1.36,-1.36,0.42,0.42,2135.0,2135.0,245.0,245.0,6.4,6.4,-1.67,-1.67,5.76,5.76,cube13_cluster0,1173,1.044450639082575,FF,91.32597348809763,10.933560927718538,9.887490835989844,cube13_cluster0,1
2025-09-15,687863,687863,693304,PIT,CHC,9,1,0,0,FF,FF,R,R,S,,96.5,96.5,-0.17,-0.17,1.25,1.25,2427.0,2427.0,193.0,193.0,7.2,7.2,-2.12,-2.12,5.87,5.87,cube15_cluster1,11,1.6630981245540708,FF,95.07044777791452,10.01799709211646,12.914228470751997,cube14_cluster0,1
2025-09-15,702056,702056,802415,TB,TOR,1,0,1,0,FF,FF,R,R,S,,95.0,95.0,-0.15,-0.15,1.58,1.58,2365.0,2365.0,195.0,195.0,6.1,6.1,-0.35,-0.35,7.1,7.1,cube42_cluster1,3,2.586096373148383,FC,87.63142706302794,-5.957348927875244,5.6153508771929825,cube12_cluster0,1
2025-09-15,641302,641302,694212,CWS,BAL,6,2,1,0,ST,ST,L,L,B,,81.5,81.5,-1.14,1.14,0.01,0.01,2667.0,2667.0,290.0,70.0,6.2,6.2,2.34,-2.34,5.18,5.18,cube67_cluster0,152,0.8610517472475993,ST,83.21108910576972,-12.188986866329156,0.17080679660382098,cube66_cluster0;cube67_cluster0,2
2025-09-15,664192,664192,691783,AZ,SF,6,1,1,0,CU,CU,L,L,B,,77.5,77.5,-0.39,0.39,-0.29,-0.29,2107.0,2107.0,347.0,13.0,5.7,5.7,2.29,-2.29,6.64,6.64,cube65_cluster2,4,1.8784084188726833,CU,77.46691308243727,-3.8291129032258064,-11.446518817204302,,0
2025-09-15,656546,656546,691406,TB,TOR,9,0,1,0,SL,SL,R,R,S,,87.4,87.4,0.02,0.02,0.6,0.6,2505.0,2505.0,188.0,188.0,6.3,6.3,-2.19,-2.19,5.88,5.88,cube33_cluster0,169,0.732646469101361,FC,88.23401695598267,-3.1239005241649638,6.236802891040705,cube23_cluster0;cube33_cluster0,2
2025-09-15,689147,689147,624424,LAD,PHI,7,0,0,1,ST,ST,R,R,S,,87.1,87.1,0.87,0.87,0.3,0.3,2890.0,2890.0,64.0,64.0,6.1,6.1,-1.84,-1.84,5.43,5.43,cube59_cluster1,54,1.5024287118773225,SL,85.28451345513116,-6.463379179070062,0.3652873224190217,cube66_cluster0;cube67_cluster0,2
2025-09-15,687330,687330,665926,TB,TOR,11,1,0,0,SI,SI,R,R,B,,91.6,91.6,-1.28,-1.28,-0.27,-0.27,2153.0,2153.0,250.0,250.0,7.1,7.1,-1.59,-1.59,3.85,3.85,cube24_cluster2,4,2.341412565285658,CH,86.59885858822028,14.483213701192424,-0.8909986290305438,,0
2025-09-15,678906,678906,672695,AZ,SF,1,0,1,0,ST,ST,R,R,B,,83.0,83.0,1.18,1.18,0.31,0.31,2706.0,2706.0,62.0,62.0,6.3,6.3,-2.41,-2.41,5.45,5.45,cube67_cluster0,152,0.6851417250796517,ST,83.21108910576972,-12.188986866329156,0.17080679660382098,cube66_cluster0;cube67_cluster0,2
2025-09-15,641745,641745,669707,PIT,CHC,9,2,0,1,FF,FF,R,R,B,,97.8,97.8,-0.17,-0.17,1.28,1.28,2345.0,2345.0,199.0,199.0,6.1,6.1,-1.44,-1.44,6.37,6.37,cube22_cluster0,44,1.4271446312063005,FC,88.82845332305666,-1.3474977477043035,9.056608779489569,cube12_cluster0;cube13_cluster0,2
2025-09-15,681911,681911,547180,LAD,PHI,8,0,0,1,FF,FF,L,L,B,,91.4,91.4,0.45,-0.45,1.71,1.71,2402.0,2402.0,170.0,190.0,5.9,5.9,0.26,-0.26,6.0,6.0,cube22_cluster0,44,2.268764224959272,FC,88.82845332305666,-1.3474977477043035,9.056608779489569,cube12_cluster0,1
2025-09-15,681517,681517,680574,STL,CIN,8,2,0,0,SI,SI,R,R,S,,96.6,96.6,-1.25,-1.25,0.97,0.97,2147.0,2147.0,212.0,212.0,7.1,7.1,-2.14,-2.14,5.75,5.75,cube5_cluster0,516,1.0571975781631273,FF,94.26601183041208,12.58960465467938,11.873748452415477,cube5_cluster0,1
2025-09-15,641329,641329,676391,TB,TOR,8,0,0,1,CH,CH,R,R,X,Ernie Clement doubles (31) on a line drive to left fielder Chandler Simpson.,84.2,84.2,-1.07,-1.07,0.62,0.62,1980.0,1980.0,222.0,222.0,6.3,6.3,-0.72,-0.72,6.59,6.59,cube3_cluster0,268,1.5967276262604562,CH,89.73428321085365,11.536857891248982,10.613841731058852,cube12_cluster0,1
2025-09-15,669276,669276,695578,WSH,ATL,8,0,1,0,FF,FF,L,L,S,,92.0,92.0,0.71,-0.71,1.61,1.61,2233.0,2233.0,155.0,205.0,6.4,6.4,1.61,-1.61,6.58,6.58,cube4_cluster0,983,1.7984133192211322,FF,92.73799323851703,11.87678282989603,11.880818729937886,cube3_cluster0;cube4_cluster0,2
2025-09-15,595014,595014,656941,LAD,PHI,10,0,0,1,ST,ST,R,R,B,,85.8,85.8,0.81,0.81,0.26,0.26,2686.0,2686.0,49.0,49.0,5.4,5.4,-3.05,-3.05,6.27,6.27,cube59_cluster0,6,2.150536766778584,SL,85.10288607720291,-4.974455470207517,-0.26360602944668465,,0
2025-09-15,681676,681676,669720,STL,CIN,8,0,0,1,SL,SL,R,R,S,,87.6,87.6,0.12,0.12,0.14,0.14,2628.0,2628.0,101.0,101.0,6.3,6.3,-1.68,-1.68,6.01,6.01,cube51_cluster0,138,0.7589828450451112,SL,86.5599691183964,-4.203859573250014,1.5652746114364327,cube51_cluster0;cube58_cluster0,2
2025-09-15,592791,592791,669707,PIT,CHC,1,0,0,1,FF,FF,R,R,B,,92.6,92.6,-0.5,-0.5,1.45,1.45,2338.0,2338.0,204.0,204.0,6.6,6.6,-1.0,-1.0,6.25,6.25,cube22_cluster0,44,1.6931227856857114,FC,88.82845332305666,-1.3474977477043035,9.056608779489569,cube13_cluster0;cube4_cluster0,2
2025-09-15,605218,605218,514888,HOU,TEX,8,0,1,0,CU,CU,R,R,S,,78.3,78.3,0.52,0.52,-1.09,-1.09,2185.0,2185.0,25.0,25.0,6.6,6.6,-1.91,-1.91,6.64,6.64,cube65_cluster2,4,0.49982419326729677,CU,77.46691308243727,-3.8291129032258064,-11.446518817204302,cube65_cluster2;cube66_cluster0;cube72_cluster0;cube73_cluster0,4
2025-09-15,676775,676775,672515,AZ,SF,7,0,0,1,SI,SI,R,R,B,,96.7,96.7,-1.09,-1.09,0.54,0.54,2284.0,2284.0,224.0,224.0,6.2,6.2,-1.52,-1.52,6.17,6.17,cube4_cluster0,983,1.235984095315126,FF,92.73799323851703,11.87678282989603,11.880818729937886,cube13_cluster0;cube4_cluster0,2
2025-09-15,663574,663574,671056,STL,CIN,7,2,0,0,FF,FF,R,R,S,,94.8,94.8,-1.11,-1.11,1.05,1.05,2305.0,2305.0,223.0,223.0,6.2,6.2,-2.56,-2.56,5.29,5.29,cube14_cluster0,644,0.9985437199456751,FF,92.67733037261901,12.017251018938115,9.608444861229,cube14_cluster0;cube5_cluster0,2
2025-09-15,650556,650556,680737,HOU,TEX,9,0,0,1,SI,SI,R,R,X,Michael Helman singles on a ground ball to center fielder Jake Meyers.,96.3,96.3,-1.3,-1.3,0.88,0.88,2116.0,2116.0,222.0,222.0,6.6,6.6,-2.69,-2.69,5.34,5.34,cube14_cluster0,644,0.8190985531564152,FF,92.67733037261901,12.017251018938115,9.608444861229,cube5_cluster0,1
2025-09-15,657424,657424,543510,AZ,SF,5,0,0,1,FF,FF,L,L,X,"James McCann grounds out, second baseman Casey Schmitt to first baseman Rafael Devers.",92.2,92.2,0.16,-0.16,1.24,1.24,2283.0,2283.0,161.0,199.0,6.3,6.3,2.48,-2.48,6.2,6.2,cube23_cluster0,226,1.3425577626706409,FC,89.98051132303166,-0.8288022207088954,9.04754296913982,cube13_cluster0,1
2025-09-15,669704,669704,695657,CWS,BAL,6,0,0,1,FC,FC,R,R,S,,90.4,90.4,0.69,0.69,0.28,0.28,2582.0,2582.0,103.0,103.0,6.3,6.3,-1.28,-1.28,5.88,5.88,cube51_cluster0,138,1.0159515323538924,SL,86.5599691183964,-4.203859573250014,1.5652746114364327,cube51_cluster0;cube58_cluster0,2
2025-09-15,607074,607074,668885,MIN,NYY,1,1,0,0,FF,FF,L,L,S,,92.4,92.4,1.21,-1.21,1.39,1.39,2382.0,2382.0,139.0,221.0,6.1,6.1,2.22,-2.22,6.44,6.44,cube4_cluster0,983,1.6697208232271725,FF,92.73799323851703,11.87678282989603,11.880818729937886,cube3_cluster0;cube4_cluster0,2
2025-09-15,687377,687377,621566,WSH,ATL,9,0,0,1,SL,SL,R,R,B,,87.0,87.0,0.18,0.18,0.35,0.35,2158.0,2158.0,187.0,187.0,6.2,6.2,-2.08,-2.08,6.52,6.52,cube32_cluster0,41,1.2426882114414906,SL,87.45742516293836,-3.2707771382581203,5.520714440411837,cube22_cluster0;cube23_cluster0;cube32_cluster0;cube33_cluster0,4
2025-09-15,666808,666808,807712,MIN,NYY,7,1,0,1,SL,SL,R,R,B,,89.3,89.3,0.69,0.69,0.01,0.01,2734.0,2734.0,69.0,69.0,6.3,6.3,-1.44,-1.44,5.46,5.46,cube58_cluster0,194,1.2929115158935998,SL,84.5104961347656,-6.359862250696315,0.3949475543105161,cube58_cluster0;cube59_cluster1;cube66_cluster0;cube67_cluster0,4
2025-09-15,657097,657097,805904,HOU,TEX,7,2,1,0,CH,CH,R,R,S,,85.7,85.7,-1.54,-1.54,1.05,1.05,2376.0,2376.0,239.0,239.0,6.4,6.4,-2.61,-2.61,5.78,5.78,cube14_cluster0,644,1.4599110634894934,FF,92.67733037261901,12.017251018938115,9.608444861229,cube13_cluster0;cube14_cluster0;cube4_cluster0;cube5_cluster0,4
2025-09-15,666711,666711,672515,AZ,SF,6,0,1,0,FF,FF,R,R,S,,98.0,98.0,-0.83,-0.83,1.1,1.1,2260.0,2260.0,216.0,216.0,5.5,5.5,-1.13,-1.13,6.01,6.01,cube12_cluster0,316,1.9845024051421867,CH,89.01009096911115,10.260232782391817,9.292479855944606,cube12_cluster0;cube13_cluster0;cube3_cluster0;cube4_cluster0,4
2025-09-15,680573,680573,663757,MIN,NYY,1,0,1,0,FF,FF,R,R,S,,91.2,91.2,-0.32,-0.32,1.51,1.51,2240.0,2240.0,210.0,210.0,6.7,6.7,-1.38,-1.38,6.48,6.48,cube22_cluster0,44,1.7990097894115287,FC,88.82845332305666,-1.3474977477043035,9.056608779489569,cube12_cluster0;cube13_cluster0;cube3_cluster0;cube4_cluster0,4
2025-09-15,680573,680573,663757,MIN,NYY,1,0,0,0,FF,FF,R,R,B,,91.0,91.0,-0.41,-0.41,1.46,1.46,2106.0,2106.0,210.0,210.0,6.5,6.5,-1.57,-1.57,6.42,6.42,cube3_cluster0,268,1.5009168400127413,CH,89.73428321085365,11.536857891248982,10.613841731058852,cube12_cluster0;cube13_cluster0;cube3_cluster0;cube4_cluster0,4
2025-09-15,678024,678024,683002,CWS,BAL,7,0,0,0,SI,SI,R,R,B,,94.4,94.4,-1.45,-1.45,0.24,0.24,2039.0,2039.0,201.0,201.0,6.5,6.5,-1.53,-1.53,5.96,5.96,cube4_cluster0,983,1.4262965572826205,FF,92.73799323851703,11.87678282989603,11.880818729937886,cube13_cluster0;cube4_cluster0,2
2025-09-15,641329,641329,676391,TB,TOR,8,0,0,0,SL,SL,R,R,S,,89.4,89.4,0.54,0.54,0.53,0.53,2474.0,2474.0,158.0,158.0,6.3,6.3,-0.57,-0.57,6.69,6.69,cube42_cluster1,3,0.5561860309099744,FC,87.63142706302794,-5.957348927875244,5.6153508771929825,cube42_cluster1,1
2025-09-15,678906,678906,672695,AZ,SF,1,0,0,0,FF,FF,R,R,B,,92.2,92.2,-0.71,-0.71,1.01,1.01,2465.0,2465.0,216.0,216.0,6.5,6.5,-2.22,-2.22,5.75,5.75,cube5_cluster0,516,0.874736355248289,FF,94.26601183041208,12.58960465467938,11.873748452415477,cube13_cluster0;cube14_cluster0,2
2025-09-15,687330,687330,623168,TB,TOR,11,0,0,0,FF,FF,R,R,X,Tyler Heineman lines out sharply to center fielder Jake Mangum.,89.6,89.6,-0.72,-0.72,0.75,0.75,2202.0,2202.0,246.0,246.0,7.0,7.0,-1.62,-1.62,3.66,3.66,cube24_cluster2,4,2.8646669889851486,CH,86.59885858822028,14.483213701192424,-0.8909986290305438,,0
2025-09-15,688297,688297,663886,STL,CIN,7,0,0,0,SI,SI,R,R,B,,94.7,94.7,-1.43,-1.43,0.68,0.68,2120.0,2120.0,254.0,254.0,6.7,6.7,-1.8,-1.8,5.09,5.09,cube14_cluster0,644,1.4359220523399332,FF,92.67733037261901,12.017251018938115,9.608444861229,cube14_cluster0;cube5_cluster0,2
2025-09-15,667463,667463,670770,STL,CIN,7,1,0,0,SI,SI,L,L,S,,91.4,91.4,1.26,-1.26,0.24,0.24,2319.0,2319.0,130.0,230.0,6.2,6.2,2.1,-2.1,5.55,5.55,cube14_cluster0,644,1.23078199133596,FF,92.67733037261901,12.017251018938115,9.608444861229,cube13_cluster0;cube14_cluster0,2
2025-09-15,657097,657097,805904,HOU,TEX,7,2,0,0,CH,CH,R,R,B,,85.4,85.4,-1.41,-1.41,0.87,0.87,2297.0,2297.0,241.0,241.0,6.5,6.5,-2.62,-2.62,5.74,5.74,cube14_cluster0,644,1.2814257328819028,FF,92.67733037261901,12.017251018938115,9.608444861229,cube13_cluster0;cube14_cluster0;cube4_cluster0;cube5_cluster0,4
2025-09-15,702056,702056,802415,TB,TOR,1,0,0,0,FF,FF,R,R,B,,94.2,94.2,-0.24,-0.24,1.63,1.63,2358.0,2358.0,194.0,194.0,6.2,6.2,-0.48,-0.48,7.02,7.02,cube42_cluster1,3,2.5198594442839126,FC,87.63142706302794,-5.957348927875244,5.6153508771929825,cube12_cluster0,1
2025-09-15,676775,676775,672515,AZ,SF,7,0,0,0,FF,FF,R,R,S,,96.1,96.1,-0.91,-0.91,1.05,1.05,2369.0,2369.0,227.0,227.0,6.1,6.1,-1.55,-1.55,6.15,6.15,cube4_cluster0,983,1.1766656052276507,FF,92.73799323851703,11.87678282989603,11.880818729937886,cube13_cluster0;cube4_cluster0,2
2025-09-15,656945,656945,681082,LAD,PHI,9,0,0,0,FF,FF,L,L,S,,96.3,96.3,0.47,-0.47,1.6,1.6,2739.0,2739.0,144.0,216.0,6.1,6.1,2.46,-2.46,5.36,5.36,cube24_cluster0,111,2.015529443991282,FC,90.39472309229976,-0.35116486760382487,8.906212304019572,cube14_cluster0,1
2025-09-15,680755,680755,656484,TB,TOR,10,0,0,0,SL,SL,R,R,X,"Tristan Gray out on a sacrifice bunt, third baseman Ernie Clement to second baseman Isiah Kiner-Falefa. Everson Pereira to 3rd.",88.6,88.6,0.08,0.08,0.28,0.28,2368.0,2368.0,194.0,194.0,5.4,5.4,0.47,0.47,6.76,6.76,cube42_cluster1,3,2.810295435074653,FC,87.63142706302794,-5.957348927875244,5.6153508771929825,,0
2025-09-15,683175,683175,663457,STL,CIN,8,0,0,0,FF,FF,R,R,S,,97.8,97.8,-0.7,-0.7,1.33,1.33,2409.0,2409.0,219.0,219.0,6.2,6.2,-1.68,-1.68,5.82,5.82,cube4_cluster0,983,1.2046438118086353,FF,92.73799323851703,11.87678282989603,11.880818729937886,cube13_cluster0;cube4_cluster0,2
2025-09-15,666711,666711,672515,AZ,SF,6,0,0,0,SL,SL,R,R,B,,87.1,87.1,0.44,0.44,-0.02,-0.02,2355.0,2355.0,123.0,123.0,5.7,5.7,-1.79,-1.79,5.99,5.99,cube50_cluster1,3,1.3427881625092921,SL,84.76644083107497,-3.5251273712737126,1.6661102077687442,cube51_cluster0,1
2025-09-15,681892,681892,665862,MIN,NYY,7,0,0,0,ST,ST,L,L,B,,80.8,80.8,-1.12,1.12,-0.35,-0.35,2419.0,2419.0,308.0,52.0,6.9,6.9,2.48,-2.48,5.74,5.74,cube74_cluster0,95,1.0658696829186494,ST,81.58280060620267,-13.628576142052651,-5.303629922931518,cube66_cluster0;cube67_cluster0;cube73_cluster0;cube74_cluster0,4
2025-09-15,681151,681151,673962,HOU,TEX,7,0,0,0,FF,FF,R,R,X,Josh Jung lines out to right fielder Zach Cole.,95.7,95.7,-1.31,-1.31,1.08,1.08,2454.0,2454.0,227.0,227.0,6.1,6.1,-1.66,-1.66,5.86,5.86,cube4_cluster0,983,1.1821574912774948,FF,92.73799323851703,11.87678282989603,11.880818729937886,cube4_cluster0,1
2025-09-15,681911,681911,547180,LAD,PHI,8,0,0,0,SL,SL,L,L,S,,84.6,84.6,-0.7,0.7,0.5,0.5,2463.0,2463.0,214.0,146.0,5.9,5.9,0.25,-0.25,6.16,6.16,cube42_cluster1,3,1.5894037825321161,FC,87.63142706302794,-5.957348927875244,5.6153508771929825,cube42_cluster0,1
2025-09-15,657612,657612,670242,MIN,NYY,8,0,0,0,SI,SI,L,L,X,Matt Wallner flies out to center fielder Trent Grisham.,88.3,88.3,1.45,-1.45,-0.51,-0.51,2384.0,2384.0,83.0,277.0,6.6,6.6,3.69,-3.69,2.97,2.97,cube24_cluster2,4,4.095639283452066,CH,86.59885858822028,14.483213701192424,-0.8909986290305438,,0
2025-09-15,680732,680732,641933,CWS,BAL,2,0,0,0,FF,FF,R,R,B,,95.6,95.6,-0.43,-0.43,1.52,1.52,2525.0,2525.0,194.0,194.0,7.1,7.1,-2.15,-2.15,6.39,6.39,cube23_cluster0,226,2.3222745851233793,FC,89.98051132303166,-0.8288022207088954,9.04754296913982,cube13_cluster0;cube14_cluster0,2
2025-09-15,657424,657424,543510,AZ,SF,5,0,0,0,SL,SL,L,L,S,,84.9,84.9,-0.31,0.31,0.1,0.1,2362.0,2362.0,260.0,100.0,6.3,6.3,2.55,-2.55,6.13,6.13,cube52_cluster1,9,1.100646260527274,SL,87.17033349644716,-3.7876297283127007,0.844764456834557,cube51_cluster0;cube58_cluster0,2
2025-09-15,669276,669276,695578,WSH,ATL,8,0,0,0,SL,SL,L,L,B,,82.6,82.6,-0.15,0.15,0.31,0.31,2072.0,2072.0,157.0,203.0,6.2,6.2,1.83,-1.83,6.65,6.65,cube32_cluster0,41,1.5389047995321903,SL,87.45742516293836,-3.2707771382581203,5.520714440411837,cube22_cluster0,1
2025-09-15,663455,663455,671739,WSH,ATL,8,0,0,0,SL,SL,L,L,S,,81.0,81.0,-0.32,0.32,-0.12,-0.12,2411.0,2411.0,332.0,28.0,6.2,6.2,2.73,-2.73,5.81,5.81,cube66_cluster0,381,1.4792905185644403,ST,82.47698152646831,-10.124080234445362,-2.88332382968971,cube58_cluster0;cube66_cluster0,2
2025-09-15,687377,687377,621566,WSH,ATL,9,0,0,0,FF,FF,R,R,S,,94.7,94.7,-0.63,-0.63,1.42,1.42,2571.0,2571.0,210.0,210.0,6.2,6.2,-1.93,-1.93,6.55,6.55,cube4_cluster0,983,1.9838108126906064,FF,92.73799323851703,11.87678282989603,11.880818729937886,cube13_cluster0;cube4_cluster0,2
2025-09-15,683004,683004,665161,HOU,TEX,1,0,0,0,SL,SL,R,R,S,,85.8,85.8,0.54,0.54,-0.03,-0.03,2469.0,2469.0,118.0,118.0,6.7,6.7,-1.37,-1.37,5.71,5.71,cube51_cluster0,138,0.8516603151805887,SL,86.5599691183964,-4.203859573250014,1.5652746114364327,cube51_cluster0;cube58_cluster0,2
2025-09-15,669461,669461,670770,STL,CIN,1,0,0,0,SI,SI,L,L,B,,94.5,94.5,1.05,-1.05,1.16,1.16,2030.0,2030.0,150.0,210.0,6.5,6.5,0.48,-0.48,6.5,6.5,cube3_cluster0,268,1.8374000421102332,CH,89.73428321085365,11.536857891248982,10.613841731058852,cube3_cluster0,1
2025-09-15,656546,656546,691406,TB,TOR,9,0,0,0,SL,SL,R,R,B,,87.9,87.9,-0.27,-0.27,0.66,0.66,2525.0,2525.0,216.0,216.0,6.3,6.3,-2.42,-2.42,5.89,5.89,cube23_cluster0,226,1.0772526158744624,FC,89.98051132303166,-0.8288022207088954,9.04754296913982,cube23_cluster0,1
2025-09-15,656457,656457,702616,CWS,BAL,1,0,0,0,ST,ST,L,L,S,,78.8,78.8,-0.89,0.89,-0.08,-0.08,2408.0,2408.0,300.0,60.0,5.6,5.6,4.04,-4.04,4.5,4.5,cube67_cluster1,4,1.988627853726796,SL,78.78950140546428,-8.273754895294893,-2.5912499273211385,,0
2025-09-15,641745,641745,669707,PIT,CHC,9,2,0,0,FF,FF,R,R,S,,97.5,97.5,-0.03,-0.03,1.29,1.29,2294.0,2294.0,199.0,199.0,5.8,5.8,-1.36,-1.36,6.49,6.49,cube22_cluster0,44,1.5673818208905785,FC,88.82845332305666,-1.3474977477043035,9.056608779489569,cube12_cluster0,1
2025-09-15,595345,595345,592626,HOU,TEX,5,2,0,0,SL,SL,L,L,S,,79.6,79.6,-0.65,0.65,0.96,0.96,2390.0,2390.0,273.0,87.0,6.0,6.0,3.29,-3.29,6.05,6.05,cube59_cluster0,6,1.9800804437930122,SL,85.10288607720291,-4.974455470207517,-0.26360602944668465,cube58_cluster0,1
2025-09-15,641302,641302,694212,CWS,BAL,6,2,0,0,ST,ST,L,L,B,,81.1,81.1,-1.15,1.15,0.09,0.09,2569.0,2569.0,283.0,77.0,6.3,6.3,2.3,-2.3,5.22,5.22,cube67_cluster0,152,0.8343117831901803,ST,83.21108910576972,-12.188986866329156,0.17080679660382098,cube66_cluster0;cube67_cluster0,2
2025-09-15,657756,657756,656180,WSH,ATL,8,0,0,0,FC,FC,R,R,X,Riley Adams singles on a ground ball to right fielder Ronald Acuña Jr.,87.4,87.4,-0.02,-0.02,0.58,0.58,2358.0,2358.0,219.0,219.0,6.3,6.3,-3.19,-3.19,5.17,5.17,cube24_cluster0,111,1.527242237295077,FC,90.39472309229976,-0.35116486760382487,8.906212304019572,cube24_cluster0,1
2025-09-15,681676,681676,669720,STL,CIN,8,0,0,0,SL,SL,R,R,S,,87.1,87.1,0.38,0.38,0.2,0.2,2670.0,2670.0,134.0,134.0,5.9,5.9,-1.77,-1.77,5.94,5.94,cube43_cluster0,144,1.2233100468412978,SL,87.05264300971788,-4.004743073818654,3.6350863620861684,cube43_cluster0;cube51_cluster0,2
2025-09-15,664192,664192,691783,AZ,SF,6,1,0,0,FF,FF,L,L,B,,92.3,92.3,0.56,-0.56,1.26,1.26,2245.0,2245.0,143.0,217.0,6.0,6.0,2.3,-2.3,5.93,5.93,cube13_cluster0,1173,1.27572696306639,FF,91.32597348809763,10.933560927718538,9.887490835989844,cube13_cluster0;cube4_cluster0,2
2025-09-15,607455,607455,664056,LAD,PHI,1,0,0,0,SI,SI,L,L,B,,94.7,94.7,1.28,-1.28,0.75,0.75,2116.0,2116.0,136.0,224.0,6.3,6.3,2.68,-2.68,5.57,5.57,cube14_cluster0,644,0.8766979717659384,FF,92.67733037261901,12.017251018938115,9.608444861229,cube13_cluster0;cube14_cluster0;cube4_cluster0;cube5_cluster0,4
2025-09-15,689147,689147,624424,LAD,PHI,7,0,0,0,ST,ST,R,R,S,,87.3,87.3,0.82,0.82,0.25,0.25,2921.0,2921.0,57.0,57.0,5.9,5.9,-1.77,-1.77,5.51,5.51,cube65_cluster1,5,1.5243693593002885,ST,79.83113104371454,-13.87824519299928,1.6911752817070245,cube66_cluster0,1
2025-09-15,675911,675911,682928,WSH,ATL,1,0,0,0,FF,FF,R,R,X,CJ Abrams lines out to center fielder Michael Harris II.,95.6,95.6,-0.74,-0.74,1.3,1.3,2328.0,2328.0,203.0,203.0,7.0,7.0,-1.55,-1.55,5.91,5.91,cube4_cluster0,983,1.4742250744839844,FF,92.73799323851703,11.87678282989603,11.880818729937886,cube13_cluster0;cube14_cluster0;cube4_cluster0;cube5_cluster0,4
2025-09-15,643377,643377,672386,TB,TOR,10,0,0,0,ST,ST,R,R,S,,88.5,88.5,0.72,0.72,0.2,0.2,3034.0,3034.0,47.0,47.0,6.2,6.2,-0.71,-0.71,5.48,5.48,cube57_cluster1,5,1.9000040918945686,SL,84.4555766444267,-4.522769280798219,-0.11781077608958196,,0
2025-09-15,502085,502085,666163,LAD,PHI,10,0,0,0,FC,FC,R,R,B,,92.7,92.7,0.01,0.01,1.59,1.59,2702.0,2702.0,192.0,192.0,6.3,6.3,-2.85,-2.85,5.85,5.85,cube24_cluster0,111,1.8786084463179198,FC,90.39472309229976,-0.35116486760382487,8.906212304019572,cube23_cluster0;cube24_cluster0,2
2025-09-15,687863,687863,457705,PIT,CHC,9,0,0,0,FF,FF,R,R,X,Andrew McCutchen lines out sharply to right fielder Willi Castro.,96.1,96.1,-0.3,-0.3,1.33,1.33,2333.0,2333.0,199.0,199.0,7.3,7.3,-2.32,-2.32,5.96,5.96,cube15_cluster1,11,1.6453134515163168,FF,95.07044777791452,10.01799709211646,12.914228470751997,cube14_cluster0,1
2025-09-15,669704,669704,695657,CWS,BAL,6,0,0,0,FF,FF,R,R,S,,94.2,94.2,-0.16,-0.16,1.14,1.14,2290.0,2290.0,190.0,190.0,6.2,6.2,-1.2,-1.2,6.03,6.03,cube22_cluster0,44,0.9874864747946788,FC,88.82845332305666,-1.3474977477043035,9.056608779489569,cube12_cluster0;cube13_cluster0;cube22_cluster0;cube23_cluster0,4
2025-09-15,664126,664126,664770,TB,TOR,9,0,0,0,FF,FF,R,R,B,,97.0,97.0,-0.21,-0.21,1.55,1.55,2436.0,2436.0,196.0,196.0,6.4,6.4,-0.21,-0.21,6.92,6.92,cube42_cluster1,3,2.619063025980956,FC,87.63142706302794,-5.957348927875244,5.6153508771929825,cube12_cluster0,1
2025-09-15,647336,647336,457705,PIT,CHC,7,0,0,0,FF,FF,R,R,B,,94.8,94.8,-0.42,-0.42,1.26,1.26,2598.0,2598.0,226.0,226.0,6.3,6.3,-2.7,-2.7,5.56,5.56,cube24_cluster0,111,1.5030268026725144,FC,90.39472309229976,-0.35116486760382487,8.906212304019572,cube14_cluster0,1
2025-09-15,663574,663574,680977,STL,CIN,7,2,0,0,FF,FF,R,R,X,Brendan Donovan singles on a line drive to right fielder Noelvi Marte. Nolan Arenado scores. Thomas Saggese to 2nd.,94.3,94.3,-0.97,-0.97,1.09,1.09,2340.0,2340.0,219.0,219.0,6.1,6.1,-2.42,-2.42,5.36,5.36,cube14_cluster0,644,1.1077699261324616,FF,92.67733037261901,12.017251018938115,9.608444861229,cube13_cluster0;cube14_cluster0;cube4_cluster0;cube5_cluster0,4
2025-09-15,680694,680694,643565,CWS,BAL,1,0,0,0,FF,FF,R,R,S,,93.5,93.5,-0.02,-0.02,1.23,1.23,2301.0,2301.0,191.0,191.0,6.2,6.2,-0.95,-0.95,6.65,6.65,cube22_cluster0,44,1.4721973023600297,FC,88.82845332305666,-1.3474977477043035,9.056608779489569,cube12_cluster0;cube22_cluster0,2
2025-09-15,641793,641793,680977,STL,CIN,1,0,0,0,FF,FF,R,R,S,,91.7,91.7,-0.74,-0.74,1.33,1.33,2062.0,2062.0,211.0,211.0,6.2,6.2,-0.91,-0.91,6.08,6.08,cube3_cluster0,268,1.2062496035496726,CH,89.73428321085365,11.536857891248982,10.613841731058852,cube3_cluster0;cube4_cluster0,2
2025-09-15,668933,668933,663457,STL,CIN,6,2,0,0,FC,FC,R,R,B,,95.6,95.6,0.2,0.2,0.88,0.88,2520.0,2520.0,200.0,200.0,5.5,5.5,-0.39,-0.39,6.47,6.47,cube22_cluster0,44,2.122226063432621,FC,88.82845332305666,-1.3474977477043035,9.056608779489569,,0
2025-09-15,676742,676742,663538,PIT,CHC,5,0,0,0,FF,FF,R,R,S,,97.3,97.3,-0.56,-0.56,1.38,1.38,2521.0,2521.0,213.0,213.0,6.3,6.3,-3.22,-3.22,6.1,6.1,cube6_cluster3,4,2.1556304445364938,FF,96.83250199133,9.898196859286852,14.591325902230212,cube13_cluster0;cube14_cluster0;cube4_cluster0;cube5_cluster0,4
2025-09-15,605218,605218,514888,HOU,TEX,8,0,0,0,FF,FF,R,R,B,,94.7,94.7,0.45,0.45,1.5,1.5,2626.0,2626.0,184.0,184.0,6.7,6.7,-2.31,-2.31,6.4,6.4,cube23_cluster0,226,2.0608139649170933,FC,89.98051132303166,-0.8288022207088954,9.04754296913982,cube23_cluster0;cube24_cluster0,2
2025-09-15,650556,650556,680737,HOU,TEX,9,0,0,0,FF,FF,R,R,S,,96.3,96.3,-0.82,-0.82,1.36,1.36,2257.0,2257.0,223.0,223.0,6.6,6.6,-2.76,-2.76,5.39,5.39,cube6_cluster3,4,1.0561284295672888,FF,96.83250199133,9.898196859286852,14.591325902230212,cube5_cluster0,1
2025-09-15,621381,621381,518692,LAD,PHI,8,0,0,0,SL,SL,L,L,B,,83.1,83.1,-0.85,0.85,0.28,0.28,2684.0,2684.0,256.0,104.0,5.9,5.9,3.64,-3.64,5.55,5.55,cube59_cluster0,6,1.4057196709396271,SL,85.10288607720291,-4.974455470207517,-0.26360602944668465,,0
2025-09-15,661395,661395,571970,LAD,PHI,9,0,0,0,FF,FF,R,R,S,,101.4,101.4,-1.12,-1.12,1.09,1.09,2068.0,2068.0,232.0,232.0,6.1,6.1,-2.34,-2.34,5.93,5.93,cube4_cluster0,983,1.439491529181923,FF,92.73799323851703,11.87678282989603,11.880818729937886,cube4_cluster0;cube5_cluster0,2
2025-09-15,595014,595014,656941,LAD,PHI,10,0,0,0,FC,FC,R,R,S,,92.8,92.8,-0.06,-0.06,1.03,1.03,2613.0,2613.0,229.0,229.0,5.6,5.6,-2.84,-2.84,6.36,6.36,cube23_cluster0,226,2.4489506859692702,FC,89.98051132303166,-0.8288022207088954,9.04754296913982,cube23_cluster0,1
2025-09-15,681517,681517,666181,STL,CIN,8,1,0,0,SL,SL,R,R,X,Will Benson out on a sacrifice fly to left fielder Lars Nootbaar. Sal Stewart scores.,92.5,92.5,0.42,0.42,0.57,0.57,2380.0,2380.0,178.0,178.0,7.0,7.0,-2.33,-2.33,5.63,5.63,cube34_cluster0,80,0.9184597519984045,FC,89.12332099959275,-2.9379632103369024,6.342505511607449,cube24_cluster0;cube34_cluster0,2
2025-09-15,664747,664747,695734,WSH,ATL,9,0,0,0,FF,FF,R,R,S,,93.8,93.8,-0.95,-0.95,1.31,1.31,2730.0,2730.0,227.0,227.0,7.5,7.5,-2.44,-2.44,5.13,5.13,cube15_cluster1,11,1.0649059366820706,FF,95.07044777791452,10.01799709211646,12.914228470751997,cube15_cluster1;cube6_cluster0,2
2025-09-15,669920,669920,669701,HOU,TEX,1,0,0,0,SI,SI,R,R,B,,90.5,90.5,-1.46,-1.46,0.59,0.59,2084.0,2084.0,246.0,246.0,6.3,6.3,-1.9,-1.9,5.72,5.72,cube13_cluster0,1173,0.9762821631401968,FF,91.32597348809763,10.933560927718538,9.887490835989844,cube13_cluster0;cube4_cluster0,2
2025-09-15,676263,676263,596146,LAD,PHI,7,0,0,0,FF,FF,L,L,B,,90.9,90.9,0.43,-0.43,1.7,1.7,2447.0,2447.0,159.0,201.0,7.0,7.0,2.15,-2.15,5.86,5.86,cube5_cluster0,516,1.77906659112984,FF,94.26601183041208,12.58960465467938,11.873748452415477,cube13_cluster0;cube14_cluster0;cube4_cluster0;cube5_cluster0,4
2025-09-15,608650,608650,700337,CWS,BAL,7,0,0,0,FF,FF,L,L,X,Edgar Quero flies out to center fielder Colton Cowser.,93.8,93.8,0.39,-0.39,1.35,1.35,2136.0,2136.0,157.0,203.0,6.4,6.4,1.88,-1.88,6.41,6.41,cube4_cluster0,983,1.4727162191565373,FF,92.73799323851703,11.87678282989603,11.880818729937886,cube12_cluster0;cube13_cluster0;cube3_cluster0;cube4_cluster0,4
2025-09-15,700669,700669,682829,STL,CIN,9,1,0,0,CU,CU,R,R,S,,82.3,82.3,0.22,0.22,-1.41,-1.41,2700.0,2700.0,14.0,14.0,6.3,6.3,-1.47,-1.47,6.21,6.21,cube77_cluster1,2,1.3788738555896787,CU,74.19497816593886,-8.547379912663756,-17.060043668122272,cube66_cluster0;cube73_cluster0,2
2025-09-15,671212,671212,543807,TB,TOR,1,0,0,0,SL,SL,R,R,S,,91.2,91.2,0.21,0.21,0.18,0.18,2614.0,2614.0,144.0,144.0,6.2,6.2,-1.1,-1.1,5.88,5.88,cube43_cluster0,144,1.1578328097356192,SL,87.05264300971788,-4.004743073818654,3.6350863620861684,cube43_cluster0,1
2025-09-15,686218,686218,592663,LAD,PHI,1,1,0,0,FF,FF,R,R,S,,94.6,94.6,-0.65,-0.65,1.41,1.41,2300.0,2300.0,210.0,210.0,6.5,6.5,-0.92,-0.92,5.63,5.63,cube4_cluster0,983,1.626368771826099,FF,92.73799323851703,11.87678282989603,11.880818729937886,cube13_cluster0;cube4_cluster0,2
2025-09-15,607074,607074,621439,MIN,NYY,1,0,0,0,SI,SI,L,L,X,Byron Buxton lines out to center fielder Trent Grisham.,90.3,90.3,1.61,-1.61,0.53,0.53,2265.0,2265.0,133.0,227.0,5.9,5.9,2.36,-2.36,6.41,6.41,cube13_cluster0,1173,1.9195756584758439,FF,91.32597348809763,10.933560927718538,9.887490835989844,cube12_cluster0;cube13_cluster0;cube3_cluster0;cube4_cluster0,4
2025-09-15,688497,688497,656305,AZ,SF,7,0,0,0,FF,FF,R,R,S,,88.0,88.0,0.1,0.1,1.55,1.55,2128.0,2128.0,178.0,178.0,6.7,6.7,0.15,0.15,6.5,6.5,cube42_cluster1,3,2.613174901278121,FC,87.63142706302794,-5.957348927875244,5.6153508771929825,,0
2025-09-15,624133,624133,660271,LAD,PHI,1,0,0,0,FF,FF,L,L,S,,90.7,90.7,0.54,-0.54,0.89,0.89,1894.0,1894.0,130.0,230.0,6.1,6.1,2.37,-2.37,5.5,5.5,cube13_cluster0,1173,1.2004638754681702,FF,91.32597348809763,10.933560927718538,9.887490835989844,cube13_cluster0,1
2025-09-15,596133,596133,663616,MIN,NYY,7,0,0,0,CH,CH,R,R,S,,88.3,88.3,-1.35,-1.35,0.91,0.91,2028.0,2028.0,220.0,220.0,6.2,6.2,-1.54,-1.54,5.56,5.56,cube13_cluster0,1173,1.0072284954897543,FF,91.32597348809763,10.933560927718538,9.887490835989844,cube4_cluster0,1
2025-09-15,664076,664076,680718,TB,TOR,7,0,0,0,SI,SI,L,L,B,,95.5,95.5,1.39,-1.39,0.64,0.64,2294.0,2294.0,137.0,223.0,5.8,5.8,1.33,-1.33,5.12,5.12,cube13_cluster0,1173,2.0927127414117614,FF,91.32597348809763,10.933560927718538,9.887490835989844,cube13_cluster0;cube4_cluster0,2
2025-09-15,701519,701519,700250,MIN,NYY,8,0,0,0,FF,FF,R,R,B,,95.1,95.1,-0.42,-0.42,1.46,1.46,2496.0,2496.0,206.0,206.0,6.1,6.1,-0.82,-0.82,6.17,6.17,cube22_cluster0,44,1.6948184921577432,FC,88.82845332305666,-1.3474977477043035,9.056608779489569,cube12_cluster0;cube13_cluster0,2
2025-09-15,621051,621051,663624,CWS,BAL,6,0,0,0,FF,FF,R,R,B,,93.3,93.3,-0.24,-0.24,1.57,1.57,2620.0,2620.0,201.0,201.0,6.8,6.8,-2.13,-2.13,6.05,6.05,cube23_cluster0,226,1.7589983105043399,FC,89.98051132303166,-0.8288022207088954,9.04754296913982,cube13_cluster0;cube14_cluster0,2
2025-09-15,686973,686973,700246,TB,TOR,8,0,0,0,KC,KC,R,R,B,,88.4,88.4,0.45,0.45,-0.1,-0.1,2456.0,2456.0,43.0,43.0,6.5,6.5,-2.76,-2.76,5.57,5.57,cube67_cluster0,152,1.197596567204325,ST,83.21108910576972,-12.188986866329156,0.17080679660382098,cube59_cluster1;cube67_cluster0,2
2025-09-15,656222,656222,642715,AZ,SF,9,0,0,0,FF,FF,L,L,B,,91.8,91.8,0.68,-0.68,1.26,1.26,1994.0,1994.0,150.0,210.0,6.3,6.3,1.1,-1.1,6.01,6.01,cube3_cluster0,268,0.9972159672998219,CH,89.73428321085365,11.536857891248982,10.613841731058852,cube12_cluster0;cube13_cluster0;cube3_cluster0;cube4_cluster0,4
2025-09-15,677952,677952,683737,PIT,CHC,1,0,0,0,FF,FF,R,R,S,,97.9,97.9,-0.85,-0.85,1.28,1.28,2438.0,2438.0,219.0,219.0,6.6,6.6,-1.11,-1.11,6.11,6.11,cube4_cluster0,983,1.573026286730299,FF,92.73799323851703,11.87678282989603,11.880818729937886,cube4_cluster0,1
2025-09-15,663893,663893,664040,TB,TOR,6,0,0,0,FC,FC,L,L,S,,93.2,93.2,0.07,-0.07,0.52,0.52,2243.0,2243.0,115.0,245.0,5.7,5.7,2.06,-2.06,6.18,6.18,cube22_cluster0,44,1.870192266454224,FC,88.82845332305666,-1.3474977477043035,9.056608779489569,cube22_cluster0;cube23_cluster0,2
2025-09-15,701487,701487,519317,MIN,NYY,9,0,0,0,FC,FC,R,R,B,,84.9,84.9,0.29,0.29,0.63,0.63,2125.0,2125.0,195.0,195.0,6.2,6.2,-0.96,-0.96,5.99,5.99,cube22_cluster0,44,0.9060204032180162,FC,88.82845332305666,-1.3474977477043035,9.056608779489569,cube22_cluster0;cube32_cluster0,2
2025-09-15,829272,829272,542303,WSH,ATL,6,0,0,0,FF,FF,L,L,S,,91.9,91.9,1.01,-1.01,1.1,1.1,2117.0,2117.0,135.0,225.0,6.3,6.3,1.76,-1.76,5.53,5.53,cube13_cluster0,1173,0.7210176243955049,FF,91.32597348809763,10.933560927718538,9.887490835989844,cube13_cluster0;cube4_cluster0,2
2025-09-15,622554,622554,663968,TB,TOR,7,0,0,0,FF,FF,R,R,S,,97.8,97.8,-0.42,-0.42,1.3,1.3,2364.0,2364.0,206.0,206.0,6.6,6.6,-1.88,-1.88,5.48,5.48,cube5_cluster0,516,1.2210067162595486,FF,94.26601183041208,12.58960465467938,11.873748452415477,cube14_cluster0;cube5_cluster0,2
2025-09-15,668678,668678,808982,AZ,SF,1,0,0,0,FF,FF,R,R,B,,94.7,94.7,-0.48,-0.48,1.32,1.32,2392.0,2392.0,208.0,208.0,6.1,6.1,-2.9,-2.9,6.09,6.09,cube23_cluster0,226,1.9544790583069152,FC,89.98051132303166,-0.8288022207088954,9.04754296913982,cube13_cluster0,1
2025-09-15,680730,680730,595777,WSH,ATL,1,0,0,0,FF,FF,L,L,S,,91.6,91.6,0.71,-0.71,1.41,1.41,2253.0,2253.0,162.0,198.0,6.9,6.9,1.06,-1.06,6.47,6.47,cube4_cluster0,983,2.0575694934251625,FF,92.73799323851703,11.87678282989603,11.880818729937886,cube12_cluster0;cube13_cluster0;cube3_cluster0;cube4_cluster0,4
2025-09-15,666808,666808,807712,MIN,NYY,7,1,0,0,FC,FC,R,R,S,,98.2,98.2,-0.42,-0.42,0.91,0.91,2536.0,2536.0,217.0,217.0,6.3,6.3,-1.84,-1.84,5.27,5.27,cube5_cluster0,516,1.528457958132625,FF,94.26601183041208,12.58960465467938,11.873748452415477,cube14_cluster0,1
2025-09-15,664294,664294,807713,PIT,CHC,8,2,0,0,FF,FF,R,R,B,,93.5,93.5,-0.82,-0.82,1.41,1.41,2318.0,2318.0,211.0,211.0,6.6,6.6,-0.83,-0.83,5.99,5.99,cube4_cluster0,983,1.6631371574320135,FF,92.73799323851703,11.87678282989603,11.880818729937886,cube4_cluster0,1
2025-09-15,592791,592791,669707,PIT,CHC,1,0,0,0,FF,FF,R,R,S,,92.1,92.1,-0.56,-0.56,1.41,1.41,2319.0,2319.0,208.0,208.0,6.5,6.5,-1.17,-1.17,6.27,6.27,cube22_cluster0,44,1.5462985390650537,FC,88.82845332305666,-1.3474977477043035,9.056608779489569,cube12_cluster0;cube13_cluster0;cube3_cluster0;cube4_cluster0,4
2025-09-15,687911,687911,683227,HOU,TEX,7,1,0,0,FF,FF,L,L,S,,90.4,90.4,0.45,-0.45,1.16,1.16,1862.0,1862.0,143.0,217.0,6.6,6.6,2.68,-2.68,5.62,5.62,cube14_cluster0,644,1.3454250711129185,FF,92.67733037261901,12.017251018938115,9.608444861229,cube13_cluster0;cube14_cluster0;cube4_cluster0;cube5_cluster0,4
2025-09-15,641941,641941,699625,STL,CIN,9,0,0,0,FF,FF,R,R,S,,94.1,94.1,-0.37,-0.37,1.65,1.65,2463.0,2463.0,204.0,204.0,6.8,6.8,-1.74,-1.74,5.62,5.62,cube5_cluster0,516,1.6342136377588685,FF,94.26601183041208,12.58960465467938,11.873748452415477,cube13_cluster0;cube14_cluster0;cube4_cluster0;cube5_cluster0,4
2025-09-15,693312,693312,683737,PIT,CHC,6,2,0,0,CU,CU,R,R,B,,84.0,84.0,0.59,0.59,-1.0,-1.0,2682.0,2682.0,34.0,34.0,7.0,7.0,-1.07,-1.07,5.84,5.84,cube67_cluster2,6,1.2064970943897153,CU,83.11739876493539,-8.352412707608828,-11.699528597119054,cube66_cluster0;cube67_cluster2;cube73_cluster0;cube74_cluster0,4
