origin_cluster,origin_degree,origin_train_n,reassigned_to,is_graph_neighbor,dist_to_own_centroid,dist_to_reassigned_centroid,margin_normalized
cube3_cluster0,3,268,cube22_cluster0,False,1.8454771082711963,1.6268864709829585,0.05547255530269084
cube3_cluster0,3,268,cube13_cluster1,False,2.103254895474481,1.8534868967792444,0.06338454973345496
cube3_cluster0,3,268,cube13_cluster1,False,1.9160330114071171,1.479393402899027,0.11080765000182213
cube3_cluster0,3,268,cube12_cluster0,True,1.1383137659607179,1.0684191072905955,0.017737426298494497
cube3_cluster0,3,268,cube4_cluster0,True,1.1730988422570152,1.0192062485265374,0.03905389326044946
cube3_cluster0,3,268,cube12_cluster0,True,2.021347821628441,1.9761995702290647,0.011457438907912678
cube3_cluster0,3,268,cube12_cluster0,True,1.523343421902069,1.4706756847279996,0.01336568665200263
cube3_cluster0,3,268,cube12_cluster0,True,1.198624851383271,1.1697890347362063,0.007317771948042242
cube3_cluster0,3,268,cube22_cluster0,False,1.5774353991377639,1.557352076879319,0.005096619043085124
cube3_cluster0,3,268,cube12_cluster0,True,1.5944136136039775,1.5706585105721709,0.006028420443806074
cube3_cluster0,3,268,cube12_cluster0,True,1.6156792959945947,1.547487930535098,0.017305175274409997
cube3_cluster0,3,268,cube12_cluster0,True,1.1179657426810385,1.009982085993446,0.027403412340532018
cube3_cluster0,3,268,cube4_cluster0,True,1.6641759803291063,1.5425246268711108,0.030871914351241824
cube3_cluster0,3,268,cube13_cluster1,False,2.1229441557191984,2.086092432107343,0.009351998335420565
cube3_cluster0,3,268,cube13_cluster1,False,2.2329330916242456,1.9492247652138248,0.07199771235345029
cube3_cluster0,3,268,cube4_cluster0,True,1.7829852723845823,1.5704709198626665,0.05393055402159189
cube3_cluster0,3,268,cube4_cluster0,True,1.8156712217802884,1.520183836005182,0.07498692785749585
cube3_cluster0,3,268,cube22_cluster0,False,2.542773811727209,2.4353554162048843,0.02725996392188162
cube3_cluster0,3,268,cube12_cluster0,True,1.5959233519447873,1.564154078362551,0.008062206174883367
cube3_cluster0,3,268,cube12_cluster0,True,1.082105346313991,1.043354230689726,0.009834014078441346
cube3_cluster0,3,268,cube12_cluster0,True,1.7428316376289843,1.716135428418713,0.006774795847437104
cube3_cluster0,3,268,cube23_cluster1,False,2.14335406454727,1.6168297437992838,0.13361802620297336
cube3_cluster0,3,268,cube4_cluster0,True,1.9168984517451824,1.891404205006913,0.006469769380946796
cube3_cluster0,3,268,cube22_cluster0,False,2.752423712440303,2.4513340810959106,0.07640863045654948
cube3_cluster0,3,268,cube12_cluster0,True,1.2712966354901134,1.2111152959408071,0.015272441344030723
cube3_cluster0,3,268,cube12_cluster0,True,2.192433183508065,2.151295186791401,0.010439741730099452
cube3_cluster0,3,268,cube12_cluster0,True,1.1364468481336454,1.1127872245299966,0.006004190275833378
cube3_cluster0,3,268,cube13_cluster1,False,2.631262374975989,1.6858440273221196,0.23992231426295343
cube3_cluster0,3,268,cube4_cluster0,True,1.9502917623455507,1.647364270975602,0.07687503099945946
cube3_cluster0,3,268,cube13_cluster1,False,1.8268804023488407,1.5258508275032097,0.0763933896965144
cube3_cluster0,3,268,cube22_cluster0,False,1.737349010084811,1.4272352232269827,0.07869872381090967
cube3_cluster0,3,268,cube4_cluster0,True,1.754215041793612,1.6197009724913727,0.034136133372076376
cube3_cluster0,3,268,cube4_cluster0,True,1.3880527219286123,1.317387173153676,0.017933057934424103
cube3_cluster0,3,268,cube12_cluster0,True,1.6622592254081063,1.5461651407840697,0.02946162566482747
cube3_cluster0,3,268,cube12_cluster0,True,1.5646118227102586,1.522300375446467,0.010737532619855994
cube3_cluster0,3,268,cube4_cluster0,True,1.8623665671793617,1.8481586428657837,0.003605597554400881
cube3_cluster0,3,268,cube4_cluster0,True,1.9995974970874053,1.8515703814684839,0.03756538916459018
cube3_cluster0,3,268,cube13_cluster0,True,1.870714286680973,1.7548673337301297,0.029398910145176975
cube3_cluster0,3,268,cube13_cluster1,False,2.2713857029854108,1.778673921703254,0.12503729288012133
cube3_cluster0,3,268,cube4_cluster0,True,1.523670368903717,1.3447262377100444,0.04541131466963843
cube3_cluster0,3,268,cube22_cluster0,False,1.767813489016626,1.5918249088239198,0.04466127354992275
cube3_cluster0,3,268,cube13_cluster1,False,1.980266232048419,1.8863451105947346,0.02383471071114626
cube3_cluster0,3,268,cube22_cluster0,False,1.6423603065368035,1.4084343001598778,0.05936426869175826
cube3_cluster0,3,268,cube12_cluster0,True,2.0946731293618974,2.0665217528465876,0.00714407904183565
cube3_cluster0,3,268,cube13_cluster1,False,2.926935708233232,1.2866520158114427,0.4162608653726898
cube3_cluster0,3,268,cube12_cluster0,True,1.1836708008962773,1.1771658822976565,0.001650777275632705
cube3_cluster0,3,268,cube22_cluster0,False,1.8453873088768389,1.624422925830293,0.05607494955198636
cube3_cluster0,3,268,cube13_cluster1,False,2.363537295091273,1.8329083270499622,0.13465967774304707
cube3_cluster0,3,268,cube13_cluster1,False,1.6424021995738887,1.6326472943039378,0.0024755384254921834
cube3_cluster0,3,268,cube22_cluster0,False,2.4056421263123267,2.134899324752799,0.06870740311037324
cube3_cluster0,3,268,cube12_cluster0,True,1.9653692211733271,1.9008999608243746,0.016360602880328753
cube3_cluster0,3,268,cube12_cluster0,True,1.0027110423942742,0.9964267936690121,0.0015947770648945606
cube3_cluster0,3,268,cube13_cluster1,False,2.5111099652615656,1.9473534692431278,0.14306657316432453
cube3_cluster0,3,268,cube42_cluster1,False,3.014952150730334,2.6752575067114917,0.08620556744850608
cube3_cluster0,3,268,cube42_cluster1,False,3.6812700396876408,3.0747953168609503,0.1539073357351796
cube3_cluster0,3,268,cube4_cluster0,True,1.832485298218081,1.6319034059741713,0.05090240939984387
cube3_cluster0,3,268,cube12_cluster0,True,1.6747177243142135,1.5857594483468465,0.02257527103836911
cube3_cluster0,3,268,cube13_cluster1,False,3.2970936699243776,1.9331243040835413,0.3461395557304288
cube3_cluster0,3,268,cube22_cluster0,False,2.297428044925954,1.9461538468333603,0.089144153756252
cube3_cluster0,3,268,cube12_cluster0,True,1.8701700140574442,1.849640318146174,0.005209896937551227
cube3_cluster0,3,268,cube4_cluster0,True,1.683521292656617,1.6754837609317141,0.0020397141828123336
cube3_cluster0,3,268,cube23_cluster1,False,1.9869033555181286,1.8594614102103946,0.03234141428319163
cube3_cluster0,3,268,cube4_cluster0,True,1.446071988002634,1.3796906248620324,0.0168458442848557
cube3_cluster0,3,268,cube4_cluster0,True,2.2050484087124507,1.9663778295458083,0.0605683164942181
cube3_cluster0,3,268,cube22_cluster0,False,2.109256735774554,2.0963246466394145,0.003281824137702677
cube3_cluster0,3,268,cube13_cluster1,False,2.2464260054384675,1.3149434215784037,0.23638578389126255
cube3_cluster0,3,268,cube22_cluster0,False,1.8044512447442005,1.4961452496684708,0.0782399537974622
cube3_cluster0,3,268,cube13_cluster1,False,2.3110800624399617,1.6909109043583341,0.15738262327010227
cube3_cluster0,3,268,cube13_cluster1,False,2.0798891473526693,1.5512273316345737,0.1341604662150872
cube3_cluster0,3,268,cube4_cluster0,True,1.4030587105395922,1.2181418729797382,0.04692703047666014
cube3_cluster0,3,268,cube13_cluster0,True,1.2251612304297663,1.1390775406590854,0.021845776656787913
cube3_cluster0,3,268,cube4_cluster0,True,2.191375522564421,2.0021688915634375,0.048015667240120366
cube3_cluster0,3,268,cube4_cluster0,True,2.46994624460534,2.2930702048909235,0.04488648743834777
cube3_cluster0,3,268,cube13_cluster1,False,2.632720810331816,2.1982386744973152,0.11026014017393354
cube3_cluster0,3,268,cube23_cluster1,False,2.173264297403686,1.6222366522489549,0.1398363255552031
cube3_cluster0,3,268,cube13_cluster1,False,2.820291774456585,1.4884067313659841,0.3379973983617903
cube3_cluster0,3,268,cube13_cluster1,False,2.1032417542056434,1.640924946059187,0.11732384801756464
cube3_cluster0,3,268,cube13_cluster0,True,2.2495274308960065,2.183605083046158,0.016729358275130102
cube3_cluster0,3,268,cube13_cluster0,True,2.163826667622918,2.0072012864210884,0.03974740285452769
cube3_cluster0,3,268,cube22_cluster0,False,1.784985767609414,1.6247732428721,0.04065772555004396
cube3_cluster0,3,268,cube12_cluster0,True,2.2296252143043502,2.228827901078277,0.00020233712923660576
cube3_cluster0,3,268,cube12_cluster0,True,1.73665854268295,1.6973933690223395,0.009964468489498184
cube3_cluster0,3,268,cube13_cluster0,True,1.6502690997745546,1.412748559781454,0.06027646679541132
cube3_cluster0,3,268,cube4_cluster0,True,1.8433132872573406,1.6357483360194858,0.05267452613379518
cube3_cluster0,3,268,cube22_cluster0,False,1.8319789526960832,1.796082882166006,0.009109478714787338
cube3_cluster0,3,268,cube12_cluster0,True,1.2455041684767563,1.1889922974325489,0.014341226736187445
cube3_cluster0,3,268,cube22_cluster0,False,1.881754569860321,1.7753963462647224,0.026990920167010633
cube3_cluster0,3,268,cube13_cluster1,False,2.820473987226158,1.8708872857537633,0.24098013284378508
cube3_cluster0,3,268,cube12_cluster0,True,1.4559501844636238,1.4121854194183396,0.011106346453816899
cube3_cluster0,3,268,cube12_cluster0,True,1.2362515227037834,1.224216021368636,0.0030542937323029596
cube3_cluster0,3,268,cube13_cluster1,False,1.811503028093362,1.4547249365536858,0.09054089717312945
cube3_cluster0,3,268,cube23_cluster1,False,1.997098628376933,1.9136963068832291,0.021165315902033095
cube3_cluster0,3,268,cube13_cluster0,True,1.5990468647061373,1.4214468406336056,0.04507021562928059
cube3_cluster0,3,268,cube4_cluster0,True,1.8933979557572083,1.5727016559558171,0.08138428729974817
cube3_cluster0,3,268,cube4_cluster0,True,1.9982933291768006,1.9316925121303974,0.01690153591500506
cube3_cluster0,3,268,cube12_cluster0,True,1.3547085331078697,1.3297992988971405,0.006321308585967973
cube3_cluster0,3,268,cube4_cluster0,True,1.576791021612329,1.4991542749133209,0.019702164640761008
cube3_cluster0,3,268,cube12_cluster0,True,1.5266719904697303,1.5124958652993263,0.003597527768109118
cube3_cluster0,3,268,cube4_cluster0,True,1.6121005701769877,1.5498223090093122,0.01580458490646068
cube3_cluster0,3,268,cube13_cluster1,False,1.7744142278378465,1.666550761501796,0.027372911190046003
cube3_cluster0,3,268,cube13_cluster1,False,2.985839516474814,1.4586753346860084,0.3875541083622002
cube3_cluster0,3,268,cube13_cluster1,False,2.8451938328511845,0.7589637290231043,0.5294303372021364
cube3_cluster0,3,268,cube13_cluster0,True,1.3089847557297283,1.1402228770810914,0.04282732674399981
cube3_cluster0,3,268,cube4_cluster0,True,1.424268747815381,1.1250941252655422,0.07592265158490669
cube3_cluster0,3,268,cube12_cluster0,True,1.7883678169525248,1.7800898804851388,0.002100722584351683
cube3_cluster0,3,268,cube22_cluster0,False,2.066688421193861,1.9454763026056463,0.030760448092178563
cube3_cluster0,3,268,cube13_cluster1,False,2.0732684161485384,1.6610838508764791,0.10460160314103367
cube3_cluster0,3,268,cube4_cluster0,True,1.3621957832718965,1.3160899078127353,0.011700458710931809
cube3_cluster0,3,268,cube4_cluster0,True,1.7405734231270629,1.605024497501481,0.03439875269255197
cube3_cluster0,3,268,cube12_cluster0,True,2.288905273852793,2.211669746918063,0.019600345615762665
cube3_cluster0,3,268,cube4_cluster0,True,1.6615806717961967,1.399120962126985,0.066605372215258
cube3_cluster0,3,268,cube22_cluster0,False,1.520102656668859,1.4993457095822915,0.005267567309647965
cube3_cluster0,3,268,cube12_cluster0,True,1.7260173349468686,1.6955910591361159,0.00772138865829514
cube3_cluster0,3,268,cube12_cluster0,True,1.1976816822162997,1.0921676963317675,0.02677667483749088
cube3_cluster0,3,268,cube4_cluster0,True,1.5179240319027236,1.3941511290467734,0.031410307796475474
cube3_cluster0,3,268,cube12_cluster0,True,1.381937177409017,1.3339597347199876,0.012175413255872654
cube3_cluster0,3,268,cube12_cluster0,True,2.717555716268145,2.713820285818398,0.0009479540147445656
cube3_cluster0,3,268,cube12_cluster0,True,1.2011799639199867,1.078991197907852,0.031008295524743518
cube3_cluster0,3,268,cube12_cluster0,True,1.807913283270934,1.7628760870195042,0.011429256031863956
cube3_cluster0,3,268,cube12_cluster0,True,1.251540561809607,1.2488087053519397,0.0006932733272886392
cube3_cluster0,3,268,cube13_cluster0,True,1.7478346895258863,1.5998874284118818,0.03754512419123574
cube3_cluster0,3,268,cube12_cluster0,True,0.9487810417311064,0.9188252002180437,0.0076020048049031015
cube3_cluster0,3,268,cube12_cluster0,True,1.7023198780548847,1.5976561117890407,0.026560911457127433
cube3_cluster0,3,268,cube4_cluster0,True,1.6507116707512415,1.6095512574747795,0.010445430463471232
cube3_cluster0,3,268,cube12_cluster0,True,1.7874713511283,1.774413292718418,0.0033137918269243592
cube3_cluster0,3,268,cube22_cluster0,False,2.030550154637775,1.8959497953642148,0.034158031497565834
cube3_cluster0,3,268,cube13_cluster1,False,2.3271314264174654,1.5787235785077898,0.18992623035996456
cube3_cluster0,3,268,cube22_cluster0,False,1.596886518918261,1.4879546601211704,0.0276440411003444
cube3_cluster0,3,268,cube23_cluster1,False,2.5845536223114065,2.458314023866352,0.03203629026845598
cube3_cluster0,3,268,cube12_cluster0,True,1.550277575586347,1.5371737679551003,0.0033254017762052845
cube3_cluster0,3,268,cube13_cluster1,False,2.378316191807834,1.1262279773992134,0.3177470617190383
cube3_cluster0,3,268,cube13_cluster1,False,2.9160863207614898,2.111170567577017,0.2042664506881665
cube3_cluster0,3,268,cube22_cluster0,False,2.4754059990308708,2.110793797371603,0.0925289883020435
cube3_cluster0,3,268,cube12_cluster0,True,0.8832180184641597,0.7812350203317455,0.025880603003022466
cube3_cluster0,3,268,cube23_cluster1,False,1.8738202281821446,1.6783877954718536,0.04959561198939043
cube3_cluster0,3,268,cube12_cluster0,True,1.4248079554676532,1.3776290571529421,0.011972763693587803
cube3_cluster0,3,268,cube4_cluster0,True,1.6733595245544424,1.4661661596532636,0.052580227293429926
cube3_cluster0,3,268,cube13_cluster1,False,2.500431432961081,2.329024157592744,0.04349865886348859
cube3_cluster0,3,268,cube12_cluster0,True,1.4637848657972188,1.4093119108858267,0.01382380344057754
cube3_cluster0,3,268,cube12_cluster0,True,1.076736709998191,1.027488253535044,0.01249796312694628
cube3_cluster0,3,268,cube22_cluster0,False,1.7845657701752828,1.6051895181387175,0.04552097557576044
cube3_cluster0,3,268,cube12_cluster0,True,1.5997277225537765,1.5224599323796404,0.01960853317747345
cube3_cluster0,3,268,cube13_cluster0,True,1.6418438151416528,1.4905954905831753,0.0383828472829149
cube3_cluster0,3,268,cube13_cluster1,False,2.5680051502263415,1.1022604479136602,0.3719674596650324
cube3_cluster0,3,268,cube22_cluster0,False,2.481804105688796,2.3238344454883575,0.04008854551286687
cube3_cluster0,3,268,cube13_cluster0,True,1.619889877873828,1.351194668660513,0.06818777801996802
cube3_cluster0,3,268,cube12_cluster0,True,1.2945740132018095,1.2355042678718056,0.01499034796359427
cube3_cluster0,3,268,cube22_cluster0,False,2.141343970341625,1.8331265018500804,0.0782174880784456
cube3_cluster0,3,268,cube4_cluster0,True,1.9740010375664878,1.7643664902659064,0.053199735188803554
cube3_cluster0,3,268,cube23_cluster1,False,2.082781919955412,1.8374783134566712,0.0622516043974365
cube3_cluster0,3,268,cube23_cluster1,False,2.019251356871461,1.820611766677595,0.050409504217708796
cube3_cluster0,3,268,cube4_cluster0,True,1.7173258732814691,1.6558823530004863,0.015592749621221922
cube3_cluster0,3,268,cube12_cluster0,True,0.9874840602076849,0.9527618273094333,0.008811589593113909
cube3_cluster0,3,268,cube4_cluster0,True,0.7497532330406977,0.6888827101642255,0.015447337948497335
cube3_cluster0,3,268,cube13_cluster1,False,2.2839391624198293,1.8761963990898267,0.10347439061751908
cube3_cluster0,3,268,cube13_cluster1,False,2.17932033645204,1.576402606619658,0.15300466445412256
cube3_cluster0,3,268,cube13_cluster1,False,2.8448396979910293,1.8549915557289913,0.25119742773105186
cube3_cluster0,3,268,cube13_cluster0,True,1.570849187644373,1.453032982846402,0.029898654477093098
cube3_cluster0,3,268,cube12_cluster0,True,1.6626708136145576,1.6107538254603504,0.013175166293768671
cube3_cluster0,3,268,cube13_cluster1,False,2.1657752584604317,1.6972787039576365,0.11889210512940324
cube3_cluster0,3,268,cube4_cluster0,True,1.6093245334252866,1.5575712886941817,0.013133612519068256
cube3_cluster0,3,268,cube4_cluster0,True,1.6101406720235631,1.4960523103613905,0.028952625923099454
cube3_cluster0,3,268,cube12_cluster0,True,0.9447519977986291,0.8875831132583691,0.014507959483511516
cube3_cluster0,3,268,cube22_cluster0,False,1.7632286009703406,1.7128003594768313,0.012797361541965138
cube3_cluster0,3,268,cube42_cluster1,False,2.926805893977575,2.666721653669418,0.06600254056091222
cube3_cluster0,3,268,cube12_cluster0,True,1.1865375019726534,1.16477639948395,0.005522395543686356
cube3_cluster0,3,268,cube22_cluster0,False,1.83176137911527,1.7629950755929444,0.017451079435180792
cube3_cluster0,3,268,cube13_cluster1,False,2.850584567116295,2.1242378829189863,0.18432768716864623
cube3_cluster0,3,268,cube12_cluster0,True,1.3603977429657708,1.2973196742232787,0.01600755503581265
cube3_cluster0,3,268,cube12_cluster0,True,1.5879819180996335,1.5245847749223975,0.0160885277364122
cube4_cluster0,6,983,cube13_cluster0,True,1.9478810425528195,1.7888334507309784,0.04036209621120686
cube4_cluster0,6,983,cube14_cluster0,True,1.4893174336855095,0.9706572220696664,0.13162232211358008
cube4_cluster0,6,983,cube14_cluster0,True,1.8760866196421133,1.237249354135826,0.162120098005333
cube4_cluster0,6,983,cube24_cluster1,False,3.010050064874421,1.9306541057264428,0.2739223087509575
cube4_cluster0,6,983,cube5_cluster0,True,1.9373798000684666,1.5436633779951814,0.0999148740677243
cube4_cluster0,6,983,cube5_cluster0,True,1.6543292547686421,1.652054754033877,0.0005772084722407134
cube4_cluster0,6,983,cube5_cluster0,True,1.7563884045460116,1.4787897941982446,0.07044722708851009
cube4_cluster0,6,983,cube22_cluster0,False,1.965118766425572,1.6268864709829585,0.08583446183633067
cube4_cluster0,6,983,cube13_cluster1,True,2.3605996126117765,1.479393402899027,0.22362696228799284
cube4_cluster0,6,983,cube3_cluster0,True,1.8828216346567728,1.4700479127069472,0.10475111561235807
cube4_cluster0,6,983,cube12_cluster0,True,1.369467526896378,1.0684191072905955,0.07639817200106612
cube4_cluster0,6,983,cube14_cluster0,True,1.9471747791131842,1.288708362704135,0.16710146030202874
cube4_cluster0,6,983,cube23_cluster1,False,2.3485169749548502,1.728393284900014,0.15737108468060923
cube4_cluster0,6,983,cube5_cluster0,True,0.7954491639761206,0.717539225352332,0.01977149356693841
cube4_cluster0,6,983,cube14_cluster0,True,1.9836631853042843,1.3649814808590444,0.15700514665386506
cube4_cluster0,6,983,cube5_cluster0,True,1.202608918344395,0.9745143776058436,0.05788439606714123
cube4_cluster0,6,983,cube5_cluster0,True,1.0800334133942555,0.8550834901953123,0.057086374831942066
cube4_cluster0,6,983,cube5_cluster0,True,1.627130461818673,1.4096293746224642,0.0551960561420455
cube4_cluster0,6,983,cube5_cluster0,True,1.3368887469756658,1.27454839257845,0.015820342535206033
cube4_cluster0,6,983,cube13_cluster0,True,1.413815243409124,1.3631790666606667,0.012850130041442415
cube4_cluster0,6,983,cube13_cluster0,True,1.4505012442971112,1.2695152245339514,0.04592949229150728
cube4_cluster0,6,983,cube12_cluster0,True,2.2530484321990527,1.9761995702290647,0.0702569606669222
cube4_cluster0,6,983,cube13_cluster0,True,1.6614028459232926,1.6507872152886625,0.002693967887910746
cube4_cluster0,6,983,cube5_cluster0,True,1.5305845999778707,1.523506409079524,0.0017962587095337722
cube4_cluster0,6,983,cube3_cluster0,True,1.509163020190451,1.260395739186294,0.0631305939000786
cube4_cluster0,6,983,cube12_cluster0,True,1.4932093308861583,1.1697890347362063,0.08207556593804874
cube4_cluster0,6,983,cube5_cluster0,True,0.9755112606303097,0.8149780378387681,0.04073911028257092
cube4_cluster0,6,983,cube23_cluster1,False,2.0005539424620102,1.5307307789922877,0.11922876359838369
cube4_cluster0,6,983,cube13_cluster0,True,1.2639409457893251,1.0765578705404428,0.047552896745643135
cube4_cluster0,6,983,cube5_cluster0,True,0.9708017631174539,0.6875979258235856,0.07186968628259593
cube4_cluster0,6,983,cube5_cluster0,True,0.8744267962423494,0.6678209583629046,0.05243112838595026
cube4_cluster0,6,983,cube12_cluster0,True,1.8634191507088584,1.7506882780004487,0.028608130925534183
cube4_cluster0,6,983,cube13_cluster0,True,1.3920531216584522,1.3874172134219094,0.001176471596497142
cube4_cluster0,6,983,cube13_cluster0,True,1.3880508036212194,1.2187206133240562,0.04297154929508037
cube4_cluster0,6,983,cube22_cluster0,False,3.1202688134747083,3.062480279359134,0.014665210250339168
cube4_cluster0,6,983,cube13_cluster1,True,2.0400136394324146,1.71985161073694,0.08124870334319244
cube4_cluster0,6,983,cube14_cluster0,True,1.7656741726390677,1.370324805887019,0.10032927248443003
cube4_cluster0,6,983,cube14_cluster0,True,1.3890254853820856,1.1444200840585472,0.06207441828519249
cube4_cluster0,6,983,cube13_cluster1,True,2.3057278324846053,2.086092432107343,0.05573768869977087
cube4_cluster0,6,983,cube14_cluster0,True,1.4253418454224644,1.0639340509161705,0.09171579403530424
cube4_cluster0,6,983,cube5_cluster0,True,1.1592872998300243,0.6145296215140066,0.1382451728575331
cube4_cluster0,6,983,cube14_cluster0,True,1.6189706376202029,0.8240928547432671,0.2017190778001074
cube4_cluster0,6,983,cube13_cluster1,True,2.4146910613106383,1.9492247652138248,0.11812310523493103
cube4_cluster0,6,983,cube5_cluster0,True,0.7137787845048633,0.6272001957681755,0.021971368999633135
cube4_cluster0,6,983,cube5_cluster0,True,0.7663791520278271,0.7290108625695549,0.009483089162723739
cube4_cluster0,6,983,cube3_cluster0,True,1.957075473677027,1.676268623045916,0.07126139410293462
cube4_cluster0,6,983,cube13_cluster0,True,1.4866140044825722,1.3701320032143725,0.02956006870778269
cube4_cluster0,6,983,cube14_cluster0,True,2.146944431836,1.8657197154062182,0.07136743745370858
cube4_cluster0,6,983,cube22_cluster0,False,2.2076691232385235,2.1125768851222566,0.02413190932238114
cube4_cluster0,6,983,cube23_cluster1,False,2.5539562670886817,1.8692264683112907,0.1737664160793545
cube4_cluster0,6,983,cube5_cluster0,True,1.3354435906353623,1.2538921408254553,0.020695613342438933
cube4_cluster0,6,983,cube5_cluster0,True,1.2106162699228717,0.8263363762865732,0.09752013130984533
cube4_cluster0,6,983,cube23_cluster1,False,2.189442361655555,1.7610418445750087,0.10871678526704538
cube4_cluster0,6,983,cube5_cluster0,True,1.4673350886006513,1.1655715790982362,0.07657964301157898
cube4_cluster0,6,983,cube23_cluster1,False,2.1003792093262694,1.5076896758025613,0.15040901720948993
cube4_cluster0,6,983,cube13_cluster0,True,1.1796651600296655,1.147028601950051,0.008282300172690469
cube4_cluster0,6,983,cube13_cluster1,True,2.7716754866604227,1.4971148529579044,0.32344997076185433
cube4_cluster0,6,983,cube23_cluster1,False,2.1201695876946753,1.0256361610271467,0.27776379992614303
cube4_cluster0,6,983,cube3_cluster0,True,1.8050281096835123,1.1921857211423386,0.1555232818382597
cube4_cluster0,6,983,cube3_cluster0,True,2.0085252512275105,1.743073280947785,0.06736472926849679
cube4_cluster0,6,983,cube12_cluster0,True,1.467545086358676,1.043354230689726,0.10764848390538892
cube4_cluster0,6,983,cube23_cluster1,False,2.119099522693667,1.9674406996551987,0.03848702100195175
cube4_cluster0,6,983,cube13_cluster0,True,2.3971819809533708,2.391301713538837,0.0014922572320296631
cube4_cluster0,6,983,cube13_cluster0,True,2.4115184759919175,2.3318492984238235,0.02021794214698416
cube4_cluster0,6,983,cube5_cluster0,True,2.0161271929041042,1.7923731354078085,0.05678289556518266
cube4_cluster0,6,983,cube13_cluster0,True,2.144485938681536,2.0907404257838653,0.013639197787580397
cube4_cluster0,6,983,cube12_cluster0,True,1.8954786114814968,1.716135428418713,0.045512583539854164
cube4_cluster0,6,983,cube23_cluster1,False,2.512769655641817,1.6168297437992838,0.22736598842537523
cube4_cluster0,6,983,cube13_cluster0,True,1.2939525960805789,1.0974852680323088,0.04985824121075475
cube4_cluster0,6,983,cube14_cluster0,True,2.2975531777327025,1.6030320781158665,0.17625119074326287
cube4_cluster0,6,983,cube3_cluster0,True,2.2970553618351235,1.9757267585538367,0.08154474929478935
cube4_cluster0,6,983,cube22_cluster0,False,2.788175061136684,2.4513340810959106,0.08548138257580273
cube4_cluster0,6,983,cube3_cluster0,True,2.146675319344845,1.6488002428350594,0.12634760142586687
cube4_cluster0,6,983,cube14_cluster0,True,1.3423687928772172,1.0427029151246925,0.07604731923644381
cube4_cluster0,6,983,cube14_cluster0,True,1.7091343697884551,1.451864969204446,0.06528820826286368
cube4_cluster0,6,983,cube3_cluster0,True,1.809445231282374,1.7272073716776548,0.020869806097331776
cube4_cluster0,6,983,cube3_cluster0,True,1.6924910835856803,1.6197732775694265,0.018453866852530768
cube4_cluster0,6,983,cube3_cluster0,True,1.55573260978269,1.446257447669627,0.02778191719428555
cube4_cluster0,6,983,cube13_cluster0,True,1.762621305066476,1.6716223276847573,0.02309314739148407
cube4_cluster0,6,983,cube5_cluster0,True,1.0731325952770672,0.7169277244195102,0.09039542883841953
cube4_cluster0,6,983,cube3_cluster0,True,1.7056044178971659,1.6597467908405579,0.011637459794737244
cube4_cluster0,6,983,cube14_cluster0,True,1.7655368091885337,1.3863399809540748,0.09623018298402142
cube4_cluster0,6,983,cube5_cluster0,True,1.0741472572864255,0.9928131842114692,0.020640448843626584
cube4_cluster0,6,983,cube12_cluster0,True,2.0528030158201886,1.8761042194397148,0.04484150774129325
cube4_cluster0,6,983,cube12_cluster0,True,1.730177022170004,1.2111152959408071,0.13172421596351994
cube4_cluster0,6,983,cube3_cluster0,True,1.0318612614914078,0.9762520327176927,0.014112159865393683
cube4_cluster0,6,983,cube14_cluster0,True,1.5337198861794579,1.2155101520392355,0.08075326232601578
cube4_cluster0,6,983,cube5_cluster0,True,0.8438689497883979,0.8080448330610802,0.009091218731869783
cube4_cluster0,6,983,cube3_cluster0,True,1.7687409432663457,1.687586691420911,0.020594814944467042
cube4_cluster0,6,983,cube12_cluster0,True,1.3381364057119212,1.1127872245299966,0.0571876960084377
cube4_cluster0,6,983,cube5_cluster0,True,1.751594511562944,1.4537603218555581,0.0755824849798546
cube4_cluster0,6,983,cube5_cluster0,True,1.160492626216788,0.9703496642540901,0.04825328341480968
cube4_cluster0,6,983,cube13_cluster1,True,2.9680177135665944,1.6858440273221196,0.32538196329088065
cube4_cluster0,6,983,cube3_cluster0,True,2.1633720993352688,1.9625446626743985,0.05096472211560372
cube4_cluster0,6,983,cube14_cluster0,True,1.3521161851354122,0.8804489280409424,0.11969674606483874
cube4_cluster0,6,983,cube14_cluster0,True,1.5525158414359572,0.7153211612041258,0.2124579935097605
cube4_cluster0,6,983,cube5_cluster0,True,0.9581366172846381,0.9229983760646487,0.00891716156508975
cube4_cluster0,6,983,cube5_cluster0,True,1.0051445875070981,0.9613686349806005,0.011109185542343325
cube4_cluster0,6,983,cube13_cluster1,True,2.1550660786363127,1.5258508275032097,0.1596782837947091
cube4_cluster0,6,983,cube22_cluster0,False,1.6282369186362673,1.4272352232269827,0.051008944403338974
cube4_cluster0,6,983,cube23_cluster1,False,2.0143262649905975,1.2469363846810326,0.1947433709983893
cube4_cluster0,6,983,cube5_cluster0,True,1.142197205850666,0.9356215698311157,0.05242346394814986
cube4_cluster0,6,983,cube14_cluster0,True,1.2163164976955916,0.9077938065149681,0.0782949455702651
cube4_cluster0,6,983,cube13_cluster0,True,2.0936229201308927,1.85511897160052,0.060526030020742985
cube4_cluster0,6,983,cube12_cluster0,True,2.0809943641157553,1.5461651407840697,0.13572559207849727
cube4_cluster0,6,983,cube3_cluster0,True,1.3624958712816906,1.1082400396994807,0.06452344370027929
cube4_cluster0,6,983,cube23_cluster1,False,2.547207697211737,1.3131261003457968,0.3131774557201611
cube4_cluster0,6,983,cube5_cluster0,True,1.3837970101136576,1.0013496733278293,0.09705507657331063
cube4_cluster0,6,983,cube5_cluster0,True,1.7300901941848272,1.5539313046767347,0.0447044935754167
cube4_cluster0,6,983,cube14_cluster0,True,1.1725950618630698,0.6468274713363601,0.1334259879731125
cube4_cluster0,6,983,cube12_cluster0,True,1.7731232963182932,1.522300375446467,0.06365226123979793
cube4_cluster0,6,983,cube3_cluster0,True,1.4712036531528077,1.4428956506106798,0.00718382660853058
cube4_cluster0,6,983,cube13_cluster0,True,1.7864437675570402,1.7548673337301297,0.00801326851623256
cube4_cluster0,6,983,cube3_cluster0,True,1.3496872186045272,0.7203725021424153,0.1597035254794976
cube4_cluster0,6,983,cube22_cluster0,False,1.7577567091213289,1.5918249088239198,0.04210912728313992
cube4_cluster0,6,983,cube3_cluster0,True,1.3971242820781897,1.297798078083851,0.025206378518476426
cube4_cluster0,6,983,cube3_cluster0,True,1.6665362423608927,1.4385021408227563,0.057869058187490614
cube4_cluster0,6,983,cube5_cluster0,True,1.5965076572586452,1.530125117460197,0.01684614288967369
cube4_cluster0,6,983,cube14_cluster0,True,1.9052462352830208,1.7068313632908085,0.05035247664771128
cube4_cluster0,6,983,cube13_cluster1,True,2.3258790773447187,1.6239021512508696,0.17814328343169764
cube4_cluster0,6,983,cube5_cluster0,True,1.6237413294212788,1.5292653839858634,0.023975510447089426
cube4_cluster0,6,983,cube5_cluster0,True,2.1747455843439636,1.91380015529559,0.06622108761585642
cube4_cluster0,6,983,cube14_cluster0,True,2.3020991578548116,1.8183997990516625,0.12275017706134661
cube4_cluster0,6,983,cube23_cluster1,False,1.9670590683539175,1.616431252217079,0.08898011901426985
cube4_cluster0,6,983,cube5_cluster0,True,1.2675643435690478,1.1834664325636648,0.02134183822766094
cube4_cluster0,6,983,cube13_cluster0,True,0.8668842890271016,0.7002144874867686,0.04229641259082474
cube4_cluster0,6,983,cube22_cluster0,False,1.5771561899525108,1.4084343001598778,0.04281717862396281
cube4_cluster0,6,983,cube13_cluster0,True,0.6171265178953964,0.590432038261702,0.0067743569263858374
cube4_cluster0,6,983,cube23_cluster1,False,2.142805901282438,1.5691851295270534,0.14556986693814356
cube4_cluster0,6,983,cube5_cluster0,True,1.7455803712195006,1.3875678036470716,0.09085417472630496
cube4_cluster0,6,983,cube5_cluster0,True,1.0224926336087932,1.0194600815137915,0.0007695819724265993
cube4_cluster0,6,983,cube5_cluster0,True,1.6788202348520793,1.3357422181101184,0.08706417847055696
cube4_cluster0,6,983,cube12_cluster0,True,2.1754549198314677,2.0665217528465876,0.027644373084002968
cube4_cluster0,6,983,cube13_cluster0,True,1.0368278519304803,1.0307196873473208,0.0015500915402449765
cube4_cluster0,6,983,cube14_cluster0,True,2.4699564921802204,2.3374765528386443,0.03361992468109315
cube4_cluster0,6,983,cube5_cluster0,True,1.285161500746925,1.0041515637858225,0.07131293207277374
cube4_cluster0,6,983,cube14_cluster0,True,1.2363401231014652,0.8724727034845546,0.09233998220578227
cube4_cluster0,6,983,cube5_cluster0,True,1.3943943493192688,1.1783147556187406,0.054835318474916676
cube4_cluster0,6,983,cube13_cluster1,True,3.3897747281135815,1.2866520158114427,0.533717236995325
cube4_cluster0,6,983,cube5_cluster0,True,1.1322939423182339,0.8194252885138484,0.07939783659515456
cube4_cluster0,6,983,cube13_cluster0,True,1.3539247913018526,1.2775880444231338,0.019372258873436674
cube4_cluster0,6,983,cube13_cluster0,True,1.702043928648792,1.4958140433941067,0.05233572149649293
cube4_cluster0,6,983,cube14_cluster0,True,1.9181007023893613,1.4307820000131248,0.1236686712796181
cube4_cluster0,6,983,cube22_cluster0,False,2.0476786103141014,1.624422925830293,0.10741116205149433
cube4_cluster0,6,983,cube3_cluster0,True,1.9542848717740844,1.7509365378836703,0.05160445953854684
cube4_cluster0,6,983,cube13_cluster0,True,1.1882799775235158,0.9291822846904576,0.0657521807557071
cube4_cluster0,6,983,cube3_cluster0,True,1.5562927838203018,1.3205479509996028,0.059825839012152035
cube4_cluster0,6,983,cube5_cluster0,True,1.2389588281195265,1.1031481665618,0.03446517438906521
cube4_cluster0,6,983,cube5_cluster0,True,1.1490060096972399,1.08183785766315,0.017045510615248522
cube4_cluster0,6,983,cube5_cluster0,True,1.0119593798179107,0.9290367627337731,0.021043579538029916
cube4_cluster0,6,983,cube13_cluster1,True,3.0333584772001667,1.306910487228353,0.4381270981640722
cube4_cluster0,6,983,cube13_cluster1,True,2.8546289899018635,1.8329083270499622,0.2592858352813074
cube4_cluster0,6,983,cube5_cluster0,True,1.1103031963435919,0.7370018152203418,0.09473407354416748
cube4_cluster0,6,983,cube13_cluster0,True,1.0989926815427824,0.9299539963782878,0.04289757295833705
cube4_cluster0,6,983,cube13_cluster1,True,2.0932335233259707,1.6326472943039378,0.11688467254611624
cube4_cluster0,6,983,cube22_cluster0,False,2.5848489045082124,2.134899324752799,0.11418537068214919
cube4_cluster0,6,983,cube3_cluster0,True,2.0587427576329036,2.012101627413848,0.011836292292999286
cube4_cluster0,6,983,cube13_cluster0,True,1.6219344998508531,1.4326391344169456,0.04803818570568093
cube4_cluster0,6,983,cube5_cluster0,True,1.1774475378063791,0.8923329046373003,0.07235459602609971
cube4_cluster0,6,983,cube13_cluster0,True,1.8593389655697234,1.8491600819182725,0.00258313298904111
cube4_cluster0,6,983,cube13_cluster0,True,1.9570132954682655,1.837072061342822,0.03043793103692403
cube4_cluster0,6,983,cube13_cluster0,True,1.0683933640493966,1.0168135344359082,0.013089604322643913
cube4_cluster0,6,983,cube3_cluster0,True,1.489289680452132,1.4100501216623595,0.02010891619905169
cube4_cluster0,6,983,cube3_cluster0,True,1.585945723469739,1.1889972929751913,0.10073507281050408
cube4_cluster0,6,983,cube13_cluster0,True,1.6077696429893755,1.3700679054895935,0.060322449957521056
cube4_cluster0,6,983,cube15_cluster1,False,1.969282657740693,1.9252538830522115,0.01117334515840185
cube4_cluster0,6,983,cube13_cluster0,True,1.4257795298119544,1.417401562595581,0.0021261077578614957
cube4_cluster0,6,983,cube13_cluster0,True,1.5498192382126812,1.4050691239964126,0.036733772386347514
cube4_cluster0,6,983,cube5_cluster0,True,0.980751432535189,0.8148382219130914,0.04210440971241244
cube4_cluster0,6,983,cube14_cluster0,True,1.367975675136503,1.0956335273885682,0.06911327511379116
cube4_cluster0,6,983,cube14_cluster0,True,2.139116624654191,1.5263438235236695,0.15550562238342822
cube4_cluster0,6,983,cube24_cluster1,False,2.784989773317777,1.390356679123715,0.3539212035995369
cube4_cluster0,6,983,cube13_cluster0,True,1.2888940926160506,1.169864004183782,0.03020670622107426
cube4_cluster0,6,983,cube14_cluster0,True,1.755623517037323,1.351770673298199,0.10248723132147151
cube4_cluster0,6,983,cube14_cluster0,True,1.5900429316714426,1.2593110149157487,0.08393106296864429
cube4_cluster0,6,983,cube13_cluster0,True,1.2517942335485548,1.169583531757351,0.020862914158450856
cube4_cluster0,6,983,cube12_cluster0,True,2.2995694560578537,1.973692094106388,0.08269910462318049
cube4_cluster0,6,983,cube13_cluster0,True,1.307651399028285,1.1613893775625064,0.037117454686520286
cube4_cluster0,6,983,cube14_cluster0,True,1.5113775494276536,1.1902622537564884,0.08149061743284984
cube4_cluster0,6,983,cube14_cluster0,True,1.2343773545674037,0.8811804836341568,0.0896320775612477
cube4_cluster0,6,983,cube5_cluster0,True,1.7848649547465665,1.4026231739067452,0.0970029118798721
cube4_cluster0,6,983,cube14_cluster0,True,1.5755040311857569,1.1975798332577903,0.09590722287954226
cube4_cluster0,6,983,cube14_cluster0,True,2.1862178194007367,1.5703679793237466,0.1562864939488532
cube4_cluster0,6,983,cube5_cluster0,True,1.9879188699890584,1.8013715059580464,0.04734081521586902
cube4_cluster0,6,983,cube14_cluster0,True,1.8075189968013299,1.4260667378085952,0.09680255199772655
cube4_cluster0,6,983,cube5_cluster0,True,1.6339251029767874,1.566515185091381,0.0171068644304157
cube4_cluster0,6,983,cube14_cluster0,True,1.7468197612584537,1.5053835256678392,0.061270167364092
cube4_cluster0,6,983,cube14_cluster0,True,1.8676057740764678,1.49321932106574,0.09500943625426438
cube4_cluster0,6,983,cube3_cluster0,True,1.246172991722082,1.043406798571149,0.05145672752785587
cube4_cluster0,6,983,cube13_cluster1,True,3.301717508554302,0.30902376734906983,0.7594669704179364
cube4_cluster0,6,983,cube14_cluster0,True,2.3562619724036056,1.6001397414684158,0.19188393790095448
cube4_cluster0,6,983,cube23_cluster1,False,2.9263769077615733,1.5218643354561385,0.35642835533619704
cube4_cluster0,6,983,cube14_cluster0,True,2.1079306952037005,1.7448005751800664,0.09215287495832615
cube4_cluster0,6,983,cube5_cluster0,True,1.6033458925028055,1.1284764593676062,0.12050937413396362
cube4_cluster0,6,983,cube13_cluster0,True,1.37567403407143,1.2989940216438998,0.019459370642614774
cube4_cluster0,6,983,cube5_cluster0,True,1.0210265021671516,0.720765763686395,0.07619827924577272
cube4_cluster0,6,983,cube5_cluster0,True,0.9688236957011696,0.8562377523678575,0.028571351661450285
cube4_cluster0,6,983,cube13_cluster0,True,1.1805615088609354,1.0137945482589776,0.04232106900560078
cube4_cluster0,6,983,cube13_cluster1,True,2.7076351784515422,1.9329475589987113,0.1965953452788596
cube4_cluster0,6,983,cube3_cluster0,True,1.5112222956851935,1.0275580141785563,0.12274127536594573
cube4_cluster0,6,983,cube22_cluster0,False,2.125768798300738,2.0963246466394145,0.007472151376821399
cube4_cluster0,6,983,cube13_cluster1,True,2.447720122435838,1.6619290446176354,0.19941311101606277
cube4_cluster0,6,983,cube5_cluster0,True,1.7472865639077377,1.7115448805459563,0.009070299311508392
cube4_cluster0,6,983,cube13_cluster1,True,2.619926816224834,1.3149434215784037,0.33117046743937834
cube4_cluster0,6,983,cube5_cluster0,True,0.9949247341651403,0.874316304320817,0.030607247764632143
cube4_cluster0,6,983,cube22_cluster0,False,1.7586866233250105,1.4961452496684708,0.066626096387663
cube4_cluster0,6,983,cube3_cluster0,True,1.5604722518165994,1.514150199621408,0.011755318681575384
cube4_cluster0,6,983,cube14_cluster0,True,1.8624890479335656,1.339107705520779,0.1328204209547457
cube4_cluster0,6,983,cube14_cluster0,True,2.3075495776225003,1.7214424632860441,0.14873857232255347
cube4_cluster0,6,983,cube5_cluster0,True,0.9117540993958113,0.8682275116374624,0.011045903321918545
cube4_cluster0,6,983,cube14_cluster0,True,1.335828522438279,1.165171413138816,0.04330828644288518
cube4_cluster0,6,983,cube23_cluster1,False,1.9729900314656137,1.3142345276579621,0.16717482308144704
cube4_cluster0,6,983,cube14_cluster0,True,2.1253131437525252,1.4487664685175587,0.17168975452199178
cube4_cluster0,6,983,cube13_cluster1,True,2.1706061084288475,1.6122737711717239,0.1416900643138525
cube4_cluster0,6,983,cube13_cluster0,True,1.3163252796533622,1.1390775406590854,0.044980814940723014
cube4_cluster0,6,983,cube13_cluster0,True,1.286067464539197,1.0628771215443384,0.056639839649138685
cube4_cluster0,6,983,cube5_cluster0,True,1.1665888948830996,0.8809459591149612,0.07248866533257345
cube4_cluster0,6,983,cube3_cluster0,True,1.9221119136254532,1.844424502659206,0.019715021899430203
cube4_cluster0,6,983,cube13_cluster0,True,1.8318610761892504,1.681143623221289,0.03824812603396817
cube4_cluster0,6,983,cube3_cluster0,True,1.4266118924624298,1.3740333505738995,0.013343051234167779
cube4_cluster0,6,983,cube13_cluster0,True,1.4205442974472926,1.4190005533592225,0.0003917616525622333
cube4_cluster0,6,983,cube13_cluster1,True,2.8318743028231457,2.1982386744973152,0.16080005928026656
cube4_cluster0,6,983,cube13_cluster0,True,1.4067685541892636,1.3055501357068084,0.02568657279458432
cube4_cluster0,6,983,cube23_cluster1,False,2.7485908138228092,1.9381637028635417,0.20566508835512237
cube4_cluster0,6,983,cube5_cluster0,True,0.9869114631728353,0.9434323670005719,0.011033851206291708
cube4_cluster0,6,983,cube23_cluster1,False,2.4628640474024963,1.6222366522489549,0.2133291262842253
cube4_cluster0,6,983,cube5_cluster0,True,1.437395551229494,1.3249341470650782,0.028539746895483862
cube4_cluster0,6,983,cube14_cluster0,True,1.2456876783165658,0.9627558201630996,0.07180066512920025
cube4_cluster0,6,983,cube23_cluster0,False,2.006823096794127,2.001740278118064,0.0012898857133101795
cube4_cluster0,6,983,cube14_cluster0,True,1.792137884098209,1.650057801307412,0.036056188626371104
cube4_cluster0,6,983,cube14_cluster0,True,1.8148801710408562,1.5252549928054508,0.07349925374676478
cube4_cluster0,6,983,cube5_cluster0,True,1.2835842327756166,1.2095800961392684,0.018780303736314747
cube4_cluster0,6,983,cube13_cluster1,True,2.170722761087631,1.5983120172847844,0.1452627936647972
cube4_cluster0,6,983,cube5_cluster0,True,1.0578979899491372,0.88960458193981,0.042708441215464917
cube4_cluster0,6,983,cube3_cluster0,True,1.5613588020579652,1.1877164979750177,0.09482059082583329
cube4_cluster0,6,983,cube13_cluster0,True,1.6940645640784266,1.5926510950469195,0.025736071494543915
cube4_cluster0,6,983,cube13_cluster0,True,1.922008338817066,1.7751328716545152,0.037273131072121914
cube4_cluster0,6,983,cube14_cluster0,True,1.3539444153199063,0.8463940784544051,0.12880292806660792
cube4_cluster0,6,983,cube14_cluster0,True,1.702219411758467,1.4100569925034894,0.07414313879381228
cube4_cluster0,6,983,cube3_cluster0,True,1.4992780265252323,1.0195763453425166,0.12173567161119139
cube4_cluster0,6,983,cube13_cluster0,True,1.7236543505905046,1.6504641288441884,0.01857375354135172
cube4_cluster0,6,983,cube23_cluster1,False,2.06502342206551,1.1618983839917219,0.22918938451024295
cube4_cluster0,6,983,cube14_cluster0,True,1.1689719923434985,0.8564600798159753,0.07930730504057842
cube4_cluster0,6,983,cube13_cluster0,True,0.9706160981692421,0.860891282818049,0.027845272620805512
cube4_cluster0,6,983,cube13_cluster0,True,1.4872452387292747,1.317246474916607,0.04314121567133891
cube4_cluster0,6,983,cube3_cluster0,True,1.8142896862176239,1.7147295096744595,0.025265754598417702
cube4_cluster0,6,983,cube3_cluster0,True,1.627978417622855,1.585503291549724,0.010779069997282554
cube4_cluster0,6,983,cube13_cluster1,True,3.2414583555340566,1.4884067313659841,0.4448784009074671
cube4_cluster0,6,983,cube5_cluster0,True,1.319737513697582,1.1595812610211702,0.04064344518081532
cube4_cluster0,6,983,cube13_cluster1,True,2.6734074509150245,1.640924946059187,0.26201690776971853
cube4_cluster0,6,983,cube5_cluster0,True,1.2009144844940118,1.0834699680713507,0.029804329742005923
cube4_cluster0,6,983,cube5_cluster0,True,2.0248062614191027,1.692612244803109,0.0843021054632576
cube4_cluster0,6,983,cube13_cluster0,True,2.091820504856113,2.0226596257318454,0.01755121234650473
cube4_cluster0,6,983,cube13_cluster0,True,2.2021160313272046,2.183605083046158,0.00469759187751296
cube4_cluster0,6,983,cube13_cluster0,True,2.0350429398886605,2.0072012864210884,0.007065479477337846
cube4_cluster0,6,983,cube13_cluster0,True,1.3150373481934745,1.2196130164434613,0.024216185953311913
cube4_cluster0,6,983,cube22_cluster0,False,1.7442464085090985,1.6247732428721,0.030319147563702912
cube4_cluster0,6,983,cube3_cluster0,True,1.7296417151037082,1.6396241164101537,0.022844099288475472
cube4_cluster0,6,983,cube12_cluster0,True,2.0682871949095465,1.6973933690223395,0.0941230993385359
cube4_cluster0,6,983,cube3_cluster0,True,1.5548918921680428,1.2200420733339576,0.08497607822459696
cube4_cluster0,6,983,cube14_cluster0,True,2.294199886747459,2.0200107612456244,0.06958198949637899
cube4_cluster0,6,983,cube13_cluster0,True,1.6282352020394417,1.412748559781454,0.054684842992086355
cube4_cluster0,6,983,cube22_cluster0,False,1.8485981449754967,1.796082882166006,0.013326992668004684
cube4_cluster0,6,983,cube13_cluster0,True,1.1336992459274062,1.1049460896058374,0.0072967949312116665
cube4_cluster0,6,983,cube5_cluster0,True,1.75762195775864,1.6419145707505491,0.029363491979176152
cube4_cluster0,6,983,cube5_cluster0,True,1.8620615356953107,1.6690493102125594,0.04898142704103588
cube4_cluster0,6,983,cube3_cluster0,True,1.671023244569822,1.376537730904517,0.07473267906300657
cube4_cluster0,6,983,cube12_cluster0,True,1.9639547261392813,1.4121854194183396,0.14002453975667978
cube4_cluster0,6,983,cube3_cluster0,True,1.886746955190649,1.649990527351252,0.06008255522522869
cube4_cluster0,6,983,cube3_cluster0,True,1.4833853759402147,1.0997261541429662,0.09736262111936483
cube4_cluster0,6,983,cube5_cluster0,True,1.1231388987262956,0.9820952433773611,0.03579317059733208
cube4_cluster0,6,983,cube13_cluster0,True,1.896467321040991,1.6514988620072668,0.0621665527844382
cube4_cluster0,6,983,cube13_cluster0,True,1.5439312268909662,1.4636345446343628,0.020377186334968905
cube4_cluster0,6,983,cube22_cluster0,False,2.4772091786511568,2.411224793499868,0.016745101710794477
cube4_cluster0,6,983,cube13_cluster0,True,1.2586888557711855,1.2527676711478637,0.0015026409435896543
cube4_cluster0,6,983,cube12_cluster0,True,1.6567817342208855,1.224216021368636,0.10977380241864311
cube4_cluster0,6,983,cube12_cluster0,True,1.3995453273930716,1.3753223471717586,0.006147155370387286
cube4_cluster0,6,983,cube13_cluster0,True,0.7880609737389263,0.6994494046791078,0.022487285942843487
cube4_cluster0,6,983,cube3_cluster0,True,1.6014517825573005,1.5696440715791162,0.008071960575158065
cube4_cluster0,6,983,cube23_cluster1,False,2.1649528057317373,1.754590873340897,0.10413906684691691
cube4_cluster0,6,983,cube13_cluster0,True,1.052709000080171,0.9219088957711568,0.033193626725704035
cube4_cluster0,6,983,cube23_cluster1,False,2.5585319131198463,2.220425458184073,0.0858025268250163
cube4_cluster0,6,983,cube13_cluster0,True,1.2857255286995748,1.2831200953153006,0.000661190475903358
cube4_cluster0,6,983,cube5_cluster0,True,1.5067939520507705,1.3528907716864818,0.03905657986970607
cube4_cluster0,6,983,cube24_cluster2,False,2.804314446100627,1.5000987428529438,0.3309756475509298
cube4_cluster0,6,983,cube5_cluster0,True,1.3716348356681458,1.3693284179428467,0.0005853081650933478
cube4_cluster0,6,983,cube5_cluster0,True,1.352855130717,1.2560290695690912,0.024571908012174116
cube4_cluster0,6,983,cube13_cluster1,True,2.2143713304985346,1.4547249365536858,0.19277827779526213
cube4_cluster0,6,983,cube13_cluster0,True,2.135765977644441,2.0727364911457076,0.01599522613995023
cube4_cluster0,6,983,cube5_cluster0,True,1.3282762325418678,1.0633583032131446,0.06722920371920568
cube4_cluster0,6,983,cube23_cluster1,False,2.0878452838356907,1.5961101065365584,0.1247894564717132
cube4_cluster0,6,983,cube5_cluster0,True,1.2710783119934632,1.215853513289891,0.014014601623235742
cube4_cluster0,6,983,cube23_cluster1,False,2.8741046312101264,2.3951299143812603,0.1215511871757083
cube4_cluster0,6,983,cube14_cluster0,True,1.2053440077408266,0.9499871478209619,0.06480285573781248
cube4_cluster0,6,983,cube22_cluster0,False,2.6867103520251114,2.546193244655053,0.03565954656731841
cube4_cluster0,6,983,cube23_cluster1,False,2.460648172036559,1.9136963068832291,0.13880199977467478
cube4_cluster0,6,983,cube13_cluster0,True,1.607380629975393,1.4214468406336056,0.04718510609537516
cube4_cluster0,6,983,cube3_cluster0,True,2.380241415131981,1.808666358085474,0.14505071834271624
cube4_cluster0,6,983,cube13_cluster0,True,0.9818016202293639,0.9586999727058906,0.005862590620198085
cube4_cluster0,6,983,cube12_cluster0,True,2.376096287536673,2.048232183079949,0.08320328762416525
cube4_cluster0,6,983,cube3_cluster0,True,1.7000111103366442,1.6728169756716953,0.006901156233517112
cube4_cluster0,6,983,cube12_cluster0,True,1.1727952525446736,0.9718991374110458,0.05098215090590057
cube4_cluster0,6,983,cube13_cluster0,True,1.7786829496364824,1.621825903671164,0.03980619327924003
cube4_cluster0,6,983,cube5_cluster0,True,1.028928855486715,0.8302026783686437,0.05043147770203118
cube4_cluster0,6,983,cube5_cluster0,True,1.1559405210422227,0.9454833907653114,0.05340848511611788
cube4_cluster0,6,983,cube5_cluster0,True,1.2478167465272716,1.231190223465876,0.004219374312901364
cube4_cluster0,6,983,cube12_cluster0,True,1.5310362709922027,1.3297992988971405,0.051068651438942805
cube4_cluster0,6,983,cube12_cluster0,True,1.8988100855397767,1.5124958652993263,0.09803638990377468
cube4_cluster0,6,983,cube13_cluster0,True,1.5473987023546059,1.5418996033201535,0.001395526721034202
cube4_cluster0,6,983,cube13_cluster0,True,1.8857825233372973,1.8143919940460305,0.018117038924115293
cube4_cluster0,6,983,cube13_cluster0,True,1.2575966636101386,1.0803698568379247,0.04497550289323368
cube4_cluster0,6,983,cube14_cluster0,True,1.3943169903547614,0.8785653370218593,0.1308842065098967
cube4_cluster0,6,983,cube13_cluster0,True,1.9940186076649198,1.8227925403641703,0.043452673021298654
cube4_cluster0,6,983,cube14_cluster0,True,1.570945974769813,1.103995582158547,0.11849972990190584
cube4_cluster0,6,983,cube14_cluster0,True,1.9297731307485233,1.3607376203925539,0.1444062481770117
cube4_cluster0,6,983,cube13_cluster1,True,2.0802934300022486,1.666550761501796,0.10499700876579691
cube4_cluster0,6,983,cube23_cluster1,False,2.077941558518326,1.8469965885719197,0.05860776004023134
cube4_cluster0,6,983,cube13_cluster1,True,3.3638087377622514,1.4586753346860084,0.48347275698636333
cube4_cluster0,6,983,cube5_cluster0,True,0.9490107328266664,0.8868736056968045,0.015768768799170652
cube4_cluster0,6,983,cube23_cluster1,False,1.788186918698321,1.4127423118484574,0.09527796787157615
cube4_cluster0,6,983,cube5_cluster0,True,1.3403866927468433,1.31150131662758,0.0073303488387838735
cube4_cluster0,6,983,cube13_cluster1,True,3.1722088707862484,0.7589637290231043,0.61241815407164
cube4_cluster0,6,983,cube3_cluster0,True,1.3528363975239344,1.0943438875804519,0.06559860125327874
cube4_cluster0,6,983,cube13_cluster0,True,1.2133445495032031,1.1402228770810914,0.018556357525561326
cube4_cluster0,6,983,cube23_cluster1,False,2.773417985487899,1.8405050547383246,0.23674876831692115
cube4_cluster0,6,983,cube14_cluster0,True,1.2489686153595883,0.6486790395321593,0.15233770808219196
cube4_cluster0,6,983,cube12_cluster0,True,2.2733605673339703,1.7800898804851388,0.12517912841498668
cube4_cluster0,6,983,cube22_cluster0,False,2.086397232935,1.9454763026056463,0.03576202621475388
cube4_cluster0,6,983,cube3_cluster0,True,2.0191937383911918,1.8090213536161823,0.05333622419590008
cube4_cluster0,6,983,cube23_cluster1,False,2.6154387958538843,1.9800875388924821,0.16123544071080853
cube4_cluster0,6,983,cube5_cluster0,True,1.3172603619494292,1.22688556552037,0.022934746680251205
cube4_cluster0,6,983,cube13_cluster0,True,1.542187771774482,1.377879074416333,0.04169722644110462
cube4_cluster0,6,983,cube13_cluster1,True,3.378718925638131,2.240228165667073,0.28891901513979146
cube4_cluster0,6,983,cube5_cluster0,True,1.5757921216559738,1.243417203449501,0.0843480135296171
cube4_cluster0,6,983,cube14_cluster0,True,1.961092140375506,1.1647283490715812,0.20209618766020498
cube4_cluster0,6,983,cube13_cluster0,True,1.8655736038241828,1.7105860296031525,0.039331770513432826
cube4_cluster0,6,983,cube13_cluster1,True,2.4358029219967654,1.6610838508764791,0.19660332688495183
cube4_cluster0,6,983,cube13_cluster0,True,1.5454912083445178,1.4893646876050934,0.014243434962677957
cube4_cluster0,6,983,cube5_cluster0,True,1.0704665848406776,0.8406161729807915,0.05832998998228313
cube4_cluster0,6,983,cube3_cluster0,True,1.3064517684735597,0.644268763919419,0.16804463263536182
cube4_cluster0,6,983,cube14_cluster0,True,1.6925508190051082,1.2608011200976543,0.10956671953878143
cube4_cluster0,6,983,cube5_cluster0,True,1.7011545956901826,1.6163216541457905,0.021528369648814993
cube4_cluster0,6,983,cube14_cluster0,True,1.4386904325276273,1.0847887380299805,0.0898109432466213
cube4_cluster0,6,983,cube5_cluster0,True,1.0061666451332358,0.7781193314250094,0.05787241108880916
cube4_cluster0,6,983,cube13_cluster1,True,2.4465058984909778,1.7089200700565856,0.18717988641185732
cube4_cluster0,6,983,cube23_cluster1,False,2.362313692127578,1.4421309134049853,0.23351819050677805
cube4_cluster0,6,983,cube14_cluster0,True,2.316490049916377,2.109487898469509,0.05253170234720873
cube4_cluster0,6,983,cube3_cluster0,True,1.3215768851120087,0.8807239468745603,0.11187688228605808
cube4_cluster0,6,983,cube14_cluster0,True,1.715022412358821,1.2847384896877738,0.1091947440765926
cube4_cluster0,6,983,cube13_cluster0,True,1.6506778914701978,1.5007828303345803,0.038039424613970856
cube4_cluster0,6,983,cube14_cluster0,True,1.3270076723470094,0.9310270798716941,0.10048946097318136
cube4_cluster0,6,983,cube5_cluster0,True,1.3983725771675732,1.0373721690922892,0.09161241007245882
cube4_cluster0,6,983,cube3_cluster0,True,2.0761616135068404,1.6713784793505215,0.1027233145648145
cube4_cluster0,6,983,cube5_cluster0,True,1.6172894723361593,1.5769386126384517,0.010239987054617764
cube4_cluster0,6,983,cube13_cluster0,True,1.323593390457407,1.0977084647230182,0.05732365388697896
cube4_cluster0,6,983,cube14_cluster0,True,1.3844184828119916,0.9719824843446659,0.10466541027386599
cube4_cluster0,6,983,cube13_cluster0,True,0.9896595254924051,0.8714759301701124,0.029991888530623206
cube4_cluster0,6,983,cube5_cluster0,True,1.2119129973967773,1.1282276902007995,0.021237130231384085
cube4_cluster0,6,983,cube5_cluster0,True,1.0445208175873721,0.8640644254930694,0.04579508671716527
cube4_cluster0,6,983,cube22_cluster0,False,1.5250494377824577,1.4993457095822915,0.006522930267085952
cube4_cluster0,6,983,cube12_cluster0,True,2.2021274994933333,1.6955910591361159,0.1285456277959984
cube4_cluster0,6,983,cube5_cluster0,True,1.3316509048163592,1.3056731061941143,0.0065924821327751765
cube4_cluster0,6,983,cube3_cluster0,True,2.169650605108903,1.7217636056570538,0.11366194204231761
cube4_cluster0,6,983,cube14_cluster0,True,1.469228631145367,1.026761511146672,0.11228651916772052
cube4_cluster0,6,983,cube5_cluster0,True,0.960523479666867,0.6926034251974675,0.06799106413078483
cube4_cluster0,6,983,cube3_cluster0,True,1.5531448134199946,1.3376725787631658,0.054681186721799634
cube4_cluster0,6,983,cube3_cluster0,True,1.8843867032085977,1.801272008253575,0.021092323850445502
cube4_cluster0,6,983,cube13_cluster1,True,2.4541070138273153,1.9779608393627677,0.12083337750793302
cube4_cluster0,6,983,cube5_cluster0,True,1.3247686740344948,0.978236485334068,0.08794075647667869
cube4_cluster0,6,983,cube6_cluster0,False,1.7774796764655771,1.7073690997669801,0.01779222061596389
cube4_cluster0,6,983,cube12_cluster0,True,1.7595588241108693,1.0921676963317675,0.1693663173479551
cube4_cluster0,6,983,cube5_cluster0,True,1.5242341041624332,1.3024550265148058,0.05628169761710911
cube4_cluster0,6,983,cube14_cluster0,True,1.6980163095617922,1.1662058774266721,0.13495950226021314
cube4_cluster0,6,983,cube13_cluster0,True,1.43428829344208,1.2890282398230175,0.03686318159651969
cube4_cluster0,6,983,cube24_cluster2,False,2.496996077908298,2.1044499141783866,0.0996178932753327
cube4_cluster0,6,983,cube23_cluster1,False,1.653888158257764,1.364954234062027,0.07332383164992011
cube4_cluster0,6,983,cube5_cluster0,True,0.7119372931611425,0.6816382909200531,0.0076890899733225914
cube4_cluster0,6,983,cube3_cluster0,True,1.5876061966015855,0.9766962369386384,0.15503288220748965
cube4_cluster0,6,983,cube3_cluster0,True,1.6068372189118632,1.325350546621382,0.07143391496230543
cube4_cluster0,6,983,cube12_cluster0,True,2.070279944862684,1.3339597347199876,0.1868587057723333
cube4_cluster0,6,983,cube13_cluster0,True,1.518873132018985,1.3957384106468271,0.031248354118623558
cube4_cluster0,6,983,cube13_cluster0,True,0.9859305086465001,0.9575585126242313,0.007200066470906069
cube4_cluster0,6,983,cube3_cluster0,True,2.297739048651259,1.693304939670182,0.15338948160470756
cube4_cluster0,6,983,cube12_cluster0,True,1.4206215725540887,1.2488087053519397,0.04360158740475908
cube4_cluster0,6,983,cube13_cluster0,True,1.7940296296356635,1.604378406987655,0.0481284929083771
cube4_cluster0,6,983,cube5_cluster0,True,1.696199106710395,1.4700281208027186,0.057396248436221535
cube4_cluster0,6,983,cube13_cluster0,True,1.8007805268837336,1.5998874284118818,0.05098138535647321
cube4_cluster0,6,983,cube5_cluster0,True,0.949700515541626,0.8326865212413473,0.029695074549106682
cube4_cluster0,6,983,cube12_cluster0,True,1.3074930628442987,0.9188252002180437,0.09863368244580219
cube4_cluster0,6,983,cube14_cluster0,True,1.8784672442399957,1.6424376791556992,0.05989809657283632
cube4_cluster0,6,983,cube5_cluster0,True,2.0081232392501036,1.8654856822656807,0.03619766091639864
cube4_cluster0,6,983,cube14_cluster0,True,2.2131040030816855,1.74690672483024,0.11830860928259362
cube4_cluster0,6,983,cube13_cluster0,True,0.8451632260902529,0.7771105537181554,0.017269978616143634
cube4_cluster0,6,983,cube13_cluster0,True,1.2712547140815746,1.1784985898007203,0.023539065065481774
cube4_cluster0,6,983,cube12_cluster0,True,1.7916864065062867,1.5976561117890407,0.04923978623982448
cube4_cluster0,6,983,cube14_cluster0,True,2.215341948581689,1.773569401214094,0.11211025489964203
cube4_cluster0,6,983,cube5_cluster0,True,1.2381418773982094,0.8196671521644998,0.10619788032227136
cube4_cluster0,6,983,cube3_cluster0,True,1.8609027754828056,1.6471301288383937,0.05424987597958214
cube4_cluster0,6,983,cube23_cluster1,False,1.8764859661558575,1.180696074819032,0.17657317671543377
cube4_cluster0,6,983,cube13_cluster0,True,1.4286149650293798,1.3282154762415508,0.02547874997409333
cube4_cluster0,6,983,cube14_cluster0,True,2.0069401490216006,1.7490999986256228,0.06543304955570772
cube4_cluster0,6,983,cube14_cluster0,True,2.172516418075516,1.8498806705070545,0.08187646813992577
cube4_cluster0,6,983,cube24_cluster1,False,2.54602320133838,1.3653259073476791,0.29962992353726436
cube4_cluster0,6,983,cube23_cluster1,False,2.2092954714504245,1.7229306491905032,0.12342660159099436
cube4_cluster0,6,983,cube14_cluster0,True,1.747929653512411,1.1930343327908572,0.1408178399029128
cube4_cluster0,6,983,cube5_cluster0,True,1.6049309491323809,1.4836158069494838,0.03078659277122057
cube4_cluster0,6,983,cube5_cluster0,True,1.8342371875831056,1.7026987334463246,0.03338100049505496
cube4_cluster0,6,983,cube5_cluster0,True,1.3092196700200185,0.8380452404500396,0.11957167939937603
cube4_cluster0,6,983,cube22_cluster0,False,1.9934761799444147,1.8959497953642148,0.024749631682361835
cube4_cluster0,6,983,cube13_cluster0,True,2.8617971672935862,2.7431493250399144,0.030109702193159338
cube4_cluster0,6,983,cube13_cluster1,True,2.321934487427012,1.7896909768691325,0.13506940617492305
cube4_cluster0,6,983,cube5_cluster0,True,1.6210118516603393,1.4447045763340896,0.04474214999385245
cube4_cluster0,6,983,cube13_cluster0,True,1.8455800580930468,1.8120142476093322,0.008518119995607391
cube4_cluster0,6,983,cube3_cluster0,True,1.78237956732517,1.605290762413791,0.04494048165009164
cube4_cluster0,6,983,cube14_cluster0,True,1.455966241679817,0.9826693582398961,0.12011030237581447
cube4_cluster0,6,983,cube5_cluster0,True,1.4028507207129706,1.1901548495974412,0.05397661866712115
cube4_cluster0,6,983,cube13_cluster0,True,2.094835211518169,2.034297117700334,0.015362976195550177
cube4_cluster0,6,983,cube5_cluster0,True,1.828308113851782,1.6655516356633,0.041303314035708624
cube4_cluster0,6,983,cube22_cluster0,False,1.6792845253912239,1.4879546601211704,0.048554488261334766
cube4_cluster0,6,983,cube3_cluster0,True,1.1876813414338458,1.1601215650812766,0.006993946478282911
cube4_cluster0,6,983,cube13_cluster0,True,2.1148024787609008,2.105392685475536,0.0023879580794715564
cube4_cluster0,6,983,cube13_cluster0,True,1.8387299335081948,1.7328863132665553,0.02686032736868411
cube4_cluster0,6,983,cube13_cluster1,True,2.24652855366547,2.030357138925316,0.054858620240087294
cube4_cluster0,6,983,cube5_cluster0,True,1.6936029532948156,1.6612349872556584,0.008214138576187682
cube4_cluster0,6,983,cube5_cluster0,True,1.3506443614152632,1.2434083478643654,0.027213680173768254
cube4_cluster0,6,983,cube5_cluster0,True,1.2932223554509696,1.2544758401907816,0.009832846627017864
cube4_cluster0,6,983,cube13_cluster0,True,1.2117832358915552,1.1330148955688666,0.019989333344089377
cube4_cluster0,6,983,cube23_cluster1,False,2.1199857598922436,1.6696919893065925,0.11427271726342055
cube4_cluster0,6,983,cube5_cluster0,True,1.1073871229172003,0.8025444397621565,0.07736105630928944
cube4_cluster0,6,983,cube5_cluster0,True,1.0228694274075845,0.7337986459258979,0.07335856243005597
cube4_cluster0,6,983,cube13_cluster1,True,2.180772872906693,1.8220296911640366,0.09103958538920275
cube4_cluster0,6,983,cube12_cluster0,True,1.9272419334581847,1.5371737679551003,0.09898904249113208
cube4_cluster0,6,983,cube13_cluster0,True,1.894812179340094,1.8695989144349676,0.0063984635808840284
cube4_cluster0,6,983,cube13_cluster0,True,1.6822680100855085,1.6162928094862756,0.01674277091301568
cube4_cluster0,6,983,cube13_cluster0,True,0.7547223364696247,0.7392999993941307,0.0039137835770567805
cube4_cluster0,6,983,cube22_cluster0,False,2.7375788075464533,2.346024841394369,0.09936609962264009
cube4_cluster0,6,983,cube13_cluster1,True,2.772179283519629,1.1262279773992134,0.41769915668393554
cube4_cluster0,6,983,cube22_cluster0,False,2.0083494691238064,1.993510340129787,0.003765780703036563
cube4_cluster0,6,983,cube13_cluster1,True,3.397071680728264,2.111170567577017,0.3263278862168933
cube4_cluster0,6,983,cube12_cluster0,True,1.2235906471993299,0.7812350203317455,0.11225822514306265
cube4_cluster0,6,983,cube13_cluster0,True,1.1741259802562634,1.119797049510551,0.013787253894838989
cube4_cluster0,6,983,cube24_cluster2,False,2.173876490311449,1.6653091703801144,0.1290610116243541
cube4_cluster0,6,983,cube5_cluster0,True,1.0881379917306795,1.0385784467201837,0.01257690921933578
cube4_cluster0,6,983,cube24_cluster2,False,2.6178046629207423,1.7007436148292396,0.23272597736708675
cube4_cluster0,6,983,cube3_cluster0,True,2.09103072030735,1.494356171447837,0.15142030930479602
cube4_cluster0,6,983,cube13_cluster0,True,1.991958434359664,1.8440986873011391,0.0375229154253774
cube4_cluster0,6,983,cube23_cluster1,False,2.2628195852984505,1.6783877954718536,0.14831341901920964
cube4_cluster0,6,983,cube3_cluster0,True,0.964692878844508,0.8394707376524615,0.031778086374475024
cube4_cluster0,6,983,cube5_cluster0,True,1.7303392486946318,1.3877556435411937,0.08693870981130027
cube4_cluster0,6,983,cube23_cluster1,False,2.7716644894294427,1.926696851578074,0.21443056574233366
cube4_cluster0,6,983,cube14_cluster0,True,1.770750015528726,1.343002579408534,0.10855105049386467
cube4_cluster0,6,983,cube3_cluster0,True,1.6814310689593184,1.3942559843096047,0.07287748442665509
cube4_cluster0,6,983,cube5_cluster0,True,1.0076056256940567,0.8635816897376787,0.036549487440838725
cube4_cluster0,6,983,cube3_cluster0,True,1.1677401959400746,0.9005132499319963,0.0678151714304918
cube4_cluster0,6,983,cube12_cluster0,True,1.8946266762319115,1.3776290571529421,0.13120039985015783
cube4_cluster0,6,983,cube22_cluster0,False,2.7320984290470487,2.616338444719666,0.029376839795621508
cube4_cluster0,6,983,cube13_cluster0,True,1.8603152470797897,1.7482635780447326,0.028435766894762966
cube4_cluster0,6,983,cube5_cluster0,True,1.7112445311518212,1.3232936051560154,0.09845174278281162
cube4_cluster0,6,983,cube3_cluster0,True,1.2803178651240474,1.2264625521722605,0.013667062153821153
cube4_cluster0,6,983,cube12_cluster0,True,1.7451528767554878,1.5378404266044747,0.05261044799816421
cube4_cluster0,6,983,cube24_cluster1,False,2.5684705395141214,1.3977831799535034,0.2970896654176227
cube4_cluster0,6,983,cube5_cluster0,True,1.553110135352263,1.086350958713451,0.1184512043166461
cube4_cluster0,6,983,cube12_cluster0,True,1.9217492758711001,1.4093119108858267,0.13004312728558176
cube4_cluster0,6,983,cube13_cluster0,True,2.0439401811663056,1.8912361697770697,0.03875226231927882
cube4_cluster0,6,983,cube12_cluster0,True,1.0988539505004848,1.027488253535044,0.018110737132854837
cube4_cluster0,6,983,cube13_cluster0,True,1.2122546145011985,1.0881424866805387,0.03149639417166681
cube4_cluster0,6,983,cube14_cluster0,True,1.5963221380652652,1.316925295207787,0.07090357121001295
cube4_cluster0,6,983,cube3_cluster0,True,1.787130620662844,1.3446344177225422,0.11229389965348445
cube4_cluster0,6,983,cube22_cluster0,False,2.1347073864824595,1.896014373890967,0.06057400950749657
cube4_cluster0,6,983,cube3_cluster0,True,2.271678473293685,1.607003907133719,0.16867692544846602
cube4_cluster0,6,983,cube3_cluster0,True,1.636660589780031,1.4600469167162478,0.04481990568206856
cube4_cluster0,6,983,cube23_cluster1,False,1.9055617101907723,1.0960223317499247,0.20543980518731167
cube4_cluster0,6,983,cube5_cluster0,True,0.9357001892919489,0.8604146154617566,0.019105498797202504
cube4_cluster0,6,983,cube14_cluster0,True,1.2533596916432257,1.0345267971839014,0.055534033801895026
cube4_cluster0,6,983,cube22_cluster0,False,1.7604707227597962,1.6051895181387175,0.03940628618714744
cube4_cluster0,6,983,cube3_cluster0,True,2.186086346569057,1.6693452447382344,0.1311353025184036
cube4_cluster0,6,983,cube5_cluster0,True,2.070783989793897,2.0520368296246088,0.004757536242908468
cube4_cluster0,6,983,cube3_cluster0,True,0.8151939053503866,0.6517463824365622,0.04147868301408182
cube4_cluster0,6,983,cube13_cluster0,True,1.7058931355118667,1.4905954905831753,0.054636880440114714
cube4_cluster0,6,983,cube3_cluster0,True,1.3475223224336264,1.125275235992643,0.05640046594128646
cube4_cluster0,6,983,cube3_cluster0,True,1.8219887759223155,1.7954324852823669,0.006739288193832203
cube4_cluster0,6,983,cube13_cluster0,True,1.5212312672706632,1.2857069309971099,0.059769882787048645
cube4_cluster0,6,983,cube14_cluster0,True,1.1970659683860414,0.6748075013756283,0.13253546470671546
cube4_cluster0,6,983,cube5_cluster0,True,0.7785999716150439,0.7186383427755038,0.01521668454378853
cube4_cluster0,6,983,cube5_cluster0,True,1.0491329557888291,0.6076931379045695,0.11202581690680691
cube4_cluster0,6,983,cube3_cluster0,True,1.760194232867493,1.4056279951679562,0.08997958683527266
cube4_cluster0,6,983,cube22_cluster0,False,2.625989148580492,2.3238344454883575,0.07667891765714009
cube4_cluster0,6,983,cube5_cluster0,True,1.0607328321389058,0.4956630629929911,0.14339984734795497
cube4_cluster0,6,983,cube14_cluster0,True,2.235378427945155,1.7400046461956642,0.1257128385941185
cube4_cluster0,6,983,cube3_cluster0,True,2.170308125447571,1.9075028132144247,0.06669307705741609
cube4_cluster0,6,983,cube13_cluster0,True,1.435322983931619,1.351194668660513,0.021349554030737804
cube4_cluster0,6,983,cube13_cluster0,True,1.7272297651529658,1.564782181520104,0.04122492472072278
cube4_cluster0,6,983,cube5_cluster0,True,1.7239700672113882,1.5092293819869484,0.0544955387139605
cube4_cluster0,6,983,cube22_cluster0,False,1.9900549790269189,1.8331265018500804,0.03982432064224394
cube4_cluster0,6,983,cube5_cluster0,True,1.0742041921434513,0.989951671205942,0.02138107416254188
cube4_cluster0,6,983,cube22_cluster0,False,1.5103144854659356,1.495381226407229,0.003789668438045603
cube4_cluster0,6,983,cube13_cluster0,True,1.6213945903498557,1.4542105082869545,0.04242692346303398
cube4_cluster0,6,983,cube3_cluster0,True,1.8194798304561697,1.654368939892181,0.041900801980873495
cube4_cluster0,6,983,cube13_cluster0,True,1.2997498713565594,1.082227235470024,0.055201524632968395
cube4_cluster0,6,983,cube23_cluster1,False,2.230405476337709,1.8374783134566712,0.0997145808404697
cube4_cluster0,6,983,cube13_cluster0,True,1.136733402906702,1.0780394048145816,0.01489499319592485
cube4_cluster0,6,983,cube13_cluster0,True,1.2697264267152748,1.1085537832021322,0.040901378446389525
cube4_cluster0,6,983,cube3_cluster0,True,1.0728469395235847,0.9779518523267993,0.02408187760364155
cube4_cluster0,6,983,cube3_cluster0,True,1.1217992710272604,1.01639458572704,0.026748937223551553
cube4_cluster0,6,983,cube22_cluster0,False,2.388087663987781,2.339720562996441,0.012274298285864021
cube4_cluster0,6,983,cube13_cluster0,True,1.3126002912106436,1.2172000363555349,0.024210075870553228
cube4_cluster0,6,983,cube14_cluster0,True,1.772287015225574,1.541511276510423,0.05856481360413873
cube4_cluster0,6,983,cube13_cluster0,True,1.2261866631628586,1.0621154889850897,0.041636949304248404
cube4_cluster0,6,983,cube5_cluster0,True,0.9165196557796078,0.8077488078331004,0.027603180780688817
cube4_cluster0,6,983,cube13_cluster0,True,2.067923500252536,2.0620557196641585,0.0014890884039264955
cube4_cluster0,6,983,cube13_cluster1,True,2.1834607313563223,1.9928226673337772,0.048378927297530655
cube4_cluster0,6,983,cube23_cluster1,False,1.8082830588969134,1.5366734753770517,0.06892736957749422
cube4_cluster0,6,983,cube3_cluster0,True,1.7334118339704123,1.7125757092268752,0.005287660516792972
cube4_cluster0,6,983,cube24_cluster2,False,2.3407748976053595,1.8120012049693774,0.134188857634736
cube4_cluster0,6,983,cube13_cluster1,True,2.809117035209802,1.8761963990898267,0.23675072373729494
cube4_cluster0,6,983,cube5_cluster0,True,1.2418982339814977,1.1207128464256995,0.030753664459117112
cube4_cluster0,6,983,cube13_cluster0,True,1.0663576185451356,1.0269636112704852,0.009997163072707855
cube4_cluster0,6,983,cube5_cluster0,True,1.1751841973645567,1.0793913573685252,0.024309703655215096
cube4_cluster0,6,983,cube13_cluster0,True,1.186381316053684,1.1276410852144907,0.01490672585131492
cube4_cluster0,6,983,cube3_cluster0,True,1.8102753455781024,1.546411536665736,0.06696169567852533
cube4_cluster0,6,983,cube13_cluster1,True,2.7332265898442416,1.576402606619658,0.2935715050790872
cube4_cluster0,6,983,cube14_cluster0,True,1.2098522014972402,0.6008546278569734,0.15454756892637528
cube4_cluster0,6,983,cube13_cluster0,True,1.1173872473500959,1.0349404481637363,0.020922829468512073
cube4_cluster0,6,983,cube14_cluster0,True,2.0960213263507637,1.8410344639759182,0.06470896009098809
cube4_cluster0,6,983,cube3_cluster0,True,1.8506871535539455,1.3424715736642288,0.12897174925176175
cube4_cluster0,6,983,cube5_cluster0,True,1.2841049016055968,1.2111148911160852,0.01852294518947947
cube4_cluster0,6,983,cube13_cluster0,True,1.706641417119491,1.453032982846402,0.06435915128831446
cube4_cluster0,6,983,cube23_cluster1,False,2.4539607139746575,1.4426573772831761,0.2566421918539905
cube4_cluster0,6,983,cube5_cluster0,True,1.0516690629652934,0.5839348232444038,0.1186986496849161
cube4_cluster0,6,983,cube14_cluster0,True,1.1788411944332766,0.47575487058600224,0.17842481940685662
cube4_cluster0,6,983,cube13_cluster0,True,0.8705978901504383,0.8665919391041674,0.0010166050280603271
cube4_cluster0,6,983,cube5_cluster0,True,1.1096230746646307,0.8524588340068486,0.06526152143905631
cube4_cluster0,6,983,cube13_cluster0,True,1.3856479422265586,1.3186684559216761,0.016997632214659116
cube4_cluster0,6,983,cube13_cluster0,True,1.1982254936448884,1.1434177055464825,0.013908775298083549
cube4_cluster0,6,983,cube5_cluster0,True,0.9747080845792452,0.5582109082834954,0.1056960304068969
cube4_cluster0,6,983,cube5_cluster0,True,1.3006827657498352,1.0452413353036787,0.06482431751337114
cube4_cluster0,6,983,cube3_cluster0,True,2.2145622261729447,1.6604597026948773,0.14061664881129657
cube4_cluster0,6,983,cube23_cluster1,False,1.887543456050434,1.159448953537092,0.18477123749357335
cube4_cluster0,6,983,cube13_cluster0,True,1.8296765511756388,1.6023406552487298,0.057691871964594924
cube4_cluster0,6,983,cube5_cluster0,True,0.9573923840539609,0.6815446754962234,0.07000289425897119
cube4_cluster0,6,983,cube5_cluster0,True,1.2041951178745713,0.8399762552939704,0.0924291691878091
cube4_cluster0,6,983,cube13_cluster1,True,3.0410495783055578,1.1585277745490514,0.47773452771311037
cube4_cluster0,6,983,cube13_cluster0,True,0.9380288314220445,0.876055334802228,0.015727243678834747
cube4_cluster0,6,983,cube14_cluster0,True,1.3025366128525417,0.9443894029673497,0.09088834340449485
cube4_cluster0,6,983,cube22_cluster0,False,1.9356165629146247,1.7128003594768313,0.056544892868582615
cube4_cluster0,6,983,cube13_cluster0,True,1.6409953253700544,1.5205052366512735,0.030577215899074365
cube4_cluster0,6,983,cube5_cluster0,True,1.3522176231691354,1.3327251353021274,0.004946680812151205
cube4_cluster0,6,983,cube3_cluster0,True,1.1215348284376108,1.0857250827952423,0.009087571728436826
cube4_cluster0,6,983,cube12_cluster0,True,1.8420757184349825,1.5872223486208799,0.06467508318962502
cube4_cluster0,6,983,cube3_cluster0,True,1.0884847859045836,0.7648593169111977,0.08212763341012896
cube4_cluster0,6,983,cube3_cluster0,True,1.3076786552349429,1.076540646548299,0.05865674819601993
cube4_cluster0,6,983,cube12_cluster0,True,1.6298324761155276,1.16477639948395,0.1180190023225015
cube4_cluster0,6,983,cube23_cluster0,False,1.5885379479043868,1.5446908753078497,0.011127233945821841
cube4_cluster0,6,983,cube3_cluster0,True,1.6344796301669746,1.0280493092899394,0.15389606768802827
cube4_cluster0,6,983,cube22_cluster0,False,1.802110806039013,1.7629950755929444,0.009926543731667148
cube4_cluster0,6,983,cube3_cluster0,True,1.2621224938679418,1.013663706482885,0.06305230633223786
cube4_cluster0,6,983,cube13_cluster0,True,1.0015118124983604,0.9907102603386386,0.0027411498816619635
cube4_cluster0,6,983,cube13_cluster0,True,1.8315973891766355,1.684382854323023,0.03735917753539735
cube4_cluster0,6,983,cube5_cluster0,True,1.8324403099762605,1.6818809973711362,0.038207994168615235
cube4_cluster0,6,983,cube5_cluster0,True,1.3647505611267396,1.1535222819898852,0.053604182417294595
cube4_cluster0,6,983,cube13_cluster0,True,1.8942171833865789,1.6729226265750297,0.05615873897071836
cube4_cluster0,6,983,cube5_cluster0,True,1.0624533804934602,1.0007117021183478,0.015668414304626146
cube4_cluster0,6,983,cube5_cluster0,True,1.0815126728625757,0.5698533519908939,0.12984568015035872
cube4_cluster0,6,983,cube12_cluster0,True,1.3065211705962403,1.2973196742232787,0.0023350978008429522
cube4_cluster0,6,983,cube13_cluster0,True,0.7934040362873875,0.6459039055736845,0.03743165425416095
cube4_cluster0,6,983,cube5_cluster0,True,1.570057253000983,1.439721214790247,0.033075858953853426
cube4_cluster0,6,983,cube5_cluster0,True,1.6913006113803863,1.669106638301954,0.005632246715838733
cube4_cluster0,6,983,cube5_cluster0,True,1.1860658760550635,0.9895775188501094,0.04986357785770176
cube4_cluster0,6,983,cube23_cluster1,False,2.2992073156172563,1.4809344075042692,0.20765614534595545
cube4_cluster0,6,983,cube5_cluster0,True,1.0111724141130702,0.7482158464829771,0.0667314616994852
cube4_cluster0,6,983,cube3_cluster0,True,1.4175549511935541,1.338635990918265,0.020027556727094113
cube4_cluster0,6,983,cube3_cluster0,True,1.413585834866296,1.0258763577840286,0.09839046939811776
cube5_cluster0,8,516,cube13_cluster0,True,1.9498535035208824,1.7888334507309784,0.040862654933623635
cube5_cluster0,8,516,cube14_cluster0,True,1.066337184161119,0.9706572220696664,0.024281058211467404
cube5_cluster0,8,516,cube14_cluster0,True,1.523364974781221,1.237249354135826,0.07260862032387433
cube5_cluster0,8,516,cube6_cluster2,False,2.7406603857291327,1.736642480907707,0.2547933408358074
cube5_cluster0,8,516,cube14_cluster0,True,1.4533226946220477,1.288708362704135,0.0417747884548726
cube5_cluster0,8,516,cube6_cluster3,True,1.064744110890828,0.8946052620882933,0.043176765557847684
cube5_cluster0,8,516,cube15_cluster2,False,1.3540796373724078,1.1744665936347791,0.04558106708240228
cube5_cluster0,8,516,cube14_cluster0,True,1.6656307292901533,1.3649814808590444,0.07629687285423613
cube5_cluster0,8,516,cube14_cluster0,True,0.8611896853267912,0.8527190696061393,0.00214961951180051
cube5_cluster0,8,516,cube14_cluster0,True,0.9168941968506388,0.7877138552286712,0.03278257355183934
cube5_cluster0,8,516,cube14_cluster0,True,1.2112460961985543,0.8889474099178956,0.0817909308490336
cube5_cluster0,8,516,cube6_cluster1,True,1.7023494687679486,1.1121687929306185,0.14977233510598945
cube5_cluster0,8,516,cube6_cluster1,True,2.0052482218335443,0.8162847880456305,0.30172765243695193
cube5_cluster0,8,516,cube15_cluster0,True,1.9399266037595677,0.7268162587390283,0.3078555034984533
cube5_cluster0,8,516,cube4_cluster0,True,0.9231544989412097,0.9085566504509127,0.0037045500563251963
cube5_cluster0,8,516,cube14_cluster0,True,0.8078310165041853,0.7838492206404628,0.006085949123035808
cube5_cluster0,8,516,cube14_cluster0,True,0.9221760160693259,0.815007379848987,0.02719658157914432
cube5_cluster0,8,516,cube4_cluster0,True,1.0087693468611714,0.8429693798626942,0.042075671458789626
cube5_cluster0,8,516,cube14_cluster0,True,1.8823288961679867,1.8478277667692624,0.008755479339457554
cube5_cluster0,8,516,cube14_cluster0,True,1.7974700957833096,1.5966687641964024,0.05095809733433653
cube5_cluster0,8,516,cube6_cluster0,True,1.638213884985019,0.5004879348142314,0.28872492652525666
cube5_cluster0,8,516,cube15_cluster2,False,2.5725621850187466,1.7553334685506745,0.20739115696636268
cube5_cluster0,8,516,cube6_cluster0,True,1.665251078888204,0.7963610426021233,0.22050144135990513
cube5_cluster0,8,516,cube14_cluster0,True,1.1546540188197563,1.1444200840585472,0.0025971035129776178
cube5_cluster0,8,516,cube14_cluster0,True,1.117310448691212,1.0639340509161705,0.01354552607635284
cube5_cluster0,8,516,cube14_cluster0,True,1.0875988147821956,0.8240928547432671,0.06687088304506557
cube5_cluster0,8,516,cube4_cluster0,True,1.3952490535872522,1.3765480302500859,0.0047458279282105815
cube5_cluster0,8,516,cube6_cluster1,True,1.993493377500394,0.9644550293023186,0.2611428713835356
cube5_cluster0,8,516,cube6_cluster0,True,1.7646075448339327,1.3366918194520172,0.10859375788286185
cube5_cluster0,8,516,cube14_cluster0,True,0.8902152605800536,0.726155108514308,0.04163415218207359
cube5_cluster0,8,516,cube23_cluster1,False,2.066496271228166,1.7610418445750087,0.07751630072163551
cube5_cluster0,8,516,cube13_cluster0,True,1.2014305342132148,1.147028601950051,0.013805779760192755
cube5_cluster0,8,516,cube4_cluster0,True,1.1940047076120077,1.0769115096935071,0.029715174344534762
cube5_cluster0,8,516,cube23_cluster1,False,2.045846436029481,1.0256361610271467,0.2589025385648833
cube5_cluster0,8,516,cube6_cluster0,True,1.7582481009686486,1.5875578994191317,0.04331668438569724
cube5_cluster0,8,516,cube14_cluster0,True,1.8976959776682374,1.6030320781158665,0.07477794870999714
cube5_cluster0,8,516,cube14_cluster0,True,1.2421196751700936,1.0427029151246925,0.05060672948821302
cube5_cluster0,8,516,cube4_cluster0,True,0.9495113686389194,0.8432125105099018,0.026975854772770327
cube5_cluster0,8,516,cube14_cluster0,True,1.6107711656753398,1.3863399809540748,0.05695473264796007
cube5_cluster0,8,516,cube4_cluster0,True,1.5308536523751477,1.2137788126191198,0.08046525597647151
cube5_cluster0,8,516,cube4_cluster0,True,1.4511342345326452,1.3118823801959758,0.035338458620747165
cube5_cluster0,8,516,cube6_cluster0,True,1.2830676750627847,0.8739024122321943,0.10383538358223766
cube5_cluster0,8,516,cube6_cluster0,True,1.4776273115435492,1.1216622928415592,0.09033456066890772
cube5_cluster0,8,516,cube15_cluster1,True,2.2012302296369417,1.8864219094457002,0.0798900729152846
cube5_cluster0,8,516,cube14_cluster0,True,1.3305232574701857,1.2155101520392355,0.029187301572938435
cube5_cluster0,8,516,cube14_cluster0,True,1.4444783678504858,1.3116237019485226,0.03371502042765547
cube5_cluster0,8,516,cube14_cluster0,True,0.8987660884295795,0.8804489280409424,0.004648413606604198
cube5_cluster0,8,516,cube14_cluster0,True,0.9855953525407208,0.7153211612041258,0.06858848215918562
cube5_cluster0,8,516,cube14_cluster0,True,0.957812494800439,0.9077938065149681,0.012693427708091221
cube5_cluster0,8,516,cube14_cluster0,True,0.7848752150508641,0.6468274713363601,0.035032887010236914
cube5_cluster0,8,516,cube6_cluster1,True,1.643378087484472,0.9015647694882518,0.18825271208920238
cube5_cluster0,8,516,cube14_cluster0,True,1.8112223167197083,1.7068313632908085,0.026491678733473682
cube5_cluster0,8,516,cube14_cluster0,True,1.997227129684656,1.8183997990516625,0.04538167375892956
cube5_cluster0,8,516,cube14_cluster0,True,1.4891934777377869,1.2972336861069054,0.04871434700606946
cube5_cluster0,8,516,cube6_cluster1,True,1.6907235466918544,1.2716495422971732,0.10634996161363479
cube5_cluster0,8,516,cube14_cluster0,True,0.8953693741412858,0.8724727034845546,0.005810572881848512
cube5_cluster0,8,516,cube14_cluster0,True,1.164200283230213,1.068580145206916,0.02426587643620771
cube5_cluster0,8,516,cube14_cluster0,True,1.640025975799091,1.4307820000131248,0.05310061840954469
cube5_cluster0,8,516,cube5_cluster1,False,2.2328896729199568,1.4598166455653234,0.19618560426447001
cube5_cluster0,8,516,cube6_cluster3,True,1.5105937067908128,1.0594032725207925,0.11450026692627961
cube5_cluster0,8,516,cube14_cluster0,True,1.0984573715810584,0.9390263851610927,0.04045939167779712
cube5_cluster0,8,516,cube6_cluster3,True,1.950996204657526,0.623449689547383,0.336896394053857
cube5_cluster0,8,516,cube6_cluster3,True,1.9746189080412915,1.4284709721366238,0.1385979836728915
cube5_cluster0,8,516,cube15_cluster1,True,1.0755344221371017,1.0179880700211161,0.014603750827684246
cube5_cluster0,8,516,cube6_cluster3,True,1.179058717710221,0.7929235966886273,0.09799093923193462
cube5_cluster0,8,516,cube4_cluster0,True,1.120117858052475,1.1020631837422357,0.004581801542699106
cube5_cluster0,8,516,cube4_cluster0,True,1.3513717346894247,1.1198394673305427,0.05875680067891952
cube5_cluster0,8,516,cube15_cluster1,True,2.043522074369863,1.9252538830522115,0.030013356769561274
cube5_cluster0,8,516,cube4_cluster0,True,1.8097778944387122,1.7213614561962969,0.022437766872887236
cube5_cluster0,8,516,cube4_cluster0,True,1.33313061890863,1.1362990555032664,0.0499506745658162
cube5_cluster0,8,516,cube15_cluster1,True,1.7065191508888844,0.5676523923841283,0.28901443367973007
cube5_cluster0,8,516,cube14_cluster0,True,1.15707403569076,1.0956335273885682,0.015591985260213008
cube5_cluster0,8,516,cube14_cluster0,True,1.808838723538303,1.5263438235236695,0.07168977664457866
cube5_cluster0,8,516,cube24_cluster1,False,2.426503707022629,1.390356679123715,0.26294686734935513
cube5_cluster0,8,516,cube4_cluster0,True,0.7974306073302648,0.7717123260689058,0.006526623451303977
cube5_cluster0,8,516,cube14_cluster0,True,1.5445204800087464,1.351770673298199,0.04891483205767272
cube5_cluster0,8,516,cube14_cluster0,True,1.4758469269811996,1.2593110149157487,0.05495112007578958
cube5_cluster0,8,516,cube14_cluster0,True,0.968953528281012,0.8519556866475057,0.029690975427058588
cube5_cluster0,8,516,cube13_cluster0,True,1.2019288277013658,1.169583531757351,0.008208385502212933
cube5_cluster0,8,516,cube14_cluster0,True,1.2782329288959247,1.1902622537564884,0.022324643919916023
cube5_cluster0,8,516,cube14_cluster0,True,0.8963430610500077,0.8811804836341568,0.0038478634065329228
cube5_cluster0,8,516,cube14_cluster0,True,1.267552433173484,1.1975798332577903,0.01775720573694143
cube5_cluster0,8,516,cube14_cluster0,True,1.8611395235090975,1.5703679793237466,0.07379017127802034
cube5_cluster0,8,516,cube14_cluster0,True,1.0215633557798744,0.9166701589124234,0.026619134910307585
cube5_cluster0,8,516,cube14_cluster0,True,1.594358039260054,1.4260667378085952,0.04270790662647565
cube5_cluster0,8,516,cube4_cluster0,True,1.9815839963337492,1.7202387751909758,0.06632254433578413
cube5_cluster0,8,516,cube14_cluster0,True,1.5095462855857322,1.5053835256678392,0.0010563989959581532
cube5_cluster0,8,516,cube14_cluster0,True,1.6082715629786133,1.49321932106574,0.029197233382849228
cube5_cluster0,8,516,cube4_cluster0,True,1.6225680030819523,1.5261060143639158,0.024479516003756807
cube5_cluster0,8,516,cube14_cluster0,True,1.9600265403026176,1.6001397414684158,0.09132980533248516
cube5_cluster0,8,516,cube14_cluster0,True,1.0886300362596544,0.7702846946195832,0.08078767594330583
cube5_cluster0,8,516,cube4_cluster0,True,1.802392105764103,1.6742128513497436,0.03252852394488553
cube5_cluster0,8,516,cube14_cluster0,True,1.9679009962304568,1.7448005751800664,0.05661701982437714
cube5_cluster0,8,516,cube4_cluster0,True,1.0494583453718316,0.972370493033785,0.01956286968663345
cube5_cluster0,8,516,cube4_cluster0,True,1.3415210739745607,1.146480480024737,0.049496173616460026
cube5_cluster0,8,516,cube13_cluster1,False,2.58079613478421,1.9329475589987113,0.1644069315770477
cube5_cluster0,8,516,cube6_cluster3,True,1.6272257507114778,1.1037022590728995,0.13285649469004737
cube5_cluster0,8,516,cube6_cluster3,True,1.4633828921100442,1.389645685397566,0.018712563941291886
cube5_cluster0,8,516,cube15_cluster1,True,1.2308831277232486,1.0888859449133326,0.03603515079130619
cube5_cluster0,8,516,cube14_cluster0,True,1.5370246329667778,1.339107705520779,0.050226111416701524
cube5_cluster0,8,516,cube14_cluster0,True,1.9633716316094523,1.7214424632860441,0.0613952607286552
cube5_cluster0,8,516,cube4_cluster0,True,1.319501447544446,1.2584217409221212,0.015500423282133689
cube5_cluster0,8,516,cube14_cluster0,True,1.1727230270299742,1.165171413138816,0.0019164010151517296
cube5_cluster0,8,516,cube6_cluster1,True,1.6818703141850448,0.5681056426048203,0.2826441841465907
cube5_cluster0,8,516,cube6_cluster1,True,1.806300727380116,0.6754699724907304,0.28697510729093123
cube5_cluster0,8,516,cube14_cluster0,True,1.6479604892090223,1.4487664685175587,0.05055020409772663
cube5_cluster0,8,516,cube4_cluster0,True,0.9364622663660939,0.8045692345526009,0.03347098298481078
cube5_cluster0,8,516,cube4_cluster0,True,1.0566733331992613,0.9872603578719836,0.01761518773326673
cube5_cluster0,8,516,cube15_cluster2,False,2.2260160201177435,1.2489016333742877,0.24796593544950432
cube5_cluster0,8,516,cube14_cluster0,True,1.3301843557827433,1.0982595029518734,0.058856428547597026
cube5_cluster0,8,516,cube4_cluster0,True,2.040314321665243,1.7169393601588834,0.08206406119770392
cube5_cluster0,8,516,cube14_cluster0,True,1.0193244296840434,0.9627558201630996,0.014355625469489085
cube5_cluster0,8,516,cube14_cluster0,True,1.6597353072706458,1.650057801307412,0.0024558965168746867
cube5_cluster0,8,516,cube14_cluster0,True,1.6867202259375496,1.5252549928054508,0.04097562999723309
cube5_cluster0,8,516,cube4_cluster0,True,2.2343856316660946,2.118201315584709,0.029484524035818693
cube5_cluster0,8,516,cube4_cluster0,True,2.1900112939832126,2.025732017304082,0.04168976024646731
cube5_cluster0,8,516,cube14_cluster0,True,0.9369798617070635,0.8463940784544051,0.022988289587602812
cube5_cluster0,8,516,cube14_cluster0,True,1.4128677906857707,1.0534010703571388,0.09122320045488938
cube5_cluster0,8,516,cube14_cluster0,True,1.4333889188644955,1.4100569925034894,0.005921029333349523
cube5_cluster0,8,516,cube15_cluster1,True,1.1105551870626305,0.9911834482126761,0.030293408112446987
cube5_cluster0,8,516,cube14_cluster0,True,1.1784595590946763,1.1417491476507255,0.009316137023397883
cube5_cluster0,8,516,cube15_cluster0,True,1.4500026721222061,1.124179881870894,0.08268525576079426
cube5_cluster0,8,516,cube14_cluster0,True,0.9880500036857508,0.8564600798159753,0.033394062159751006
cube5_cluster0,8,516,cube14_cluster0,True,1.459105618926829,1.2841604121312622,0.044396492820097395
cube5_cluster0,8,516,cube4_cluster0,True,0.8850054808582779,0.7085178390637269,0.04478792226027572
cube5_cluster0,8,516,cube4_cluster0,True,1.286547806866758,1.056110697854898,0.058478878290641405
cube5_cluster0,8,516,cube4_cluster0,True,1.782729641130607,1.6645750341512966,0.02998453205150239
cube5_cluster0,8,516,cube4_cluster0,True,1.6216145295876703,1.5520879265008747,0.017644023470478422
cube5_cluster0,8,516,cube6_cluster0,True,1.577043645556184,1.1794016717874223,0.10091107585487474
cube5_cluster0,8,516,cube4_cluster0,True,1.7545355265655185,1.5786303532981225,0.044640107065693165
cube5_cluster0,8,516,cube14_cluster0,True,1.6574599194373856,1.5809265293398265,0.019422161751104908
cube5_cluster0,8,516,cube4_cluster0,True,2.0626718105196398,1.8193848574192917,0.06173983079836332
cube5_cluster0,8,516,cube4_cluster0,True,2.220378098477551,1.966954984607696,0.06431212184348262
cube5_cluster0,8,516,cube15_cluster2,False,1.943389943437249,1.1795798038125382,0.1938349269516847
cube5_cluster0,8,516,cube14_cluster0,True,1.2251789909101183,1.0712092623348897,0.039073468055574656
cube5_cluster0,8,516,cube5_cluster1,False,2.340040724592782,1.7318204191410496,0.15435031870052668
cube5_cluster0,8,516,cube4_cluster0,True,1.54370508198138,1.3288389330747759,0.05452737809708177
cube5_cluster0,8,516,cube4_cluster0,True,1.2421367026062984,1.143528160482687,0.02502425480857542
cube5_cluster0,8,516,cube4_cluster0,True,1.1556800275810233,0.955359894086992,0.05083598191278985
cube5_cluster0,8,516,cube14_cluster0,True,1.0239454092196327,0.8062408405874139,0.05524769437940171
cube5_cluster0,8,516,cube14_cluster0,True,1.0375838537829065,0.8934162295304404,0.03658595175170757
cube5_cluster0,8,516,cube14_cluster0,True,1.0872762090021284,0.8987815276159536,0.04783499315055207
cube5_cluster0,8,516,cube4_cluster0,True,1.5162456468746766,1.2691497446008617,0.06270644193181119
cube5_cluster0,8,516,cube4_cluster0,True,1.245286047200373,0.943872822586221,0.07649074991864085
cube5_cluster0,8,516,cube4_cluster0,True,1.5041294374575747,1.130979155621519,0.09469572851864823
cube5_cluster0,8,516,cube23_cluster1,False,2.091704052901711,1.754590873340897,0.08555045965575517
cube5_cluster0,8,516,cube24_cluster2,False,2.6860385044407677,1.5000987428529438,0.3009603239483327
cube5_cluster0,8,516,cube4_cluster0,True,1.5321681417191093,1.426441167808356,0.02683072559744079
cube5_cluster0,8,516,cube6_cluster3,True,1.423265899975075,1.2449036895062309,0.04526363849288038
cube5_cluster0,8,516,cube6_cluster3,True,1.4101968445462338,1.2931053175818212,0.029714750300329558
cube5_cluster0,8,516,cube6_cluster1,True,1.8535425732512778,0.9965400908027953,0.21748469281179444
cube5_cluster0,8,516,cube6_cluster1,True,1.7943955423246758,0.9537644939060865,0.2133300533868218
cube5_cluster0,8,516,cube14_cluster0,True,1.0176899557651915,0.9499871478209619,0.017181192224996634
cube5_cluster0,8,516,cube6_cluster3,True,1.0691354183215485,0.8461718948456423,0.05658227882007069
cube5_cluster0,8,516,cube6_cluster3,True,0.953389044193438,0.909017347459348,0.011260369755500392
cube5_cluster0,8,516,cube6_cluster1,True,1.6825073381777174,1.1237494461131408,0.14179805893285183
cube5_cluster0,8,516,cube14_cluster0,True,1.3489417674472224,1.2248127286750554,0.03150068572643941
cube5_cluster0,8,516,cube6_cluster0,True,2.256963034668318,1.646442443922247,0.15493407061591133
cube5_cluster0,8,516,cube4_cluster0,True,1.4634274490782668,1.2584042646238875,0.05202949256688644
cube5_cluster0,8,516,cube14_cluster0,True,1.0678078809991793,1.0137549271370123,0.013717218219365156
cube5_cluster0,8,516,cube14_cluster0,True,0.8531702103785281,0.723817953405806,0.032826201146874616
cube5_cluster0,8,516,cube14_cluster0,True,1.3784991700645337,1.0855936548807603,0.07433171699879262
cube5_cluster0,8,516,cube4_cluster0,True,0.8712240640957211,0.8538897977670443,0.00439898094208463
cube5_cluster0,8,516,cube4_cluster0,True,1.3191521488832432,1.2725124083766932,0.011835939620511637
cube5_cluster0,8,516,cube14_cluster0,True,1.0283599105621641,0.8785653370218593,0.038013923504877735
cube5_cluster0,8,516,cube4_cluster0,True,1.4633213086246473,1.2047388266217907,0.06562143379588552
cube5_cluster0,8,516,cube4_cluster0,True,1.0440416052821149,0.9399907470309706,0.026405371521095927
cube5_cluster0,8,516,cube14_cluster0,True,1.234139295192632,1.103995582158547,0.03302705188173802
cube5_cluster0,8,516,cube14_cluster0,True,1.637060994521363,1.3607376203925539,0.0701236056719768
cube5_cluster0,8,516,cube4_cluster0,True,0.7635970802174287,0.7621398839876294,0.0003697980821466774
cube5_cluster0,8,516,cube4_cluster0,True,0.9377378373776672,0.871078243390996,0.016916451956744034
cube5_cluster0,8,516,cube23_cluster1,False,1.8231913208235,1.4127423118484574,0.10416116459406956
cube5_cluster0,8,516,cube4_cluster0,True,1.131637941660419,1.0532623331154782,0.019889668346857507
cube5_cluster0,8,516,cube4_cluster0,True,1.1873434360888149,1.1531907737610925,0.008667047560735807
cube5_cluster0,8,516,cube4_cluster0,True,1.5291293410999596,1.4080948290995239,0.03071537621085314
cube5_cluster0,8,516,cube14_cluster0,True,0.869618353858073,0.6486790395321593,0.05606858776994072
cube5_cluster0,8,516,cube15_cluster2,False,2.029885286972296,1.2162661198011917,0.20647514827780292
cube5_cluster0,8,516,cube6_cluster3,True,1.9840444056347215,0.7001788318384551,0.3258113198586962
cube5_cluster0,8,516,cube4_cluster0,True,1.6354176547308734,1.5381921415211186,0.024673278440781755
cube5_cluster0,8,516,cube6_cluster0,True,1.3705431274122242,0.4483374857005606,0.23403153993666714
cube5_cluster0,8,516,cube6_cluster0,True,1.5020691505444355,0.7855220162242058,0.18184081911591748
cube5_cluster0,8,516,cube14_cluster0,True,1.5090044121678645,1.1647283490715812,0.08736821112936523
cube5_cluster0,8,516,cube4_cluster0,True,1.1488011361279147,1.0885304878656865,0.015295105546752452
cube5_cluster0,8,516,cube4_cluster0,True,1.7984112362383102,1.617709181928981,0.04585742932697644
cube5_cluster0,8,516,cube6_cluster3,True,1.7593299770029207,1.2677238364321768,0.12475671034342334
cube5_cluster0,8,516,cube4_cluster0,True,1.1541653932722882,1.1466655840958853,0.0019032543408940665
cube5_cluster0,8,516,cube4_cluster0,True,1.561669314245759,1.5574372490149568,0.0010739868618009532
cube5_cluster0,8,516,cube4_cluster0,True,1.4460138233600695,1.3255091176705371,0.03058092530185767
cube5_cluster0,8,516,cube14_cluster0,True,1.4480032545953412,1.2847384896877738,0.04143230383821743
cube5_cluster0,8,516,cube13_cluster0,True,1.6709028170489029,1.5007828303345803,0.04317197885588985
cube5_cluster0,8,516,cube14_cluster0,True,1.2123422850772945,1.1471992012923697,0.016531601548340914
cube5_cluster0,8,516,cube14_cluster0,True,1.0626832680517035,0.9310270798716941,0.03341087829908638
cube5_cluster0,8,516,cube4_cluster0,True,1.7434202767962472,1.6442428380813126,0.0251686258027552
cube5_cluster0,8,516,cube4_cluster0,True,2.4919888366042313,2.2427644915582747,0.06324658473413329
cube5_cluster0,8,516,cube4_cluster0,True,2.1990709364558176,1.904972904188862,0.07463434647399292
cube5_cluster0,8,516,cube4_cluster0,True,0.8949879271927554,0.8362120265113203,0.014915777919239436
cube5_cluster0,8,516,cube14_cluster0,True,1.083494288899035,0.9719824843446659,0.028298763486783386
cube5_cluster0,8,516,cube6_cluster3,True,1.6388509954771262,0.7833875806676233,0.21709411791903133
cube5_cluster0,8,516,cube15_cluster1,True,1.4929162554139332,1.2614062187987467,0.05875115910078807
cube5_cluster0,8,516,cube14_cluster0,True,1.090596717737321,1.026761511146672,0.016199696710656058
cube5_cluster0,8,516,cube6_cluster3,True,2.157145541291455,1.6136944767441523,0.1379135886440303
cube5_cluster0,8,516,cube6_cluster0,True,1.7721330383236553,1.7073690997669801,0.0164353844600761
cube5_cluster0,8,516,cube14_cluster0,True,1.3791157945276273,1.1662058774266721,0.05403093790929526
cube5_cluster0,8,516,cube13_cluster0,True,1.4594397931256848,1.2890282398230175,0.043245970788467654
cube5_cluster0,8,516,cube13_cluster0,True,2.007962528330028,1.9557189647806417,0.013258042540868382
cube5_cluster0,8,516,cube24_cluster2,False,2.3907999447448844,2.1044499141783866,0.07266810739739767
cube5_cluster0,8,516,cube4_cluster0,True,1.2155329325988484,1.1215453644184339,0.023851573142991234
cube5_cluster0,8,516,cube4_cluster0,True,1.423041168388534,1.1742909186244548,0.06312627181923014
cube5_cluster0,8,516,cube6_cluster1,True,1.6053717432535042,0.8334342524545802,0.19589743494868292
cube5_cluster0,8,516,cube4_cluster0,True,1.4073714859165751,1.337256307106629,0.01779338851079914
cube5_cluster0,8,516,cube4_cluster0,True,1.527588976654391,1.3375099853055712,0.04823704935529038
cube5_cluster0,8,516,cube6_cluster3,True,2.1069905763914596,1.8314316495384397,0.0699296090566218
cube5_cluster0,8,516,cube6_cluster3,True,1.3172251196179647,0.6109391819849365,0.17923679724305022
cube5_cluster0,8,516,cube6_cluster3,True,1.395236261885229,0.6561976460853465,0.1875485656401856
cube5_cluster0,8,516,cube6_cluster3,True,1.3784490742625097,0.8788110981998197,0.12679497897210934
cube5_cluster0,8,516,cube14_cluster0,True,1.8043246258711987,1.6424376791556992,0.0410826498145835
cube5_cluster0,8,516,cube14_cluster0,True,0.9738455924781891,0.9199663242360558,0.013673141376540921
cube5_cluster0,8,516,cube14_cluster0,True,1.8853724015053945,1.74690672483024,0.035138947404955184
cube5_cluster0,8,516,cube13_cluster0,True,1.3487914965047934,1.1784985898007203,0.04321586140188254
cube5_cluster0,8,516,cube14_cluster0,True,1.9864910129129594,1.773569401214094,0.05403390569070333
cube5_cluster0,8,516,cube23_cluster1,False,1.8577134505734327,1.180696074819032,0.17180920593546148
cube5_cluster0,8,516,cube4_cluster0,True,1.162756769004545,1.1520280984237845,0.0027226544535428553
cube5_cluster0,8,516,cube13_cluster0,True,1.3957173743598583,1.3282154762415508,0.0171302065946532
cube5_cluster0,8,516,cube14_cluster0,True,1.8271237246022922,1.7490999986256228,0.019800369804748655
cube5_cluster0,8,516,cube14_cluster0,True,1.9622588650057724,1.8498806705070545,0.028518630470556375
cube5_cluster0,8,516,cube24_cluster1,False,2.223771488215754,1.3653259073476791,0.2178509132404513
cube5_cluster0,8,516,cube14_cluster0,True,1.1063854462391118,0.9745036619538013,0.0334681286579427
cube5_cluster0,8,516,cube14_cluster0,True,1.3201666067517088,1.1930343327908572,0.032262827839011306
cube5_cluster0,8,516,cube4_cluster0,True,1.4185529482861412,1.2619864856813785,0.039732450864018394
cube5_cluster0,8,516,cube4_cluster0,True,1.6444315584442777,1.5253659097110066,0.03021573049031293
cube5_cluster0,8,516,cube14_cluster0,True,1.075146738637815,1.005118193172393,0.017771403246220646
cube5_cluster0,8,516,cube14_cluster0,True,1.173079459936272,0.9826693582398961,0.04832107645404425
cube5_cluster0,8,516,cube6_cluster1,True,2.3925988245392307,0.8663722414264814,0.387316170474949
cube5_cluster0,8,516,cube6_cluster1,True,2.341529640778395,0.8783678472925515,0.37131198532946136
cube5_cluster0,8,516,cube4_cluster0,True,1.629209764795643,1.5257154926740821,0.026264124598368334
cube5_cluster0,8,516,cube14_cluster0,True,0.9997207602541782,0.9855495142258595,0.003596289570158322
cube5_cluster0,8,516,cube6_cluster3,True,1.8372043507405582,1.0431481943495577,0.20151057060490168
cube5_cluster0,8,516,cube4_cluster0,True,1.1292772832926925,1.1092412150199562,0.005084627224185598
cube5_cluster0,8,516,cube13_cluster0,True,1.1560954920441933,1.1330148955688666,0.005857248417773584
cube5_cluster0,8,516,cube6_cluster3,True,1.597780517632263,1.284035452597197,0.0796202467178613
cube5_cluster0,8,516,cube6_cluster3,True,1.8182805984463826,1.385370792393553,0.10986112422407472
cube5_cluster0,8,516,cube24_cluster2,False,2.8817466421404685,1.575632013553553,0.33145754486457063
cube5_cluster0,8,516,cube6_cluster0,True,1.6232923760675289,0.41205727618777344,0.3073796155964428
cube5_cluster0,8,516,cube6_cluster0,True,1.6240596707290225,0.6553478522286226,0.2458335845980224
cube5_cluster0,8,516,cube4_cluster0,True,0.9818352865879146,0.6209902250743319,0.09157298720036347
cube5_cluster0,8,516,cube13_cluster1,False,2.1434045527615013,1.8220296911640366,0.08155648843894588
cube5_cluster0,8,516,cube15_cluster1,True,1.2619475670015496,1.2165833758745517,0.011512238732054975
cube5_cluster0,8,516,cube6_cluster1,True,1.6804362408428581,1.4302168180345762,0.06349910930190919
cube5_cluster0,8,516,cube4_cluster0,True,0.8223481099603932,0.5597564243963561,0.0666388642266961
cube5_cluster0,8,516,cube13_cluster0,True,0.7968502288926284,0.7392999993941307,0.014604734805399387
cube5_cluster0,8,516,cube4_cluster0,True,2.10352972043209,1.9132117841278289,0.0482976873012676
cube5_cluster0,8,516,cube4_cluster0,True,1.3994154414330562,1.2211586722617989,0.04523688026442133
cube5_cluster0,8,516,cube4_cluster0,True,1.221493338924841,0.9401147967914202,0.07140647437202292
cube5_cluster0,8,516,cube4_cluster0,True,1.9533827244293724,1.6362130094110066,0.08048933282304734
cube5_cluster0,8,516,cube4_cluster0,True,1.7937233740293246,1.6475089915492358,0.03710536516475015
cube5_cluster0,8,516,cube13_cluster0,True,1.320778633502483,1.119797049510551,0.05100384065449984
cube5_cluster0,8,516,cube24_cluster2,False,1.9725735846670158,1.6653091703801144,0.07797562798448464
cube5_cluster0,8,516,cube6_cluster0,True,1.12641835975531,0.9222582584056767,0.05181046477204219
cube5_cluster0,8,516,cube4_cluster0,True,1.8308965395950343,1.5295469384637155,0.07647460395185195
cube5_cluster0,8,516,cube24_cluster2,False,2.524298672594096,1.7007436148292396,0.2089966160189698
cube5_cluster0,8,516,cube14_cluster0,True,1.162585854380184,1.1486539620909262,0.003535547885648473
cube5_cluster0,8,516,cube5_cluster1,False,2.17885768911942,1.2794091403691927,0.22825638820330568
cube5_cluster0,8,516,cube14_cluster0,True,1.7665150579433728,1.5113848250300865,0.06474534376332236
cube5_cluster0,8,516,cube14_cluster0,True,2.0865845990435465,1.8913656091029645,0.049541445827502056
cube5_cluster0,8,516,cube4_cluster0,True,1.6605711260981635,1.609572695282775,0.012942060597164113
cube5_cluster0,8,516,cube6_cluster1,True,1.7511434312682643,0.6352415420599637,0.28318655377659
cube5_cluster0,8,516,cube6_cluster3,True,2.2503564956141666,1.1371410194119964,0.2825048128022411
cube5_cluster0,8,516,cube4_cluster0,True,1.8866795654767388,1.8015381479339572,0.0216066527449828
cube5_cluster0,8,516,cube4_cluster0,True,1.1854650890513745,0.9982335020340138,0.047514453016281974
cube5_cluster0,8,516,cube24_cluster1,False,2.2555344182911123,1.3977831799535034,0.2176747073658625
cube5_cluster0,8,516,cube14_cluster0,True,0.9684164814779721,0.6929583794370454,0.06990402237077785
cube5_cluster0,8,516,cube14_cluster0,True,1.312051623483196,1.1205548489626542,0.04859684543977163
cube5_cluster0,8,516,cube14_cluster0,True,1.6642639039413787,1.3490585673128563,0.07999082524642905
cube5_cluster0,8,516,cube15_cluster2,False,2.099554835370108,1.3862926470011365,0.18100718622016254
cube5_cluster0,8,516,cube6_cluster3,True,1.5064805504996972,0.46771622059139856,0.2636110697701934
cube5_cluster0,8,516,cube6_cluster3,True,1.24438892857098,0.7131098024821705,0.13482467075781096
cube5_cluster0,8,516,cube6_cluster3,True,1.3455788425688513,1.3040513562344123,0.010538583952391744
cube5_cluster0,8,516,cube6_cluster3,True,1.8666993736910815,1.6805760961181289,0.04723319322533152
cube5_cluster0,8,516,cube14_cluster0,True,1.4158274558047486,1.316925295207787,0.025098767455607657
cube5_cluster0,8,516,cube14_cluster0,True,1.1141262060847412,1.0345267971839014,0.020200236693993744
cube5_cluster0,8,516,cube6_cluster0,True,1.9380988400351726,0.8716873462044238,0.27062719291561593
cube5_cluster0,8,516,cube4_cluster0,True,1.3727562855470057,1.358210323356333,0.0036913826779732864
cube5_cluster0,8,516,cube14_cluster0,True,0.7102915577051847,0.6748075013756283,0.009004920345739955
cube5_cluster0,8,516,cube15_cluster1,True,1.4522170031789579,0.4567176430468403,0.25263155821218575
cube5_cluster0,8,516,cube14_cluster0,True,1.1421592327973231,0.9023123332675046,0.06086683566781805
cube5_cluster0,8,516,cube14_cluster0,True,2.0412992128441583,1.7400046461956642,0.07646063764739389
cube5_cluster0,8,516,cube14_cluster0,True,1.0959300519197295,0.8937372378313376,0.051311219000359884
cube5_cluster0,8,516,cube14_cluster0,True,1.756613931245048,1.5174486105006775,0.06069386889605713
cube5_cluster0,8,516,cube4_cluster0,True,1.0695006329880132,0.8974464479140618,0.04366282753450642
cube5_cluster0,8,516,cube4_cluster0,True,1.3198305738993343,1.1783701542417782,0.03589893441889832
cube5_cluster0,8,516,cube4_cluster0,True,0.8197221442178324,0.785042835830234,0.008800696481127995
cube5_cluster0,8,516,cube14_cluster0,True,1.4580542599061677,1.353041172822074,0.02664955989444904
cube5_cluster0,8,516,cube4_cluster0,True,1.1662187177308287,1.027034042333699,0.035321410372546685
cube5_cluster0,8,516,cube6_cluster1,True,1.450533969715106,0.8840206402739766,0.14376618498849844
cube5_cluster0,8,516,cube6_cluster1,True,1.6371742506315763,1.050756942045646,0.1488172914656604
cube5_cluster0,8,516,cube6_cluster3,True,1.9776421715075472,1.345612313755427,0.16039255693680562
cube5_cluster0,8,516,cube13_cluster0,True,1.3402240429423022,1.1085537832021322,0.05879181951640184
cube5_cluster0,8,516,cube13_cluster0,True,1.3810378201592728,1.2172000363555349,0.04157772096496011
cube5_cluster0,8,516,cube14_cluster0,True,1.6160973819438764,1.541511276510423,0.01892799211255241
cube5_cluster0,8,516,cube4_cluster0,True,1.792218537235195,1.70696220216665,0.021635815790949683
cube5_cluster0,8,516,cube4_cluster0,True,1.4354964211629704,1.245281927743884,0.04827143621732498
cube5_cluster0,8,516,cube4_cluster0,True,2.111667690486744,1.8729729311950973,0.0605744527740614
cube5_cluster0,8,516,cube4_cluster0,True,1.0741538832672555,0.9759633588288013,0.024918172913005455
cube5_cluster0,8,516,cube4_cluster0,True,1.158431034602239,1.0454865631216346,0.028662336676750944
cube5_cluster0,8,516,cube24_cluster2,False,2.240939498535047,1.8120012049693774,0.10885325879666026
cube5_cluster0,8,516,cube14_cluster0,True,1.8244255636973334,1.787611077518964,0.009342548454062431
cube5_cluster0,8,516,cube4_cluster0,True,1.6585127274245088,1.5858284584603468,0.018445356030658732
cube5_cluster0,8,516,cube4_cluster0,True,0.9993050996927034,0.9049737724099328,0.023938810163079634
cube5_cluster0,8,516,cube4_cluster0,True,1.0923676269804186,1.0092264482555862,0.02109904473475973
cube5_cluster0,8,516,cube13_cluster0,True,1.3180508978575427,1.1276410852144907,0.048321003099912115
cube5_cluster0,8,516,cube14_cluster0,True,0.8155666504262203,0.6008546278569734,0.05448826488583578
cube5_cluster0,8,516,cube14_cluster0,True,1.0229648260485538,1.011130612981295,0.003003212063340589
cube5_cluster0,8,516,cube4_cluster0,True,1.9787648995308327,1.8577443844078003,0.0307118241714545
cube5_cluster0,8,516,cube14_cluster0,True,1.9635041411005767,1.8410344639759182,0.031079583377772942
cube5_cluster0,8,516,cube4_cluster0,True,1.2516411112966352,1.2508857144161944,0.0001916998630205602
cube5_cluster0,8,516,cube23_cluster1,False,2.3590064550965826,1.4426573772831761,0.23254529803371948
cube5_cluster0,8,516,cube14_cluster0,True,0.6353905131015413,0.47575487058600224,0.04051132801285961
cube5_cluster0,8,516,cube4_cluster0,True,1.286481657771334,1.1496092452067528,0.034734618872946606
cube5_cluster0,8,516,cube4_cluster0,True,1.053445225596229,1.0192670726579958,0.008673516407337854
cube5_cluster0,8,516,cube6_cluster1,True,1.1431931207163355,0.7294242254564433,0.10500366442763803
cube5_cluster0,8,516,cube14_cluster0,True,1.0533641368327715,0.9443894029673497,0.02765492166516918
cube5_cluster0,8,516,cube24_cluster2,False,1.997176310823938,1.230611409982927,0.19453401290437083
cube5_cluster0,8,516,cube6_cluster3,True,2.1494125235938824,0.9564707458439106,0.3027372515130431
cube5_cluster0,8,516,cube15_cluster1,True,1.8400642364656588,1.0784961898901086,0.19326594269780129
cube5_cluster0,8,516,cube24_cluster2,False,2.7246690651534,1.2598074452465309,0.37174335657351415
cube5_cluster0,8,516,cube4_cluster0,True,1.6283147011480714,1.5983537653009163,0.007603297612926235
cube5_cluster0,8,516,cube6_cluster3,True,1.079288653767787,0.6924177388879036,0.09817766436344856
cube5_cluster0,8,516,cube6_cluster1,True,1.411621552032862,1.1721333215295957,0.06077581490106609
cube5_cluster1,3,6,cube6_cluster2,True,0.5577808349856754,0.4739849260542685,0.021265198043259655
cube5_cluster1,3,6,cube6_cluster2,True,0.8690879597212356,0.7605331018153398,0.027548368188432835
cube5_cluster1,3,6,cube6_cluster2,True,0.662109491692242,0.6416128631321145,0.005201505313428006
cube6_cluster0,3,11,cube15_cluster1,True,0.8131994829671764,0.5676523923841283,0.062313394254951054
cube6_cluster0,3,11,cube15_cluster1,True,0.6972484658035876,0.4567176430468403,0.061040397397173235
cube6_cluster1,3,15,cube15_cluster0,True,0.7709258313170287,0.7268162587390283,0.011193849537959362
cube6_cluster1,3,15,cube6_cluster3,False,1.573141106776702,1.345612313755427,0.057740824174386245
cube6_cluster1,3,15,cube15_cluster0,True,1.0891639984338175,1.0302901580201018,0.014940632447698035
cube6_cluster2,3,5,cube5_cluster1,True,0.45479516096222133,0.4462368586501263,0.002171872062749069
cube6_cluster2,3,5,cube5_cluster1,True,0.6459812543035223,0.5542761614252075,0.02327234093527412
cube9_cluster0,1,7,cube19_cluster0,True,0.7183279682725894,0.6234632338911998,0.02407417485730471
cube12_cluster0,5,316,cube23_cluster1,False,2.1733618433364508,1.9596706788235463,0.05422919795740196
cube12_cluster0,5,316,cube22_cluster0,True,1.9186793735186098,1.6268864709829585,0.07404936516790411
cube12_cluster0,5,316,cube13_cluster1,False,2.0993003733065456,1.8534868967792444,0.062380996002252616
cube12_cluster0,5,316,cube13_cluster1,False,2.266061572027683,1.2866287307997861,0.2485542982275283
cube12_cluster0,5,316,cube13_cluster1,False,1.9359253022972018,1.479393402899027,0.11585579030731186
cube12_cluster0,5,316,cube22_cluster0,True,1.6501737304906152,1.2936338578954392,0.09048044346963664
cube12_cluster0,5,316,cube4_cluster0,True,1.1835941310762605,1.0192062485265374,0.04171732156033405
cube12_cluster0,5,316,cube23_cluster1,False,2.3967496181953085,1.7521443104650478,0.16358387543526795
cube12_cluster0,5,316,cube3_cluster0,True,1.2657830354100226,1.260395739186294,0.0013671541078344052
cube12_cluster0,5,316,cube22_cluster0,True,1.639323440080024,1.557352076879319,0.020802176318247774
cube12_cluster0,5,316,cube22_cluster0,True,2.0264745618751356,1.616051845918039,0.10415449211756196
cube12_cluster0,5,316,cube22_cluster0,True,2.0477640129931234,1.6885791169238187,0.09115168086921493
cube12_cluster0,5,316,cube22_cluster0,True,2.080495867105796,1.7643871299503695,0.08022008454275971
cube12_cluster0,5,316,cube22_cluster0,True,1.9664364431421144,1.5658482478511624,0.10165874939822128
cube12_cluster0,5,316,cube4_cluster0,True,1.6154269546122315,1.5425246268711108,0.018500693613796512
cube12_cluster0,5,316,cube23_cluster1,False,2.162249139093387,1.530992537648353,0.16019632482096513
cube12_cluster0,5,316,cube13_cluster1,False,2.2647990389664274,1.9492247652138248,0.08008445178630583
cube12_cluster0,5,316,cube3_cluster0,True,1.6766341786691952,1.676268623045916,9.276840389929794e-05
cube12_cluster0,5,316,cube4_cluster0,True,1.8171496309742246,1.5704709198626665,0.06260056978601763
cube12_cluster0,5,316,cube3_cluster0,True,1.663891594701892,1.6418487790428757,0.005593886937890333
cube12_cluster0,5,316,cube4_cluster0,True,1.8105293427920008,1.520183836005182,0.07368205419009621
cube12_cluster0,5,316,cube22_cluster0,True,2.745127264690301,2.281292061529391,0.11770917674186647
cube12_cluster0,5,316,cube3_cluster0,True,1.2431875233321903,1.1921857211423386,0.012942916163343313
cube12_cluster0,5,316,cube22_cluster0,True,2.0743335760548876,1.6697130241578735,0.10268205546294991
cube12_cluster0,5,316,cube3_cluster0,True,1.761143602479455,1.743073280947785,0.004585772396011524
cube12_cluster0,5,316,cube13_cluster1,False,2.3987016088314657,2.0914575086606475,0.07797047279603818
cube12_cluster0,5,316,cube22_cluster0,True,1.317189834176029,1.195804032100594,0.030804524393750796
cube12_cluster0,5,316,cube23_cluster1,False,2.051407310634197,1.6168297437992838,0.110284358052218
cube12_cluster0,5,316,cube3_cluster0,True,2.0086745173673397,1.9757267585538367,0.008361274735073525
cube12_cluster0,5,316,cube4_cluster0,True,2.006613907470322,1.891404205006913,0.02923719272971767
cube12_cluster0,5,316,cube22_cluster0,True,2.458466179467389,1.8043171103753604,0.1660058310894722
cube12_cluster0,5,316,cube22_cluster0,True,2.8612470204839697,2.4513340810959106,0.10402512423031503
cube12_cluster0,5,316,cube3_cluster0,True,1.7981847426226654,1.7272073716776548,0.018012190200968697
cube12_cluster0,5,316,cube3_cluster0,True,1.7213390526273176,1.6197732775694265,0.02577472275873496
cube12_cluster0,5,316,cube22_cluster0,True,1.8919824371253526,1.7022426439798686,0.04815096977143195
cube12_cluster0,5,316,cube3_cluster0,True,1.7488264789289272,1.687586691420911,0.015541047601155695
cube12_cluster0,5,316,cube22_cluster0,True,2.3322940221300814,1.5016700773261127,0.21079051365370047
cube12_cluster0,5,316,cube13_cluster1,False,2.613631308738591,1.6858440273221196,0.23544801330920398
cube12_cluster0,5,316,cube22_cluster0,True,1.7408943118050197,1.4272352232269827,0.07959842815405441
cube12_cluster0,5,316,cube4_cluster0,True,1.7701788907749687,1.6197009724913727,0.03818733843029854
cube12_cluster0,5,316,cube4_cluster0,True,1.4157740531924854,1.317387173153676,0.024968002800665908
cube12_cluster0,5,316,cube3_cluster0,True,1.1209763493295863,1.1082400396994807,0.0032321404478847997
cube12_cluster0,5,316,cube4_cluster0,True,1.9941209469055885,1.8481586428657837,0.037041394285700885
cube12_cluster0,5,316,cube4_cluster0,True,1.9606243733589526,1.8515703814684839,0.027675035267618678
cube12_cluster0,5,316,cube13_cluster0,True,1.8209893361847993,1.7548673337301297,0.0167800253633676
cube12_cluster0,5,316,cube13_cluster1,False,2.2616994350484263,1.778673921703254,0.12257917280472885
cube12_cluster0,5,316,cube4_cluster0,True,1.6086552819824578,1.3447262377100444,0.06697825069736232
cube12_cluster0,5,316,cube3_cluster0,True,0.7352007118625681,0.7203725021424153,0.0037630096784814697
cube12_cluster0,5,316,cube22_cluster0,True,1.8301621514333866,1.5918249088239198,0.06048372444200705
cube12_cluster0,5,316,cube22_cluster0,True,1.6806511290263269,1.4084343001598778,0.06908147247727417
cube12_cluster0,5,316,cube13_cluster1,False,2.446593539232679,2.1601731984055927,0.07268595029253362
cube12_cluster0,5,316,cube13_cluster1,False,2.9160591909275038,1.2866520158114427,0.4135006913083858
cube12_cluster0,5,316,cube22_cluster0,True,2.5190162457958984,2.0206745526868297,0.12646601644780014
cube12_cluster0,5,316,cube22_cluster0,True,1.9034025837514779,1.624422925830293,0.07079770064420522
cube12_cluster0,5,316,cube13_cluster1,False,2.291561824894404,1.9063388353754545,0.09775946424356617
cube12_cluster0,5,316,cube13_cluster1,False,2.000696339035027,1.894851825866213,0.026860553970119064
cube12_cluster0,5,316,cube23_cluster1,False,2.0665466692905987,1.4545078802138063,0.15531934942705433
cube12_cluster0,5,316,cube13_cluster1,False,2.3264674026976104,1.8329083270499622,0.12525231390815098
cube12_cluster0,5,316,cube13_cluster1,False,1.6754200824009247,1.6326472943039378,0.010854608791096888
cube12_cluster0,5,316,cube3_cluster0,True,1.4230308223116737,1.3628750719237275,0.015265947487814801
cube12_cluster0,5,316,cube22_cluster0,True,2.5018907376536266,2.134899324752799,0.09313276954725837
cube12_cluster0,5,316,cube22_cluster0,True,2.043460504966987,1.68443534906162,0.09111114301641379
cube12_cluster0,5,316,cube22_cluster0,True,2.1106023399850335,1.385814344660917,0.18393213292263422
cube12_cluster0,5,316,cube3_cluster0,True,1.4479905726423843,1.4100501216623595,0.009628288710386148
cube12_cluster0,5,316,cube22_cluster0,True,2.434081301541458,1.7946559338283972,0.16226934287964964
cube12_cluster0,5,316,cube13_cluster1,False,2.482777063201354,1.9473534692431278,0.13587642771290548
cube12_cluster0,5,316,cube3_cluster0,True,1.5666191386703294,1.4760025337786788,0.022996111309039384
cube12_cluster0,5,316,cube42_cluster1,False,3.1242594535299304,2.6752575067114917,0.1139448863633554
cube12_cluster0,5,316,cube42_cluster1,False,3.7899872917171207,3.0747953168609503,0.18149691528157866
cube12_cluster0,5,316,cube4_cluster0,True,1.901310211284426,1.6319034059741713,0.06836836239599788
cube12_cluster0,5,316,cube3_cluster0,True,1.697063186534332,1.6838746939403864,0.003346892592714643
cube12_cluster0,5,316,cube22_cluster0,True,2.2915149410950177,1.9461538468333603,0.08764356350526314
cube12_cluster0,5,316,cube4_cluster0,True,1.7238902815173054,1.6754837609317141,0.012284301942238509
cube12_cluster0,5,316,cube3_cluster0,True,1.0736927341036708,1.043406798571149,0.007685773986313119
cube12_cluster0,5,316,cube23_cluster1,False,1.8912834819857756,1.8594614102103946,0.00807560496783
cube12_cluster0,5,316,cube22_cluster0,True,2.559597570399763,2.0513059669054,0.12899104204337156
cube12_cluster0,5,316,cube23_cluster1,False,2.0849635577663377,1.685776243888944,0.10130324253548378
cube12_cluster0,5,316,cube23_cluster1,False,2.134841701849899,1.9172787076738518,0.055211766505514404
cube12_cluster0,5,316,cube4_cluster0,True,2.1718118811044054,1.9663778295458083,0.05213375983305815
cube12_cluster0,5,316,cube22_cluster0,True,1.880261469685471,1.4961452496684708,0.09747859524951465
cube12_cluster0,5,316,cube3_cluster0,True,1.6255083761295577,1.514150199621408,0.028259776728724234
cube12_cluster0,5,316,cube13_cluster1,False,2.327066890996404,1.6909109043583341,0.16143965994017015
cube12_cluster0,5,316,cube13_cluster1,False,2.0756185378819043,1.5512273316345737,0.1330766978388103
cube12_cluster0,5,316,cube22_cluster0,True,1.8362733212085733,1.3564728161040542,0.1217607505236987
cube12_cluster0,5,316,cube4_cluster0,True,1.4968099811670297,1.2181418729797382,0.07071863751479884
cube12_cluster0,5,316,cube23_cluster1,False,1.8359624251072153,1.2931777364474646,0.13774447996795344
cube12_cluster0,5,316,cube4_cluster0,True,2.1818064418508967,2.0021688915634375,0.045587286200282254
cube12_cluster0,5,316,cube4_cluster0,True,2.503474675257735,2.2930702048909235,0.05339512141577145
cube12_cluster0,5,316,cube23_cluster1,False,2.0600902593723798,1.6222366522489549,0.11111573092496684
cube12_cluster0,5,316,cube3_cluster0,True,1.1948992938233787,1.1877164979750177,0.00182280469497302
cube12_cluster0,5,316,cube13_cluster1,False,2.3595588081528542,1.5106172291460287,0.21543904750189338
cube12_cluster0,5,316,cube13_cluster1,False,2.808787144033994,1.4884067313659841,0.3350778257063858
cube12_cluster0,5,316,cube23_cluster1,False,2.1957980230939356,1.7879269719802335,0.10350694668334244
cube12_cluster0,5,316,cube23_cluster1,False,1.6283256070665713,1.6030432792827356,0.0064159899233023855
cube12_cluster0,5,316,cube13_cluster1,False,2.105881803769068,1.640924946059187,0.11799382316940885
cube12_cluster0,5,316,cube42_cluster1,False,3.511300120296175,2.5335896790650123,0.24811719840359484
cube12_cluster0,5,316,cube13_cluster0,True,2.1942321709225734,2.183605083046158,0.0026968754345762223
cube12_cluster0,5,316,cube13_cluster0,True,2.117721343000148,2.0072012864210884,0.028047083931386146
cube12_cluster0,5,316,cube22_cluster0,True,1.8387548505676155,1.6247732428721,0.054302904799147574
cube12_cluster0,5,316,cube3_cluster0,True,1.6834770005759727,1.6396241164101537,0.011128708769274393
cube12_cluster0,5,316,cube13_cluster0,True,1.5534317789715466,1.412748559781454,0.03570170137887658
cube12_cluster0,5,316,cube22_cluster0,True,1.9076050695211966,1.796082882166006,0.028301398368587607
cube12_cluster0,5,316,cube22_cluster0,True,1.9238317405600507,1.7753963462647224,0.03766899955585329
cube12_cluster0,5,316,cube13_cluster1,False,2.767725739325829,1.8708872857537633,0.2275940146867084
cube12_cluster0,5,316,cube3_cluster0,True,1.1073238397867993,1.0997261541429662,0.001928092814397369
cube12_cluster0,5,316,cube22_cluster0,True,1.3468811065729314,1.2324158837307764,0.02904826337997938
cube12_cluster0,5,316,cube3_cluster0,True,1.5858112250094336,1.5696440715791162,0.004102798380919615
cube12_cluster0,5,316,cube23_cluster1,False,1.8713858360791273,1.071412398104091,0.2030122210597617
cube12_cluster0,5,316,cube13_cluster1,False,2.405171818898843,1.6442968900081503,0.19309004765681737
cube12_cluster0,5,316,cube13_cluster1,False,1.8394610573711412,1.4547249365536858,0.09763590977067638
cube12_cluster0,5,316,cube22_cluster0,True,1.6590919125163768,1.28274429871868,0.09550712728788886
cube12_cluster0,5,316,cube23_cluster1,False,1.9529357812599395,1.9136963068832291,0.00995794668707759
cube12_cluster0,5,316,cube13_cluster0,True,1.4904367919688422,1.4214468406336056,0.01750783536866421
cube12_cluster0,5,316,cube4_cluster0,True,2.0860161491381484,1.9316925121303974,0.03916328070875476
cube12_cluster0,5,316,cube3_cluster0,True,1.8870202352687415,1.808666358085474,0.01988415349875066
cube12_cluster0,5,316,cube22_cluster0,True,2.6127231415168586,2.21113182041946,0.10191331634794976
cube12_cluster0,5,316,cube4_cluster0,True,1.5868072996287472,1.4991542749133209,0.02224403259579249
cube12_cluster0,5,316,cube3_cluster0,True,2.1263888738484167,2.0142281200540926,0.028463449737981653
cube12_cluster0,5,316,cube22_cluster0,True,2.091132686186305,1.7950294026115576,0.07514322652232085
cube12_cluster0,5,316,cube4_cluster0,True,1.670883832814703,1.5498223090093122,0.03072223109660119
cube12_cluster0,5,316,cube13_cluster1,False,3.065827704707315,1.304047594126026,0.44709346121962246
cube12_cluster0,5,316,cube13_cluster1,False,1.7965291488644326,1.666550761501796,0.03298509657401692
cube12_cluster0,5,316,cube13_cluster1,False,2.9644437354072966,1.4586753346860084,0.3821244217880809
cube12_cluster0,5,316,cube13_cluster1,False,2.2857335661272122,1.5391553702025345,0.18946191280189534
cube12_cluster0,5,316,cube13_cluster1,False,2.8567789357845643,0.7589637290231043,0.5323703316645335
cube12_cluster0,5,316,cube13_cluster0,True,1.2682639636521822,1.1402228770810914,0.03249346057976681
cube12_cluster0,5,316,cube4_cluster0,True,1.3957936415494332,1.1250941252655422,0.06869641844572189
cube12_cluster0,5,316,cube23_cluster1,False,2.484042930125246,1.8405050547383246,0.16331298917759304
cube12_cluster0,5,316,cube22_cluster0,True,2.034762376996856,1.474780026729963,0.14210879422410896
cube12_cluster0,5,316,cube22_cluster0,True,2.1010996062940315,1.9454763026056463,0.039493101933995425
cube12_cluster0,5,316,cube13_cluster1,False,2.0269026562333448,1.6610838508764791,0.09283519258953626
cube12_cluster0,5,316,cube3_cluster0,True,0.9682086892365475,0.8807239468745603,0.022201326959936204
cube12_cluster0,5,316,cube4_cluster0,True,1.8171423556109498,1.605024497501481,0.05382993416662225
cube12_cluster0,5,316,cube23_cluster0,True,2.2285641866341526,1.780537954949643,0.11369727552147298
cube12_cluster0,5,316,cube4_cluster0,True,1.6442708759671756,1.399120962126985,0.062212601242466976
cube12_cluster0,5,316,cube13_cluster1,False,2.4125737163535392,1.5623625908263745,0.2157612250225435
cube12_cluster0,5,316,cube13_cluster1,False,2.215078192771004,2.0970401810551818,0.029954943239821747
cube12_cluster0,5,316,cube13_cluster1,False,2.4238963859722484,1.5820452302258214,0.21363968454055438
cube12_cluster0,5,316,cube22_cluster0,True,1.6669455312023742,1.2290092505939325,0.11113671128133779
cube12_cluster0,5,316,cube22_cluster0,True,1.5902951200682982,1.4993457095822915,0.023080568616849966
cube12_cluster0,5,316,cube22_cluster0,True,2.4299214739340753,2.018607803248431,0.10438059299756618
cube12_cluster0,5,316,cube22_cluster0,True,2.2851244114165388,1.7062675284008457,0.14689865427808568
cube12_cluster0,5,316,cube3_cluster0,True,1.3455391269220642,1.3376725787631658,0.001996323050242805
cube12_cluster0,5,316,cube13_cluster0,True,1.7100732568925954,1.5634127196100005,0.037218587520760515
cube12_cluster0,5,316,cube22_cluster0,True,2.47209311170147,1.8500963765936176,0.15784641425820164
cube12_cluster0,5,316,cube22_cluster0,True,2.1840339805694136,1.9552096728238602,0.05806959174229089
cube12_cluster0,5,316,cube4_cluster0,True,1.5521474649425016,1.3941511290467734,0.040095315102820765
cube12_cluster0,5,316,cube22_cluster0,True,2.843959104260238,2.5594214058989637,0.072208185143964
cube12_cluster0,5,316,cube13_cluster0,True,1.707927979385549,1.5998874284118818,0.027417850614146318
cube12_cluster0,5,316,cube23_cluster1,False,1.8679808552941104,1.5274851625453645,0.08640885255037953
cube12_cluster0,5,316,cube23_cluster1,False,1.7322104542675132,1.6954078240871802,0.009339539713546808
cube12_cluster0,5,316,cube4_cluster0,True,1.6935149103227796,1.6095512574747795,0.02130776703800409
cube12_cluster0,5,316,cube23_cluster1,False,1.6281903604046752,1.5924371737886591,0.009073218534923504
cube12_cluster0,5,316,cube22_cluster0,True,1.5843716204799612,1.2543199515557455,0.08375843395799983
cube12_cluster0,5,316,cube22_cluster0,True,2.1423443925397865,1.8959497953642148,0.06252846914062042
cube12_cluster0,5,316,cube23_cluster1,False,1.92092527925882,1.3267342140874199,0.15079006645477624
cube12_cluster0,5,316,cube22_cluster0,True,2.47129774423409,1.507182991226675,0.24466697026836373
cube12_cluster0,5,316,cube3_cluster0,True,1.734177441787545,1.605290762413791,0.032708049795897955
cube12_cluster0,5,316,cube22_cluster0,True,1.773779132613808,0.7457806993590936,0.26087896831832963
cube12_cluster0,5,316,cube22_cluster0,True,1.6867225599916031,1.4879546601211704,0.05044206583936615
cube12_cluster0,5,316,cube23_cluster1,False,2.5108453076772843,2.458314023866352,0.013331058376854306
cube12_cluster0,5,316,cube3_cluster0,True,1.534261759458971,1.5200296150699395,0.003611743972617571
cube12_cluster0,5,316,cube22_cluster0,True,2.7953199612422397,2.346024841394369,0.1140192859684353
cube12_cluster0,5,316,cube13_cluster1,False,2.390156894107397,1.1262279773992134,0.32075192057888563
cube12_cluster0,5,316,cube13_cluster1,False,2.5747195822472606,1.760584373031648,0.20660610617795655
cube12_cluster0,5,316,cube13_cluster1,False,2.878030994577168,2.111170567577017,0.19460900967188874
cube12_cluster0,5,316,cube22_cluster0,True,2.5351770694852838,2.110793797371603,0.10769731413894276
cube12_cluster0,5,316,cube3_cluster0,True,1.5161185587619963,1.494356171447837,0.005522721598599025
cube12_cluster0,5,316,cube23_cluster1,False,1.7959298470198852,1.6783877954718536,0.02982908159187099
cube12_cluster0,5,316,cube22_cluster0,True,1.2655494836518433,0.7080451394239775,0.14147994145737727
cube12_cluster0,5,316,cube3_cluster0,True,0.9143307061884081,0.9005132499319963,0.003506507029921887
cube12_cluster0,5,316,cube13_cluster1,False,2.2765763017181198,1.3754592683252849,0.22867980572821411
cube12_cluster0,5,316,cube4_cluster0,True,1.6469327532448796,1.4661661596532636,0.04587380769958319
cube12_cluster0,5,316,cube22_cluster0,True,1.5252329953810762,1.1958767725217359,0.08358194803539845
cube12_cluster0,5,316,cube13_cluster1,False,2.774397918899488,2.0649562270362276,0.18003764467745986
cube12_cluster0,5,316,cube3_cluster0,True,1.918446772961802,1.9089034916239405,0.0024218338367603415
cube12_cluster0,5,316,cube3_cluster0,True,1.2660003485666667,1.2264625521722605,0.010033652969972115
cube12_cluster0,5,316,cube3_cluster0,True,1.293880710200598,1.2262200146283913,0.017170505212437716
cube12_cluster0,5,316,cube13_cluster1,False,2.4813195549427953,1.9823062533042117,0.12663645303080048
cube12_cluster0,5,316,cube3_cluster0,True,1.5614828283296074,1.4600469167162478,0.025741766831628755
cube12_cluster0,5,316,cube22_cluster0,True,1.8779562005062884,1.6051895181387175,0.06922101083595118
cube12_cluster0,5,316,cube3_cluster0,True,1.7058018335284508,1.6693452447382344,0.009251723508843802
cube12_cluster0,5,316,cube22_cluster0,True,1.1693605225697306,1.108100786942673,0.0155461099091778
cube12_cluster0,5,316,cube13_cluster0,True,1.5224650369022412,1.4905954905831753,0.00808765275854374
cube12_cluster0,5,316,cube3_cluster0,True,1.1645925081041593,1.125275235992643,0.009977689706266248
cube12_cluster0,5,316,cube13_cluster0,True,1.641201069001465,1.553613419211868,0.022227442158830164
cube12_cluster0,5,316,cube22_cluster0,True,2.595256369300071,2.3238344454883575,0.06887974647859353
cube12_cluster0,5,316,cube22_cluster0,True,2.1674449318888516,1.6172423488986352,0.13962694647512444
cube12_cluster0,5,316,cube13_cluster0,True,1.5611373652285498,1.351194668660513,0.053277935369252585
cube12_cluster0,5,316,cube23_cluster1,False,1.6596947132785131,1.606354031828556,0.013536462212305273
cube12_cluster0,5,316,cube22_cluster0,True,2.147550570709061,1.8331265018500804,0.07979256003210078
cube12_cluster0,5,316,cube22_cluster0,True,2.24175062571001,1.661068130275623,0.14736194670045855
cube12_cluster0,5,316,cube4_cluster0,True,2.0114242029559577,1.7643664902659064,0.06269675041975196
cube12_cluster0,5,316,cube22_cluster0,True,2.1639958994660127,1.5892067278827307,0.14586637608818195
cube12_cluster0,5,316,cube23_cluster1,False,2.0216810663852707,1.8374783134566712,0.04674581457606401
cube12_cluster0,5,316,cube22_cluster0,True,1.9266861373733515,1.4772998010107892,0.11404243432107534
cube12_cluster0,5,316,cube23_cluster1,False,1.8841599871029489,1.820611766677595,0.016126867168993423
cube12_cluster0,5,316,cube22_cluster0,True,1.6982083112343713,1.2449469531275632,0.11502581293542724
cube12_cluster0,5,316,cube3_cluster0,True,1.190572307033971,1.1514903478774665,0.009917973466484615
cube12_cluster0,5,316,cube4_cluster0,True,0.7703605752757604,0.6888827101642255,0.02067693948110379
cube12_cluster0,5,316,cube13_cluster1,False,2.2891597618698,1.8761963990898267,0.10479924146792315
cube12_cluster0,5,316,cube22_cluster0,True,1.7768271618297917,1.438859222036631,0.08576737532445727
cube12_cluster0,5,316,cube3_cluster0,True,1.6267191381506187,1.546411536665736,0.02037995734795511
cube12_cluster0,5,316,cube13_cluster1,False,2.1866457478129413,1.576402606619658,0.15486366121571174
cube12_cluster0,5,316,cube13_cluster1,False,2.8350902698829543,1.8549915557289913,0.24872327926520676
cube12_cluster0,5,316,cube3_cluster0,True,1.607547123118171,1.6044009631259555,0.0007984126691078667
cube12_cluster0,5,316,cube13_cluster0,True,1.4646466257997108,1.453032982846402,0.0029472371689169335
cube12_cluster0,5,316,cube13_cluster1,False,2.1194614753837824,1.6972787039576365,0.10713888493265467
cube12_cluster0,5,316,cube4_cluster0,True,1.6474143053494412,1.5575712886941817,0.022799794958270305
cube12_cluster0,5,316,cube4_cluster0,True,1.6757250144689406,1.4960523103613905,0.04559620731535509
cube12_cluster0,5,316,cube22_cluster0,True,2.236214863556996,1.7554041752304221,0.12201710845991438
cube12_cluster0,5,316,cube22_cluster0,True,1.829797302980532,1.7128003594768313,0.02969074750533268
cube12_cluster0,5,316,cube42_cluster1,False,3.023970616298683,2.666721653669418,0.09066039187281878
cube12_cluster0,5,316,cube22_cluster0,True,1.86915285693416,1.4069728123846803,0.1172891410132263
cube12_cluster0,5,316,cube22_cluster0,True,1.5937548351826611,0.8224438947677106,0.19573843293809334
cube12_cluster0,5,316,cube23_cluster1,False,1.8454009956323276,1.6533037620841455,0.04874922615026772
cube12_cluster0,5,316,cube22_cluster0,True,1.9235056781432736,1.7629950755929444,0.04073336986021256
cube12_cluster0,5,316,cube13_cluster1,False,2.8237448594090524,2.1242378829189863,0.1775164751763649
cube12_cluster0,5,316,cube23_cluster1,False,1.908783282726919,1.389911898591426,0.13167591214570595
cube12_cluster0,5,316,cube13_cluster1,False,2.2599469412404316,1.4786239941537924,0.19827921693815923
cube12_cluster0,5,316,cube3_cluster0,True,1.4405053917424162,1.338635990918265,0.02585177499353848
cube13_cluster0,10,1173,cube23_cluster0,True,2.750178276032153,2.0305505406503603,0.18262259465247788
cube13_cluster0,10,1173,cube4_cluster0,True,2.368403796410966,2.0964901487252576,0.06900453306658386
cube13_cluster0,10,1173,cube23_cluster1,True,2.3582271884378363,1.1939147847781082,0.29547186925694807
cube13_cluster0,10,1173,cube23_cluster1,True,2.2757282282070985,1.9596706788235463,0.08020709443238104
cube13_cluster0,10,1173,cube4_cluster0,True,1.381560306951481,1.314571265619176,0.01700005702934329
cube13_cluster0,10,1173,cube14_cluster0,True,1.6349331880405034,1.2449152870614086,0.09897628667678718
cube13_cluster0,10,1173,cube14_cluster0,True,1.3688491559427116,0.9706572220696664,0.10105064126663073
cube13_cluster0,10,1173,cube14_cluster0,True,1.6492638320792952,1.237249354135826,0.10455843944995087
cube13_cluster0,10,1173,cube24_cluster1,True,2.7500212979089023,1.9306541057264428,0.20793384586558297
cube13_cluster0,10,1173,cube5_cluster0,True,1.9030037621668892,1.5436633779951814,0.0911911396606182
cube13_cluster0,10,1173,cube5_cluster0,True,1.7370989068857505,1.652054754033877,0.02158196952427247
cube13_cluster0,10,1173,cube13_cluster1,False,2.187376610555302,2.116610203497519,0.01795865311426505
cube13_cluster0,10,1173,cube5_cluster0,True,1.757939116806492,1.4787897941982446,0.0708407570799828
cube13_cluster0,10,1173,cube22_cluster0,True,2.2193940708809126,1.6268864709829585,0.15036284723971785
cube13_cluster0,10,1173,cube13_cluster1,False,2.643419007119169,1.2866287307997861,0.3443176916037569
cube13_cluster0,10,1173,cube4_cluster0,True,1.3273665803839956,1.1833369755843475,0.036550926044182884
cube13_cluster0,10,1173,cube4_cluster0,True,1.4799691931812227,1.243271510287022,0.06006764730299752
cube13_cluster0,10,1173,cube13_cluster1,False,2.250075931191558,1.479393402899027,0.19557895846724563
cube13_cluster0,10,1173,cube23_cluster0,True,1.91701066880295,1.247451346609312,0.16991654807173834
cube13_cluster0,10,1173,cube12_cluster0,True,1.1964722313937697,1.0684191072905955,0.0324965153888496
cube13_cluster0,10,1173,cube22_cluster0,True,1.681218849816719,1.2936338578954392,0.0983588783379383
cube13_cluster0,10,1173,cube4_cluster0,True,1.1564018635169593,1.0192062485265374,0.034816639149129636
cube13_cluster0,10,1173,cube14_cluster0,True,1.81844039802877,1.288708362704135,0.1344320598068635
cube13_cluster0,10,1173,cube24_cluster1,True,3.154321020576451,1.507536975522835,0.41791048392602487
cube13_cluster0,10,1173,cube23_cluster1,True,2.119718953450573,1.728393284900014,0.09930816369508531
cube13_cluster0,10,1173,cube4_cluster0,True,1.1820251091822946,1.152504304025688,0.007491604018110176
cube13_cluster0,10,1173,cube5_cluster0,True,0.7804309897397008,0.717539225352332,0.01596027588986696
cube13_cluster0,10,1173,cube4_cluster0,True,1.833764797048051,1.6257336229822283,0.052792841226923924
cube13_cluster0,10,1173,cube4_cluster0,True,1.5481228710732111,1.4945595149290218,0.01359297119385885
cube13_cluster0,10,1173,cube14_cluster0,True,1.4929924825366523,1.2880786534014503,0.052001741062677645
cube13_cluster0,10,1173,cube5_cluster0,True,1.6746169446800878,1.3070198700433964,0.09328647056828217
cube13_cluster0,10,1173,cube14_cluster0,True,1.7414720683460774,1.3649814808590444,0.09554341025035659
cube13_cluster0,10,1173,cube13_cluster1,False,3.1026473986417997,1.8634598277484793,0.314473217652702
cube13_cluster0,10,1173,cube12_cluster0,True,2.163751829687028,1.7787311112927044,0.09770813315141072
cube13_cluster0,10,1173,cube5_cluster0,True,1.3646004211192584,0.9745143776058436,0.09899357946000255
cube13_cluster0,10,1173,cube5_cluster0,True,1.7780096304573507,1.4096293746224642,0.09348522136048383
cube13_cluster0,10,1173,cube23_cluster1,True,1.6583934712706898,1.1491214241775909,0.12923985284527392
cube13_cluster0,10,1173,cube23_cluster0,True,1.482927482891882,1.2723971640689917,0.053427058444393535
cube13_cluster0,10,1173,cube23_cluster1,True,2.3512179977241305,1.7521443104650478,0.15202914753867447
cube13_cluster0,10,1173,cube23_cluster1,True,2.7278669249620027,1.4304459478914426,0.32925132473315927
cube13_cluster0,10,1173,cube23_cluster0,True,2.4728313866758382,1.895228413108541,0.14658044503507503
cube13_cluster0,10,1173,cube12_cluster0,True,1.5249597514678181,1.3011992438641773,0.05678453243280357
cube13_cluster0,10,1173,cube22_cluster0,True,2.687983643389986,1.8351404645494405,0.21642917093641004
cube13_cluster0,10,1173,cube4_cluster0,True,1.9012422004425216,1.7524655421932656,0.03775560337288736
cube13_cluster0,10,1173,cube12_cluster0,True,2.0605620445650747,1.9761995702290647,0.021408977443554814
cube13_cluster0,10,1173,cube14_cluster0,True,1.6967212539453638,1.5952630583632035,0.02574742191689221
cube13_cluster0,10,1173,cube5_cluster0,True,1.7891644062338798,1.523506409079524,0.06741701347123552
cube13_cluster0,10,1173,cube3_cluster0,True,1.616598133445339,1.260395739186294,0.09039480034284612
cube13_cluster0,10,1173,cube12_cluster0,True,1.4961887425983538,1.1697890347362063,0.08283166227879143
cube13_cluster0,10,1173,cube23_cluster1,True,1.733093721768106,1.5307307789922877,0.05135439318722769
cube13_cluster0,10,1173,cube24_cluster0,True,1.4592410474157427,1.2222468735926262,0.0601428889037132
cube13_cluster0,10,1173,cube14_cluster0,True,1.4272210420982239,1.060156461924626,0.09315133747695317
cube13_cluster0,10,1173,cube4_cluster0,True,1.3783655591149195,1.1924271612399033,0.04718627561991459
cube13_cluster0,10,1173,cube13_cluster1,False,2.6667191343702092,1.6799625421125348,0.2504128736407413
cube13_cluster0,10,1173,cube23_cluster1,True,2.3183386924487634,1.6195379039344882,0.17733726323926124
cube13_cluster0,10,1173,cube12_cluster0,True,1.7751446119960115,1.7506882780004487,0.0062063744216136
cube13_cluster0,10,1173,cube4_cluster0,True,1.9010537683739184,1.8264571455160035,0.018930661158296197
cube13_cluster0,10,1173,cube4_cluster0,True,1.555494544597059,1.3977309824512607,0.04003624324651351
cube13_cluster0,10,1173,cube4_cluster0,True,1.3265975376644976,1.2423676576705536,0.02137532848647079
cube13_cluster0,10,1173,cube22_cluster0,True,2.1204066198505993,1.6885791169238187,0.10958646415281623
cube13_cluster0,10,1173,cube12_cluster0,True,1.46233766168516,1.3205974349570697,0.035969942095104596
cube13_cluster0,10,1173,cube4_cluster0,True,1.285038621238439,1.2177760272423133,0.0170694775016025
cube13_cluster0,10,1173,cube22_cluster0,True,2.1199083593990387,1.5658482478511624,0.14060588577875222
cube13_cluster0,10,1173,cube4_cluster0,True,1.6097047670805744,1.5425246268711108,0.017048552898896382
cube13_cluster0,10,1173,cube22_cluster0,True,3.391899941784216,3.062480279359134,0.08359804732886611
cube13_cluster0,10,1173,cube24_cluster1,True,2.581520183931119,1.5876135190116298,0.2522273740515149
cube13_cluster0,10,1173,cube14_cluster0,True,2.071606267545625,1.7217302030946848,0.0887893442057637
cube13_cluster0,10,1173,cube23_cluster0,True,1.767106081216827,1.358074921662961,0.10380135169721894
cube13_cluster0,10,1173,cube4_cluster0,True,1.0179028772994247,0.8429693798626942,0.04439352129275451
cube13_cluster0,10,1173,cube23_cluster1,True,1.9190321829129473,1.141537017642741,0.1973078265751826
cube13_cluster0,10,1173,cube4_cluster0,True,1.4621243802049024,1.2781595230615035,0.046685442881903065
cube13_cluster0,10,1173,cube4_cluster0,True,1.0589070241876835,0.9147956547804448,0.03657167575136448
cube13_cluster0,10,1173,cube14_cluster0,True,1.5267157634911792,1.370324805887019,0.03968791231025142
cube13_cluster0,10,1173,cube23_cluster1,True,1.9776026780893516,1.530992537648353,0.11333790880387774
cube13_cluster0,10,1173,cube5_cluster0,True,1.0961418111603933,0.6145296215140066,0.12222050841720473
cube13_cluster0,10,1173,cube14_cluster0,True,1.4436420423336276,0.8240928547432671,0.1572252910632452
cube13_cluster0,10,1173,cube13_cluster1,False,2.3091915337756164,1.9492247652138248,0.09135009954632385
cube13_cluster0,10,1173,cube4_cluster0,True,1.5979283301664327,1.4843337794039637,0.028827309702868283
cube13_cluster0,10,1173,cube5_cluster0,True,0.7478911193935243,0.6272001957681755,0.030628182516855892
cube13_cluster0,10,1173,cube3_cluster0,True,1.8275812551876092,1.676268623045916,0.03839916685639053
cube13_cluster0,10,1173,cube4_cluster0,True,1.6991264115674805,1.5704709198626665,0.032649380445235576
cube13_cluster0,10,1173,cube4_cluster0,True,1.4514260172950968,1.4360688335313623,0.003897249379917467
cube13_cluster0,10,1173,cube14_cluster0,True,1.9378474752457362,1.9155469598706252,0.005659284348913506
cube13_cluster0,10,1173,cube4_cluster0,True,1.6475765399410895,1.520183836005182,0.03232891811795916
cube13_cluster0,10,1173,cube23_cluster0,True,2.0999431228235617,1.9994333735017227,0.025506731198021538
cube13_cluster0,10,1173,cube14_cluster0,True,1.9400379598988182,1.8657197154062182,0.01886001604990284
cube13_cluster0,10,1173,cube22_cluster0,True,2.497726998158671,2.1125768851222566,0.09774097010878594
cube13_cluster0,10,1173,cube23_cluster1,True,2.309014893209283,1.8692264683112907,0.11160673679480557
cube13_cluster0,10,1173,cube5_cluster0,True,1.4156776221688412,1.2538921408254553,0.04105690057145164
cube13_cluster0,10,1173,cube23_cluster1,True,1.9401232930330903,1.7610418445750087,0.04544616218021089
cube13_cluster0,10,1173,cube23_cluster1,True,1.895397687419504,1.5076896758025613,0.09839009750155679
cube13_cluster0,10,1173,cube13_cluster1,False,2.578813312377616,1.4971148529579044,0.27450662276935606
cube13_cluster0,10,1173,cube4_cluster0,True,2.010691331770706,1.7659270828706308,0.06211472962278431
cube13_cluster0,10,1173,cube4_cluster0,True,1.5971829347767332,1.3974543512860291,0.05068586207837715
cube13_cluster0,10,1173,cube13_cluster1,False,2.566055983752068,1.6179412370982298,0.24060658941992938
cube13_cluster0,10,1173,cube4_cluster0,True,1.2898244945736768,1.0769115096935071,0.05403171643098421
cube13_cluster0,10,1173,cube4_cluster0,True,1.8475070472432755,1.7357741069619987,0.028354881918901356
cube13_cluster0,10,1173,cube4_cluster0,True,1.9682243238249206,1.8492739579108315,0.03018647474248285
cube13_cluster0,10,1173,cube23_cluster1,True,1.8446807729233197,1.0256361610271467,0.20785198347205788
cube13_cluster0,10,1173,cube3_cluster0,True,1.7910748770097058,1.1921857211423386,0.15198231832421674
cube13_cluster0,10,1173,cube4_cluster0,True,1.8934913339714659,1.6053409000161,0.07312500243094128
cube13_cluster0,10,1173,cube24_cluster2,False,3.1970150011307936,1.3643278977781033,0.4650877912909166
cube13_cluster0,10,1173,cube22_cluster0,True,2.359326087543586,1.6697130241578735,0.17500566021809402
cube13_cluster0,10,1173,cube3_cluster0,True,2.1683843745029088,1.743073280947785,0.10793277082116842
cube13_cluster0,10,1173,cube12_cluster0,True,1.4002504934777809,1.1576260653855122,0.06157169937422718
cube13_cluster0,10,1173,cube4_cluster0,True,1.4994437683223667,1.3104373895639672,0.047964848487135184
cube13_cluster0,10,1173,cube4_cluster0,True,0.9292845237384949,0.7769398953948089,0.03866106035328231
cube13_cluster0,10,1173,cube12_cluster0,True,1.399487384615784,1.043354230689726,0.09037722896719873
cube13_cluster0,10,1173,cube22_cluster0,True,1.4709500597601095,1.2453251572656618,0.057257666826707
cube13_cluster0,10,1173,cube22_cluster0,True,1.5626997752769272,1.195804032100594,0.09310849108707984
cube13_cluster0,10,1173,cube4_cluster0,True,1.4834332812060451,1.2712112747900568,0.05385636426795115
cube13_cluster0,10,1173,cube23_cluster1,True,1.9829952697747508,1.9674406996551987,0.0039473408462077095
cube13_cluster0,10,1173,cube24_cluster0,True,2.1212147258360767,1.4722970877294788,0.16467823148021332
cube13_cluster0,10,1173,cube5_cluster0,True,1.9733799848055782,1.7923731354078085,0.045934778304998806
cube13_cluster0,10,1173,cube23_cluster1,True,2.1704845882792942,0.4979113919371809,0.42445509232649453
cube13_cluster0,10,1173,cube14_cluster0,True,1.3579847761613733,1.1375693143998755,0.05593564776523366
cube13_cluster0,10,1173,cube23_cluster1,True,1.9063459549415325,1.173730232868898,0.18591860411983802
cube13_cluster0,10,1173,cube12_cluster0,True,1.7506477406780159,1.716135428418713,0.00875831725538839
cube13_cluster0,10,1173,cube4_cluster0,True,1.8585693985793128,1.6734819009131683,0.046970339523660545
cube13_cluster0,10,1173,cube23_cluster1,True,2.258349984485627,1.6168297437992838,0.16280096654983134
cube13_cluster0,10,1173,cube4_cluster0,True,1.8057170901482595,1.6366140313115152,0.042913909303471554
cube13_cluster0,10,1173,cube14_cluster0,True,2.076808214408462,1.6030320781158665,0.12023192414655347
cube13_cluster0,10,1173,cube24_cluster1,True,2.045950753572063,1.4713125097440736,0.14582807459294844
cube13_cluster0,10,1173,cube3_cluster0,True,2.243354923297926,1.9757267585538367,0.06791699019454302
cube13_cluster0,10,1173,cube4_cluster0,True,2.061173910538141,1.891404205006913,0.04308308670322602
cube13_cluster0,10,1173,cube4_cluster0,True,2.124740911820918,1.985278905886191,0.035391789569820795
cube13_cluster0,10,1173,cube22_cluster0,True,2.390478861066705,1.8043171103753604,0.14875243759261114
cube13_cluster0,10,1173,cube12_cluster0,True,1.8817361471588274,1.771849683036017,0.02788629482804364
cube13_cluster0,10,1173,cube22_cluster0,True,3.0624003940246696,2.4513340810959106,0.1550725605546142
cube13_cluster0,10,1173,cube4_cluster0,True,2.2248654727638244,1.926529619664016,0.07570979395623494
cube13_cluster0,10,1173,cube23_cluster1,True,1.8201554578417167,1.0856361255296558,0.18640169033794587
cube13_cluster0,10,1173,cube24_cluster1,True,3.127818784548156,1.44369940860598,0.42738520907049177
cube13_cluster0,10,1173,cube14_cluster0,True,1.1063313715709886,1.0427029151246925,0.016147228961082054
cube13_cluster0,10,1173,cube14_cluster0,True,1.5096770805920607,1.451864969204446,0.014671193541953878
cube13_cluster0,10,1173,cube3_cluster0,True,1.8035864641079342,1.7272073716776548,0.019383005060830186
cube13_cluster0,10,1173,cube3_cluster0,True,1.878780766351636,1.6197732775694265,0.06572928933976496
cube13_cluster0,10,1173,cube5_cluster0,True,1.0886482545593146,0.7169277244195102,0.09433289513738663
cube13_cluster0,10,1173,cube23_cluster0,True,2.6225210912779637,1.985098166981433,0.16176117540028273
cube13_cluster0,10,1173,cube14_cluster0,True,1.52676177431033,1.3863399809540748,0.03563535837715884
cube13_cluster0,10,1173,cube23_cluster0,True,1.909362120238701,1.2330523058873037,0.17162964545864928
cube13_cluster0,10,1173,cube5_cluster0,True,1.1241333836604905,0.9928131842114692,0.0333256131949079
cube13_cluster0,10,1173,cube12_cluster0,True,1.9256751195681017,1.8761042194397148,0.012579790849642529
cube13_cluster0,10,1173,cube4_cluster0,True,1.3907733715817157,1.3118823801959758,0.020020458958445266
cube13_cluster0,10,1173,cube12_cluster0,True,1.5752174223106676,1.2111152959408071,0.09239954460742238
cube13_cluster0,10,1173,cube3_cluster0,True,1.2147830729834692,0.9762520327176927,0.06053290519073693
cube13_cluster0,10,1173,cube24_cluster2,False,2.701218758558789,1.1340781926306975,0.3976990633679537
cube13_cluster0,10,1173,cube14_cluster0,True,1.3814401960203482,1.2155101520392355,0.04210868157625105
cube13_cluster0,10,1173,cube24_cluster0,True,1.2782504737613054,1.0726990987707556,0.05216353343474593
cube13_cluster0,10,1173,cube5_cluster0,True,0.9448040161798181,0.8080448330610802,0.03470588421727077
cube13_cluster0,10,1173,cube3_cluster0,True,1.7454604846387678,1.687586691420911,0.014686846768376225
cube13_cluster0,10,1173,cube4_cluster0,True,2.3423224333221944,2.103429213382392,0.06062481686749561
cube13_cluster0,10,1173,cube23_cluster1,True,1.9342954063445703,0.7145214379758412,0.3095465558659494
cube13_cluster0,10,1173,cube12_cluster0,True,1.2335402951935899,1.1127872245299966,0.03064395380083534
cube13_cluster0,10,1173,cube22_cluster0,True,1.732621814419118,1.4272676269369025,0.0774908626561147
cube13_cluster0,10,1173,cube4_cluster0,True,1.1992060730661596,0.9083544975112576,0.07381048113496777
cube13_cluster0,10,1173,cube5_cluster0,True,1.733573632733203,1.4537603218555581,0.07100925984136101
cube13_cluster0,10,1173,cube23_cluster1,True,2.3630917646782748,1.215832134681129,0.2911443237508956
cube13_cluster0,10,1173,cube5_cluster0,True,1.4967224796856033,1.22255034936283,0.06957767656686817
cube13_cluster0,10,1173,cube5_cluster0,True,1.0747519771610845,0.9703496642540901,0.02649456147028542
cube13_cluster0,10,1173,cube23_cluster0,True,1.7063712036789038,1.3693829510462108,0.0855187564866947
cube13_cluster0,10,1173,cube13_cluster1,False,2.7987449106403344,1.6858440273221196,0.28242497740137695
cube13_cluster0,10,1173,cube14_cluster0,True,1.749427108706736,1.5465919408337896,0.05147423149842312
cube13_cluster0,10,1173,cube14_cluster0,True,1.257731010212406,0.8804489280409424,0.09574427078673887
cube13_cluster0,10,1173,cube23_cluster1,True,2.8790152023786213,1.7031246283032924,0.2984101044286425
cube13_cluster0,10,1173,cube14_cluster0,True,1.3756521185002604,0.7153211612041258,0.1675746317459483
cube13_cluster0,10,1173,cube23_cluster1,True,2.304472729097079,1.5748492908590468,0.18515924117293628
cube13_cluster0,10,1173,cube5_cluster0,True,1.081249387187283,0.9229983760646487,0.04015994497802511
cube13_cluster0,10,1173,cube5_cluster0,True,1.0063844559658957,0.9613686349806005,0.0114238315514403
cube13_cluster0,10,1173,cube12_cluster0,True,1.8955417102450447,1.646908855477461,0.0630964800563434
cube13_cluster0,10,1173,cube23_cluster0,True,1.8481439512535487,1.5600912561777092,0.07310019887362974
cube13_cluster0,10,1173,cube4_cluster0,True,1.203009430287728,0.951921801396667,0.06371943717385548
cube13_cluster0,10,1173,cube4_cluster0,True,1.1010428727896502,0.8982917749434909,0.05145289673647679
cube13_cluster0,10,1173,cube4_cluster0,True,1.3191988129809977,1.1506064770211193,0.042784301268183486
cube13_cluster0,10,1173,cube22_cluster0,True,1.8002104401096601,1.4272352232269827,0.0946513016372945
cube13_cluster0,10,1173,cube4_cluster0,True,1.785600167726738,1.6197009724913727,0.04210085297583283
cube13_cluster0,10,1173,cube4_cluster0,True,1.5056252899202192,1.317387173153676,0.0477698837971608
cube13_cluster0,10,1173,cube23_cluster1,True,1.7490612547856947,1.2469363846810326,0.12742608728025392
cube13_cluster0,10,1173,cube5_cluster0,True,1.3526084642928313,1.075621924674311,0.07029189963350786
cube13_cluster0,10,1173,cube14_cluster0,True,1.2107260746153279,0.9137470784389693,0.07536545935134215
cube13_cluster0,10,1173,cube12_cluster0,True,1.8806168457515886,1.5461651407840697,0.08487504739475979
cube13_cluster0,10,1173,cube4_cluster0,True,1.540280852967118,1.4711731836989648,0.017537709084322138
cube13_cluster0,10,1173,cube3_cluster0,True,1.2242060965522712,1.1082400396994807,0.029429135583327024
cube13_cluster0,10,1173,cube12_cluster0,True,1.565195470229735,1.5632831910076639,0.00048528617792833914
cube13_cluster0,10,1173,cube22_cluster0,True,1.7313961854154827,1.4714016177080929,0.06597978401302482
cube13_cluster0,10,1173,cube23_cluster1,True,2.2635075499963575,1.3131261003457968,0.24118181903131788
cube13_cluster0,10,1173,cube5_cluster0,True,1.3582902050250738,1.0013496733278293,0.0905821202133103
cube13_cluster0,10,1173,cube5_cluster0,True,1.6984353240418721,1.5539313046767347,0.036671319984870325
cube13_cluster0,10,1173,cube14_cluster0,True,1.0082975855850238,0.6468274713363601,0.09173160914704893
cube13_cluster0,10,1173,cube4_cluster0,True,1.880704198884253,1.579545737189205,0.07642609778946277
cube13_cluster0,10,1173,cube4_cluster0,True,1.9710273753696201,1.803386690123672,0.042542797343256784
cube13_cluster0,10,1173,cube12_cluster0,True,1.7461860490174577,1.6977577309358445,0.01228983357350386
cube13_cluster0,10,1173,cube4_cluster0,True,1.8342849403918944,1.6824839861213072,0.038523090170932514
cube13_cluster0,10,1173,cube23_cluster0,True,1.5638266788244637,1.4667957629115997,0.024623894764301144
cube13_cluster0,10,1173,cube12_cluster0,True,1.57222366596132,1.522300375446467,0.012669218262654755
cube13_cluster0,10,1173,cube4_cluster0,True,1.136017507580547,1.1169449384947818,0.004840116468389242
cube13_cluster0,10,1173,cube4_cluster0,True,2.1325235933306663,1.8481586428657837,0.07216434627074009
cube13_cluster0,10,1173,cube4_cluster0,True,1.8688327107832194,1.8515703814684839,0.004380725219727689
cube13_cluster0,10,1173,cube4_cluster0,True,1.5827282473011877,1.3447262377100444,0.06039865111782933
cube13_cluster0,10,1173,cube12_cluster0,True,1.6504851834724312,1.3776279274575847,0.06924399604574696
cube13_cluster0,10,1173,cube4_cluster0,True,1.551570462069716,1.3463324551068054,0.052084008870203896
cube13_cluster0,10,1173,cube4_cluster0,True,1.3132803439708962,1.1654162202394138,0.03752402610987741
cube13_cluster0,10,1173,cube23_cluster0,True,1.2920134202461846,1.1461943755805706,0.0370050388239299
cube13_cluster0,10,1173,cube3_cluster0,True,1.3470187925266293,0.7203725021424153,0.1590263491145184
cube13_cluster0,10,1173,cube22_cluster0,True,2.0132486886575682,1.5918249088239198,0.10694627282624694
cube13_cluster0,10,1173,cube14_cluster0,True,1.8116327421825773,1.6457978700885414,0.04208452945411709
cube13_cluster0,10,1173,cube5_cluster0,True,1.5388444166251585,1.530125117460197,0.0022127288301522024
cube13_cluster0,10,1173,cube14_cluster0,True,1.7514518260518372,1.7068313632908085,0.011323500031151661
cube13_cluster0,10,1173,cube13_cluster1,False,2.1397922280397537,1.6239021512508696,0.13091933474280004
cube13_cluster0,10,1173,cube5_cluster0,True,1.8151334400928902,1.5292653839858634,0.07254579495442584
cube13_cluster0,10,1173,cube24_cluster1,True,2.69018523635568,1.9384280897553903,0.19077619428863607
cube13_cluster0,10,1173,cube5_cluster0,True,2.123259885335523,1.91380015529559,0.05315537116535092
cube13_cluster0,10,1173,cube14_cluster0,True,2.1298952256950128,1.8183997990516625,0.07904934765446296
cube13_cluster0,10,1173,cube4_cluster0,True,1.4883012900975212,1.340964306589641,0.03739025178372688
cube13_cluster0,10,1173,cube23_cluster1,True,2.091269239447946,1.2768154839330514,0.2066869448516646
cube13_cluster0,10,1173,cube14_cluster0,True,1.0088301568955065,0.44619589757446426,0.14278177900282119
cube13_cluster0,10,1173,cube14_cluster0,True,1.5073977977614401,1.0645681123937603,0.11237852872371686
cube13_cluster0,10,1173,cube4_cluster0,True,1.6633333118884133,1.480711937327817,0.0463445023329515
cube13_cluster0,10,1173,cube5_cluster0,True,1.179478074698929,1.0150564079165019,0.04172589511014517
cube13_cluster0,10,1173,cube23_cluster0,True,2.290646443065612,2.008530846402475,0.071593519428792
cube13_cluster0,10,1173,cube23_cluster1,True,2.5243833607242,0.7491607035592356,0.45050482603388337
cube13_cluster0,10,1173,cube14_cluster0,True,1.7021205013299474,1.6322860425184649,0.017722149157492307
cube13_cluster0,10,1173,cube22_cluster0,True,1.806399448272929,1.4084343001598778,0.10099308900469858
cube13_cluster0,10,1173,cube23_cluster1,True,1.8722777181212635,1.2853499353210873,0.14894683639691475
cube13_cluster0,10,1173,cube23_cluster1,True,1.879971156361482,1.5691851295270534,0.07886932063857467
cube13_cluster0,10,1173,cube5_cluster0,True,1.8098592431047782,1.3875678036470716,0.10716646202134049
cube13_cluster0,10,1173,cube23_cluster0,True,2.6392872612855602,2.420525492095784,0.05551598407891797
cube13_cluster0,10,1173,cube13_cluster1,False,2.6552980722831716,1.6302830600060705,0.2601218545314586
cube13_cluster0,10,1173,cube5_cluster0,True,1.0547484317015459,1.0194600815137915,0.008955255273580999
cube13_cluster0,10,1173,cube23_cluster1,True,2.5328921486780147,1.060300769897891,0.3737049661003104
cube13_cluster0,10,1173,cube5_cluster0,True,1.694228880823652,1.3357422181101184,0.09097448760548371
cube13_cluster0,10,1173,cube12_cluster0,True,2.1488073988820324,2.0665217528465876,0.02088193303677456
cube13_cluster0,10,1173,cube23_cluster1,True,3.0683357077501934,1.3299045947984953,0.4411680996472421
cube13_cluster0,10,1173,cube23_cluster1,True,1.6578685518063325,1.0491354159330533,0.1544804615752311
cube13_cluster0,10,1173,cube14_cluster0,True,2.3416146198359487,2.3374765528386443,0.0010501325820808933
cube13_cluster0,10,1173,cube23_cluster1,True,2.6453452266897775,2.0134784749923678,0.1603511649094417
cube13_cluster0,10,1173,cube23_cluster1,True,2.535229839852446,1.9376832083183158,0.15164162095380515
cube13_cluster0,10,1173,cube5_cluster0,True,1.2572070062352259,1.0041515637858225,0.06421881650590155
cube13_cluster0,10,1173,cube14_cluster0,True,1.133315754415675,0.8724727034845546,0.06619510674201128
cube13_cluster0,10,1173,cube5_cluster0,True,1.4796994572919082,1.1783147556187406,0.07648351154630806
cube13_cluster0,10,1173,cube13_cluster1,False,3.2255694548373977,1.2866520158114427,0.4920462568664029
cube13_cluster0,10,1173,cube4_cluster0,True,1.685568891881305,1.5964526708046223,0.022615353353513053
cube13_cluster0,10,1173,cube5_cluster0,True,1.162103818644355,0.8194252885138484,0.08696279927416732
cube13_cluster0,10,1173,cube4_cluster0,True,1.1919277575095335,1.1656231023562746,0.0066754297247564745
cube13_cluster0,10,1173,cube4_cluster0,True,1.3052384777483106,1.0699365199504431,0.059713448977972254
cube13_cluster0,10,1173,cube4_cluster0,True,1.112976471168792,1.002928200450652,0.02792735708678957
cube13_cluster0,10,1173,cube23_cluster0,True,1.9350365691171543,1.4730264178109762,0.1172460265758857
cube13_cluster0,10,1173,cube23_cluster1,True,2.5235313322000965,0.9081226186818799,0.40994824988284073
cube13_cluster0,10,1173,cube14_cluster0,True,1.7371320802328811,1.4307820000131248,0.07774359404316829
cube13_cluster0,10,1173,cube12_cluster0,True,1.6879498636613322,1.4822164005065193,0.052209742622327616
cube13_cluster0,10,1173,cube22_cluster0,True,2.291816481236663,1.624422925830293,0.1693669334159146
cube13_cluster0,10,1173,cube24_cluster1,True,2.5858492698540223,1.673586500721279,0.2315083003512751
cube13_cluster0,10,1173,cube24_cluster1,True,2.5959451225979224,1.6119173335017332,0.24972037515972884
cube13_cluster0,10,1173,cube13_cluster1,False,2.3582193169384924,1.894851825866213,0.11759048371354577
cube13_cluster0,10,1173,cube23_cluster1,True,2.342912658990916,1.4545078802138063,0.22545376981038645
cube13_cluster0,10,1173,cube23_cluster1,True,1.329303730537414,1.0839766274900815,0.062257567203562805
cube13_cluster0,10,1173,cube5_cluster0,True,1.252846692353898,1.1031481665618,0.03798954911222213
cube13_cluster0,10,1173,cube5_cluster0,True,1.1106851926068448,1.08183785766315,0.007320694988821763
cube13_cluster0,10,1173,cube13_cluster1,False,2.8360019761488546,1.306910487228353,0.3880432082283912
cube13_cluster0,10,1173,cube13_cluster1,False,2.667469884144389,1.8329083270499622,0.2117897761026907
cube13_cluster0,10,1173,cube12_cluster0,True,1.564757387819522,1.3280819543945306,0.0600620009728231
cube13_cluster0,10,1173,cube14_cluster0,True,1.8363818503751967,1.758868636532714,0.019670815250410537
cube13_cluster0,10,1173,cube5_cluster0,True,1.1822550790137092,0.7370018152203418,0.11299356919350642
cube13_cluster0,10,1173,cube23_cluster1,True,2.1165625365322995,1.1422771493481128,0.2472480097576738
cube13_cluster0,10,1173,cube4_cluster0,True,1.0203340806550978,0.9708856006817236,0.01254872383367447
cube13_cluster0,10,1173,cube13_cluster1,False,1.9810983475671824,1.6326472943039378,0.0884277138409089
cube13_cluster0,10,1173,cube23_cluster0,True,2.0007086976479624,1.457467434422479,0.13786034658585444
cube13_cluster0,10,1173,cube4_cluster0,True,1.7942033854862014,1.5344530178996674,0.06591781244426437
cube13_cluster0,10,1173,cube22_cluster0,True,2.863918057942921,2.134899324752799,0.18500578293415645
cube13_cluster0,10,1173,cube15_cluster2,False,2.142433081045464,1.6680746467796628,0.12037969605902893
cube13_cluster0,10,1173,cube22_cluster0,True,2.2694196977783627,1.68443534906162,0.1484536439344753
cube13_cluster0,10,1173,cube24_cluster0,True,1.6528827528452574,0.8403801295954105,0.20619179879317628
cube13_cluster0,10,1173,cube4_cluster0,True,1.270175026970502,1.109075158253819,0.04088291011686122
cube13_cluster0,10,1173,cube5_cluster0,True,1.0999098138472876,0.8923329046373003,0.052677560752654694
cube13_cluster0,10,1173,cube14_cluster0,True,1.5229490666902636,1.4229629166853341,0.02537385546087177
cube13_cluster0,10,1173,cube23_cluster0,True,1.6361292088897972,1.2356368102704611,0.1016344387222017
cube13_cluster0,10,1173,cube4_cluster0,True,1.658542186961932,1.4950625533539441,0.04148683186382161
cube13_cluster0,10,1173,cube4_cluster0,True,1.2297943314169857,1.0953622630402184,0.03411532369363108
cube13_cluster0,10,1173,cube22_cluster0,True,2.199159605455238,1.385814344660917,0.20640563804249562
cube13_cluster0,10,1173,cube3_cluster0,True,1.664386920624018,1.4100501216623595,0.06454399109192378
cube13_cluster0,10,1173,cube4_cluster0,True,1.1306025900308838,0.9541681246488649,0.04477442748519486
cube13_cluster0,10,1173,cube4_cluster0,True,1.2853631359527276,1.1198394673305427,0.04200555419691114
cube13_cluster0,10,1173,cube15_cluster1,False,2.1667844326189383,1.9252538830522115,0.0612941017709843
cube13_cluster0,10,1173,cube13_cluster1,False,3.281361127873908,1.146228017450079,0.5418406342372898
cube13_cluster0,10,1173,cube4_cluster0,True,1.544587825634987,1.3903959513134319,0.03912984280405991
cube13_cluster0,10,1173,cube4_cluster0,True,1.2635212666807625,1.2097313825729796,0.013650458033844043
cube13_cluster0,10,1173,cube14_cluster0,True,1.7680911407866307,1.5131755615823923,0.06469087029687472
cube13_cluster0,10,1173,cube5_cluster0,True,1.033276922489544,0.8061319886637385,0.0576434108052077
cube13_cluster0,10,1173,cube14_cluster0,True,1.3314440803144687,0.9760255566705202,0.09019587459476504
cube13_cluster0,10,1173,cube12_cluster0,True,1.6792584297687514,1.5655988063011277,0.02884382344417109
cube13_cluster0,10,1173,cube12_cluster0,True,1.8412101408067665,1.4407157167449636,0.10163495272623521
cube13_cluster0,10,1173,cube23_cluster1,True,1.9374887992443088,1.5331335569790088,0.1026147268554662
cube13_cluster0,10,1173,cube5_cluster0,True,0.9635289711997126,0.8148382219130914,0.037733801937382724
cube13_cluster0,10,1173,cube14_cluster0,True,1.2460228881477295,1.0956335273885682,0.0381648648594603
cube13_cluster0,10,1173,cube14_cluster0,True,1.910145433161222,1.5263438235236695,0.09739875540875471
cube13_cluster0,10,1173,cube24_cluster1,True,2.4992359969404156,1.390356679123715,0.2814044098352009
cube13_cluster0,10,1173,cube24_cluster0,True,1.7088612797385867,1.266324106386418,0.11230429686658684
cube13_cluster0,10,1173,cube13_cluster1,False,2.1774605944227616,1.4745043972020513,0.17839179669107164
cube13_cluster0,10,1173,cube4_cluster0,True,1.003672780650565,0.7717123260689058,0.05886546333570152
cube13_cluster0,10,1173,cube14_cluster0,True,1.5546649048929821,1.351770673298199,0.051489220317782525
cube13_cluster0,10,1173,cube14_cluster0,True,1.363740626682817,1.2593110149157487,0.02650148920307366
cube13_cluster0,10,1173,cube4_cluster0,True,1.2330677628494164,1.1653528841522318,0.017184255464663033
cube13_cluster0,10,1173,cube4_cluster0,True,1.8935305992029103,1.6564304312309426,0.06016978743128444
cube13_cluster0,10,1173,cube4_cluster0,True,1.7508245972442278,1.494668601986043,0.06500565527121999
cube13_cluster0,10,1173,cube4_cluster0,True,1.910767764880551,1.6319034059741713,0.07076844078635186
cube13_cluster0,10,1173,cube4_cluster0,True,1.017709915645511,0.7913336406791949,0.05744834540066476
cube13_cluster0,10,1173,cube12_cluster0,True,2.2550768601609907,1.973692094106388,0.07140805383954378
cube13_cluster0,10,1173,cube4_cluster0,True,2.456019448752527,2.267672580828736,0.04779748198096002
cube13_cluster0,10,1173,cube4_cluster0,True,2.2125368787133284,2.0638183157360395,0.03774086032063682
cube13_cluster0,10,1173,cube4_cluster0,True,1.350233042127334,1.2923819339277955,0.014681089907291901
cube13_cluster0,10,1173,cube14_cluster0,True,1.3676060403105428,1.1902622537564884,0.045005189285560215
cube13_cluster0,10,1173,cube24_cluster0,True,1.3029650178141585,0.6973027539830655,0.1537011550079373
cube13_cluster0,10,1173,cube14_cluster0,True,1.1456290320913158,0.8811804836341568,0.06711008719766166
cube13_cluster0,10,1173,cube14_cluster0,True,1.6338597323385624,1.624049698098126,0.0024895287084337487
cube13_cluster0,10,1173,cube5_cluster0,True,1.7576164684156723,1.4026231739067452,0.09008796262286439
cube13_cluster0,10,1173,cube14_cluster0,True,2.0242895269739214,1.8710263819085617,0.038894155742323605
cube13_cluster0,10,1173,cube14_cluster0,True,1.4631769874980607,1.1975798332577903,0.06740157313967216
cube13_cluster0,10,1173,cube14_cluster0,True,1.9543142975302925,1.5703679793237466,0.09743547863805604
cube13_cluster0,10,1173,cube24_cluster1,True,2.533861531751331,1.6157230781906446,0.23299939454183013
cube13_cluster0,10,1173,cube5_cluster0,True,1.9499337820092189,1.8013715059580464,0.03770119880878235
cube13_cluster0,10,1173,cube4_cluster0,True,1.9053566248193523,1.6754837609317141,0.058335687716488886
cube13_cluster0,10,1173,cube23_cluster1,True,2.154420564954363,2.087898107582148,0.01688165029037884
cube13_cluster0,10,1173,cube5_cluster0,True,1.6425230047341979,1.566515185091381,0.019288785791009674
cube13_cluster0,10,1173,cube4_cluster0,True,2.2459665082186486,2.051060128860407,0.049462113482657784
cube13_cluster0,10,1173,cube23_cluster1,True,2.1984205158666477,0.9590262046783135,0.31452568290277266
cube13_cluster0,10,1173,cube14_cluster0,True,1.6933390277272264,1.5053835256678392,0.04769816361661441
cube13_cluster0,10,1173,cube14_cluster0,True,1.7476274121386615,1.49321932106574,0.06456208315494047
cube13_cluster0,10,1173,cube3_cluster0,True,1.3467549699430026,1.043406798571149,0.07698178852100707
cube13_cluster0,10,1173,cube4_cluster0,True,1.6713397949558093,1.413064228788562,0.06554354662800257
cube13_cluster0,10,1173,cube24_cluster1,True,2.2705700299389178,1.6178184165664702,0.16565119357777813
cube13_cluster0,10,1173,cube4_cluster0,True,1.936824023870433,1.7378878602677303,0.05048476674965936
cube13_cluster0,10,1173,cube4_cluster0,True,1.40738387727478,1.2787353929240013,0.03264760216305904
cube13_cluster0,10,1173,cube22_cluster0,True,2.310054565692732,1.8048865588414151,0.12819835535891758
cube13_cluster0,10,1173,cube4_cluster0,True,1.8851572895669597,1.6101554204870707,0.06978824244316502
cube13_cluster0,10,1173,cube14_cluster0,True,2.0932303963136865,1.6001397414684158,0.12513344102691887
cube13_cluster0,10,1173,cube23_cluster1,True,2.637598111458121,1.5218643354561385,0.2831438910658249
cube13_cluster0,10,1173,cube23_cluster0,True,1.308738009914746,0.9412743371124286,0.09325261669088562
cube13_cluster0,10,1173,cube23_cluster1,True,2.0175273584417526,1.685776243888944,0.08418970856694714
cube13_cluster0,10,1173,cube4_cluster0,True,2.0265830051683644,1.8105910682983395,0.054813073476512014
cube13_cluster0,10,1173,cube14_cluster0,True,1.8872231873490335,1.7448005751800664,0.03614311357480012
cube13_cluster0,10,1173,cube23_cluster1,True,2.1280546462649323,1.4256476789151122,0.17825241659334734
cube13_cluster0,10,1173,cube23_cluster0,True,1.5057567678572652,1.4868579167375295,0.004796031417001907
cube13_cluster0,10,1173,cube14_cluster0,True,1.473403372284546,1.0596840034991015,0.10499109591085787
cube13_cluster0,10,1173,cube23_cluster1,True,2.2076144613154183,0.8164504118569744,0.35304085127369444
cube13_cluster0,10,1173,cube14_cluster0,True,1.8257743846358514,1.5684805573589597,0.06529440711515032
cube13_cluster0,10,1173,cube4_cluster0,True,1.1874041978858139,0.972370493033785,0.054569899389686864
cube13_cluster0,10,1173,cube5_cluster0,True,1.102259403601034,0.9213982121884051,0.04589781413884678
cube13_cluster0,10,1173,cube23_cluster1,True,1.8248679544946504,0.8793714975955511,0.2399421363352957
cube13_cluster0,10,1173,cube5_cluster0,True,1.0117105830421909,0.720765763686395,0.07383414395953286
cube13_cluster0,10,1173,cube14_cluster0,True,1.3568666732582764,1.2260926947646518,0.03318699668080818
cube13_cluster0,10,1173,cube23_cluster0,True,1.7857249940111075,1.340885393190724,0.1128885924093669
cube13_cluster0,10,1173,cube13_cluster1,False,2.5359926889560938,1.9329475589987113,0.15303699525551148
cube13_cluster0,10,1173,cube4_cluster0,True,1.9945959097975314,1.9663778295458083,0.0071610066959794175
cube13_cluster0,10,1173,cube13_cluster1,False,2.343665414247794,1.6619290446176354,0.17300676248222638
cube13_cluster0,10,1173,cube5_cluster0,True,1.8951806299932916,1.699493390932092,0.049660275140418354
cube13_cluster0,10,1173,cube5_cluster0,True,1.8034144528271103,1.7115448805459563,0.02331408148227716
cube13_cluster0,10,1173,cube23_cluster0,True,1.8411382267253902,1.5431081253441026,0.0756322022106554
cube13_cluster0,10,1173,cube5_cluster0,True,1.2109448991136926,0.874316304320817,0.08542748478513958
cube13_cluster0,10,1173,cube22_cluster0,True,2.0230410990638097,1.4961452496684708,0.1337123104033054
cube13_cluster0,10,1173,cube3_cluster0,True,1.8346907718813454,1.514150199621408,0.08134476774501057
cube13_cluster0,10,1173,cube23_cluster0,True,1.6156922371675966,0.9956849670834862,0.15734154035362186
cube13_cluster0,10,1173,cube4_cluster0,True,1.1298507308138928,1.084939704837013,0.01139723733417698
cube13_cluster0,10,1173,cube4_cluster0,True,2.319771855472099,2.027790039092404,0.07409730653351415
cube13_cluster0,10,1173,cube13_cluster1,False,2.346920455910129,1.6874907370199568,0.1673459211390538
cube13_cluster0,10,1173,cube14_cluster0,True,1.6843104594587508,1.339107705520779,0.08760338089510537
cube13_cluster0,10,1173,cube4_cluster0,True,1.610901123844251,1.3411629780701397,0.0684524478922173
cube13_cluster0,10,1173,cube22_cluster0,True,1.934952925775537,1.64239805795933,0.07424273191813967
cube13_cluster0,10,1173,cube14_cluster0,True,1.727111876223456,1.5746541687077553,0.038689756873412307
cube13_cluster0,10,1173,cube22_cluster0,True,2.010659617570905,1.3564728161040542,0.16601540657392566
cube13_cluster0,10,1173,cube4_cluster0,True,1.431767380992182,1.2181418729797382,0.05421253606420303
cube13_cluster0,10,1173,cube14_cluster0,True,2.108072140334627,1.7214424632860441,0.09811644454587569
cube13_cluster0,10,1173,cube24_cluster1,True,2.395701591752148,1.9167155408329934,0.1215540634697625
cube13_cluster0,10,1173,cube4_cluster0,True,1.2781957523212066,1.1911851333753207,0.022081006905306903
cube13_cluster0,10,1173,cube5_cluster0,True,0.96830772972732,0.8682275116374624,0.025397727467047933
cube13_cluster0,10,1173,cube4_cluster0,True,1.3675790732875515,1.2584217409221212,0.02770126036254235
cube13_cluster0,10,1173,cube23_cluster1,True,1.8776846302577503,1.2090890863212183,0.16967196649528068
cube13_cluster0,10,1173,cube14_cluster0,True,1.2506279397973334,1.165171413138816,0.021686619151897065
cube13_cluster0,10,1173,cube23_cluster1,True,1.671936162481775,1.3142345276579621,0.09077526817153664
cube13_cluster0,10,1173,cube4_cluster0,True,1.6455358436512053,1.474067397154602,0.04351418248717978
cube13_cluster0,10,1173,cube4_cluster0,True,1.2727759716332925,1.1650530146334845,0.027337253615586483
cube13_cluster0,10,1173,cube13_cluster1,False,1.9784377548807235,1.6122737711717239,0.09292278977789523
cube13_cluster0,10,1173,cube4_cluster0,True,1.1930019661609987,1.1193782414175955,0.018683765201860675
cube13_cluster0,10,1173,cube4_cluster0,True,1.7785512587912757,1.5164283854796894,0.06651989200572964
cube13_cluster0,10,1173,cube23_cluster1,True,1.8654449812871838,1.2931777364474646,0.14522637740165473
cube13_cluster0,10,1173,cube4_cluster0,True,1.4716686766899745,1.3930839765176064,0.019942730303260048
cube13_cluster0,10,1173,cube23_cluster1,True,1.913993812543744,1.707737535129756,0.05234241913246965
cube13_cluster0,10,1173,cube5_cluster0,True,1.151803365032908,0.8809459591149612,0.06873648668270375
cube13_cluster0,10,1173,cube4_cluster0,True,2.0470303739674316,2.0021688915634375,0.011384664478262923
cube13_cluster0,10,1173,cube4_cluster0,True,2.4784883428050604,2.2930702048909235,0.047054247323507735
cube13_cluster0,10,1173,cube4_cluster0,True,2.2216925047469562,1.9022665233768095,0.08106191388840983
cube13_cluster0,10,1173,cube24_cluster0,True,1.8754490860874646,1.3544166151194432,0.13222433915208898
cube13_cluster0,10,1173,cube13_cluster1,False,2.195928836867365,1.7229587646903106,0.12002736627169856
cube13_cluster0,10,1173,cube4_cluster0,True,1.3549860135230536,1.224769287235084,0.03304558072548993
cube13_cluster0,10,1173,cube23_cluster0,True,1.4519781520666084,1.1556137390775219,0.07520949430056509
cube13_cluster0,10,1173,cube13_cluster1,False,2.596589985880182,2.1982386744973152,0.1010910870873542
cube13_cluster0,10,1173,cube23_cluster0,True,1.6988611658158346,1.519600479519895,0.04549164802990812
cube13_cluster0,10,1173,cube14_cluster0,True,1.8077020918781577,1.4342467992142385,0.0947731322456627
cube13_cluster0,10,1173,cube24_cluster0,True,1.682192751986938,1.2779696306378594,0.10258119804141148
cube13_cluster0,10,1173,cube23_cluster1,True,2.4941565535197965,1.9381637028635417,0.1410963641377765
cube13_cluster0,10,1173,cube14_cluster0,True,1.0964602475133844,0.9923149984389943,0.026429325429769845
cube13_cluster0,10,1173,cube4_cluster0,True,1.7940763377118711,1.6367574145305726,0.039923405570326066
cube13_cluster0,10,1173,cube4_cluster0,True,1.2452884549342957,1.1005449925674167,0.036732084321901094
cube13_cluster0,10,1173,cube5_cluster0,True,0.9996460810493979,0.9434323670005719,0.014265562331616593
cube13_cluster0,10,1173,cube12_cluster0,True,1.4475255839488255,1.2094940904751454,0.0604061333518575
cube13_cluster0,10,1173,cube24_cluster1,True,2.286860769083796,1.3298833898713283,0.24285569249604946
cube13_cluster0,10,1173,cube23_cluster1,True,1.9837246606843133,1.4387361662418514,0.13830374792048075
cube13_cluster0,10,1173,cube5_cluster0,True,1.788147695982454,1.4134575338736177,0.09508650963649962
cube13_cluster0,10,1173,cube23_cluster0,True,2.0100137919316263,1.6615880372480052,0.0884212937266961
cube13_cluster0,10,1173,cube4_cluster0,True,1.6300142188578448,1.546460507121961,0.021203734764276217
cube13_cluster0,10,1173,cube23_cluster1,True,2.191839055465624,1.6222366522489549,0.1445501106770528
cube13_cluster0,10,1173,cube5_cluster0,True,1.3679706178802455,1.3249341470650782,0.010921524530709959
cube13_cluster0,10,1173,cube23_cluster0,True,2.2431730708939255,2.001740278118064,0.06126929366824594
cube13_cluster0,10,1173,cube14_cluster0,True,1.7174823275526132,1.650057801307412,0.017110571647964663
cube13_cluster0,10,1173,cube23_cluster1,True,2.429825349448039,1.252844872269342,0.29868669317428237
cube13_cluster0,10,1173,cube14_cluster0,True,1.6299218719031694,1.5252549928054508,0.026561701411996715
cube13_cluster0,10,1173,cube4_cluster0,True,1.6757278572808003,1.5711286492319914,0.026544528279379517
cube13_cluster0,10,1173,cube13_cluster1,False,2.007837127414576,1.5983120172847844,0.10392670336360206
cube13_cluster0,10,1173,cube3_cluster0,True,1.5157138668413748,1.1877164979750177,0.08323710662677651
cube13_cluster0,10,1173,cube22_cluster0,True,2.420541548144621,2.001874136512784,0.10624677906289808
cube13_cluster0,10,1173,cube4_cluster0,True,2.3165879389566704,2.118201315584709,0.050345307890766626
cube13_cluster0,10,1173,cube4_cluster0,True,2.243551148404516,2.025732017304082,0.05527676732110003
cube13_cluster0,10,1173,cube23_cluster1,True,2.6655591960144864,1.3949283296842248,0.3224526991467999
cube13_cluster0,10,1173,cube23_cluster1,True,2.531992228818434,1.1125614880008297,0.360214194190379
cube13_cluster0,10,1173,cube14_cluster0,True,1.2208378723531896,0.8463940784544051,0.0950239878637171
cube13_cluster0,10,1173,cube14_cluster0,True,1.598269885595785,1.565350397234491,0.008354100437752055
cube13_cluster0,10,1173,cube14_cluster0,True,1.6300240796050809,1.4100569925034894,0.0558218620677924
cube13_cluster0,10,1173,cube14_cluster0,True,1.5884698818000436,1.3526332113496407,0.05984914498744822
cube13_cluster0,10,1173,cube24_cluster0,True,1.4036690538310364,1.0565250078912602,0.08809602975355926
cube13_cluster0,10,1173,cube22_cluster0,True,2.1995129266988402,1.7777107040589766,0.10704231165827156
cube13_cluster0,10,1173,cube23_cluster0,True,1.7748973332222957,1.1515952322253191,0.15817768179268074
cube13_cluster0,10,1173,cube4_cluster0,True,1.4617542691199987,1.2326548144634155,0.05813941679256667
cube13_cluster0,10,1173,cube23_cluster1,True,1.9908560616147497,1.769059971413679,0.05628601495578121
cube13_cluster0,10,1173,cube4_cluster0,True,1.4033137778623948,1.1430985353933112,0.06603578546429385
cube13_cluster0,10,1173,cube14_cluster0,True,1.3319454608181784,0.9834610479707772,0.088436179626086
cube13_cluster0,10,1173,cube23_cluster1,True,2.738599109044154,1.5860866028909522,0.2924773655804995
cube13_cluster0,10,1173,cube23_cluster1,True,1.7697511564665411,1.1618983839917219,0.15425704849627503
cube13_cluster0,10,1173,cube4_cluster0,True,1.0159444570742575,0.949487318597545,0.016865074072440107
cube13_cluster0,10,1173,cube14_cluster0,True,0.9839489327609134,0.8564600798159753,0.03235331820794892
cube13_cluster0,10,1173,cube13_cluster1,False,3.079367387785479,1.4884067313659841,0.4037439759199817
cube13_cluster0,10,1173,cube4_cluster0,True,1.8890230366293304,1.6645750341512966,0.056959000552358884
cube13_cluster0,10,1173,cube23_cluster1,True,2.2028030628584756,1.7879269719802335,0.10528464155882604
cube13_cluster0,10,1173,cube23_cluster1,True,1.7666689039775914,1.6030432792827356,0.04152388056243218
cube13_cluster0,10,1173,cube4_cluster0,True,1.284449052101577,1.0538653646795255,0.058516076036466205
cube13_cluster0,10,1173,cube4_cluster0,True,0.7110181829526161,0.6245567297654967,0.021941643077553613
cube13_cluster0,10,1173,cube4_cluster0,True,1.3152320215943838,1.1849307044070758,0.033067047671192014
cube13_cluster0,10,1173,cube13_cluster1,False,2.5667925308545896,1.640924946059187,0.2349608447904709
cube13_cluster0,10,1173,cube4_cluster0,True,1.3595878144202491,1.3128666825556563,0.011856594606773652
cube13_cluster0,10,1173,cube4_cluster0,True,1.9996423175336693,1.8699862315362572,0.032903304963322395
cube13_cluster0,10,1173,cube4_cluster0,True,2.001084014511333,1.9969598804266955,0.0010465967752502799
cube13_cluster0,10,1173,cube5_cluster0,True,2.0101754960002403,1.692612244803109,0.08058920195610353
cube13_cluster0,10,1173,cube4_cluster0,True,2.0483173822805916,1.8193848574192917,0.058097054400401124
cube13_cluster0,10,1173,cube4_cluster0,True,2.2263143662191367,1.966954984607696,0.06581859048583559
cube13_cluster0,10,1173,cube12_cluster0,True,1.8342805874216856,1.3852946942576234,0.11394081236804957
cube13_cluster0,10,1173,cube22_cluster0,True,2.0008657768343094,1.6247732428721,0.09544239473366688
cube13_cluster0,10,1173,cube3_cluster0,True,1.939249075706112,1.6396241164101537,0.07603693520823045
cube13_cluster0,10,1173,cube12_cluster0,True,2.138246422554363,1.6973933690223395,0.1118769115447893
cube13_cluster0,10,1173,cube23_cluster0,True,1.6598441652684384,1.516580777190234,0.03635648039005321
cube13_cluster0,10,1173,cube14_cluster0,True,2.1096444017342257,2.0200107612456244,0.022746660793293717
cube13_cluster0,10,1173,cube22_cluster0,True,2.081118831716323,1.796082882166006,0.07233462819285978
cube13_cluster0,10,1173,cube22_cluster0,True,3.2774958627010236,2.5631077516691123,0.1812929157827884
cube13_cluster0,10,1173,cube4_cluster0,True,1.503779244102162,1.3832906769145488,0.030576829774476837
cube13_cluster0,10,1173,cube4_cluster0,True,1.6259881112286092,1.4658635038232837,0.04063541444321293
cube13_cluster0,10,1173,cube23_cluster1,True,1.804025335384256,1.1599858200646957,0.16344029220049727
cube13_cluster0,10,1173,cube5_cluster0,True,1.815017410225373,1.6690493102125594,0.03704286515122951
cube13_cluster0,10,1173,cube12_cluster0,True,1.7939122113468535,1.4121854194183396,0.09687222123722988
cube13_cluster0,10,1173,cube4_cluster0,True,1.1584693509943933,0.9598653200605618,0.050400480212640424
cube13_cluster0,10,1173,cube3_cluster0,True,1.5095767713392756,1.0997261541429662,0.10400930849698212
cube13_cluster0,10,1173,cube14_cluster0,True,1.954991759842579,1.5958520437397539,0.0911402153818537
cube13_cluster0,10,1173,cube4_cluster0,True,1.347362071903194,1.143528160482687,0.05172768634608986
cube13_cluster0,10,1173,cube22_cluster0,True,2.750075395154074,2.411224793499868,0.08599137169277318
cube13_cluster0,10,1173,cube23_cluster1,True,1.9772952024717538,1.2511720531660753,0.18427095989161435
cube13_cluster0,10,1173,cube24_cluster1,True,2.707685162220997,0.5431512874568457,0.54930177505303
cube13_cluster0,10,1173,cube4_cluster0,True,1.4995538565829816,1.3170237920640189,0.046321330245633195
cube13_cluster0,10,1173,cube12_cluster0,True,1.634302368988876,1.224216021368636,0.1040691306793969
cube13_cluster0,10,1173,cube22_cluster0,True,1.5520460473202473,1.2324158837307764,0.08111372996614215
cube13_cluster0,10,1173,cube12_cluster0,True,1.4735728037199594,1.3753223471717586,0.024933382106379725
cube13_cluster0,10,1173,cube4_cluster0,True,1.4949764591752077,1.2691497446008617,0.057308881425382374
cube13_cluster0,10,1173,cube14_cluster0,True,1.673325928720262,1.626850883744494,0.01179414422592043
cube13_cluster0,10,1173,cube23_cluster1,True,1.92929977555603,1.174498018792709,0.19154883628162858
cube13_cluster0,10,1173,cube14_cluster0,True,1.549146826397621,1.4785995161699343,0.017903052100539392
cube13_cluster0,10,1173,cube23_cluster1,True,2.048669257158176,1.3256245879907766,0.1834897225896079
cube13_cluster0,10,1173,cube3_cluster0,True,1.7713921189516875,1.5696440715791162,0.05119834890424675
cube13_cluster0,10,1173,cube23_cluster1,True,1.888323790281636,1.071412398104091,0.2073106284063405
cube13_cluster0,10,1173,cube13_cluster1,False,2.896505244528022,1.6442968900081503,0.3177775501198598
cube13_cluster0,10,1173,cube4_cluster0,True,1.3767642883325186,1.130979155621519,0.06237380308705376
cube13_cluster0,10,1173,cube12_cluster0,True,2.22327470157929,2.0088439442071495,0.054416887175450936
cube13_cluster0,10,1173,cube4_cluster0,True,1.5408665679624947,1.5357114209511007,0.0013082407427449367
cube13_cluster0,10,1173,cube23_cluster1,True,1.9713068998875085,1.754590873340897,0.05499682839450326
cube13_cluster0,10,1173,cube23_cluster1,True,2.3191278374237205,2.220425458184073,0.025048068200920752
cube13_cluster0,10,1173,cube24_cluster0,True,2.03515124648317,1.361421907019825,0.1709747887927348
cube13_cluster0,10,1173,cube5_cluster0,True,1.843680346058191,1.632233713495852,0.05365959477447963
cube13_cluster0,10,1173,cube5_cluster0,True,1.5519513962541256,1.3528907716864818,0.050516351669518574
cube13_cluster0,10,1173,cube24_cluster2,False,2.5788063284805554,1.5000987428529438,0.27374761765416045
cube13_cluster0,10,1173,cube14_cluster0,True,1.5046459583092622,1.2647636125764572,0.060875830981980766
cube13_cluster0,10,1173,cube23_cluster0,True,1.7450481045660815,1.5275276846533838,0.05520096227708349
cube13_cluster0,10,1173,cube14_cluster0,True,1.8385908342659205,1.6505151412763197,0.04772866491395205
cube13_cluster0,10,1173,cube5_cluster0,True,1.562273099622986,1.3693284179428467,0.04896428620018275
cube13_cluster0,10,1173,cube5_cluster0,True,1.392372745057243,1.2560290695690912,0.03460043930754214
cube13_cluster0,10,1173,cube13_cluster1,False,2.1098360062573476,1.4547249365536858,0.1662499615462569
cube13_cluster0,10,1173,cube23_cluster1,True,2.3551101074897556,2.0176795297882184,0.08563100695701502
cube13_cluster0,10,1173,cube4_cluster0,True,2.3059053165368955,2.040422169256543,0.06737264117137107
cube13_cluster0,10,1173,cube23_cluster0,True,1.3961626820157849,0.6521967355768915,0.1887989925786768
cube13_cluster0,10,1173,cube14_cluster0,True,1.479492021973522,1.325399795518445,0.039104554796062056
cube13_cluster0,10,1173,cube5_cluster0,True,1.4994824174932275,1.0633583032131446,0.1106768311230902
cube13_cluster0,10,1173,cube23_cluster1,True,1.8313501409013184,1.5961101065365584,0.05969773443909631
cube13_cluster0,10,1173,cube5_cluster0,True,1.3260406022427245,1.215853513289891,0.02796258550414805
cube13_cluster0,10,1173,cube23_cluster1,True,2.635424274946473,2.3951299143812603,0.06098038951138445
cube13_cluster0,10,1173,cube14_cluster0,True,1.0609274823298374,0.9499871478209619,0.028153739417611196
cube13_cluster0,10,1173,cube23_cluster1,True,1.869143969212826,1.621427853861524,0.0628638357006714
cube13_cluster0,10,1173,cube22_cluster0,True,2.943193385129814,2.546193244655053,0.1007481954436264
cube13_cluster0,10,1173,cube22_cluster0,True,1.6666090489406633,1.28274429871868,0.09741477882862823
cube13_cluster0,10,1173,cube12_cluster0,True,1.3525584660992833,1.2880076107366922,0.01638130954902528
cube13_cluster0,10,1173,cube24_cluster2,False,2.862926763466346,1.3545512532643735,0.3827860376131756
cube13_cluster0,10,1173,cube4_cluster0,True,2.371353857200682,2.0889921245359466,0.07165598227317567
cube13_cluster0,10,1173,cube4_cluster0,True,2.084079607115377,1.896986397950625,0.04747933635631556
cube13_cluster0,10,1173,cube23_cluster1,True,2.270292771828402,1.9136963068832291,0.0904948051198146
cube13_cluster0,10,1173,cube4_cluster0,True,1.6680321046152915,1.6350215839073596,0.008377202053383217
cube13_cluster0,10,1173,cube4_cluster0,True,2.0662382632695584,1.861478451738054,0.05196265544517502
cube13_cluster0,10,1173,cube4_cluster0,True,2.195544048676186,1.9316925121303974,0.06695858127462351
cube13_cluster0,10,1173,cube3_cluster0,True,2.376181425506038,1.808666358085474,0.14402039974422792
cube13_cluster0,10,1173,cube4_cluster0,True,1.5206173578704176,1.2584042646238875,0.06654278745263742
cube13_cluster0,10,1173,cube12_cluster0,True,2.2423615349760575,2.048232183079949,0.04926492434683922
cube13_cluster0,10,1173,cube3_cluster0,True,1.6895568568307828,1.6728169756716953,0.004248141617033124
cube13_cluster0,10,1173,cube12_cluster0,True,1.04261538722944,0.9718991374110458,0.017945924525930506
cube13_cluster0,10,1173,cube4_cluster0,True,1.861352009909489,1.599571446722652,0.06643302269805294
cube13_cluster0,10,1173,cube23_cluster1,True,2.0170069607256136,0.5781297833163798,0.3651491883998838
cube13_cluster0,10,1173,cube4_cluster0,True,1.432258984983487,1.1678294340927802,0.06710526611488928
cube13_cluster0,10,1173,cube4_cluster0,True,1.071524155127354,0.9275403649124843,0.03653929950738644
cube13_cluster0,10,1173,cube4_cluster0,True,1.3345819177428837,1.1997562074791281,0.034215219652654345
cube13_cluster0,10,1173,cube13_cluster1,False,2.2027253160275135,1.560853152530756,0.16289027530433775
cube13_cluster0,10,1173,cube5_cluster0,True,1.152683883444656,0.8302026783686437,0.08183724931946142
cube13_cluster0,10,1173,cube5_cluster0,True,1.1585960865422902,0.9454833907653114,0.05408239780464792
cube13_cluster0,10,1173,cube12_cluster0,True,1.4870709583771022,1.4425766627131122,0.01129148213983351
cube13_cluster0,10,1173,cube4_cluster0,True,1.5107490422532097,1.2577896316864052,0.06419444613952002
cube13_cluster0,10,1173,cube4_cluster0,True,1.0869304501621773,1.0117077645910855,0.019089539410862263
cube13_cluster0,10,1173,cube24_cluster1,True,2.63352297478254,2.224988594666316,0.10367528214012493
cube13_cluster0,10,1173,cube14_cluster0,True,2.1852812165514757,2.1437669165945725,0.010535237596545143
cube13_cluster0,10,1173,cube23_cluster1,True,2.360979597955077,1.5240025012539453,0.21240277653162531
cube13_cluster0,10,1173,cube5_cluster0,True,1.4676006032391995,1.231190223465876,0.05999473732634338
cube13_cluster0,10,1173,cube12_cluster0,True,1.5938097351035734,1.3297992988971405,0.06699890582979205
cube13_cluster0,10,1173,cube4_cluster0,True,1.645763581483454,1.4991542749133209,0.03720558651318997
cube13_cluster0,10,1173,cube4_cluster0,True,1.3334058133428313,1.039606335590242,0.07455858118955748
cube13_cluster0,10,1173,cube12_cluster0,True,1.801773057247317,1.5124958652993263,0.07341094397827393
cube13_cluster0,10,1173,cube22_cluster0,True,2.096839124343641,1.7950294026115576,0.07659137046019125
cube13_cluster0,10,1173,cube4_cluster0,True,1.701407939361925,1.5498223090093122,0.03846844662308435
cube13_cluster0,10,1173,cube23_cluster1,True,2.169931018061639,0.6327247745564194,0.3901025195422374
cube13_cluster0,10,1173,cube4_cluster0,True,1.236924482504531,1.0788737375704698,0.0401091226859146
cube13_cluster0,10,1173,cube12_cluster0,True,1.6484395496627438,1.3024940655392683,0.08779186628405641
cube13_cluster0,10,1173,cube23_cluster1,True,2.1737775349351933,1.1596693403509057,0.2573539910257442
cube13_cluster0,10,1173,cube4_cluster0,True,1.3852565926710019,1.2725124083766932,0.028611509055970617
cube13_cluster0,10,1173,cube13_cluster1,False,3.3396025621960024,2.108670305285056,0.31237823606012594
cube13_cluster0,10,1173,cube14_cluster0,True,1.2456403556737923,0.8785653370218593,0.09315398648824615
cube13_cluster0,10,1173,cube22_cluster0,True,1.9749853518806466,1.376551781024258,0.15186670282928927
cube13_cluster0,10,1173,cube4_cluster0,True,1.3280259128507736,1.1198453060942146,0.05283076331408985
cube13_cluster0,10,1173,cube14_cluster0,True,1.7384883330693026,1.577176705770005,0.04093664887635534
cube13_cluster0,10,1173,cube23_cluster1,True,2.296291313043058,1.6739438534042375,0.15793541892089666
cube13_cluster0,10,1173,cube4_cluster0,True,1.4262978274766418,1.2047388266217907,0.0562258479146261
cube13_cluster0,10,1173,cube4_cluster0,True,0.9922286184102319,0.9399907470309706,0.013256598017781838
cube13_cluster0,10,1173,cube4_cluster0,True,1.6770560662110232,1.5143459175349154,0.04129155682382978
cube13_cluster0,10,1173,cube13_cluster1,False,3.4348819769357517,1.304047594126026,0.5407497302156774
cube13_cluster0,10,1173,cube24_cluster1,True,2.277226615215838,1.038931081351356,0.314246842113346
cube13_cluster0,10,1173,cube14_cluster0,True,1.421317412725308,1.103995582158547,0.08052793574893398
cube13_cluster0,10,1173,cube14_cluster0,True,1.6921057909925314,1.3607376203925539,0.08409252746228148
cube13_cluster0,10,1173,cube13_cluster1,False,1.9620765947565308,1.666550761501796,0.07499668481674349
cube13_cluster0,10,1173,cube4_cluster0,True,1.7399603525456113,1.4713134626724889,0.06817551584211688
cube13_cluster0,10,1173,cube23_cluster1,True,2.4489373330814392,1.7022521856463018,0.18948905428266635
cube13_cluster0,10,1173,cube4_cluster0,True,0.9986025871064251,0.8865449040450138,0.028437293096496338
cube13_cluster0,10,1173,cube23_cluster1,True,1.6082078045010657,1.3704578481990815,0.060334686621474155
cube13_cluster0,10,1173,cube4_cluster0,True,0.9420808585761382,0.7621398839876294,0.04566428730851343
cube13_cluster0,10,1173,cube13_cluster1,False,3.177700601761323,1.4586753346860084,0.43624340629382236
cube13_cluster0,10,1173,cube4_cluster0,True,1.763742603900334,1.5023355812054102,0.06633822794447843
cube13_cluster0,10,1173,cube13_cluster1,False,2.667121922833207,1.5391553702025345,0.2862482480797334
cube13_cluster0,10,1173,cube4_cluster0,True,1.0836397078162519,0.871078243390996,0.053942509783722725
cube13_cluster0,10,1173,cube23_cluster1,True,1.5805072305072112,1.4127423118484574,0.04257432451636809
cube13_cluster0,10,1173,cube5_cluster0,True,1.5343914443389273,1.31150131662758,0.05656365290516882
cube13_cluster0,10,1173,cube13_cluster1,False,3.021749196146944,0.7589637290231043,0.5742354453984959
cube13_cluster0,10,1173,cube4_cluster0,True,1.5577061363122198,1.2954806682954327,0.06654592784390008
cube13_cluster0,10,1173,cube23_cluster0,True,2.0469208375684693,1.8087197268011128,0.060449177760440086
cube13_cluster0,10,1173,cube4_cluster0,True,1.7006745658138982,1.4080948290995239,0.07424904299049859
cube13_cluster0,10,1173,cube4_cluster0,True,1.145444963257208,1.1250941252655422,0.005164507501115755
cube13_cluster0,10,1173,cube4_cluster0,True,2.018624106008781,1.7761573024065371,0.06153169842382764
cube13_cluster0,10,1173,cube23_cluster1,True,2.5371339594079383,1.8405050547383246,0.17678609623513586
cube13_cluster0,10,1173,cube24_cluster0,True,1.3600100038439342,0.9774505133876625,0.09708353822548041
cube13_cluster0,10,1173,cube14_cluster0,True,1.0517822268114272,0.6486790395321593,0.10229698822623527
cube13_cluster0,10,1173,cube12_cluster0,True,2.209601444966779,1.7800898804851388,0.10899873987940066
cube13_cluster0,10,1173,cube22_cluster0,True,2.253481464449946,1.474780026729963,0.19761394680068942
cube13_cluster0,10,1173,cube22_cluster0,True,2.280808687756546,1.9454763026056463,0.08509854086539802
cube13_cluster0,10,1173,cube4_cluster0,True,1.863319046468931,1.6624460649457882,0.05097628020392131
cube13_cluster0,10,1173,cube23_cluster1,True,2.408685819611352,1.9800875388924821,0.10876697247771394
cube13_cluster0,10,1173,cube4_cluster0,True,1.711543369894898,1.5381921415211186,0.043991983014687486
cube13_cluster0,10,1173,cube5_cluster0,True,1.4098743925335429,1.22688556552037,0.04643775210224415
cube13_cluster0,10,1173,cube4_cluster0,True,1.3537809439722028,1.2837688462712178,0.017767229236145644
cube13_cluster0,10,1173,cube13_cluster1,False,3.1498513962745673,2.240228165667073,0.23083845488748064
cube13_cluster0,10,1173,cube5_cluster0,True,1.5127027720508015,1.243417203449501,0.06833759570751748
cube13_cluster0,10,1173,cube14_cluster0,True,1.7263387789019091,1.1647283490715812,0.14252195800248582
cube13_cluster0,10,1173,cube4_cluster0,True,1.3783601179227112,1.194869655742011,0.046565053915888346
cube13_cluster0,10,1173,cube13_cluster1,False,2.218852389491031,1.6610838508764791,0.14154698704500132
cube13_cluster0,10,1173,cube23_cluster1,True,2.3360627482776857,1.904553150209698,0.10950578825983583
cube13_cluster0,10,1173,cube4_cluster0,True,1.8501897179992857,1.617709181928981,0.05899744634054884
cube13_cluster0,10,1173,cube4_cluster0,True,1.9279309507272175,1.626087559521794,0.07659991488709375
cube13_cluster0,10,1173,cube4_cluster0,True,1.449089629184851,1.3526626564238078,0.024470629874712657
cube13_cluster0,10,1173,cube4_cluster0,True,1.4585060961942413,1.4509566881452403,0.0019158412304209206
cube13_cluster0,10,1173,cube14_cluster0,True,1.4395626270042277,1.2608011200976543,0.04536496942817976
cube13_cluster0,10,1173,cube5_cluster0,True,1.8318081443429548,1.6163216541457905,0.05468480440304821
cube13_cluster0,10,1173,cube14_cluster0,True,1.1704619342137776,1.0847887380299805,0.02174160417949289
cube13_cluster0,10,1173,cube4_cluster0,True,1.2148781294952606,1.1466655840958853,0.017310550186166507
cube13_cluster0,10,1173,cube5_cluster0,True,0.9734682141773694,0.7781193314250094,0.04957440920724311
cube13_cluster0,10,1173,cube23_cluster1,True,2.085015066220894,1.4421309134049853,0.1631470915805002
cube13_cluster0,10,1173,cube14_cluster0,True,2.1574535294630253,2.109487898469509,0.012172415758172366
cube13_cluster0,10,1173,cube24_cluster1,True,2.5435696389243936,2.146551146275321,0.1007528527428458
cube13_cluster0,10,1173,cube3_cluster0,True,1.4632441207545355,0.8807239468745603,0.1478283011631477
cube13_cluster0,10,1173,cube4_cluster0,True,1.8969550992600295,1.605024497501481,0.07408430960949623
cube13_cluster0,10,1173,cube14_cluster0,True,1.5563850160231474,1.2847384896877738,0.06893674469255834
cube13_cluster0,10,1173,cube24_cluster0,True,1.72064764321563,1.0525670191092742,0.16954129338361285
cube13_cluster0,10,1173,cube14_cluster0,True,1.1715152293873388,0.9310270798716941,0.06102956805079146
cube13_cluster0,10,1173,cube5_cluster0,True,1.4452875772390914,1.0373721690922892,0.10351820333185326
cube13_cluster0,10,1173,cube23_cluster0,True,2.036348627577067,1.780537954949643,0.06491802146873973
cube13_cluster0,10,1173,cube4_cluster0,True,1.4347007900018673,1.399120962126985,0.009029224645367925
cube13_cluster0,10,1173,cube4_cluster0,True,1.242160536468068,1.059519158350786,0.04634957870958989
cube13_cluster0,10,1173,cube4_cluster0,True,1.8921806214477135,1.6442428380813126,0.06292008921353437
cube13_cluster0,10,1173,cube5_cluster0,True,1.779783012126747,1.5769386126384517,0.05147657423962803
cube13_cluster0,10,1173,cube4_cluster0,True,2.506683992008697,2.2427644915582747,0.06697582872632203
cube13_cluster0,10,1173,cube13_cluster1,False,2.7002762477942706,1.5820452302258214,0.2837776253035696
cube13_cluster0,10,1173,cube4_cluster0,True,1.4114803562269858,1.242648064371065,0.04284519576429984
cube13_cluster0,10,1173,cube4_cluster0,True,1.3336520114201549,1.2287825080065469,0.026613122134806662
cube13_cluster0,10,1173,cube14_cluster0,True,1.2476985541191783,0.9719824843446659,0.06996948779759195
cube13_cluster0,10,1173,cube5_cluster0,True,1.3192803020674493,1.1282276902007995,0.0484841286386905
cube13_cluster0,10,1173,cube5_cluster0,True,1.0519796825709158,0.8640644254930694,0.04768795049865164
cube13_cluster0,10,1173,cube23_cluster0,True,2.223697834667678,2.0927214432317873,0.03323836376255119
cube13_cluster0,10,1173,cube12_cluster0,True,1.345702140415,1.0369034584830594,0.07836498476501472
cube13_cluster0,10,1173,cube22_cluster0,True,1.7500693321497978,1.2290092505939325,0.13223134599318753
cube13_cluster0,10,1173,cube4_cluster0,True,1.1743779799918266,1.1486928710231932,0.006518205195766752
cube13_cluster0,10,1173,cube24_cluster1,True,2.845197370755758,1.6552811856517962,0.30196943566575274
cube13_cluster0,10,1173,cube14_cluster0,True,1.3856274621191913,1.022128732803251,0.09224641830311993
cube13_cluster0,10,1173,cube13_cluster1,False,2.7927650894543263,1.6414505257279677,0.29217335929575244
cube13_cluster0,10,1173,cube23_cluster1,True,2.418295719165439,1.8789937240420822,0.13686066393540675
cube13_cluster0,10,1173,cube22_cluster0,True,1.7275899692577756,1.4993457095822915,0.05792239079606414
cube13_cluster0,10,1173,cube12_cluster0,True,2.0383163630640753,1.6955910591361159,0.08697466923391538
cube13_cluster0,10,1173,cube12_cluster0,True,1.2889210582220403,1.1086819827112975,0.04573993748319408
cube13_cluster0,10,1173,cube22_cluster0,True,2.068145986172018,1.3172167129131997,0.19056610180577355
cube13_cluster0,10,1173,cube5_cluster0,True,1.5843538009122051,1.3056731061941143,0.07072183164531833
cube13_cluster0,10,1173,cube12_cluster0,True,2.0685426270786937,1.8821738956645608,0.047295482955340286
cube13_cluster0,10,1173,cube4_cluster0,True,1.2075000737815464,1.0122427309049418,0.049551178794068826
cube13_cluster0,10,1173,cube4_cluster0,True,1.048566629877444,0.9058465255098053,0.03621860927144871
cube13_cluster0,10,1173,cube22_cluster0,True,1.695020714820329,1.5120038085568213,0.04644487787755815
cube13_cluster0,10,1173,cube4_cluster0,True,1.2262038569603022,1.1284451632743513,0.024808585624195575
cube13_cluster0,10,1173,cube6_cluster0,False,2.2220542539284565,2.026845661661797,0.04953880717129586
cube13_cluster0,10,1173,cube22_cluster0,True,2.585965048184016,2.018607803248431,0.14398034854791594
cube13_cluster0,10,1173,cube24_cluster1,True,2.4695035110757293,0.8406309831034272,0.4133650119233146
cube13_cluster0,10,1173,cube14_cluster0,True,1.3612580682824065,1.026761511146672,0.084886429695542
cube13_cluster0,10,1173,cube23_cluster1,True,1.2414646803956217,1.1342749038813222,0.02720194642980944
cube13_cluster0,10,1173,cube23_cluster0,True,1.4865432502511902,1.2031157906305416,0.0719264357483696
cube13_cluster0,10,1173,cube5_cluster0,True,0.9157980837864023,0.6926034251974675,0.05664093483342483
cube13_cluster0,10,1173,cube22_cluster0,True,2.4212507357191417,1.7062675284008457,0.18144393557058183
cube13_cluster0,10,1173,cube3_cluster0,True,1.6812933502031469,1.3376725787631658,0.08720191533968927
cube13_cluster0,10,1173,cube4_cluster0,True,1.9984906384054595,1.7209083760313284,0.07044307840271614
cube13_cluster0,10,1173,cube3_cluster0,True,1.9310819358774656,1.801272008253575,0.032942345922434633
cube13_cluster0,10,1173,cube5_cluster1,False,3.0989439249696447,2.108102841341585,0.2514494101376283
cube13_cluster0,10,1173,cube24_cluster1,True,2.8078423971715867,1.9699960361708662,0.2126233729511692
cube13_cluster0,10,1173,cube14_cluster0,True,2.1411677644135234,1.9834508541521396,0.04002440422508853
cube13_cluster0,10,1173,cube14_cluster0,True,2.270849475981528,1.999963487376679,0.06874374021697932
cube13_cluster0,10,1173,cube4_cluster0,True,1.628002001770747,1.4315897397036736,0.049844266912838234
cube13_cluster0,10,1173,cube4_cluster0,True,1.3988895054085098,1.2766977743107009,0.031009047985512534
cube13_cluster0,10,1173,cube13_cluster1,False,2.2409718300077626,1.9779608393627677,0.06674527282946464
cube13_cluster0,10,1173,cube12_cluster0,True,1.6556799954291115,1.0921676963317675,0.14300460240757953
cube13_cluster0,10,1173,cube4_cluster0,True,1.7063520424698098,1.5775566781682147,0.032684876431964605
cube13_cluster0,10,1173,cube4_cluster0,True,1.557396309499034,1.5508940852847808,0.001650093511736439
cube13_cluster0,10,1173,cube23_cluster1,True,2.817568219315296,1.5826845561945508,0.31338099904309596
cube13_cluster0,10,1173,cube5_cluster0,True,1.5228166009889075,1.3024550265148058,0.05592197258880673
cube13_cluster0,10,1173,cube14_cluster0,True,1.516044217190632,1.1662058774266721,0.0887797706722824
cube13_cluster0,10,1173,cube22_cluster0,True,2.8288199716517113,2.342385875491148,0.1234441814852298
cube13_cluster0,10,1173,cube24_cluster2,False,2.3664143036592225,2.1044499141783866,0.0664796729772527
cube13_cluster0,10,1173,cube24_cluster0,True,1.916743975850376,1.5427914923827444,0.09489930619664741
cube13_cluster0,10,1173,cube14_cluster0,True,1.9324175262277892,1.6323377217662711,0.07615236294984686
cube13_cluster0,10,1173,cube23_cluster1,True,1.411577725762146,1.364954234062027,0.011831816100746427
cube13_cluster0,10,1173,cube4_cluster0,True,1.2946334055548014,1.1215453644184339,0.043925193015063466
cube13_cluster0,10,1173,cube23_cluster0,True,1.740968734516842,1.4277701629712993,0.07948156104176732
cube13_cluster0,10,1173,cube4_cluster0,True,1.4112340138717168,1.1742909186244548,0.06012992650441274
cube13_cluster0,10,1173,cube23_cluster1,True,2.3517980086452224,2.0504183202645616,0.07648223930450809
cube13_cluster0,10,1173,cube6_cluster3,False,2.3689996076008057,1.9680523275895931,0.10174987565710465
cube13_cluster0,10,1173,cube3_cluster0,True,1.5793478612156153,1.325350546621382,0.06445783888714496
cube13_cluster0,10,1173,cube4_cluster0,True,1.8109018355907376,1.5036742351764811,0.07796628559172922
cube13_cluster0,10,1173,cube4_cluster0,True,1.624528032870843,1.3941511290467734,0.05846359979724092
cube13_cluster0,10,1173,cube12_cluster0,True,1.9413601745975964,1.3339597347199876,0.15414225837843074
cube13_cluster0,10,1173,cube4_cluster0,True,1.4495876854306542,1.3313717254020672,0.030000101841961876
cube13_cluster0,10,1173,cube4_cluster0,True,1.6671985093621307,1.51940796265825,0.03750535419518208
cube13_cluster0,10,1173,cube4_cluster0,True,1.402769569125942,1.337256307106629,0.016625543049375482
cube13_cluster0,10,1173,cube23_cluster0,True,1.4935731106620997,1.3970531191296256,0.02449423559271781
cube13_cluster0,10,1173,cube23_cluster1,True,1.5330090112583339,1.2875552304636524,0.06228971468450075
cube13_cluster0,10,1173,cube4_cluster0,True,1.5247809411674218,1.3375099853055712,0.04752444379370165
cube13_cluster0,10,1173,cube5_cluster0,True,1.8408888666603818,1.4700281208027186,0.09411470449696789
cube13_cluster0,10,1173,cube4_cluster0,True,1.5496160734884838,1.4242576614597486,0.03181266832921075
cube13_cluster0,10,1173,cube23_cluster1,True,1.7121680453008066,1.6235655736859855,0.022484977250545435
cube13_cluster0,10,1173,cube4_cluster0,True,1.1760237329117225,0.9045307443294217,0.0688977808485253
cube13_cluster0,10,1173,cube5_cluster0,True,0.9599193559599111,0.8326865212413473,0.03228834751479738
cube13_cluster0,10,1173,cube12_cluster0,True,1.3718022407595853,0.9188252002180437,0.11495366061427373
cube13_cluster0,10,1173,cube4_cluster0,True,1.9776621335320754,1.699354970224876,0.07062703919626825
cube13_cluster0,10,1173,cube4_cluster0,True,1.8596930731828902,1.6502702050837514,0.053146016574163304
cube13_cluster0,10,1173,cube23_cluster1,True,2.1058057276643476,1.5274851625453645,0.14676255089985255
cube13_cluster0,10,1173,cube4_cluster0,True,1.4782635014689123,1.3393075091851163,0.035263376612233006
cube13_cluster0,10,1173,cube4_cluster0,True,1.5942644789774256,1.5257193937403377,0.01739494005192975
cube13_cluster0,10,1173,cube4_cluster0,True,1.5006887162624776,1.4434955096992443,0.014514131773327759
cube13_cluster0,10,1173,cube24_cluster1,True,2.22255223331553,1.64556824358606,0.14642336321491425
cube13_cluster0,10,1173,cube5_cluster0,True,2.0084893250488127,1.8654856822656807,0.03629056386487965
cube13_cluster0,10,1173,cube14_cluster0,True,2.078865028701894,1.74690672483024,0.08424228776745812
cube13_cluster0,10,1173,cube12_cluster0,True,1.6780887624389171,1.5976561117890407,0.020411691537519348
cube13_cluster0,10,1173,cube23_cluster1,True,1.873430484070049,1.4688648760424607,0.10266811215378958
cube13_cluster0,10,1173,cube14_cluster0,True,2.0077850204014025,1.773569401214094,0.0594377648068693
cube13_cluster0,10,1173,cube23_cluster1,True,2.6366175346994196,1.322613440719354,0.33345968370619494
cube13_cluster0,10,1173,cube23_cluster1,True,2.053998133674469,1.6954078240871802,0.09100079045636356
cube13_cluster0,10,1173,cube4_cluster0,True,0.9943826198321973,0.8565063168704702,0.03498937985568752
cube13_cluster0,10,1173,cube4_cluster0,True,1.8486796519326636,1.6095512574747795,0.06068449797562501
cube13_cluster0,10,1173,cube23_cluster1,True,1.6068408306276958,1.5924371737886591,0.0036552693220380495
cube13_cluster0,10,1173,cube22_cluster0,True,1.9182910713365526,1.2543199515557455,0.16849840925648968
cube13_cluster0,10,1173,cube23_cluster1,True,1.629117210513618,1.180696074819032,0.11379749177414498
cube13_cluster0,10,1173,cube4_cluster0,True,1.1691331187117644,1.1520280984237845,0.004340804325609926
cube13_cluster0,10,1173,cube14_cluster0,True,1.8934077245514749,1.7490999986256228,0.036621505872054705
cube13_cluster0,10,1173,cube14_cluster0,True,2.042710831529262,1.8498806705070545,0.048935223868834775
cube13_cluster0,10,1173,cube24_cluster1,True,2.2959429347959643,1.3653259073476791,0.23616612843613585
cube13_cluster0,10,1173,cube23_cluster1,True,1.9540198256902306,1.7229306491905032,0.05864435587115696
cube13_cluster0,10,1173,cube14_cluster0,True,1.629432408003276,1.1930343327908572,0.11074635520316202
cube13_cluster0,10,1173,cube23_cluster1,True,1.6958926318195642,0.9654325622135006,0.18537155621262347
cube13_cluster0,10,1173,cube5_cluster0,True,1.4073427461600898,1.0992909263301074,0.0781754508043276
cube13_cluster0,10,1173,cube13_cluster1,False,2.2963388258363087,1.803005161833282,0.1251951103605642
cube13_cluster0,10,1173,cube23_cluster0,True,2.13847817329974,1.5958008634366616,0.13771723005317832
cube13_cluster0,10,1173,cube4_cluster0,True,1.7094065255584505,1.5253659097110066,0.04670466844870652
cube13_cluster0,10,1173,cube5_cluster0,True,1.294651233277663,0.8380452404500396,0.1158745932712157
cube13_cluster0,10,1173,cube22_cluster0,True,2.278771272211684,1.8959497953642148,0.0971500234819148
cube13_cluster0,10,1173,cube23_cluster1,True,3.029067341290074,2.489706945452875,0.13687548450077275
cube13_cluster0,10,1173,cube13_cluster1,False,2.152708784879263,1.7896909768691325,0.09212437312285174
cube13_cluster0,10,1173,cube4_cluster0,True,1.9769854810544571,1.7479140351022353,0.05813230891996555
cube13_cluster0,10,1173,cube5_cluster0,True,1.7371051818030887,1.4447045763340896,0.07420358419117037
cube13_cluster0,10,1173,cube23_cluster1,True,2.0528799966523414,1.3267342140874199,0.18427670361760654
cube13_cluster0,10,1173,cube4_cluster0,True,1.882848875303792,1.7883199882034857,0.023988945649392277
cube13_cluster0,10,1173,cube22_cluster0,True,2.6701622212935514,1.507182991226675,0.2951335448585429
cube13_cluster0,10,1173,cube3_cluster0,True,2.0662129827395224,1.605290762413791,0.11696993830318093
cube13_cluster0,10,1173,cube14_cluster0,True,1.273583729766625,0.9826693582398961,0.07382641710122495
cube13_cluster0,10,1173,cube5_cluster0,True,1.4753871309536157,1.1901548495974412,0.07238445204210246
cube13_cluster0,10,1173,cube12_cluster0,True,1.7064844101820762,1.4294174907849344,0.07031229790751499
cube13_cluster0,10,1173,cube12_cluster0,True,1.654040146592023,1.3820827676999992,0.06901563089671457
cube13_cluster0,10,1173,cube4_cluster0,True,2.137321910944588,1.855812933342275,0.07143957546386885
cube13_cluster0,10,1173,cube5_cluster0,True,2.4845378962955285,2.198905639417861,0.07248595531100263
cube13_cluster0,10,1173,cube22_cluster0,True,1.8152511762511516,0.7457806993590936,0.27140348237221656
cube13_cluster0,10,1173,cube22_cluster0,True,1.9274845150282944,1.4879546601211704,0.11154111853093118
cube13_cluster0,10,1173,cube23_cluster1,True,2.8402953726277484,1.597556054660007,0.31537455765724753
cube13_cluster0,10,1173,cube13_cluster1,False,2.0743725292317476,2.030357138925316,0.011169948554216639
cube13_cluster0,10,1173,cube5_cluster0,True,1.8708187485671648,1.6612349872556584,0.05318684704033335
cube13_cluster0,10,1173,cube5_cluster0,True,1.4968716403431348,1.2544758401907816,0.061513679615476116
cube13_cluster0,10,1173,cube13_cluster1,False,2.864938422095821,1.7708542543418422,0.2776497898283809
cube13_cluster0,10,1173,cube23_cluster1,True,2.257132306691538,1.3223943246913892,0.2372119183295826
cube13_cluster0,10,1173,cube4_cluster0,True,1.7532511175211603,1.7418323859720102,0.0028977737802720256
cube13_cluster0,10,1173,cube23_cluster1,True,1.522702319178069,1.0584691552628678,0.1178101687158348
cube13_cluster0,10,1173,cube4_cluster0,True,1.2153509702063872,1.1092412150199562,0.02692786541892299
cube13_cluster0,10,1173,cube4_cluster0,True,1.2111125145236972,1.0255921639259862,0.04708018621463565
cube13_cluster0,10,1173,cube4_cluster0,True,1.0045770675832877,0.8571607210134022,0.03741039204179418
cube13_cluster0,10,1173,cube4_cluster0,True,1.6717205378243247,1.5862993045201355,0.021677662626704244
cube13_cluster0,10,1173,cube23_cluster1,True,1.9030421837312037,1.6696919893065925,0.05921814276081733
cube13_cluster0,10,1173,cube5_cluster0,True,1.2374221590908039,0.8025444397621565,0.11036052886179375
cube13_cluster0,10,1173,cube4_cluster0,True,1.6702686201175,1.3795532338126597,0.07377591988477246
cube13_cluster0,10,1173,cube13_cluster1,False,2.060311704633541,1.8220296911640366,0.06046970873868648
cube13_cluster0,10,1173,cube4_cluster0,True,1.9966879156817359,1.8036999285360253,0.04897527598850855
cube13_cluster0,10,1173,cube24_cluster2,False,2.2695398704939227,1.166270627908622,0.2799807202738052
cube13_cluster0,10,1173,cube23_cluster1,True,2.171314877073824,1.7067354068971208,0.11789805213792987
cube13_cluster0,10,1173,cube23_cluster1,True,2.156534459031752,1.165384190318409,0.25152787318140235
cube13_cluster0,10,1173,cube4_cluster0,True,0.8104864077500119,0.5597564243963561,0.06362867614173354
cube13_cluster0,10,1173,cube4_cluster0,True,2.1962952968932417,1.9132117841278289,0.07183915108153781
cube13_cluster0,10,1173,cube4_cluster0,True,1.4637575177909035,1.2211586722617989,0.06156520719245988
cube13_cluster0,10,1173,cube24_cluster0,True,1.880163727883221,1.3522842016235805,0.13396194172298082
cube13_cluster0,10,1173,cube22_cluster0,True,2.97277371474109,2.346024841394369,0.15905238197270194
cube13_cluster0,10,1173,cube23_cluster0,True,1.9046301229646032,1.4671335423626575,0.11102512698280821
cube13_cluster0,10,1173,cube13_cluster1,False,2.6396878421995207,1.1262279773992134,0.38407631310316703
cube13_cluster0,10,1173,cube4_cluster0,True,1.0206401372735099,0.9238748355288731,0.02455648887345904
cube13_cluster0,10,1173,cube14_cluster0,True,1.1655221977921428,1.0901850933600024,0.01911857590883827
cube13_cluster0,10,1173,cube22_cluster0,True,2.2391645557225774,1.993510340129787,0.06234057976527741
cube13_cluster0,10,1173,cube13_cluster1,False,3.2230553845989265,2.111170567577017,0.2821671264956281
cube13_cluster0,10,1173,cube4_cluster0,True,2.170451331644572,2.0008866609904583,0.04303105424336959
cube13_cluster0,10,1173,cube4_cluster0,True,1.7565889440261662,1.5628183684432084,0.04917387635356993
cube13_cluster0,10,1173,cube12_cluster0,True,1.0459882718319056,0.7812350203317455,0.06718741281697208
cube13_cluster0,10,1173,cube4_cluster0,True,1.2662707660705517,1.1733756006040714,0.023574350061923842
cube13_cluster0,10,1173,cube24_cluster2,False,1.991109143740602,1.6653091703801144,0.0826794654339358
cube13_cluster0,10,1173,cube5_cluster0,True,1.3292458058641614,1.2495974657431066,0.020212654150903505
cube13_cluster0,10,1173,cube5_cluster0,True,1.156945653416711,1.0385784467201837,0.030038484268838664
cube13_cluster0,10,1173,cube4_cluster0,True,1.7323170064356208,1.5295469384637155,0.05145771085551958
cube13_cluster0,10,1173,cube4_cluster0,True,1.515530004355713,1.3870422025440479,0.032606825160220614
cube13_cluster0,10,1173,cube24_cluster2,False,2.4163193948721844,1.7007436148292396,0.18159431494477066
cube13_cluster0,10,1173,cube3_cluster0,True,2.000279579526375,1.494356171447837,0.12839005632503667
cube13_cluster0,10,1173,cube23_cluster0,True,1.562339581603958,0.6538632523608394,0.23054740148212288
cube13_cluster0,10,1173,cube4_cluster0,True,0.8160018645398145,0.7525415534722953,0.01610455808579293
cube13_cluster0,10,1173,cube23_cluster1,True,2.0243807528580127,1.6783877954718536,0.0878039137496857
cube13_cluster0,10,1173,cube4_cluster0,True,1.2956096492060787,1.255795701023841,0.010103733031554188
cube13_cluster0,10,1173,cube4_cluster0,True,0.9137960738301774,0.9007280154626437,0.0033163295531999904
cube13_cluster0,10,1173,cube4_cluster0,True,1.8549064999023848,1.6554380085560245,0.05061985753197984
cube13_cluster0,10,1173,cube4_cluster0,True,1.8979777155334112,1.611579465043917,0.07268034434577884
cube13_cluster0,10,1173,cube12_cluster0,True,1.0792227429481633,1.0481575959272955,0.007883517370549518
cube13_cluster0,10,1173,cube4_cluster0,True,1.1036663669358082,0.9909880161973503,0.028594802230769826
cube13_cluster0,10,1173,cube12_cluster0,True,1.0000417756365059,0.757387033024345,0.06157939240217228
cube13_cluster0,10,1173,cube22_cluster0,True,1.6094666470869148,0.7080451394239775,0.22875707329097908
cube13_cluster0,10,1173,cube4_cluster0,True,1.4545173422392947,1.1780430293149768,0.07016190996892681
cube13_cluster0,10,1173,cube14_cluster0,True,2.335340276300775,2.2617738101559457,0.018669234475314714
cube13_cluster0,10,1173,cube4_cluster0,True,1.8213445712606606,1.609572695282775,0.053742133000176655
cube13_cluster0,10,1173,cube5_cluster0,True,1.7300270816367593,1.3877556435411937,0.08685949002130222
cube13_cluster0,10,1173,cube23_cluster1,True,2.5173746287431964,1.926696851578074,0.14989848635033867
cube13_cluster0,10,1173,cube23_cluster0,True,1.3437555258385605,1.1508737942926341,0.04894831111156611
cube13_cluster0,10,1173,cube3_cluster0,True,1.5835274448655123,1.3942559843096047,0.04803211927628894
cube13_cluster0,10,1173,cube23_cluster0,True,1.5418565736473528,1.2812245228767127,0.06614156045011005
cube13_cluster0,10,1173,cube5_cluster0,True,1.1141017001284967,0.8635816897376787,0.06357539052558096
cube13_cluster0,10,1173,cube3_cluster0,True,1.1516859226828733,0.9005132499319963,0.06374101906901491
cube13_cluster0,10,1173,cube4_cluster0,True,1.802514196536896,1.5784029280419796,0.05687354632278848
cube13_cluster0,10,1173,cube13_cluster1,False,2.496590661411338,1.3754592683252849,0.28451366433659875
cube13_cluster0,10,1173,cube4_cluster0,True,1.1330355291182277,0.9519164614934108,0.045963256339936955
cube13_cluster0,10,1173,cube12_cluster0,True,1.734977386534069,1.3776290571529421,0.09068560854131971
cube13_cluster0,10,1173,cube4_cluster0,True,1.3146611437112796,1.205216892827429,0.027774072737207126
cube13_cluster0,10,1173,cube4_cluster0,True,1.5030230547396575,1.4661661596532636,0.009353310719660337
cube13_cluster0,10,1173,cube4_cluster0,True,1.5778644755509394,1.5610084207897212,0.0042776234221500046
cube13_cluster0,10,1173,cube6_cluster3,False,2.145486036869126,1.7250082153926436,0.10670621347177084
cube13_cluster0,10,1173,cube22_cluster0,True,2.975889201518577,2.616338444719666,0.0912445267010765
cube13_cluster0,10,1173,cube13_cluster1,False,3.0263419678645644,2.0649562270362276,0.24397441874418282
cube13_cluster0,10,1173,cube4_cluster0,True,2.0305266794450256,1.8015381479339572,0.05811126741526374
cube13_cluster0,10,1173,cube23_cluster1,True,2.2156052700607862,1.6042279906066097,0.15515147568104648
cube13_cluster0,10,1173,cube3_cluster0,True,2.0085207820576056,1.9089034916239405,0.025280248601860213
cube13_cluster0,10,1173,cube4_cluster0,True,2.144885988117596,1.985010261441136,0.040572255059229095
cube13_cluster0,10,1173,cube23_cluster1,True,1.5941465029884374,1.1450754317244514,0.11396242832981819
cube13_cluster0,10,1173,cube4_cluster0,True,1.0203277737939591,0.9443637281705443,0.019277677096043482
cube13_cluster0,10,1173,cube22_cluster0,True,2.591241980451997,2.2281334330316196,0.09214740039893045
cube13_cluster0,10,1173,cube4_cluster0,True,1.6635330154129175,1.3800860385625269,0.071931388708019
cube13_cluster0,10,1173,cube23_cluster1,True,1.7523534257708604,1.6102917439034679,0.0360515189559139
cube13_cluster0,10,1173,cube5_cluster0,True,1.710034225971652,1.3232936051560154,0.09814459915638296
cube13_cluster0,10,1173,cube14_cluster0,True,1.5973120554929443,1.261404873424077,0.08524440920731485
cube13_cluster0,10,1173,cube4_cluster0,True,1.778860853223002,1.5104503048153324,0.06811553859343276
cube13_cluster0,10,1173,cube3_cluster0,True,1.4907793829269802,1.2264625521722605,0.06707666070866124
cube13_cluster0,10,1173,cube4_cluster0,True,1.538456762718779,1.2661547496979693,0.06910308997549967
cube13_cluster0,10,1173,cube24_cluster1,True,2.2973407666799583,1.3977831799535034,0.22828405917421926
cube13_cluster0,10,1173,cube5_cluster0,True,1.5637558903726065,1.086350958713451,0.12115281698144749
cube13_cluster0,10,1173,cube24_cluster1,True,2.8325413400772836,1.717584050781242,0.28294683915970725
cube13_cluster0,10,1173,cube12_cluster0,True,1.821544995228356,1.4093119108858267,0.10461391600517676
cube13_cluster0,10,1173,cube4_cluster0,True,2.2773620876241165,1.987095435171071,0.07366204303387579
cube13_cluster0,10,1173,cube23_cluster1,True,1.9845240540272946,1.487739032808518,0.12607097405900602
cube13_cluster0,10,1173,cube4_cluster0,True,1.800479012765935,1.7241004458973406,0.019382871687095606
cube13_cluster0,10,1173,cube24_cluster2,False,2.008301557821387,1.6487390733681764,0.09124750287132688
cube13_cluster0,10,1173,cube14_cluster0,True,1.605338990806739,1.4774354377692274,0.03245855818576636
cube13_cluster0,10,1173,cube4_cluster0,True,1.011791149759909,0.7833969756253146,0.057960435143373956
cube13_cluster0,10,1173,cube12_cluster0,True,1.1517557820334374,1.027488253535044,0.03153583077698803
cube13_cluster0,10,1173,cube23_cluster1,True,2.0456489764605172,1.3299810203869051,0.1816177067973322
cube13_cluster0,10,1173,cube23_cluster0,True,1.657123884567585,1.1052847103845054,0.1400422702812136
cube13_cluster0,10,1173,cube23_cluster1,True,2.5656149624766442,1.5055627181005131,0.26901338263796104
cube13_cluster0,10,1173,cube5_cluster0,True,1.3034448567501706,1.2914004714109466,0.0030565482589083215
cube13_cluster0,10,1173,cube14_cluster0,True,1.461103662336767,1.316925295207787,0.036588678011253366
cube13_cluster0,10,1173,cube22_cluster0,True,2.3730362591199152,1.896014373890967,0.12105560987071862
cube13_cluster0,10,1173,cube3_cluster0,True,1.8647251591738707,1.4600469167162478,0.10269669581010073
cube13_cluster0,10,1173,cube23_cluster0,True,1.7459805901952297,1.4022924242533996,0.08721901829193504
cube13_cluster0,10,1173,cube23_cluster1,True,1.6428842793141498,1.0960223317499247,0.13877918105518988
cube13_cluster0,10,1173,cube22_cluster0,True,2.0086254843030296,1.6051895181387175,0.1023814387559249
cube13_cluster0,10,1173,cube3_cluster0,True,2.1004171951358606,1.6693452447382344,0.10939472479024534
cube13_cluster0,10,1173,cube22_cluster0,True,2.1054751781737404,1.6381417000803349,0.11859694692298815
cube13_cluster0,10,1173,cube4_cluster0,True,1.676550644833371,1.638663581055644,0.009614740442406037
cube13_cluster0,10,1173,cube5_cluster0,True,2.2246955787153144,2.0520368296246088,0.04381624998328767
cube13_cluster0,10,1173,cube22_cluster0,True,1.2838842176381473,1.108100786942673,0.04460921200249466
cube13_cluster0,10,1173,cube4_cluster0,True,1.8217548207553773,1.720145313532715,0.025785820832096545
cube13_cluster0,10,1173,cube3_cluster0,True,1.3798335694684438,1.125275235992643,0.06460021072575471
cube13_cluster0,10,1173,cube4_cluster0,True,2.2631226295987075,2.0063799400477196,0.06515454285399588
cube13_cluster0,10,1173,cube4_cluster0,True,1.681197563864452,1.4443953820020816,0.06009416639303168
cube13_cluster0,10,1173,cube4_cluster0,True,2.3205528254588046,2.0181803698303273,0.07673417752446297
cube13_cluster0,10,1173,cube4_cluster0,True,1.5274875611504943,1.358210323356333,0.04295811134235
cube13_cluster0,10,1173,cube14_cluster0,True,1.0972701976576422,0.6748075013756283,0.10720992249968121
cube13_cluster0,10,1173,cube24_cluster0,True,1.5940384290261,1.0814602760743783,0.13007885556906018
cube13_cluster0,10,1173,cube5_cluster0,True,0.8837317368604336,0.7186383427755038,0.041896361834606335
cube13_cluster0,10,1173,cube5_cluster0,True,1.0536342300045514,0.6076931379045695,0.11316812192939106
cube13_cluster0,10,1173,cube4_cluster0,True,1.3785701010969984,1.3150194390005951,0.0161274868008953
cube13_cluster0,10,1173,cube12_cluster0,True,1.8570783797176487,1.817922397610324,0.009936758544765981
cube13_cluster0,10,1173,cube23_cluster0,True,1.4886296464584887,1.435953999899548,0.013367693845883965
cube13_cluster0,10,1173,cube13_cluster1,False,3.283909206662411,1.850755409302586,0.3636967450553389
cube13_cluster0,10,1173,cube22_cluster0,True,2.8970482483587117,2.3238344454883575,0.14546658893748718
cube13_cluster0,10,1173,cube22_cluster0,True,2.321663188287726,1.6172423488986352,0.17876348435661882
cube13_cluster0,10,1173,cube5_cluster0,True,0.9635111429221824,0.4956630629929911,0.1187275393360422
cube13_cluster0,10,1173,cube14_cluster0,True,1.965201233792411,1.7400046461956642,0.05714897176938691
cube13_cluster0,10,1173,cube24_cluster0,True,1.5132229539380957,1.1363606035710996,0.09563775389276544
cube13_cluster0,10,1173,cube4_cluster0,True,1.5928277096069,1.430377644227153,0.04122555452281788
cube13_cluster0,10,1173,cube23_cluster1,True,1.9580090579916585,1.3703800576943042,0.1491247869572589
cube13_cluster0,10,1173,cube5_cluster0,True,1.737645108427614,1.5092293819869484,0.05796590455187777
cube13_cluster0,10,1173,cube4_cluster0,True,1.295326718015075,1.097251341147863,0.05026632171294275
cube13_cluster0,10,1173,cube23_cluster1,True,2.0198450014785254,1.606354031828556,0.1049331342166567
cube13_cluster0,10,1173,cube22_cluster0,True,2.171782363192251,1.8331265018500804,0.08594195172280973
cube13_cluster0,10,1173,cube12_cluster0,True,1.2186900653801442,1.0297488844623757,0.047948302989739296
cube13_cluster0,10,1173,cube22_cluster0,True,2.222066353419827,1.661068130275623,0.14236659604520355
cube13_cluster0,10,1173,cube4_cluster0,True,2.0039188904595977,1.7643664902659064,0.060792099480977704
cube13_cluster0,10,1173,cube4_cluster0,True,1.4082155647726586,1.1783701542417782,0.05832872077650519
cube13_cluster0,10,1173,cube22_cluster0,True,1.7398595051195413,1.495381226407229,0.06204215790950146
cube13_cluster0,10,1173,cube4_cluster0,True,1.4078820323169958,1.1973798708392465,0.053419912850671505
cube13_cluster0,10,1173,cube23_cluster1,True,2.117581560177803,1.8255716210136803,0.07410444335663605
cube13_cluster0,10,1173,cube23_cluster0,True,1.8569489493081792,1.4379634910520849,0.10632749093222531
cube13_cluster0,10,1173,cube4_cluster0,True,1.2824983351690487,1.027034042333699,0.06483011938651906
cube13_cluster0,10,1173,cube22_cluster0,True,2.145464210119184,1.5892067278827307,0.14116352067361673
cube13_cluster0,10,1173,cube23_cluster0,True,1.8030793502645714,1.3226721270318453,0.12191471962931838
cube13_cluster0,10,1173,cube3_cluster0,True,1.673516539733708,1.654368939892181,0.004859157301061817
cube13_cluster0,10,1173,cube4_cluster0,True,0.9946825934905014,0.7700408304312326,0.05700817189240977
cube13_cluster0,10,1173,cube23_cluster0,True,1.9987048892212531,1.3261252309805265,0.17068302993245912
cube13_cluster0,10,1173,cube4_cluster0,True,1.34417355995976,1.3303742412842516,0.003501904188866098
cube13_cluster0,10,1173,cube24_cluster1,True,3.383265859003087,1.6762720887617995,0.43319012879859436
cube13_cluster0,10,1173,cube23_cluster1,True,2.0004910867012433,1.8374783134566712,0.04136835498096198
cube13_cluster0,10,1173,cube14_cluster0,True,1.3347079383782707,1.3109910340817679,0.0060187266093266216
cube13_cluster0,10,1173,cube3_cluster0,True,2.0426409343322707,1.7414079237053175,0.07644501634791143
cube13_cluster0,10,1173,cube22_cluster0,True,2.66615052456589,2.339720562996441,0.08283933987410026
cube13_cluster0,10,1173,cube14_cluster0,True,1.6512767925639353,1.541511276510423,0.027855601388717396
cube13_cluster0,10,1173,cube4_cluster0,True,1.9612178755252538,1.70696220216665,0.06452340354728903
cube13_cluster0,10,1173,cube15_cluster1,False,3.296314864837929,2.9747593001253754,0.0816023461374708
cube13_cluster0,10,1173,cube12_cluster0,True,1.7096006610360532,1.6072878967195112,0.02596428898844675
cube13_cluster0,10,1173,cube22_cluster0,True,1.9709880824073278,1.4772998010107892,0.1252851029293994
cube13_cluster0,10,1173,cube23_cluster1,True,2.490051589609595,1.091574432419161,0.3548967256978238
cube13_cluster0,10,1173,cube13_cluster1,False,2.1029010689316863,1.9928226673337772,0.027935003511700716
cube13_cluster0,10,1173,cube23_cluster0,True,1.5521659340194807,1.2330253897380918,0.08098947746163512
cube13_cluster0,10,1173,cube23_cluster1,True,1.61295898517251,1.5366734753770517,0.019359256249124938
cube13_cluster0,10,1173,cube4_cluster0,True,1.3326846900365965,1.1343344579575947,0.05033607273762248
cube13_cluster0,10,1173,cube4_cluster0,True,2.169115194369373,1.8729729311950973,0.07515311851960553
cube13_cluster0,10,1173,cube4_cluster0,True,1.2086239754999142,0.9759633588288013,0.059043146061320086
cube13_cluster0,10,1173,cube4_cluster0,True,1.0841428319758881,1.0454865631216346,0.009809944462468759
cube13_cluster0,10,1173,cube24_cluster2,False,2.1792923320129773,1.8120012049693774,0.09320882911488763
cube13_cluster0,10,1173,cube4_cluster0,True,1.9441892894979547,1.6969249770373735,0.06274918000840414
cube13_cluster0,10,1173,cube23_cluster0,True,1.3162597763475044,0.657977861772884,0.16705463858843309
cube13_cluster0,10,1173,cube4_cluster0,True,1.3607998284454466,1.1571377169500885,0.05168408804303786
cube13_cluster0,10,1173,cube4_cluster0,True,0.7680109977181899,0.6888827101642255,0.020080678485586288
cube13_cluster0,10,1173,cube13_cluster1,False,2.705602120396089,1.8761963990898267,0.2104813605665147
cube13_cluster0,10,1173,cube5_cluster0,True,1.5496457819003433,1.239635103720386,0.0786725575399918
cube13_cluster0,10,1173,cube14_cluster0,True,1.6292277430128663,1.3108239489091231,0.08080250964141773
cube13_cluster0,10,1173,cube4_cluster0,True,1.0757296621708765,0.9049737724099328,0.043333354326305466
cube13_cluster0,10,1173,cube4_cluster0,True,1.9119645835202606,1.6121946658916242,0.0760737218209867
cube13_cluster0,10,1173,cube23_cluster1,True,1.9641577619711885,1.3400917901225478,0.15837153212675145
cube13_cluster0,10,1173,cube5_cluster0,True,1.170222956928991,1.0793913573685252,0.023050671302109495
cube13_cluster0,10,1173,cube22_cluster0,True,2.127865242788689,1.438859222036631,0.17485160876152553
cube13_cluster0,10,1173,cube3_cluster0,True,2.042246454843549,1.546411536665736,0.12582986289277795
cube13_cluster0,10,1173,cube4_cluster0,True,1.668165278608491,1.5000602468161077,0.042660636285474465
cube13_cluster0,10,1173,cube4_cluster0,True,1.7623461871262993,1.4834452831196356,0.07077771497175017
cube13_cluster0,10,1173,cube13_cluster1,False,2.6226287994270066,1.576402606619658,0.2655046943437968
cube13_cluster0,10,1173,cube24_cluster1,True,2.5154158214738604,0.3665117665488876,0.5453353378068792
cube13_cluster0,10,1173,cube24_cluster0,True,1.4280736702102266,0.7040628429049752,0.18373490811721344
cube13_cluster0,10,1173,cube14_cluster0,True,1.0145538147592446,0.6008546278569734,0.10498597427964648
cube13_cluster0,10,1173,cube4_cluster0,True,1.9977104766335723,1.7348701847314114,0.06670195397752555
cube13_cluster0,10,1173,cube3_cluster0,True,1.934700932204187,1.6044009631259555,0.08382144600735467
cube13_cluster0,10,1173,cube4_cluster0,True,1.7821602806953996,1.4810429552352204,0.0764156584948433
cube13_cluster0,10,1173,cube24_cluster1,True,1.943592029976313,1.6092975521157344,0.08483514728973686
cube13_cluster0,10,1173,cube23_cluster1,True,1.9965889357855993,1.4218525002730174,0.14585299306027805
cube13_cluster0,10,1173,cube14_cluster0,True,1.9554509247661875,1.8410344639759182,0.029035888853542857
cube13_cluster0,10,1173,cube23_cluster1,True,2.203067380158772,1.9132945154849532,0.07353673268101364
cube13_cluster0,10,1173,cube22_cluster0,True,2.528826963782285,2.067856070159267,0.11698229030603427
cube13_cluster0,10,1173,cube4_cluster0,True,1.6513964650259592,1.4526295659424107,0.05044181186597336
cube13_cluster0,10,1173,cube14_cluster0,True,1.5886903007503401,1.5096347468712883,0.020062220591625192
cube13_cluster0,10,1173,cube4_cluster0,True,1.630264319871759,1.437283679665508,0.04897341152848168
cube13_cluster0,10,1173,cube4_cluster0,True,1.2662768331231118,1.228545424233054,0.009575239325288322
cube13_cluster0,10,1173,cube23_cluster1,True,2.196157562924899,1.4426573772831761,0.1912185317593538
cube13_cluster0,10,1173,cube24_cluster0,True,1.2964644088994126,0.6390405669652829,0.16683688231765295
cube13_cluster0,10,1173,cube14_cluster0,True,1.039600274417605,0.47575487058600224,0.1430891356292307
cube13_cluster0,10,1173,cube23_cluster0,True,1.515778414555693,1.2815752667557578,0.05943459989672329
cube13_cluster0,10,1173,cube23_cluster1,True,2.1550454149039293,0.8157271810921505,0.33988374669066346
cube13_cluster0,10,1173,cube5_cluster0,True,1.0896770304490242,0.8524588340068486,0.06019973995314045
cube13_cluster0,10,1173,cube13_cluster1,False,2.7734489013796635,1.8750324990095888,0.22799445659514633
cube13_cluster0,10,1173,cube14_cluster0,True,1.5268158701398764,1.2137764041159724,0.079441184244492
cube13_cluster0,10,1173,cube14_cluster0,True,1.7879806881906877,1.6026215101694157,0.04703928485321092
cube13_cluster0,10,1173,cube5_cluster0,True,1.050162890653122,0.5582109082834954,0.12484447589711996
cube13_cluster0,10,1173,cube5_cluster0,True,1.2749805205523415,1.0452413353036787,0.05830176359336383
cube13_cluster0,10,1173,cube4_cluster0,True,2.0990161024578757,1.883179624110935,0.05477362219156198
cube13_cluster0,10,1173,cube23_cluster1,True,1.6402109529308682,1.159448953537092,0.12200475248917951
cube13_cluster0,10,1173,cube5_cluster0,True,1.0200633117087503,0.6815446754962234,0.08590712759361782
cube13_cluster0,10,1173,cube14_cluster0,True,1.2305494880041514,0.9761261053361574,0.06456596375963541
cube13_cluster0,10,1173,cube23_cluster0,True,1.6065734955414566,0.9345381127839204,0.17054490712804382
cube13_cluster0,10,1173,cube4_cluster0,True,1.2639429839619263,1.0337335533746477,0.05842109949391204
cube13_cluster0,10,1173,cube4_cluster0,True,1.7615572688628538,1.5575712886941817,0.05176627739530884
cube13_cluster0,10,1173,cube4_cluster0,True,1.4656074311247824,1.1978574187653048,0.06794791191501089
cube13_cluster0,10,1173,cube4_cluster0,True,1.7482099842898484,1.4960523103613905,0.06399098646457416
cube13_cluster0,10,1173,cube4_cluster0,True,1.330156395678617,1.2151642705123165,0.02918197733350404
cube13_cluster0,10,1173,cube14_cluster0,True,1.1313261247927882,0.9443894029673497,0.04743962398486204
cube13_cluster0,10,1173,cube23_cluster1,True,1.960640124334925,1.218621612875699,0.1883047847939877
cube13_cluster0,10,1173,cube22_cluster0,True,2.1827396298419752,1.7128003594768313,0.11925822847509199
cube13_cluster0,10,1173,cube23_cluster0,True,2.1601586514212783,1.8995322532381298,0.06614012597205497
cube13_cluster0,10,1173,cube5_cluster0,True,1.5816575934701702,1.3327251353021274,0.06317251152048575
cube13_cluster0,10,1173,cube22_cluster0,True,2.186524136664511,1.4069728123846803,0.1978296256594779
cube13_cluster0,10,1173,cube12_cluster0,True,1.658088043377759,1.2744672835947002,0.09735286047162775
cube13_cluster0,10,1173,cube22_cluster0,True,1.7316258150584014,0.8224438947677106,0.23072646193454255
cube13_cluster0,10,1173,cube4_cluster0,True,1.2003889689035232,0.9815329315379682,0.05553990686289012
cube13_cluster0,10,1173,cube12_cluster0,True,1.6684003700097285,1.5872223486208799,0.0206008470295001
cube13_cluster0,10,1173,cube23_cluster1,True,2.2231650672609966,1.6533037620841455,0.144615813186009
cube13_cluster0,10,1173,cube12_cluster0,True,1.7805247843520868,1.5480517754657617,0.05899553613920283
cube13_cluster0,10,1173,cube4_cluster0,True,1.8359281185833205,1.67325216761879,0.04128287834395422
cube13_cluster0,10,1173,cube4_cluster0,True,1.3409918807959182,1.2607844489850877,0.020354536918917327
cube13_cluster0,10,1173,cube12_cluster0,True,1.5002230795162599,1.16477639948395,0.0851275459006022
cube13_cluster0,10,1173,cube23_cluster0,True,1.751607202352572,1.5446908753078497,0.05250992237093246
cube13_cluster0,10,1173,cube4_cluster0,True,1.309357309560893,1.145161745128357,0.04166851627972499
cube13_cluster0,10,1173,cube22_cluster0,True,2.0951393024729894,1.7629950755929444,0.08428947013763162
cube13_cluster0,10,1173,cube23_cluster1,True,1.6039751243483409,1.148227214730491,0.1156568343182295
cube13_cluster0,10,1173,cube5_cluster0,True,1.9923793542107147,1.6818809973711362,0.07879631755895415
cube13_cluster0,10,1173,cube14_cluster0,True,1.5084169904933142,1.4791737149401176,0.00742117430316772
cube13_cluster0,10,1173,cube23_cluster1,True,1.9657815302472066,1.389911898591426,0.1461405684409175
cube13_cluster0,10,1173,cube23_cluster1,True,2.188708575031863,2.1794259881848417,0.0023556764306626368
cube13_cluster0,10,1173,cube13_cluster1,False,2.5786384787789562,1.4786239941537924,0.2791547482963207
cube13_cluster0,10,1173,cube4_cluster0,True,2.1100807613811896,1.850442266767472,0.06588942202577058
cube13_cluster0,10,1173,cube12_cluster0,True,1.732279750039442,1.3719254589472951,0.09144844257355896
cube13_cluster0,10,1173,cube12_cluster0,True,1.2878206380623063,1.1637969936919434,0.031473939398896734
cube13_cluster0,10,1173,cube12_cluster0,True,1.3224000986102473,1.2973196742232787,0.006364752150781798
cube13_cluster0,10,1173,cube4_cluster0,True,1.700520530578935,1.5983537653009163,0.025927238271915173
cube13_cluster0,10,1173,cube4_cluster0,True,1.6248085054435117,1.4913497829072908,0.03386831411610214
cube13_cluster0,10,1173,cube5_cluster0,True,1.269417620720525,0.9895775188501094,0.07101605869078352
cube13_cluster0,10,1173,cube23_cluster1,True,2.066235555882489,1.4809344075042692,0.1485340393574412
cube13_cluster0,10,1173,cube5_cluster0,True,1.0717023488778343,0.7482158464829771,0.08209236734193068
cube13_cluster0,10,1173,cube24_cluster1,True,3.082746143107545,1.894298913754064,0.30159665332650604
cube13_cluster0,10,1173,cube3_cluster0,True,1.663642943043803,1.338635990918265,0.08247821749917657
cube13_cluster0,10,1173,cube4_cluster0,True,1.0939698969354255,1.0016072551704285,0.023439209550660447
cube14_cluster0,16,644,cube23_cluster0,True,2.9143917632502827,2.0305505406503603,0.2242956592638576
cube14_cluster0,16,644,cube13_cluster0,True,1.8096889899789612,1.7888334507309784,0.0052925874074635695
cube14_cluster0,16,644,cube5_cluster0,True,1.575013456182903,1.5436633779951814,0.00795582540764955
cube14_cluster0,16,644,cube5_cluster0,True,1.864084379724788,1.652054754033877,0.05380754309910595
cube14_cluster0,16,644,cube5_cluster0,True,1.571434236082925,1.4787897941982446,0.023510723010328107
cube14_cluster0,16,644,cube6_cluster2,True,2.5045334345915027,1.736642480907707,0.1948705302436687
cube14_cluster0,16,644,cube24_cluster2,True,2.62807748160776,1.4987611473720857,0.286590787154869
cube14_cluster0,16,644,cube24_cluster0,True,1.418286706352058,1.37293814790622,0.011508271568680844
cube14_cluster0,16,644,cube15_cluster2,True,1.185794066553721,1.1744665936347791,0.0028746147398214642
cube14_cluster0,16,644,cube5_cluster0,True,0.8748862961775535,0.717539225352332,0.039930548702134104
cube14_cluster0,16,644,cube5_cluster0,True,1.4736276984630932,1.3070198700433964,0.042280685442560674
cube14_cluster0,16,644,cube5_cluster0,True,1.32008524727245,0.9745143776058436,0.0876967989864189
cube14_cluster0,16,644,cube5_cluster0,True,1.7163915809890176,1.4096293746224642,0.07784818082123665
cube14_cluster0,16,644,cube24_cluster2,True,2.3403572293291495,1.2512136843700017,0.2763959896902963
cube14_cluster0,16,644,cube6_cluster1,True,1.4883029468506082,1.1121687929306185,0.09545295678444041
cube14_cluster0,16,644,cube6_cluster1,True,1.790958005263629,0.8162847880456305,0.24734643082119945
cube14_cluster0,16,644,cube24_cluster2,True,2.8511158801049477,1.1211622573167888,0.43901673558261917
cube14_cluster0,16,644,cube15_cluster0,True,1.6403763272126723,0.7268162587390283,0.2318375208079471
cube14_cluster0,16,644,cube15_cluster0,True,2.2268121035877653,0.9826477440244337,0.31573619573882633
cube14_cluster0,16,644,cube5_cluster0,True,1.9241739489875562,1.523506409079524,0.10167888497545163
cube14_cluster0,16,644,cube24_cluster0,True,1.2386306610857276,1.2222468735926262,0.004157774409066642
cube14_cluster0,16,644,cube4_cluster0,True,1.626607638214842,1.1924271612399033,0.1101835870883248
cube14_cluster0,16,644,cube24_cluster0,True,1.5437677613520258,0.6782924541995426,0.21963487290547756
cube14_cluster0,16,644,cube23_cluster1,True,2.1632097750213015,1.6195379039344882,0.13796962353704378
cube14_cluster0,16,644,cube5_cluster1,True,2.210038631566209,2.1103213311301494,0.02530562851043028
cube14_cluster0,16,644,cube5_cluster1,True,2.2155551190862335,1.9027529972506634,0.07938095253111005
cube14_cluster0,16,644,cube4_cluster0,True,1.3131970556531751,0.8429693798626942,0.1193314181876299
cube14_cluster0,16,644,cube6_cluster0,True,1.7565129982844183,0.5004879348142314,0.3187461304806071
cube14_cluster0,16,644,cube15_cluster2,True,2.3834379512368438,1.7553334685506745,0.15939639997358385
cube14_cluster0,16,644,cube6_cluster0,True,1.6310824444053413,0.7963610426021233,0.2118303404862264
cube14_cluster0,16,644,cube5_cluster0,True,0.6510720281731179,0.6145296215140066,0.009273501827152818
cube14_cluster0,16,644,cube6_cluster1,True,1.7086116613529527,0.9644550293023186,0.1888473835723348
cube14_cluster0,16,644,cube5_cluster0,True,0.8532877954678998,0.6272001957681755,0.0573750872095126
cube14_cluster0,16,644,cube6_cluster0,True,2.1421122430877637,1.6735684460340714,0.1189040940464483
cube14_cluster0,16,644,cube15_cluster0,True,1.6750973542355125,1.4815357617532117,0.04912084193840772
cube14_cluster0,16,644,cube15_cluster0,True,2.0182569216257638,1.5520526157503027,0.11831039270875805
cube14_cluster0,16,644,cube5_cluster0,True,1.478613732367855,1.2538921408254553,0.05702843026211922
cube14_cluster0,16,644,cube24_cluster2,True,2.2994184501728068,0.7909427861774508,0.3828114540121173
cube14_cluster0,16,644,cube6_cluster1,True,1.9499813744157986,1.4095570069260062,0.1371454925261447
cube14_cluster0,16,644,cube23_cluster1,True,1.8080759888623608,1.7610418445750087,0.011936028928148757
cube14_cluster0,16,644,cube13_cluster0,True,1.2733470560414213,1.147028601950051,0.03205630175776518
cube14_cluster0,16,644,cube4_cluster0,True,1.548307481626162,1.0769115096935071,0.11962790102495839
cube14_cluster0,16,644,cube23_cluster1,True,1.759510977365704,1.0256361610271467,0.18623812913318805
cube14_cluster0,16,644,cube5_cluster0,True,1.5057637782476956,1.3729486741918397,0.033704980671500816
cube14_cluster0,16,644,cube24_cluster2,True,2.8561880478108774,1.3643278977781033,0.3785948735189804
cube14_cluster0,16,644,cube24_cluster0,True,1.5890506923437837,1.2511350915341573,0.08575409306683357
cube14_cluster0,16,644,cube15_cluster2,True,1.6980093430382859,1.1815014664523673,0.13107611608454522
cube14_cluster0,16,644,cube5_cluster0,True,1.8847980966244882,1.5687943764998167,0.08019343398206528
cube14_cluster0,16,644,cube24_cluster0,True,1.8587320559670737,1.4722970877294788,0.09806703257004981
cube14_cluster0,16,644,cube5_cluster0,True,1.8222863160356866,1.7923731354078085,0.007591178594128355
cube14_cluster0,16,644,cube23_cluster1,True,1.662140782529625,1.173730232868898,0.1239457534072992
cube14_cluster0,16,644,cube24_cluster1,True,1.6072053119151501,1.4713125097440736,0.03448601951662045
cube14_cluster0,16,644,cube24_cluster0,True,1.2001998215444425,0.9278604195103113,0.06911257832383387
cube14_cluster0,16,644,cube6_cluster1,True,1.7221061789392058,1.2138203353464447,0.12898958033181737
cube14_cluster0,16,644,cube13_cluster0,True,1.132976741981762,1.0068529543865636,0.03200690052032684
cube14_cluster0,16,644,cube5_cluster0,True,1.3626791389253397,1.0939254774929337,0.06820261165601169
cube14_cluster0,16,644,cube5_cluster0,True,0.9019581887987125,0.7169277244195102,0.04695586597528149
cube14_cluster0,16,644,cube23_cluster0,True,2.05957975297417,1.2330523058873037,0.20975093026175642
cube14_cluster0,16,644,cube5_cluster0,True,1.20424192721382,0.9928131842114692,0.05365505487460974
cube14_cluster0,16,644,cube4_cluster0,True,1.6290278350633678,1.3118823801959758,0.08048317623471744
cube14_cluster0,16,644,cube24_cluster2,True,2.4038176661336688,1.1340781926306975,0.32222648708885576
cube14_cluster0,16,644,cube6_cluster0,True,1.325136248661859,0.8739024122321943,0.11451128125301836
cube14_cluster0,16,644,cube6_cluster0,True,1.3447327813483192,1.1216622928415592,0.056609423731962184
cube14_cluster0,16,644,cube24_cluster0,True,1.3155329126958977,1.0726990987707556,0.06162483599223497
cube14_cluster0,16,644,cube5_cluster0,True,1.091530310168249,0.8080448330610802,0.07194115906071931
cube14_cluster0,16,644,cube13_cluster0,True,1.2471543498339022,1.0393702552692017,0.05273013894717307
cube14_cluster0,16,644,cube5_cluster0,True,1.4956592212184594,1.4537603218555581,0.01063283881168996
cube14_cluster0,16,644,cube5_cluster0,True,1.38665828941992,1.22255034936283,0.04164627951756032
cube14_cluster0,16,644,cube5_cluster0,True,0.9917151215950749,0.9703496642540901,0.005421991209770984
cube14_cluster0,16,644,cube5_cluster0,True,1.2085763901111994,0.9229983760646487,0.07247218990692945
cube14_cluster0,16,644,cube5_cluster0,True,1.0912245589204608,0.9613686349806005,0.03295401857782828
cube14_cluster0,16,644,cube23_cluster1,True,1.3767715690812172,1.3044883764702326,0.018343573399626376
cube14_cluster0,16,644,cube5_cluster0,True,1.2824083376673818,1.075621924674311,0.052476953601070034
cube14_cluster0,16,644,cube5_cluster0,True,1.0853270009038454,1.0013496733278293,0.02131123732436001
cube14_cluster0,16,644,cube24_cluster2,True,1.8721743285419357,0.9980979266478098,0.2218176045615014
cube14_cluster0,16,644,cube6_cluster1,True,1.3732328195111816,0.9015647694882518,0.11969694728922965
cube14_cluster0,16,644,cube15_cluster0,True,1.6230386521131175,1.0002359357725454,0.15805095109957612
cube14_cluster0,16,644,cube5_cluster0,True,1.8695735048213167,1.5292653839858634,0.0863612517315044
cube14_cluster0,16,644,cube5_cluster0,True,1.925852036880867,1.91380015529559,0.0030584506090221434
cube14_cluster0,16,644,cube23_cluster1,True,1.986866037820883,1.2768154839330514,0.1801921578475971
cube14_cluster0,16,644,cube5_cluster0,True,1.14008425873795,1.0150564079165019,0.03172878058781598
cube14_cluster0,16,644,cube5_cluster1,True,2.2570318596495618,1.1543064428564547,0.27984271158913904
cube14_cluster0,16,644,cube5_cluster0,True,1.5779205857047185,1.3875678036470716,0.04830653023711216
cube14_cluster0,16,644,cube23_cluster0,True,2.8972542443503864,2.420525492095784,0.1209812204305661
cube14_cluster0,16,644,cube5_cluster0,True,1.173219908440743,1.0194600815137915,0.03902020053718218
cube14_cluster0,16,644,cube5_cluster0,True,1.4268417067711612,1.3357422181101184,0.023118654510956398
cube14_cluster0,16,644,cube23_cluster1,True,1.5462202319871639,1.0491354159330533,0.12614705410428537
cube14_cluster0,16,644,cube6_cluster1,True,1.3543903357535008,1.2716495422971732,0.02099743748284331
cube14_cluster0,16,644,cube24_cluster1,True,2.0606888412405797,1.40825688226655,0.16557007369764987
cube14_cluster0,16,644,cube5_cluster0,True,1.1098595152090653,1.0041515637858225,0.026825898190359167
cube14_cluster0,16,644,cube5_cluster0,True,1.4145104233089523,1.1783147556187406,0.059940249046093456
cube14_cluster0,16,644,cube5_cluster0,True,0.9929213731573385,0.8194252885138484,0.04402874372654665
cube14_cluster0,16,644,cube23_cluster1,True,2.3781558882125164,0.9081226186818799,0.3730557852452979
cube14_cluster0,16,644,cube5_cluster1,True,1.9076460797356385,1.4598166455653234,0.11364733348770144
cube14_cluster0,16,644,cube24_cluster1,True,2.3059554487507685,1.673586500721279,0.160478609131892
cube14_cluster0,16,644,cube24_cluster1,True,2.2779381532128853,1.6119173335017332,0.16901856919632302
cube14_cluster0,16,644,cube5_cluster0,True,1.205384723342033,1.109585787809513,0.024311250542076994
cube14_cluster0,16,644,cube5_cluster0,True,1.2415034722109028,1.1031481665618,0.03511093814105247
cube14_cluster0,16,644,cube5_cluster0,True,1.1453155273067495,1.08183785766315,0.016108963235910687
cube14_cluster0,16,644,cube5_cluster1,True,2.7119853888393393,1.706458048444507,0.2551763958895846
cube14_cluster0,16,644,cube6_cluster2,True,2.168471053688715,0.4739849260542685,0.43001601802778683
cube14_cluster0,16,644,cube15_cluster1,True,1.2860482215416642,1.0179880700211161,0.06802661707812968
cube14_cluster0,16,644,cube5_cluster0,True,1.0130055359059382,0.7370018152203418,0.07004248603425448
cube14_cluster0,16,644,cube5_cluster0,True,1.1254083171007638,1.0949282747636817,0.007735033188739082
cube14_cluster0,16,644,cube15_cluster2,True,1.7584686509525502,1.6680746467796628,0.022939621100514472
cube14_cluster0,16,644,cube24_cluster0,True,1.466039342513991,0.8403801295954105,0.15877585481165313
cube14_cluster0,16,644,cube5_cluster0,True,0.9191379313483964,0.8923329046373003,0.006802410867491412
cube14_cluster0,16,644,cube23_cluster0,True,1.7423895103052163,1.2356368102704611,0.1286005088150154
cube14_cluster0,16,644,cube4_cluster0,True,1.641192623948469,1.1198394673305427,0.13230572073672509
cube14_cluster0,16,644,cube15_cluster1,True,2.351412107930761,1.9252538830522115,0.10814775047340948
cube14_cluster0,16,644,cube5_cluster0,True,2.0366738639717545,1.6947918359591132,0.08676066798286351
cube14_cluster0,16,644,cube5_cluster0,True,0.9993573360997688,0.8061319886637385,0.0490355117881511
cube14_cluster0,16,644,cube15_cluster1,True,2.097259657500402,1.2529695933167349,0.21425861536413124
cube14_cluster0,16,644,cube5_cluster0,True,0.9573948833250726,0.8148382219130914,0.036177131747484145
cube14_cluster0,16,644,cube24_cluster1,True,2.041816756688251,1.390356679123715,0.16532343575421085
cube14_cluster0,16,644,cube24_cluster0,True,1.7157738137757852,1.266324106386418,0.11405851622116328
cube14_cluster0,16,644,cube4_cluster0,True,1.2047213296189327,0.7717123260689058,0.10988629794019282
cube14_cluster0,16,644,cube5_cluster0,True,1.653202685245353,1.3969662472777595,0.06502606951540593
cube14_cluster0,16,644,cube5_cluster0,True,1.0079598066797104,0.9006730466797007,0.02722655828803561
cube14_cluster0,16,644,cube5_cluster1,True,2.402136887183623,1.1373072506518458,0.32098049958321245
cube14_cluster0,16,644,cube6_cluster3,True,2.030125897639755,1.1572283136430879,0.22151845157938005
cube14_cluster0,16,644,cube13_cluster0,True,1.2171430471723197,1.169583531757351,0.012069354304261346
cube14_cluster0,16,644,cube15_cluster0,True,1.6510428928798497,1.5595622386633248,0.0232153843051428
cube14_cluster0,16,644,cube24_cluster0,True,1.2996131736465668,0.6973027539830655,0.15285054510414917
cube14_cluster0,16,644,cube5_cluster0,True,1.455561572284429,1.4026231739067452,0.013434373347700403
cube14_cluster0,16,644,cube5_cluster0,True,1.2355733099438146,0.9981823049665506,0.060243594214870945
cube14_cluster0,16,644,cube24_cluster1,True,2.0599679219691396,1.6157230781906446,0.11273765871290524
cube14_cluster0,16,644,cube5_cluster0,True,1.838797139559974,1.8013715059580464,0.009497641598361762
cube14_cluster0,16,644,cube5_cluster0,True,1.3153933795698376,1.1300255710676828,0.04704147504229679
cube14_cluster0,16,644,cube23_cluster1,True,2.1499024545593888,2.087898107582148,0.015735072688254123
cube14_cluster0,16,644,cube5_cluster0,True,1.664600669442704,1.566515185091381,0.024891516501209094
cube14_cluster0,16,644,cube24_cluster1,True,1.9418825896261664,1.6178184165664702,0.0822389649652304
cube14_cluster0,16,644,cube4_cluster0,True,2.2132260123620733,1.7378878602677303,0.12062832267954214
cube14_cluster0,16,644,cube5_cluster0,True,1.1073624031296876,1.0773978340970065,0.007604219619868141
cube14_cluster0,16,644,cube15_cluster0,True,1.9842304437750506,1.5046205224304028,0.12171238537736669
cube14_cluster0,16,644,cube15_cluster0,True,2.3045569744095666,1.5916151689741167,0.18092588145698377
cube14_cluster0,16,644,cube13_cluster0,True,1.2220231374083512,1.1804687458063545,0.010545411801749985
cube14_cluster0,16,644,cube4_cluster0,True,1.4228727059537365,0.972370493033785,0.11432561444630242
cube14_cluster0,16,644,cube5_cluster0,True,1.1559869519209955,0.9213982121884051,0.05953245298903249
cube14_cluster0,16,644,cube5_cluster0,True,1.8903972090080656,1.5196737640164872,0.09407986114785888
cube14_cluster0,16,644,cube5_cluster0,True,0.8848690958900527,0.720765763686395,0.04164511016553537
cube14_cluster0,16,644,cube23_cluster0,True,1.8172829712181926,1.340885393190724,0.12089717712085529
cube14_cluster0,16,644,cube13_cluster1,False,2.4113986800472764,1.9329475589987113,0.12141831233605678
cube14_cluster0,16,644,cube6_cluster3,True,1.8469673810933553,1.1037022590728995,0.1886211417713799
cube14_cluster0,16,644,cube6_cluster3,True,1.5090750429810407,1.389645685397566,0.030308030231771615
cube14_cluster0,16,644,cube5_cluster0,True,1.9082807955040093,1.699493390932092,0.05298475264221295
cube14_cluster0,16,644,cube5_cluster0,True,1.2738282376398857,0.874316304320817,0.10138562241302132
cube14_cluster0,16,644,cube5_cluster0,True,1.6255627986669605,1.5758945001798332,0.012604507991733552
cube14_cluster0,16,644,cube13_cluster1,False,2.350238446251992,1.6874907370199568,0.16818793983215122
cube14_cluster0,16,644,cube15_cluster1,True,1.1621018003531391,1.0888859449133326,0.01858025869865119
cube14_cluster0,16,644,cube5_cluster0,True,1.4052133816207697,1.365619791195962,0.010047812027630791
cube14_cluster0,16,644,cube24_cluster0,True,1.4466108865562206,1.353962410429044,0.02351174679498218
cube14_cluster0,16,644,cube6_cluster0,True,1.2494517358559134,1.2337130320749055,0.003994069127184944
cube14_cluster0,16,644,cube24_cluster2,True,1.7203710810095956,1.3856514796886459,0.08494303244419027
cube14_cluster0,16,644,cube24_cluster1,True,1.9903280839855568,1.9167155408329934,0.018680927608156147
cube14_cluster0,16,644,cube5_cluster0,True,1.0891179715716703,0.8682275116374624,0.056056189810086206
cube14_cluster0,16,644,cube4_cluster0,True,1.5587450715930795,1.2584217409221212,0.07621416349761238
cube14_cluster0,16,644,cube6_cluster1,True,1.5185647467534882,0.5681056426048203,0.2412015257007992
cube14_cluster0,16,644,cube24_cluster2,True,1.8185327162138896,0.7203872032357115,0.2786804524420574
cube14_cluster0,16,644,cube6_cluster1,True,1.5279288211463349,0.6754699724907304,0.21633163804248953
cube14_cluster0,16,644,cube5_cluster0,True,1.4159178222050126,1.1725466771191486,0.06176119651022781
cube14_cluster0,16,644,cube5_cluster0,True,0.7643247094694998,0.7499146233252133,0.0036569009106342263
cube14_cluster0,16,644,cube5_cluster0,True,0.992350016758339,0.8809459591149612,0.02827142015427468
cube14_cluster0,16,644,cube6_cluster1,True,2.240087052620024,1.0697709178890515,0.29699545831823493
cube14_cluster0,16,644,cube24_cluster2,True,2.4883301268384383,1.0846391054327167,0.35621986732278677
cube14_cluster0,16,644,cube15_cluster2,True,1.9104140991187084,1.2489016333742877,0.16787446751911422
cube14_cluster0,16,644,cube6_cluster3,True,1.890467653467092,1.3654096858645404,0.1332459043364446
cube14_cluster0,16,644,cube24_cluster1,True,2.6113340683644464,1.2842249759234219,0.33678538768366506
cube14_cluster0,16,644,cube24_cluster0,True,1.680970283952247,1.3544166151194432,0.08287073352431748
cube14_cluster0,16,644,cube24_cluster0,True,1.5660470523873877,1.2779696306378594,0.07310647385315618
cube14_cluster0,16,644,cube4_cluster0,True,1.497780951308347,1.1005449925674167,0.10080803991809123
cube14_cluster0,16,644,cube5_cluster0,True,1.1112785889796852,0.9434323670005719,0.04259495716098129
cube14_cluster0,16,644,cube24_cluster1,True,2.084231861031134,1.3298833898713283,0.19143380431584606
cube14_cluster0,16,644,cube5_cluster0,True,1.0561874471428565,0.9175212410763746,0.03518983649100305
cube14_cluster0,16,644,cube5_cluster0,True,1.6832258507045927,1.4134575338736177,0.06846010451301852
cube14_cluster0,16,644,cube5_cluster0,True,0.7070464680655459,0.6482896452342517,0.014910936462578137
cube14_cluster0,16,644,cube5_cluster0,True,1.3400971736391099,1.3249341470650782,0.003847977391067352
cube14_cluster0,16,644,cube15_cluster2,True,2.0915672256750653,0.19213072685001892,0.4820270325031507
cube14_cluster0,16,644,cube4_cluster0,True,2.540170346253644,2.118201315584709,0.10708464314937463
cube14_cluster0,16,644,cube4_cluster0,True,2.5069947405228348,2.025732017304082,0.12213182302805065
cube14_cluster0,16,644,cube23_cluster1,True,2.377707087044518,1.1125614880008297,0.32106068255963355
cube14_cluster0,16,644,cube15_cluster1,True,1.3456215870175687,0.9911834482126761,0.08994707870452415
cube14_cluster0,16,644,cube24_cluster0,True,1.3387775314857373,1.0565250078912602,0.0716282678830965
cube14_cluster0,16,644,cube15_cluster0,True,1.1280056184783318,1.124179881870894,0.0009708713427180598
cube14_cluster0,16,644,cube24_cluster1,True,2.395226959733559,1.1074078614412297,0.3268146204070138
cube14_cluster0,16,644,cube4_cluster0,True,2.117666073027389,1.6645750341512966,0.11498259039368343
cube14_cluster0,16,644,cube6_cluster0,True,1.878685106726973,1.5061477724594319,0.09454017854489871
cube14_cluster0,16,644,cube6_cluster0,True,1.66508510571727,1.1794016717874223,0.12325368315179894
cube14_cluster0,16,644,cube15_cluster1,True,1.8722163696133385,0.7305127840379707,0.2897343457880935
cube14_cluster0,16,644,cube15_cluster2,True,1.6859661784860447,0.9169543124612889,0.19515498831833633
cube14_cluster0,16,644,cube5_cluster0,True,1.7628206487102884,1.692612244803109,0.01781704658886705
cube14_cluster0,16,644,cube4_cluster0,True,2.3949465163066943,1.8193848574192917,0.14606241305129283
cube14_cluster0,16,644,cube4_cluster0,True,2.581809712032364,1.966954984607696,0.15603396052691365
cube14_cluster0,16,644,cube6_cluster0,True,1.7234663296870032,1.4504184480921258,0.06929237180493569
cube14_cluster0,16,644,cube24_cluster0,True,2.2133014929657278,1.5422484474677185,0.17029561576483165
cube14_cluster0,16,644,cube15_cluster1,True,1.481538433485905,1.1823480109727262,0.07592666120009893
cube14_cluster0,16,644,cube15_cluster0,True,2.086028754815749,1.5925318699139894,0.12523653153232084
cube14_cluster0,16,644,cube15_cluster2,True,1.734011704486315,1.1795798038125382,0.14070023608168974
cube14_cluster0,16,644,cube23_cluster1,True,1.5915359120751538,1.1599858200646957,0.10951606455753538
cube14_cluster0,16,644,cube5_cluster0,True,1.6792585160601456,1.6690493102125594,0.0025908279650148367
cube14_cluster0,16,644,cube15_cluster0,True,1.6772532135623421,1.4705824871253457,0.052447595395434046
cube14_cluster0,16,644,cube24_cluster1,True,2.568395576777313,1.7847572078195924,0.1988668101186633
cube14_cluster0,16,644,cube5_cluster1,True,2.0942267404093946,1.7318204191410496,0.09196919386850963
cube14_cluster0,16,644,cube5_cluster1,True,2.247939739582451,1.8054399326281951,0.11229481425744857
cube14_cluster0,16,644,cube4_cluster0,True,1.594016721649695,1.143528160482687,0.11432214999041568
cube14_cluster0,16,644,cube5_cluster0,True,0.8592932090802531,0.7839644193699815,0.019116465851086385
cube14_cluster0,16,644,cube24_cluster1,True,2.3418388445698683,0.5431512874568457,0.456459600566721
cube14_cluster0,16,644,cube4_cluster0,True,1.8571878238940518,1.2691497446008617,0.1492286004485465
cube14_cluster0,16,644,cube24_cluster0,True,1.854528706614453,1.6388365381762748,0.05473700013174337
cube14_cluster0,16,644,cube23_cluster1,True,2.0338952218135873,1.3256245879907766,0.17974046094298063
cube14_cluster0,16,644,cube4_cluster0,True,1.846230076841619,1.130979155621519,0.18151187431858753
cube14_cluster0,16,644,cube5_cluster0,True,1.6715711068188175,1.3637421346846046,0.0781188979195334
cube14_cluster0,16,644,cube23_cluster1,True,1.9042462517450653,1.754590873340897,0.037978599439844635
cube14_cluster0,16,644,cube5_cluster0,True,1.199605020420884,1.1048026214335673,0.024058355773569354
cube14_cluster0,16,644,cube24_cluster0,True,2.071959849418656,1.361421907019825,0.18031584423446947
cube14_cluster0,16,644,cube5_cluster0,True,1.8306621835246146,1.632233713495852,0.05035592747179004
cube14_cluster0,16,644,cube5_cluster0,True,1.524311879403959,1.3528907716864818,0.043502169149940796
cube14_cluster0,16,644,cube24_cluster2,True,2.4287168085892987,1.5000987428529438,0.2356588445218354
cube14_cluster0,16,644,cube23_cluster0,True,1.8354271371182884,1.5275276846533838,0.07813678397398911
cube14_cluster0,16,644,cube5_cluster0,True,1.6970025345161228,1.3693284179428467,0.08315507369559928
cube14_cluster0,16,644,cube5_cluster0,True,1.3998147302777337,1.2560290695690912,0.036489019449065414
cube14_cluster0,16,644,cube24_cluster0,True,1.7201093332519564,1.341312802975935,0.09612859788910404
cube14_cluster0,16,644,cube6_cluster1,True,1.7514320607176734,0.9965400908027953,0.19157173000709124
cube14_cluster0,16,644,cube6_cluster1,True,1.5930666255629489,0.9537644939060865,0.162238068809417
cube14_cluster0,16,644,cube5_cluster0,True,1.419739360526828,1.0633583032131446,0.09044014032767775
cube14_cluster0,16,644,cube5_cluster0,True,1.4170361495420674,1.215853513289891,0.05105486243092855
cube14_cluster0,16,644,cube15_cluster2,True,1.481062658223997,1.479949856323212,0.00028239985823743605
cube14_cluster0,16,644,cube6_cluster3,True,1.1810914192449946,0.8461718948456423,0.08499376766396252
cube14_cluster0,16,644,cube24_cluster2,True,2.5789600016888756,1.3545512532643735,0.3107227411598358
cube14_cluster0,16,644,cube5_cluster0,True,0.8198968896106187,0.7879097453988133,0.0081174960111615
cube14_cluster0,16,644,cube6_cluster1,True,1.4325659159317388,1.1237494461131408,0.07836949886286704
cube14_cluster0,16,644,cube4_cluster0,True,1.8378692692921363,1.2584042646238875,0.14705297956127555
cube14_cluster0,16,644,cube24_cluster2,True,1.5665020050939276,1.4916932406765557,0.018984497107241514
cube14_cluster0,16,644,cube5_cluster0,True,1.2119022797795709,1.038201585520569,0.04408066826619182
cube14_cluster0,16,644,cube5_cluster0,True,1.150769636155035,0.8302026783686437,0.08135146369774468
cube14_cluster0,16,644,cube5_cluster0,True,1.077478092607229,0.9454833907653114,0.03349678416433234
cube14_cluster0,16,644,cube5_cluster0,True,1.5934633043443942,1.231190223465876,0.0919353809614935
cube14_cluster0,16,644,cube23_cluster1,True,1.9510591513985902,1.1596693403509057,0.20083392227564073
cube14_cluster0,16,644,cube4_cluster0,True,1.5668526769696847,1.2725124083766932,0.0746958196832714
cube14_cluster0,16,644,cube23_cluster1,True,1.9428538401462572,1.6739438534042375,0.06824228290858836
cube14_cluster0,16,644,cube4_cluster0,True,1.8076575389902712,1.2047388266217907,0.1530049137959458
cube14_cluster0,16,644,cube4_cluster0,True,1.242763417733274,0.9399907470309706,0.07683574158544568
cube14_cluster0,16,644,cube24_cluster1,True,2.1047471665524307,1.038931081351356,0.27047609386330956
cube14_cluster0,16,644,cube23_cluster1,True,1.670019986602768,1.3704578481990815,0.07602099291781975
cube14_cluster0,16,644,cube4_cluster0,True,1.1271249205831033,0.7621398839876294,0.09262360400413416
cube14_cluster0,16,644,cube4_cluster0,True,1.3027723319734463,0.871078243390996,0.10955260710072173
cube14_cluster0,16,644,cube23_cluster1,True,1.655023497950866,1.4127423118484574,0.06148459358369135
cube14_cluster0,16,644,cube5_cluster0,True,1.6580681768903163,1.31150131662758,0.08794955520740891
cube14_cluster0,16,644,cube6_cluster1,True,1.6825245424116715,0.6895535273657948,0.2519899307190748
cube14_cluster0,16,644,cube15_cluster0,True,2.3561323364929367,1.195038058763341,0.2946551935253389
cube14_cluster0,16,644,cube4_cluster0,True,1.9518604926765923,1.4080948290995239,0.13799342560453945
cube14_cluster0,16,644,cube24_cluster0,True,1.0771425946989988,0.9774505133876625,0.025299228559781617
cube14_cluster0,16,644,cube15_cluster2,True,1.8578183510448085,1.2162661198011917,0.16280908491198778
cube14_cluster0,16,644,cube6_cluster3,True,2.0007010948145494,0.7001788318384551,0.33003834953915473
cube14_cluster0,16,644,cube24_cluster2,True,2.4974774661581267,1.4399903048988663,0.2683624319988036
cube14_cluster0,16,644,cube4_cluster0,True,1.944822215269575,1.5381921415211186,0.1031920192629507
cube14_cluster0,16,644,cube5_cluster0,True,1.4556574676018708,1.22688556552037,0.058056292562905155
cube14_cluster0,16,644,cube6_cluster0,True,1.4369420964960131,0.4483374857005606,0.25088185214690717
cube14_cluster0,16,644,cube6_cluster0,True,1.4971965159556904,0.7855220162242058,0.1806042725966009
cube14_cluster0,16,644,cube5_cluster0,True,1.2497188579622325,1.243417203449501,0.0015991941960213
cube14_cluster0,16,644,cube24_cluster2,True,2.743167825545489,1.410125839939073,0.3382909999473237
cube14_cluster0,16,644,cube15_cluster0,True,1.7631033239922604,0.7828873595604493,0.24875303430230658
cube14_cluster0,16,644,cube4_cluster0,True,2.1453510316434614,1.617709181928981,0.13390162566617658
cube14_cluster0,16,644,cube5_cluster0,True,1.8760770555039834,1.6163216541457905,0.06591908988313454
cube14_cluster0,16,644,cube4_cluster0,True,1.3774740470394893,1.1466655840958853,0.058573118152746656
cube14_cluster0,16,644,cube5_cluster0,True,0.8883596944913764,0.7781193314250094,0.027976105073173777
cube14_cluster0,16,644,cube24_cluster1,True,2.321276417170409,2.146551146275321,0.04434067887237437
cube14_cluster0,16,644,cube5_cluster0,True,1.4690011356523083,1.1892973408570486,0.07098146753967777
cube14_cluster0,16,644,cube5_cluster0,True,1.0037083970874023,0.8409503320997619,0.041303716723605784
cube14_cluster0,16,644,cube13_cluster0,True,1.5914834555256216,1.5007828303345803,0.023017433451480277
cube14_cluster0,16,644,cube24_cluster0,True,1.5431755373287932,1.0525670191092742,0.12450354002590168
cube14_cluster0,16,644,cube5_cluster0,True,1.0187945126997315,0.902868776593791,0.02941890323812128
cube14_cluster0,16,644,cube5_cluster0,True,1.2349893627920556,1.0373721690922892,0.05015004687422965
cube14_cluster0,16,644,cube4_cluster0,True,2.1187420463634496,1.6442428380813126,0.12041542080233561
cube14_cluster0,16,644,cube5_cluster0,True,1.864414407686307,1.5769386126384517,0.07295379681769776
cube14_cluster0,16,644,cube4_cluster0,True,2.858037381767652,2.2427644915582747,0.15614007924493417
cube14_cluster0,16,644,cube5_cluster0,True,1.390804705206169,1.1282276902007995,0.06663514122470887
cube14_cluster0,16,644,cube5_cluster0,True,1.0229401829273435,0.8640644254930694,0.040318489162499443
cube14_cluster0,16,644,cube13_cluster1,False,2.825734367919788,1.6414505257279677,0.3005400951525748
cube14_cluster0,16,644,cube5_cluster0,True,1.577676941572734,1.2864555453665256,0.07390433189081981
cube14_cluster0,16,644,cube23_cluster1,True,2.4355086435205444,1.8789937240420822,0.14122885147561942
cube14_cluster0,16,644,cube5_cluster0,True,1.7089807547912799,1.3056731061941143,0.10234887513184592
cube14_cluster0,16,644,cube6_cluster0,True,2.2325205368850902,2.026845661661797,0.05219487454603843
cube14_cluster0,16,644,cube15_cluster1,True,1.7869568034732766,1.2614062187987467,0.13337091759459405
cube14_cluster0,16,644,cube23_cluster0,True,1.5273092537601383,1.2031157906305416,0.08227177538493369
cube14_cluster0,16,644,cube5_cluster0,True,0.78267389813569,0.6926034251974675,0.022857517381298736
cube14_cluster0,16,644,cube15_cluster0,True,1.8633397244201846,1.3041399163920877,0.1419102055829995
cube14_cluster0,16,644,cube15_cluster0,True,1.8447700298171414,1.2163030477167838,0.15948839279198732
cube14_cluster0,16,644,cube5_cluster1,True,2.7326651779115156,2.108102841341585,0.15849749643974145
cube14_cluster0,16,644,cube6_cluster3,True,2.034173927100772,1.6136944767441523,0.10670662683871385
cube14_cluster0,16,644,cube15_cluster0,True,2.145304130126624,1.0752451056511503,0.2715528402714126
cube14_cluster0,16,644,cube24_cluster2,True,2.755066780360184,1.301654998158492,0.3688376888688642
cube14_cluster0,16,644,cube5_cluster0,True,1.3920605032690616,1.3024550265148058,0.022739513578159547
cube14_cluster0,16,644,cube13_cluster0,True,1.3868446858858077,1.2890282398230175,0.024823241658680037
cube14_cluster0,16,644,cube5_cluster0,True,1.4997776868416708,1.3323433704376502,0.04249042635821095
cube14_cluster0,16,644,cube24_cluster2,True,2.2526908375825205,2.1044499141783866,0.037619647957814285
cube14_cluster0,16,644,cube24_cluster0,True,1.7589237712438834,1.5427914923827444,0.05484868858317874
cube14_cluster0,16,644,cube4_cluster0,True,1.5306918609716733,1.1215453644184339,0.10383062119455679
cube14_cluster0,16,644,cube4_cluster0,True,1.7783590308176624,1.1742909186244548,0.15329660124483688
cube14_cluster0,16,644,cube6_cluster3,True,2.125176381845786,1.9680523275895931,0.039873952961747686
cube14_cluster0,16,644,cube4_cluster0,True,1.8760654968296646,1.51940796265825,0.09051030288345176
cube14_cluster0,16,644,cube4_cluster0,True,1.604609988364562,1.337256307106629,0.06784733350405349
cube14_cluster0,16,644,cube4_cluster0,True,1.8286546116207327,1.3375099853055712,0.12463959016214121
cube14_cluster0,16,644,cube13_cluster0,True,1.6722292426569028,1.4199317241770641,0.06402647533411808
cube14_cluster0,16,644,cube5_cluster0,True,1.7691691164554872,1.4700281208027186,0.07591411796274188
cube14_cluster0,16,644,cube5_cluster0,True,1.3528991155524719,1.1894603171371474,0.0414764689657972
cube14_cluster0,16,644,cube6_cluster3,True,2.33719390285398,1.8314316495384397,0.12834915948419495
cube14_cluster0,16,644,cube6_cluster3,True,1.8807477580513,1.6580646730374846,0.056511110913291474
cube14_cluster0,16,644,cube6_cluster3,True,1.5177161871870326,0.6561976460853465,0.218630749735814
cube14_cluster0,16,644,cube15_cluster0,True,1.8376328230878287,1.0814248756182336,0.1919056905032349
cube14_cluster0,16,644,cube5_cluster0,True,0.9890566387208647,0.8326865212413473,0.03968262363466536
cube14_cluster0,16,644,cube5_cluster0,True,0.6869605411723635,0.49151042959296426,0.0496000984214557
cube14_cluster0,16,644,cube5_cluster0,True,1.9487937506809339,1.8654856822656807,0.021141396949365832
cube14_cluster0,16,644,cube23_cluster1,True,1.6196009967265312,1.180696074819032,0.1113825269699557
cube14_cluster0,16,644,cube4_cluster0,True,1.3036918058691025,1.1520280984237845,0.038488260535961355
cube14_cluster0,16,644,cube13_cluster0,True,1.3570338510672841,1.3282154762415508,0.007313345672468963
cube14_cluster0,16,644,cube6_cluster3,True,1.8713190530552684,1.6751564805333157,0.04978090227255884
cube14_cluster0,16,644,cube24_cluster1,True,1.8958152421279,1.3653259073476791,0.13462424249342245
cube14_cluster0,16,644,cube5_cluster0,True,1.5961609736700932,1.3933179144978818,0.05147623410265323
cube14_cluster0,16,644,cube23_cluster1,True,1.608388361199413,0.9654325622135006,0.1631652734943144
cube14_cluster0,16,644,cube5_cluster0,True,1.1450922002344937,1.0992909263301074,0.01162315884666425
cube14_cluster0,16,644,cube23_cluster0,True,2.286676786733775,1.5958008634366616,0.17532614085323833
cube14_cluster0,16,644,cube4_cluster0,True,1.9575828067876369,1.5253659097110066,0.10968528214785961
cube14_cluster0,16,644,cube5_cluster0,True,0.9648386605710171,0.8380452404500396,0.03217683564554349
cube14_cluster0,16,644,cube5_cluster0,True,1.6960458209126241,1.4447045763340896,0.06378379816581531
cube14_cluster0,16,644,cube6_cluster3,True,1.4519882927011853,1.0250692745487868,0.10834081979916405
cube14_cluster0,16,644,cube15_cluster2,True,1.8115859672620003,1.1435884155091502,0.16952021180490875
cube14_cluster0,16,644,cube5_cluster0,True,1.398696203311288,1.1901548495974412,0.05292231140501761
cube14_cluster0,16,644,cube6_cluster1,True,2.1616049181569967,0.8663722414264814,0.32869599165422253
cube14_cluster0,16,644,cube6_cluster1,True,2.0957301262014925,0.8783678472925515,0.3089345325030521
cube14_cluster0,16,644,cube15_cluster0,True,2.1223146632846186,0.8723154058367011,0.3172169393772715
cube14_cluster0,16,644,cube5_cluster0,True,2.512632699238998,2.198905639417861,0.07961567746806258
cube14_cluster0,16,644,cube5_cluster0,True,1.9772630628409316,1.6612349872556584,0.08019961475747227
cube14_cluster0,16,644,cube24_cluster2,True,1.4825934674480599,1.2308131707174168,0.06389521805593845
cube14_cluster0,16,644,cube5_cluster0,True,1.2752967229049996,1.0502764228288046,0.057104234632635316
cube14_cluster0,16,644,cube5_cluster0,True,1.6135418271109347,1.2544758401907816,0.09112150485420287
cube14_cluster0,16,644,cube24_cluster0,True,1.608830150105053,0.8506911989661958,0.19239572845344954
cube14_cluster0,16,644,cube5_cluster0,True,1.2824304402046864,1.0431617430899283,0.060720103100296
cube14_cluster0,16,644,cube13_cluster1,False,2.7536153096998772,1.7708542543418422,0.2493989114492274
cube14_cluster0,16,644,cube15_cluster2,True,1.943079993530673,1.3626556101510063,0.14729644464873573
cube14_cluster0,16,644,cube4_cluster0,True,1.38018278301645,1.1092412150199562,0.068757844804966
cube14_cluster0,16,644,cube13_cluster0,True,1.179097623579352,1.1330148955688666,0.011694584497183611
cube14_cluster0,16,644,cube6_cluster3,True,1.6110298123791906,1.284035452597197,0.08298256929804321
cube14_cluster0,16,644,cube6_cluster3,True,1.6860492407170682,1.385370792393553,0.07630428301903748
cube14_cluster0,16,644,cube24_cluster2,True,2.6292109490953233,1.575632013553553,0.2673706270892319
cube14_cluster0,16,644,cube6_cluster0,True,1.5904613217456742,0.6553478522286226,0.2373072071868972
cube14_cluster0,16,644,cube5_cluster0,True,1.154496257508715,0.8025444397621565,0.08931611580455869
cube14_cluster0,16,644,cube13_cluster1,False,2.063336428026877,1.8220296911640366,0.06123730399250761
cube14_cluster0,16,644,cube15_cluster1,True,1.9713200859641469,1.4319472530525406,0.13687864070319034
cube14_cluster0,16,644,cube24_cluster2,True,2.0024138477650166,1.166270627908622,0.21219116051751258
cube14_cluster0,16,644,cube5_cluster0,True,1.4131531214492228,1.3795771418889373,0.00852070063981727
cube14_cluster0,16,644,cube6_cluster1,True,1.4908120331497396,1.4302168180345762,0.015377472078650749
cube14_cluster0,16,644,cube24_cluster2,True,2.2677893512219454,0.827853053656342,0.36541796524309755
cube14_cluster0,16,644,cube4_cluster0,True,1.1978626396616159,0.5597564243963561,0.1619345766791338
cube14_cluster0,16,644,cube13_cluster0,True,0.9422185439680412,0.7392999993941307,0.051495390312508514
cube14_cluster0,16,644,cube4_cluster0,True,2.4947032785534407,1.9132117841278289,0.14756724936958132
cube14_cluster0,16,644,cube4_cluster0,True,1.7611304744546432,1.2211586722617989,0.13703064335522652
cube14_cluster0,16,644,cube15_cluster2,True,1.982259393916187,1.6134891774905817,0.09358418310332367
cube14_cluster0,16,644,cube24_cluster0,True,1.8014108439842094,1.3522842016235805,0.11397653081275154
cube14_cluster0,16,644,cube5_cluster0,True,1.293185024523773,1.2727987871940047,0.00517349092220339
cube14_cluster0,16,644,cube6_cluster2,True,2.098648196239016,1.0563707084339011,0.2645026168562712
cube14_cluster0,16,644,cube5_cluster1,True,2.3195645974976458,0.9044275980647591,0.35912455554265804
cube14_cluster0,16,644,cube6_cluster1,True,1.99680031395049,0.9104796878806171,0.27567960711260237
cube14_cluster0,16,644,cube15_cluster0,True,2.381468523801025,1.2565123751501683,0.28548428671649545
cube14_cluster0,16,644,cube6_cluster2,True,2.5305091275675675,1.5380420604491023,0.25186204198779233
cube14_cluster0,16,644,cube5_cluster1,True,2.190754299547402,0.4462368586501263,0.4427126496231231
cube14_cluster0,16,644,cube5_cluster1,True,2.3526901109203795,0.5542761614252075,0.4563901661485742
cube14_cluster0,16,644,cube4_cluster0,True,1.2697727604352769,0.9238748355288731,0.08777979700546383
cube14_cluster0,16,644,cube13_cluster0,True,1.3784474547163,1.119797049510551,0.06563867091855247
cube14_cluster0,16,644,cube24_cluster2,True,1.7678961199071959,1.6653091703801144,0.026033869984428634
cube14_cluster0,16,644,cube6_cluster0,True,1.2443409607746423,0.9222582584056767,0.08173611981213595
cube14_cluster0,16,644,cube5_cluster0,True,1.3033982897216538,1.2495974657431066,0.013653234285350103
cube14_cluster0,16,644,cube5_cluster0,True,1.2553957054341074,1.0385784467201837,0.055022518456389266
cube14_cluster0,16,644,cube4_cluster0,True,2.137336062453395,1.5295469384637155,0.1542408961845582
cube14_cluster0,16,644,cube24_cluster2,True,2.3099298880145884,1.7007436148292396,0.1545954559085444
cube14_cluster0,16,644,cube15_cluster0,True,1.5819950034557904,1.317197651494802,0.06719860435418758
cube14_cluster0,16,644,cube5_cluster1,True,1.8326923169062082,1.2794091403691927,0.14040872010463534
cube14_cluster0,16,644,cube5_cluster0,True,1.9216249452041474,1.5178662110951393,0.1024633487722193
cube14_cluster0,16,644,cube4_cluster0,True,2.0110221111002917,1.609572695282775,0.10187730451970475
cube14_cluster0,16,644,cube5_cluster0,True,1.4609350789467297,1.3877556435411937,0.018571016251718118
cube14_cluster0,16,644,cube23_cluster0,True,1.5908849769250992,1.1508737942926341,0.11166326684978846
cube14_cluster0,16,644,cube5_cluster0,True,1.1277504285434476,0.8635816897376787,0.06703907886650201
cube14_cluster0,16,644,cube6_cluster1,True,1.4647660342827806,0.6352415420599637,0.21051150150172887
cube14_cluster0,16,644,cube6_cluster2,True,2.695685582387056,0.7605331018153398,0.4910908094206384
cube14_cluster0,16,644,cube6_cluster2,True,2.8053849065576584,0.6416128631321145,0.5491084422937385
cube14_cluster0,16,644,cube5_cluster1,True,2.5195049975397823,0.928175423006249,0.4038375976356098
cube14_cluster0,16,644,cube6_cluster3,True,1.8549347894582853,1.7250082153926436,0.03297194772181254
cube14_cluster0,16,644,cube4_cluster0,True,2.22053385553581,1.8015381479339572,0.10633009194664408
cube14_cluster0,16,644,cube23_cluster1,True,1.9367483451895198,1.6042279906066097,0.08438492145730798
cube14_cluster0,16,644,cube5_cluster0,True,1.4170037339388328,1.3232936051560154,0.023781166319911916
cube14_cluster0,16,644,cube24_cluster1,True,1.9032814664805024,1.3977831799535034,0.12828217165499473
cube14_cluster0,16,644,cube5_cluster0,True,1.2201365489887113,1.086350958713451,0.033951264552385535
cube14_cluster0,16,644,cube24_cluster1,True,2.5512796081990015,1.717584050781242,0.2115700081585921
cube14_cluster0,16,644,cube24_cluster2,True,1.9028589714202462,1.6487390733681764,0.0644889473450752
cube14_cluster0,16,644,cube13_cluster0,True,1.4247166600530894,1.0665267371438036,0.09089918284675359
cube14_cluster0,16,644,cube15_cluster2,True,1.8214729130187373,1.3862926470011365,0.11043730725515412
cube14_cluster0,16,644,cube6_cluster3,True,1.3604644275424045,1.3040513562344123,0.014316153961346403
cube14_cluster0,16,644,cube6_cluster3,True,1.8827822223593338,1.6805760961181289,0.05131459727466423
cube14_cluster0,16,644,cube5_cluster0,True,1.3209921909412716,1.2914004714109466,0.0075096002212716945
cube14_cluster0,16,644,cube23_cluster0,True,1.9951296516776005,1.4022924242533996,0.1504464980374183
cube14_cluster0,16,644,cube5_cluster0,True,2.3223377497352686,2.0520368296246088,0.06859526521913675
cube14_cluster0,16,644,cube15_cluster2,True,3.0716789254153536,1.970039892875286,0.2795670158351748
cube14_cluster0,16,644,cube4_cluster0,True,1.6880586671687645,1.358210323356333,0.08370683539162117
cube14_cluster0,16,644,cube24_cluster0,True,1.2861099535459153,1.0814602760743783,0.051934706317032835
cube14_cluster0,16,644,cube5_cluster0,True,1.0298664407222853,0.7186383427755038,0.07898150666141598
cube14_cluster0,16,644,cube5_cluster0,True,0.7817463622759132,0.6076931379045695,0.04417013113795684
cube14_cluster0,16,644,cube13_cluster1,False,3.1151852955183847,1.850755409302586,0.3208790534655494
cube14_cluster0,16,644,cube15_cluster1,True,1.5476079845432276,0.4567176430468403,0.276839280714636
cube14_cluster0,16,644,cube15_cluster2,True,1.5751040993208738,1.1458339563340871,0.10893747345284797
cube14_cluster0,16,644,cube6_cluster3,True,2.1994699871719963,1.428527824263252,0.1956448469050354
cube14_cluster0,16,644,cube5_cluster0,True,0.5163014481991842,0.4956630629929911,0.005237479422319189
cube14_cluster0,16,644,cube24_cluster0,True,1.1615778080587003,1.1363606035710996,0.006399463343313852
cube14_cluster0,16,644,cube24_cluster2,True,1.5956001333040613,1.0965941647727282,0.12663459208102448
cube14_cluster0,16,644,cube5_cluster0,True,1.023962229697071,0.9450460196162433,0.0200268588000637
cube14_cluster0,16,644,cube24_cluster1,True,2.6179734570231226,1.3166809369537855,0.33023382053339434
cube14_cluster0,16,644,cube5_cluster0,True,1.6142507875675793,1.5092293819869484,0.026651670910112456
cube14_cluster0,16,644,cube6_cluster0,True,1.3715950457242447,1.179100041627996,0.048850169854898186
cube14_cluster0,16,644,cube15_cluster0,True,1.9403512619502392,1.6065122748339844,0.0847195557172074
cube14_cluster0,16,644,cube5_cluster1,True,2.1714720372470944,1.1325069536567653,0.26366201577532333
cube14_cluster0,16,644,cube5_cluster0,True,1.7455288822922033,1.457840114722019,0.07300784364316755
cube14_cluster0,16,644,cube4_cluster0,True,1.6824400397965626,1.1783701542417782,0.12791968105197266
cube14_cluster0,16,644,cube23_cluster1,True,2.03029782022917,1.8255716210136803,0.05195412552329863
cube14_cluster0,16,644,cube5_cluster0,True,1.3813715955558599,1.185617368013813,0.04967727505521134
cube14_cluster0,16,644,cube23_cluster0,True,2.066328482099894,1.4379634910520849,0.15946251014498536
cube14_cluster0,16,644,cube4_cluster0,True,1.5560815293872146,1.027034042333699,0.13425833945772997
cube14_cluster0,16,644,cube5_cluster0,True,1.654386889234124,1.2956284541034586,0.09104345629794973
cube14_cluster0,16,644,cube5_cluster0,True,1.2750116512065224,0.9947953884887594,0.07111151842165786
cube14_cluster0,16,644,cube24_cluster2,True,2.2737083703285124,0.35055872450000153,0.4880448056103126
cube14_cluster0,16,644,cube6_cluster1,True,1.3361218890277793,0.8840206402739766,0.11473140768989558
cube14_cluster0,16,644,cube6_cluster1,True,1.3748183983558564,1.050756942045646,0.08223827552565528
cube14_cluster0,16,644,cube4_cluster0,True,1.4828556313053967,1.3303742412842516,0.03869576687049755
cube14_cluster0,16,644,cube24_cluster1,True,3.0179389688995246,1.6762720887617995,0.3404797713640841
cube14_cluster0,16,644,cube6_cluster3,True,1.8017170097299398,1.345612313755427,0.11574737731287356
cube14_cluster0,16,644,cube5_cluster1,True,2.20476995452599,1.5324849466944295,0.1706082554072544
cube14_cluster0,16,644,cube13_cluster0,True,1.2694098951199597,1.1085537832021322,0.04082105105156606
cube14_cluster0,16,644,cube13_cluster0,True,1.400707007980017,1.2172000363555349,0.04656924357855907
cube14_cluster0,16,644,cube4_cluster0,True,2.1709086872381875,1.70696220216665,0.11773741716432036
cube14_cluster0,16,644,cube4_cluster0,True,2.518222564415779,1.8729729311950973,0.16374738830042873
cube14_cluster0,16,644,cube4_cluster0,True,1.4651197519974621,0.9759633588288013,0.12413502887560969
cube14_cluster0,16,644,cube4_cluster0,True,1.3352184222048928,1.0454865631216346,0.07352632654048401
cube14_cluster0,16,644,cube24_cluster2,True,2.0726193033157356,1.8120012049693774,0.0661380196917446
cube14_cluster0,16,644,cube5_cluster0,True,1.7069307124028346,1.5948880931821594,0.028433470289862563
cube14_cluster0,16,644,cube5_cluster0,True,1.5172409470707477,1.239635103720386,0.07044906263435695
cube14_cluster0,16,644,cube4_cluster0,True,1.3223334306365386,0.9049737724099328,0.10591490563961739
cube14_cluster0,16,644,cube5_cluster0,True,1.1827416633892838,1.0793913573685252,0.02622758978796868
cube14_cluster0,16,644,cube13_cluster0,True,1.351953596230657,1.1276410852144907,0.05692461638245699
cube14_cluster0,16,644,cube24_cluster1,True,2.257063049227433,0.3665117665488876,0.47977219830632645
cube14_cluster0,16,644,cube24_cluster0,True,1.178405785260602,0.7040628429049752,0.12037576461962894
cube14_cluster0,16,644,cube24_cluster1,True,1.6638724962352656,1.6092975521157344,0.013849685619516947
cube14_cluster0,16,644,cube23_cluster1,True,1.864444009424333,1.4218525002730174,0.11231808586350128
cube14_cluster0,16,644,cube23_cluster1,True,2.043485764837247,1.9132945154849532,0.03303911534920135
cube14_cluster0,16,644,cube23_cluster1,True,2.0789784002900853,1.4426573772831761,0.16148154183049704
cube14_cluster0,16,644,cube24_cluster0,True,1.1377469594974916,0.6390405669652829,0.12655856757062028
cube14_cluster0,16,644,cube23_cluster1,True,1.8932923635253884,0.8157271810921505,0.2734577057660575
cube14_cluster0,16,644,cube5_cluster0,True,0.9647481562914556,0.8524588340068486,0.02849607703975394
cube14_cluster0,16,644,cube5_cluster0,True,0.870730288557997,0.5582109082834954,0.07930920015837661
cube14_cluster0,16,644,cube5_cluster0,True,1.1234188801669263,1.0452413353036787,0.019839404993072178
cube14_cluster0,16,644,cube5_cluster0,True,0.9659577282209066,0.6815446754962234,0.07217655335929646
cube14_cluster0,16,644,cube24_cluster2,True,2.4279528179368377,0.6913360897901684,0.4407076564979566
cube14_cluster0,16,644,cube6_cluster1,True,0.9643098604271013,0.7294242254564433,0.059607797192778485
cube14_cluster0,16,644,cube15_cluster0,True,1.3564290714211895,0.7213438096582925,0.16116793812450209
cube14_cluster0,16,644,cube23_cluster1,True,1.8635536311801855,1.218621612875699,0.16366678598725473
cube14_cluster0,16,644,cube5_cluster0,True,1.2954052226804869,1.1944293742202243,0.02562501490199667
cube14_cluster0,16,644,cube23_cluster0,True,2.22292144262987,1.8995322532381298,0.08206767186085223
cube14_cluster0,16,644,cube5_cluster0,True,1.7100292048235721,1.3327251353021274,0.09574985059794634
cube14_cluster0,16,644,cube6_cluster1,True,2.1116728740604076,1.7475561171478446,0.09240325745440996
cube14_cluster0,16,644,cube24_cluster2,True,1.6724825322592387,1.230611409982927,0.11213527061917633
cube14_cluster0,16,644,cube6_cluster3,True,2.2706434006236744,0.9564707458439106,0.3335024600043892
cube14_cluster0,16,644,cube23_cluster1,True,1.300716557873034,1.148227214730491,0.038697785163559165
cube14_cluster0,16,644,cube5_cluster0,True,1.2813279954521781,1.273754723000956,0.0019218973881246263
cube14_cluster0,16,644,cube15_cluster1,True,2.029323501027194,1.0784961898901086,0.24129496695144573
cube14_cluster0,16,644,cube24_cluster2,True,2.392345243747604,1.2598074452465309,0.28740831006817813
cube14_cluster0,16,644,cube5_cluster0,True,1.9811257552083477,1.6818809973711362,0.0759404500764419
cube14_cluster0,16,644,cube4_cluster0,True,1.846622661417916,1.5983537653009163,0.0630041169221173
cube14_cluster0,16,644,cube5_cluster0,True,1.2279120411781697,0.9895775188501094,0.060483034106123365
cube14_cluster0,16,644,cube5_cluster0,True,0.9708680867376834,0.7482158464829771,0.056503283324577255
cube14_cluster0,16,644,cube6_cluster3,True,1.1742576106893963,0.6924177388879036,0.12227828816064312
cube15_cluster0,5,42,cube24_cluster2,False,1.5064190957872932,1.4987611473720857,0.0019433859209971316
cube15_cluster0,5,42,cube6_cluster1,True,1.1335034317593697,0.8162847880456305,0.08050174963921868
cube15_cluster0,5,42,cube6_cluster1,True,1.4968827150223725,1.2138203353464447,0.07183378805917913
cube15_cluster0,5,42,cube6_cluster1,True,0.9111831785037451,0.9015647694882518,0.0024408992656546904
cube15_cluster0,5,42,cube6_cluster2,True,1.4392188743334264,0.4739849260542685,0.244950992596019
cube15_cluster0,5,42,cube5_cluster1,True,1.6323812991709716,1.1373072506518458,0.1256367741825602
cube15_cluster0,5,42,cube6_cluster1,True,1.056909913563499,0.5681056426048203,0.12404566951873663
cube15_cluster0,5,42,cube6_cluster1,True,0.6876114654447402,0.6754699724907304,0.0030811916178295567
cube15_cluster0,5,42,cube6_cluster1,True,1.0786291885638097,1.0697709178890515,0.002247996144701161
cube15_cluster0,5,42,cube24_cluster2,False,1.2705533155071644,1.0846391054327167,0.04718013739221495
cube15_cluster0,5,42,cube6_cluster1,True,1.3250626261485157,1.2762217411903913,0.012394532197183452
cube15_cluster0,5,42,cube6_cluster1,True,1.4189343987431688,0.9965400908027953,0.10719256733703213
cube15_cluster0,5,42,cube6_cluster1,True,1.0950281890803526,0.9537644939060865,0.03584901091844979
cube15_cluster0,5,42,cube6_cluster1,True,1.1386031521655093,1.1237494461131408,0.0037694799771017767
cube15_cluster0,5,42,cube6_cluster1,True,0.876221625111114,0.6895535273657948,0.04737145425753563
cube15_cluster0,5,42,cube24_cluster2,False,1.504091360105394,1.301654998158492,0.05137302504209005
cube15_cluster0,5,42,cube15_cluster2,False,1.377313632009922,1.1435884155091502,0.05931331350151154
cube15_cluster0,5,42,cube6_cluster1,True,1.1117279359104606,0.8663722414264814,0.062264822958293393
cube15_cluster0,5,42,cube6_cluster1,True,1.1246350173030957,0.8783678472925515,0.062496131477183685
cube15_cluster0,5,42,cube6_cluster2,True,1.8730071242996387,1.0563707084339011,0.207240846649661
cube15_cluster0,5,42,cube5_cluster1,True,1.4390448479066629,0.9044275980647591,0.13567179878121563
cube15_cluster0,5,42,cube6_cluster1,True,1.1836944237364455,0.9104796878806171,0.0693347150284741
cube15_cluster0,5,42,cube5_cluster1,True,1.8132188183131643,0.4462368586501263,0.34690407281807634
cube15_cluster0,5,42,cube5_cluster1,True,1.7357222494107036,0.5542761614252075,0.299819947761549
cube15_cluster0,5,42,cube6_cluster1,True,0.68924384536474,0.6352415420599637,0.013704364439894885
cube15_cluster0,5,42,cube6_cluster2,True,2.216329302423709,0.7605331018153398,0.36944279155564924
cube15_cluster0,5,42,cube6_cluster2,True,2.020560426493785,0.6416128631321145,0.34994062836838213
cube15_cluster0,5,42,cube5_cluster1,True,1.5531783534381407,1.5324849466944295,0.005251442441598871
cube15_cluster0,5,42,cube6_cluster1,True,1.0223650690754615,0.9176693789721837,0.026569012887543157
cube15_cluster1,5,11,cube6_cluster0,True,0.5648939335315087,0.5004879348142314,0.016344548741847927
cube15_cluster1,5,11,cube6_cluster0,True,1.1357196999631372,0.7963610426021233,0.086120302870441
cube15_cluster1,5,11,cube6_cluster3,True,1.1244569900141042,0.7001788318384551,0.10767063898573
cube15_cluster1,5,11,cube6_cluster0,True,0.6251713192374436,0.4483374857005606,0.04487577662041707
cube15_cluster1,5,11,cube6_cluster0,True,1.0642941562422559,0.7855220162242058,0.0707450380576427
cube15_cluster1,5,11,cube6_cluster0,True,1.061678257389507,0.6553478522286226,0.1031159712560333
cube15_cluster1,5,11,cube6_cluster0,True,1.3015379943693626,1.2732067847012354,0.007189715966814108
cube15_cluster1,5,11,cube6_cluster3,True,1.275160245744136,0.9564707458439106,0.08087501425914645
cube19_cluster0,1,6,cube9_cluster0,True,0.7670503100435441,0.6662052490448073,0.025591824483676886
cube19_cluster0,1,6,cube9_cluster0,True,0.8067753309783295,0.7105014516943225,0.02443177877625425
cube19_cluster2,1,4,cube18_cluster1,True,0.783119983509444,0.783119983509444,0.0
cube19_cluster2,1,4,cube18_cluster1,True,0.7088890670020965,0.7088890670020965,0.0
cube19_cluster2,1,4,cube18_cluster1,True,0.35253949221109576,0.35253949221109576,0.0
cube19_cluster2,1,4,cube18_cluster1,True,0.6665692665892037,0.6665692665892037,0.0
cube22_cluster0,5,44,cube32_cluster0,True,1.560535947749456,1.4498097099707412,0.02809940729775787
cube22_cluster0,5,44,cube32_cluster0,True,1.2697661056502512,1.2287504730267653,0.010408688941150719
cube22_cluster0,5,44,cube23_cluster0,True,1.7912980813595465,1.7692220807668617,0.005602308401366453
cube22_cluster0,5,44,cube42_cluster1,False,1.9012741461206444,1.7559448692004485,0.03688074864993057
cube22_cluster0,5,44,cube42_cluster1,False,1.543031348817374,1.5105255658258165,0.008249112894431646
cube22_cluster0,5,44,cube32_cluster0,True,1.4409329916528089,1.4103259999256184,0.007767249605465769
cube22_cluster0,5,44,cube32_cluster0,True,0.9841443629825667,0.8313271161455292,0.0387809984980938
cube22_cluster0,5,44,cube32_cluster0,True,0.7893961690858455,0.7685646812163945,0.005286483800089246
cube23_cluster0,8,226,cube24_cluster0,True,1.9469043745124925,1.7867853698929645,0.04063399260351816
cube23_cluster0,8,226,cube33_cluster0,True,1.1902704636119241,1.0932081151856303,0.024631871509605385
cube23_cluster0,8,226,cube24_cluster0,True,1.8622416693415524,1.3537881095268456,0.1290321422983886
cube23_cluster0,8,226,cube22_cluster0,True,1.5790291024589445,0.8414005047756586,0.18719074012249168
cube23_cluster0,8,226,cube22_cluster0,True,0.9601482249412947,0.7183296475811793,0.06136719565046455
cube23_cluster0,8,226,cube24_cluster0,True,1.6736151703935598,1.5160354620905927,0.03998958597614463
cube23_cluster0,8,226,cube34_cluster0,True,1.1535950261174195,1.128237431345977,0.006435090705404851
cube23_cluster0,8,226,cube22_cluster0,True,2.1895726670452818,1.8351404645494405,0.08994557222539847
cube23_cluster0,8,226,cube22_cluster0,True,1.364235832333806,1.0874066493259487,0.07025196666384578
cube23_cluster0,8,226,cube24_cluster0,True,1.225876710661939,0.8740132235301719,0.08929369981742073
cube23_cluster0,8,226,cube33_cluster0,True,1.0503439960652357,0.8790844616349585,0.043461166098662705
cube23_cluster0,8,226,cube22_cluster0,True,1.713701504065714,1.666809947486004,0.011899843917684491
cube23_cluster0,8,226,cube22_cluster0,True,1.5616331804306478,1.2448445365565157,0.08039262698795296
cube23_cluster0,8,226,cube24_cluster0,True,1.194994097097163,1.1014095351832376,0.02374930075071276
cube23_cluster0,8,226,cube24_cluster0,True,1.5363494196667475,1.4246231348970084,0.02835319292509805
cube23_cluster0,8,226,cube32_cluster0,True,1.6011977863002014,1.4498097099707412,0.038418312607233725
cube23_cluster0,8,226,cube22_cluster0,True,1.8984270885331926,1.8867279802357084,0.002968926025722711
cube23_cluster0,8,226,cube22_cluster0,True,1.2003252528302488,1.0449811211207338,0.039422255427351977
cube23_cluster0,8,226,cube22_cluster0,True,0.9469237351350044,0.7316814083885991,0.05462284214019401
cube23_cluster0,8,226,cube24_cluster0,True,1.8367304592654012,1.4722970877294788,0.09248360591956765
cube23_cluster0,8,226,cube22_cluster0,True,1.1967596552143986,1.0729720400904328,0.03141404138319836
cube23_cluster0,8,226,cube33_cluster0,True,1.8821508359984935,1.7806134527554809,0.025767517662759545
cube23_cluster0,8,226,cube24_cluster0,True,0.8946490046692694,0.7716298107270784,0.031219036295009002
cube23_cluster0,8,226,cube33_cluster0,True,1.5630800652313408,1.5595824793534028,0.0008875953171955351
cube23_cluster0,8,226,cube22_cluster0,True,0.9296343124048254,0.8844183518144878,0.011474621719979584
cube23_cluster0,8,226,cube34_cluster0,True,0.9308172812164118,0.7357026239798957,0.04951496893092507
cube23_cluster0,8,226,cube24_cluster0,True,1.1612186764633285,0.8945602271904826,0.06767090190927261
cube23_cluster0,8,226,cube33_cluster0,True,1.015297628631656,0.886284149406008,0.03274022826375835
cube23_cluster0,8,226,cube22_cluster0,True,1.1536812576156918,0.7031225894621267,0.11433994129994816
cube23_cluster0,8,226,cube24_cluster0,True,1.2963620350547163,0.7783434938363939,0.13145948304117447
cube23_cluster0,8,226,cube22_cluster0,True,1.2219737188634767,1.0313752990767149,0.048368866633042906
cube23_cluster0,8,226,cube32_cluster0,True,1.5694689374253485,1.2287504730267653,0.08646538613671598
cube23_cluster0,8,226,cube22_cluster0,True,1.3972756186237765,1.3391393967111898,0.014753444269815515
cube23_cluster0,8,226,cube22_cluster0,True,1.4917566853093134,1.3765440337615202,0.029237941129780065
cube23_cluster0,8,226,cube22_cluster0,True,1.2302742790714354,0.6008095953975424,0.159741583214048
cube23_cluster0,8,226,cube22_cluster0,True,1.3305024063041657,0.4841809680165595,0.2147741246911507
cube23_cluster0,8,226,cube24_cluster0,True,2.083026878569531,1.8428290173399506,0.060955900517716
cube23_cluster0,8,226,cube24_cluster0,True,1.0194216109228424,0.5411299702449938,0.12137784041194323
cube23_cluster0,8,226,cube33_cluster0,True,1.425935878180572,1.3333376577771099,0.023498993213915693
cube23_cluster0,8,226,cube22_cluster0,True,2.054678443503436,1.6915049120836294,0.0921638916290529
cube23_cluster0,8,226,cube24_cluster0,True,1.352612519980763,1.0175035948659132,0.08504183258474386
cube23_cluster0,8,226,cube13_cluster0,True,1.4876647608422493,1.179954102260928,0.0780888730511893
cube23_cluster0,8,226,cube22_cluster0,True,1.4942029020958658,1.3700268845383365,0.031512607706728195
cube23_cluster0,8,226,cube24_cluster0,True,2.2251119880074115,1.9150363490814417,0.0786890428690086
cube23_cluster0,8,226,cube24_cluster0,True,1.5737876992165285,1.0565971877982627,0.1312493508532375
cube23_cluster0,8,226,cube22_cluster0,True,1.177564927300555,1.0898565339987976,0.022258083686934313
cube23_cluster0,8,226,cube22_cluster0,True,1.6491140393883328,1.2512979116536067,0.10095527155157971
cube23_cluster0,8,226,cube24_cluster0,True,1.2892717892522576,0.8403801295954105,0.11391689838204719
cube23_cluster0,8,226,cube33_cluster0,True,0.8486771899790255,0.5965538718211554,0.06398226787347831
cube23_cluster0,8,226,cube22_cluster0,True,1.0406397338653337,0.5719404531822078,0.11894355170272956
cube23_cluster0,8,226,cube22_cluster0,True,2.1076121415282754,2.0439971124783445,0.01614382144099482
cube23_cluster0,8,226,cube24_cluster0,True,0.799038830670985,0.6973027539830655,0.025817940833887155
cube23_cluster0,8,226,cube22_cluster0,True,0.9822651199813632,0.614006214531027,0.09345442582412655
cube23_cluster0,8,226,cube24_cluster0,True,1.3825718562686677,1.260754386924123,0.030914070194774657
cube23_cluster0,8,226,cube22_cluster0,True,1.1736941705594874,1.0991527790829998,0.0189166448861508
cube23_cluster0,8,226,cube24_cluster0,True,1.438021599135968,1.2501328187739131,0.047681231404461684
cube23_cluster0,8,226,cube24_cluster0,True,1.3474649925062057,1.1575190386790664,0.048203287930874805
cube23_cluster0,8,226,cube24_cluster0,True,2.2969516454212946,1.8060180963406096,0.12458602431088657
cube23_cluster0,8,226,cube24_cluster0,True,1.106098328375834,0.8310153570305219,0.06980882406532266
cube23_cluster0,8,226,cube22_cluster0,True,2.088542524945025,1.9924414482289838,0.0243879260288226
cube23_cluster0,8,226,cube33_cluster0,True,1.3566391634991093,1.096895703768698,0.06591605941204148
cube23_cluster0,8,226,cube34_cluster0,True,0.9277617105313021,0.7896718160834832,0.03504358375788293
cube23_cluster0,8,226,cube33_cluster0,True,1.5703395135735416,1.351185031556718,0.055615644266960446
cube23_cluster0,8,226,cube22_cluster0,True,1.400390542274168,1.3656902458260183,0.008806022698957253
cube23_cluster0,8,226,cube24_cluster0,True,1.2467985332204696,1.0565250078912602,0.04828641696370802
cube23_cluster0,8,226,cube24_cluster0,True,1.6152491320498212,0.9804743487804685,0.16108914684772513
cube23_cluster0,8,226,cube22_cluster0,True,1.8645069098693206,1.7761925866822124,0.02241185275724608
cube23_cluster0,8,226,cube34_cluster0,True,1.577610834639276,1.3125911723754091,0.06725502086279829
cube23_cluster0,8,226,cube33_cluster0,True,0.8153904063008263,0.7247457810739407,0.02300322213325036
cube23_cluster0,8,226,cube33_cluster0,True,1.6074368946029214,1.5415901779174352,0.016710165074544085
cube23_cluster0,8,226,cube33_cluster0,True,1.6021608285512052,1.4453296202497368,0.03979963635962722
cube23_cluster0,8,226,cube22_cluster0,True,1.1329331250252432,1.021347181549141,0.02831757799543269
cube23_cluster0,8,226,cube22_cluster0,True,1.2024850514870453,1.0126083821389495,0.04818570535211919
cube23_cluster0,8,226,cube34_cluster0,True,1.1450757316010713,0.7757564476749033,0.09372352199572882
cube23_cluster0,8,226,cube24_cluster0,True,1.3846245109206847,1.361421907019825,0.005888210693853577
cube23_cluster0,8,226,cube14_cluster0,True,1.664563252055167,1.2647636125764572,0.10145863467031468
cube23_cluster0,8,226,cube34_cluster0,True,1.2978428207635728,0.9263042035425803,0.09428673042249194
cube23_cluster0,8,226,cube24_cluster0,True,1.236157619758206,0.967913521718397,0.06807329786733927
cube23_cluster0,8,226,cube22_cluster0,True,1.7598319414160113,1.6058162040814012,0.039085143868778996
cube23_cluster0,8,226,cube24_cluster0,True,1.0667112854530256,1.0477538506855208,0.004810898406187819
cube23_cluster0,8,226,cube22_cluster0,True,1.5354019136422317,0.9974520212866415,0.13651753581020282
cube23_cluster0,8,226,cube33_cluster0,True,1.4806094122036122,1.29345260153481,0.04749547674546726
cube23_cluster0,8,226,cube22_cluster0,True,1.9358685455330074,1.7055388531126805,0.058451618784524546
cube23_cluster0,8,226,cube32_cluster0,True,1.6070657588222321,1.4103259999256184,0.049927376995747126
cube23_cluster0,8,226,cube33_cluster0,True,1.2420244716049271,1.0971694150259514,0.03676040399825497
cube23_cluster0,8,226,cube33_cluster0,True,0.821304336342864,0.6502678434611764,0.04340456401912068
cube23_cluster0,8,226,cube22_cluster0,True,1.9554526069122382,1.474780026729963,0.1219820602448243
cube23_cluster0,8,226,cube33_cluster0,True,1.3242495749268983,1.1143647002480783,0.0532632616943547
cube23_cluster0,8,226,cube22_cluster0,True,1.5791610256502644,1.5726267756773866,0.0016582208070700956
cube23_cluster0,8,226,cube24_cluster0,True,1.2437880843526343,1.0513556006525728,0.04883430382249136
cube23_cluster0,8,226,cube34_cluster0,True,1.0894487643824569,0.9031282861007788,0.04728323757927188
cube23_cluster0,8,226,cube24_cluster0,True,1.3496500714446196,1.0525670191092742,0.07539186606805055
cube23_cluster0,8,226,cube22_cluster0,True,1.4943501158536563,1.3172167129131997,0.04495179945704393
cube23_cluster0,8,226,cube24_cluster0,True,1.7856678268352852,1.5427914923827444,0.061635626583894765
cube23_cluster0,8,226,cube22_cluster0,True,1.441531365818564,0.9841379971938601,0.11607440854230601
cube23_cluster0,8,226,cube24_cluster0,True,0.9844791192968897,0.8959776237562688,0.0224593521783566
cube23_cluster0,8,226,cube24_cluster0,True,1.2638856059668777,0.8528567833707537,0.10430830604330868
cube23_cluster0,8,226,cube22_cluster0,True,2.0797902528800534,1.507182991226675,0.1453126647272856
cube23_cluster0,8,226,cube22_cluster0,True,1.0838726480901149,0.7457806993590936,0.0857988455317307
cube23_cluster0,8,226,cube24_cluster0,True,1.759525076104053,1.3349907173778341,0.10773565594796762
cube23_cluster0,8,226,cube34_cluster0,True,0.8912678774900616,0.6481401985622827,0.06169941120191703
cube23_cluster0,8,226,cube24_cluster0,True,1.538353385436369,1.3522842016235805,0.047219465651545785
cube23_cluster0,8,226,cube22_cluster0,True,1.5692957057108816,1.427244397204049,0.036048886469799805
cube23_cluster0,8,226,cube22_cluster0,True,1.2167066907366697,0.7080451394239775,0.1290849250708697
cube23_cluster0,8,226,cube32_cluster0,True,1.410823423570877,0.8313271161455292,0.14706092337783533
cube23_cluster0,8,226,cube33_cluster0,True,1.0395859877992328,0.8947682233161594,0.036750940245013054
cube23_cluster0,8,226,cube34_cluster0,True,1.6298244187401878,1.3692819792895103,0.06611881945367926
cube23_cluster0,8,226,cube33_cluster0,True,1.6866672122700705,1.6692620124594164,0.0044169819944197995
cube23_cluster0,8,226,cube33_cluster0,True,1.1433304329793421,1.0089093800744886,0.03411252825654146
cube23_cluster0,8,226,cube22_cluster0,True,1.1926644508230528,0.7585981131872647,0.11015462152565576
cube23_cluster0,8,226,cube22_cluster0,True,1.569647123941655,1.5110191182706894,0.014878246054887695
cube23_cluster0,8,226,cube24_cluster0,True,1.6768099993763532,1.5000574349711162,0.04485515265200029
cube23_cluster0,8,226,cube33_cluster0,True,1.2606951750407394,1.0549378770515354,0.052215791276493645
cube23_cluster0,8,226,cube32_cluster0,True,1.0188948377749694,0.7685646812163945,0.06352721061568549
cube23_cluster0,8,226,cube13_cluster0,True,1.9488054531435144,1.553613419211868,0.10028934555211047
cube23_cluster0,8,226,cube24_cluster0,True,0.8393917085031923,0.6030029132177714,0.05998925975093709
cube23_cluster0,8,226,cube13_cluster0,True,1.5200782390707523,1.0847799952982693,0.11046724690679421
cube23_cluster0,8,226,cube24_cluster0,True,1.352315739363848,1.3248621600898953,0.006966996452473851
cube23_cluster0,8,226,cube24_cluster0,True,2.2280472646918095,1.712106308328861,0.13093224664067946
cube23_cluster0,8,226,cube24_cluster0,True,1.2194412228577973,0.9112896947393696,0.07820075414583177
cube23_cluster0,8,226,cube33_cluster0,True,1.100737666833532,0.9587020726813791,0.0360448985798342
cube23_cluster0,8,226,cube34_cluster0,True,1.2815716720615398,1.2663656061661903,0.003858899638980661
cube23_cluster0,8,226,cube22_cluster0,True,1.6997261297152726,0.9467929988384203,0.19107462817229182
cube23_cluster0,8,226,cube24_cluster0,True,1.1679207247844297,0.7040628429049752,0.1177149320042339
cube23_cluster0,8,226,cube24_cluster0,True,1.0463523116641598,0.6390405669652829,0.10336500942375787
cube23_cluster0,8,226,cube24_cluster0,True,1.0208852091529508,0.6938329844799508,0.08299725388566444
cube23_cluster0,8,226,cube34_cluster0,True,1.3252155233241827,1.0148669962233723,0.07875829471143923
cube23_cluster0,8,226,cube22_cluster0,True,1.4225364119921748,0.7663815153005817,0.16651485738549687
cube23_cluster0,8,226,cube22_cluster0,True,1.0851531399055807,0.8224438947677106,0.06666869775498309
cube23_cluster0,8,226,cube32_cluster0,True,1.2564056341745784,1.1984047765124,0.014719092382836573
cube23_cluster0,8,226,cube34_cluster0,True,1.109177822230162,0.6703912257415939,0.11135249909032281
cube23_cluster1,3,15,cube24_cluster1,True,0.6702076048162439,0.32231330602059316,0.08828642419842117
cube23_cluster1,3,15,cube24_cluster1,True,1.0750886873830046,0.7084851771787334,0.093034330043839
cube23_cluster1,3,15,cube24_cluster1,True,1.0630696675218194,0.5431512874568457,0.1319416121789751
cube23_cluster1,3,15,cube24_cluster1,True,0.7283941670585296,0.3665117665488876,0.09183623655788584
cube24_cluster0,6,111,cube23_cluster0,True,2.2635825011984205,2.0305505406503603,0.059137383371782336
cube24_cluster0,6,111,cube34_cluster0,True,1.2219121899080265,1.128237431345977,0.023772190288038068
cube24_cluster0,6,111,cube23_cluster0,True,0.916942968912365,0.8980379350112352,0.004797600444326538
cube24_cluster0,6,111,cube34_cluster0,True,0.7634363833310481,0.747145452758085,0.004134209764663251
cube24_cluster0,6,111,cube23_cluster0,True,1.4353819815518116,1.2330523058873037,0.051345950869227164
cube24_cluster0,6,111,cube34_cluster0,True,0.80599709288739,0.7357026239798957,0.017838887622631402
cube24_cluster0,6,111,cube14_cluster0,True,1.7316689179023252,1.6991283041919076,0.008257952014908976
cube24_cluster0,6,111,cube15_cluster1,True,1.697766685990227,1.2529695933167349,0.11287780495955434
cube24_cluster0,6,111,cube23_cluster0,True,1.2306451445349744,1.1716502694364594,0.014971347867760694
cube24_cluster0,6,111,cube23_cluster0,True,1.0997613581344263,0.6476584545287326,0.11473182764778667
cube24_cluster0,6,111,cube23_cluster0,True,1.1197736384461188,1.0247995964834946,0.024101914246879044
cube24_cluster0,6,111,cube33_cluster0,True,1.6858000939119786,1.096895703768698,0.14944844736027676
cube24_cluster0,6,111,cube34_cluster0,True,1.0058835553260104,0.7896718160834832,0.0548688535383461
cube24_cluster0,6,111,cube34_cluster0,True,1.4366846259328274,1.3125911723754091,0.03149165513474714
cube24_cluster0,6,111,cube33_cluster0,True,1.8681985956346763,1.4453296202497368,0.10731302545177905
cube24_cluster0,6,111,cube15_cluster1,True,2.001132215882529,1.9954853408474433,0.001433028383819175
cube24_cluster0,6,111,cube34_cluster0,True,0.9306410352651423,0.7757564476749033,0.03930563521485428
cube24_cluster0,6,111,cube14_cluster0,True,1.2918114911667617,1.2647636125764572,0.0068640402879774805
cube24_cluster0,6,111,cube34_cluster0,True,1.193465674780105,0.9263042035425803,0.06779855565556418
cube24_cluster0,6,111,cube23_cluster0,True,1.097575717922209,0.9397001725386723,0.040064661647344776
cube24_cluster0,6,111,cube23_cluster0,True,1.3799879251731189,1.1805095244494874,0.05062237227133698
cube24_cluster0,6,111,cube34_cluster0,True,1.5691553981985595,1.5279714539116758,0.010451402015103734
cube24_cluster0,6,111,cube34_cluster0,True,0.9208924901359635,0.9031282861007788,0.004508087825603749
cube24_cluster0,6,111,cube34_cluster0,True,1.3420014152519864,1.3407459148749163,0.0003186129788703111
cube24_cluster0,6,111,cube23_cluster0,True,1.3954416538373755,1.1131286827972982,0.07164360785515828
cube24_cluster0,6,111,cube23_cluster0,True,1.8111849320858469,1.5958008634366616,0.05465881250762699
cube24_cluster0,6,111,cube23_cluster0,True,1.6954101142803055,1.6736370026281189,0.005525443153564462
cube24_cluster0,6,111,cube23_cluster0,True,1.097625348569362,0.9509605855065971,0.03721965991263914
cube24_cluster0,6,111,cube34_cluster0,True,1.2471750561941766,1.2126717335640447,0.00875603592391176
cube24_cluster0,6,111,cube34_cluster0,True,0.8758199385066184,0.6481401985622827,0.05777913053389521
cube24_cluster0,6,111,cube23_cluster0,True,1.4608539013971817,1.1665075391743203,0.07469736608628369
cube24_cluster0,6,111,cube34_cluster0,True,1.372350703006434,1.3692819792895103,0.0007787613788382588
cube24_cluster0,6,111,cube34_cluster0,True,0.9050446328535064,0.8626828807954521,0.010750298653737195
cube24_cluster0,6,111,cube23_cluster0,True,1.1532419643308975,0.9255606256993482,0.057779536238668154
cube24_cluster0,6,111,cube34_cluster0,True,1.3798335164917612,1.293845131619366,0.021821590779907016
cube24_cluster0,6,111,cube23_cluster0,True,1.327717462505009,0.9190313933128853,0.10371377683850742
cube24_cluster0,6,111,cube23_cluster0,True,1.1945811469159893,0.7213161849164416,0.1201022015537097
cube24_cluster0,6,111,cube34_cluster0,True,1.2827683425422178,1.2663656061661903,0.004162583137240371
cube24_cluster0,6,111,cube34_cluster0,True,1.0571103487779179,1.0148669962233723,0.01072025197338674
cube24_cluster0,6,111,cube15_cluster1,True,1.8071281391209244,1.7114839695319728,0.02427197501559483
cube24_cluster0,6,111,cube23_cluster0,True,0.9327648397248821,0.6520426588031236,0.07123990715732346
cube24_cluster0,6,111,cube34_cluster0,True,0.9792075221349976,0.6703912257415939,0.07836945485211341
cube32_cluster0,5,41,cube42_cluster0,True,0.7252818549388925,0.573032144182742,0.038636972765684424
cube32_cluster0,5,41,cube42_cluster1,False,1.8921894385749898,1.6600171872401874,0.058919211781872045
cube32_cluster0,5,41,cube42_cluster1,False,1.0776031986090098,1.074994707065786,0.0006619665562220871
cube32_cluster0,5,41,cube42_cluster1,False,1.50704206614082,1.4675745779179648,0.010015810604978921
cube32_cluster0,5,41,cube42_cluster0,True,1.5732170929751808,1.5032176381285511,0.017764020812188808
cube32_cluster0,5,41,cube22_cluster0,True,0.6294380209510909,0.6008095953975424,0.007265141542426166
cube32_cluster0,5,41,cube50_cluster1,False,1.9990426492387814,1.9595362221014494,0.010025692277467453
cube32_cluster0,5,41,cube42_cluster0,True,1.258835630177888,1.219399438323198,0.010007868409762526
cube32_cluster0,5,41,cube22_cluster0,True,1.1757024667250096,1.0898565339987976,0.02178544017137607
cube32_cluster0,5,41,cube22_cluster0,True,1.365019052814249,1.2512979116536067,0.02885943501688253
cube32_cluster0,5,41,cube33_cluster0,True,0.7536290476335878,0.740848907955136,0.003243263361523581
cube32_cluster0,5,41,cube22_cluster0,True,0.9852530952376821,0.9681040849704386,0.0043519678255097205
cube32_cluster0,5,41,cube22_cluster0,True,1.0785370733823985,1.063227466783513,0.0038851755466509496
cube32_cluster0,5,41,cube22_cluster0,True,1.2312540122639466,1.0126083821389495,0.05548651103847268
cube32_cluster0,5,41,cube42_cluster0,True,1.158408189796746,1.132327930233825,0.00661848402502698
cube32_cluster0,5,41,cube33_cluster0,True,1.2914204205695246,1.2674322038825099,0.006087578559134179
cube32_cluster0,5,41,cube42_cluster0,True,1.1647449594189168,1.091777044862192,0.01851733782281141
cube32_cluster0,5,41,cube42_cluster0,True,0.6811970779624756,0.4638660746890485,0.0551528933152673
cube32_cluster0,5,41,cube42_cluster1,False,1.6037390123177007,1.4387509072102969,0.04186964226097302
cube32_cluster0,5,41,cube42_cluster0,True,1.0533039090844791,1.0271508363506547,0.006636962092979975
cube32_cluster0,5,41,cube22_cluster0,True,1.4856123476821432,1.4421020646674862,0.011041765606747533
cube32_cluster0,5,41,cube42_cluster0,True,0.7305625611173509,0.6017218518147511,0.032696383800748255
cube33_cluster0,8,169,cube24_cluster0,True,1.5856169633829618,1.0973093280186248,0.12391963646528945
cube33_cluster0,8,169,cube24_cluster0,True,2.0358578101795297,1.3537881095268456,0.17309135312988877
cube33_cluster0,8,169,cube42_cluster0,True,1.5308382221137393,0.573032144182742,0.2430659944379038
cube33_cluster0,8,169,cube43_cluster0,True,1.1369589587818032,1.0652539947972781,0.01819683418034052
cube33_cluster0,8,169,cube43_cluster0,True,0.8872830170980271,0.77101925251585,0.029504685976003094
cube33_cluster0,8,169,cube24_cluster0,True,1.782612227884002,1.5160354620905927,0.06765017279028297
cube33_cluster0,8,169,cube43_cluster0,True,1.0788847668490948,1.0564162967858493,0.005701906831932328
cube33_cluster0,8,169,cube43_cluster0,True,1.4178029599702642,1.2733265844237358,0.036664304710677456
cube33_cluster0,8,169,cube34_cluster0,True,0.828772855825795,0.5958813795897975,0.05910173214780158
cube33_cluster0,8,169,cube32_cluster0,True,1.7569757820833376,1.3945815208594687,0.09196613334637356
cube33_cluster0,8,169,cube34_cluster0,True,1.8254242416973676,1.5894914151050725,0.059873546887570656
cube33_cluster0,8,169,cube32_cluster0,True,1.637815401683603,1.4498097099707412,0.0477109004307915
cube33_cluster0,8,169,cube42_cluster1,False,1.7486066305967065,1.074994707065786,0.17094499171685992
cube33_cluster0,8,169,cube44_cluster0,True,1.0536286938696138,0.8418308445882298,0.053748724341565184
cube33_cluster0,8,169,cube43_cluster0,True,1.2849932646954845,1.1773861117005464,0.02730786560453482
cube33_cluster0,8,169,cube23_cluster0,True,1.5526169547235305,1.433907148673005,0.03012542697529257
cube33_cluster0,8,169,cube32_cluster0,True,1.6729026794538533,1.6137664694721132,0.01500721494433436
cube33_cluster0,8,169,cube34_cluster0,True,0.7080806966067633,0.503046795121145,0.05203221226758113
cube33_cluster0,8,169,cube43_cluster0,True,1.0977199083180207,1.0178669809326097,0.02026457301841317
cube33_cluster0,8,169,cube44_cluster0,True,1.3726198724662964,1.3105678689831108,0.015747166656204237
cube33_cluster0,8,169,cube34_cluster0,True,0.9964147371398874,0.7357026239798957,0.06616187817906709
cube33_cluster0,8,169,cube43_cluster0,True,0.9366246681737164,0.8027577304653031,0.03397190839166564
cube33_cluster0,8,169,cube24_cluster0,True,1.2618849669143637,0.8945602271904826,0.09321735912920527
cube33_cluster0,8,169,cube32_cluster0,True,1.4869193639231062,1.2287504730267653,0.0655164752495657
cube33_cluster0,8,169,cube22_cluster0,True,1.3613345662932714,1.3391393967111898,0.005632550356999569
cube33_cluster0,8,169,cube42_cluster0,True,1.8310733173420455,1.5032176381285511,0.08320114951899844
cube33_cluster0,8,169,cube22_cluster0,True,1.2553142702478703,0.6008095953975424,0.16609607447929864
cube33_cluster0,8,169,cube24_cluster0,True,2.287186906731486,1.8428290173399506,0.11276634671665009
cube33_cluster0,8,169,cube32_cluster0,True,1.084738032217609,1.0258939136045506,0.014933089836307579
cube33_cluster0,8,169,cube34_cluster0,True,1.5340815112794832,1.4244133617923889,0.027830892314681766
cube33_cluster0,8,169,cube32_cluster0,True,1.242721151160662,0.5021642644148695,0.18793386287915378
cube33_cluster0,8,169,cube44_cluster0,True,1.11872248410365,0.8059801507455404,0.07936577978783278
cube33_cluster0,8,169,cube50_cluster1,False,2.1053919103984664,1.9595362221014494,0.03701433801393506
cube33_cluster0,8,169,cube42_cluster0,True,1.3296151959346711,1.219399438323198,0.027969860855789706
cube33_cluster0,8,169,cube23_cluster0,True,0.9908497998198403,0.9265313027387458,0.01632234312768052
cube33_cluster0,8,169,cube22_cluster0,True,1.3268761925814117,1.0898565339987976,0.06014935626548196
cube33_cluster0,8,169,cube22_cluster0,True,1.603017912967922,1.2512979116536067,0.08925728689030504
cube33_cluster0,8,169,cube34_cluster0,True,0.8298517175490797,0.6287976702555977,0.051022229934811716
cube33_cluster0,8,169,cube34_cluster0,True,1.2040113616746333,1.1561556020463022,0.012144533295057661
cube33_cluster0,8,169,cube32_cluster0,True,1.0568518593936274,0.8915046210507803,0.04196078083173389
cube33_cluster0,8,169,cube34_cluster0,True,1.689456397706023,1.5235715298964556,0.042097217051944365
cube33_cluster0,8,169,cube23_cluster0,True,1.3860934153328806,1.1716502694364594,0.05442003105712304
cube33_cluster0,8,169,cube34_cluster0,True,0.9401290245529073,0.9289589841553172,0.0028346625060228386
cube33_cluster0,8,169,cube32_cluster0,True,1.0128000193537896,0.823966027058449,0.047921101336186246
cube33_cluster0,8,169,cube44_cluster0,True,0.9638687338991399,0.9330548211797284,0.00781976071173575
cube33_cluster0,8,169,cube23_cluster0,True,1.1008489426428294,1.0247995964834946,0.01929932412884813
cube33_cluster0,8,169,cube32_cluster0,True,1.8093248191569016,1.406309662053843,0.1022746484825086
cube33_cluster0,8,169,cube34_cluster0,True,1.5645009553731128,1.2544566663209653,0.07868108709546354
cube33_cluster0,8,169,cube34_cluster0,True,0.8870835394713911,0.7896718160834832,0.024720533687089017
cube33_cluster0,8,169,cube34_cluster0,True,1.3160658936635325,1.3056530153840855,0.0026425146720952244
cube33_cluster0,8,169,cube23_cluster0,True,1.6053195521743695,1.4197479703118268,0.04709318736238316
cube33_cluster0,8,169,cube34_cluster0,True,1.2369093180491721,0.919627833673418,0.08051769694667028
cube33_cluster0,8,169,cube43_cluster0,True,1.6736531868457505,1.3557744185691332,0.08066927189348905
cube33_cluster0,8,169,cube43_cluster0,True,1.7461105039798128,1.706427739047085,0.010070442172652357
cube33_cluster0,8,169,cube23_cluster0,True,1.846613211793601,1.7387413450444535,0.02737504299397807
cube33_cluster0,8,169,cube43_cluster0,True,0.9934678577262952,0.9368634466104108,0.014364710972783773
cube33_cluster0,8,169,cube34_cluster0,True,1.0404603584905272,0.8497291528704054,0.04840256418558154
cube33_cluster0,8,169,cube34_cluster0,True,1.5259860107338075,1.3125911723754091,0.05415399817209826
cube33_cluster0,8,169,cube34_cluster0,True,1.174081522062335,1.0227049379494366,0.038415396184889754
cube33_cluster0,8,169,cube43_cluster0,True,1.8054170729763162,1.6943263121955554,0.028191913649543796
cube33_cluster0,8,169,cube23_cluster0,True,0.9995826797439863,0.9216489946383847,0.01977751979954361
cube33_cluster0,8,169,cube32_cluster0,True,1.3127095841732992,1.0365059083827948,0.07009322938151157
cube33_cluster0,8,169,cube22_cluster0,True,1.3370481451128784,1.021347181549141,0.08011660232871534
cube33_cluster0,8,169,cube43_cluster0,True,1.4136032371718772,1.292257171499247,0.030794440339696753
cube33_cluster0,8,169,cube22_cluster0,True,1.2317211710955542,1.0126083821389495,0.05560506366471039
cube33_cluster0,8,169,cube34_cluster0,True,1.1365486262448001,0.7757564476749033,0.09155956689995823
cube33_cluster0,8,169,cube44_cluster0,True,1.4384138606860806,1.2046196103219966,0.05933083248058519
cube33_cluster0,8,169,cube34_cluster0,True,1.1630932493674015,0.9263042035425803,0.060090832812149886
cube33_cluster0,8,169,cube22_cluster0,True,1.648025121487405,1.6058162040814012,0.010711513238253638
cube33_cluster0,8,169,cube23_cluster0,True,0.6393507342961275,0.43589547035475634,0.051631595573460434
cube33_cluster0,8,169,cube34_cluster0,True,1.0659916192058183,0.4585911167346458,0.15414227426303118
cube33_cluster0,8,169,cube34_cluster0,True,1.0835927267158176,0.9729801407704913,0.028070565451230916
cube33_cluster0,8,169,cube32_cluster0,True,0.9127618180983317,0.666308244458847,0.0625434358162135
cube33_cluster0,8,169,cube23_cluster0,True,0.9925923792836453,0.9397001725386723,0.013422651126054199
cube33_cluster0,8,169,cube44_cluster0,True,1.5250559254293712,1.1705345398778748,0.08996820453961038
cube33_cluster0,8,169,cube43_cluster0,True,1.1288915705273854,0.9049266175324516,0.05683641529666074
cube33_cluster0,8,169,cube43_cluster0,True,1.3218212988310578,0.9590627030529962,0.0920585918750501
cube33_cluster0,8,169,cube34_cluster0,True,1.4627361490593076,1.0044019448184616,0.11631316787982679
cube33_cluster0,8,169,cube34_cluster0,True,1.4072873746127406,0.9796837799771981,0.10851454730776747
cube33_cluster0,8,169,cube32_cluster0,True,1.132769960869485,0.6781955442687944,0.11535903265069583
cube33_cluster0,8,169,cube22_cluster0,True,1.5862337767959462,1.5726267756773866,0.0034530990504307857
cube33_cluster0,8,169,cube32_cluster0,True,1.4827708294108881,1.3444193523535124,0.03510996654515544
cube33_cluster0,8,169,cube34_cluster0,True,1.0860177279602863,0.9294870044535674,0.03972338122079261
cube33_cluster0,8,169,cube43_cluster0,True,2.137413397195437,1.8568116526525051,0.07120934357158257
cube33_cluster0,8,169,cube42_cluster0,True,1.2027842520072956,1.132327930233825,0.01787996162365064
cube33_cluster0,8,169,cube23_cluster0,True,0.5955261455564067,0.44262757776821055,0.03880163561694016
cube33_cluster0,8,169,cube32_cluster0,True,1.5967986828344203,1.0745075104817794,0.13254376446249608
cube33_cluster0,8,169,cube24_cluster0,True,1.1452487102244242,0.8959776237562688,0.06325844647789332
cube33_cluster0,8,169,cube42_cluster0,True,1.4329234647611027,1.091777044862192,0.08657398998843403
cube33_cluster0,8,169,cube44_cluster0,True,1.7368860113038462,1.4844514547752137,0.06406125198711018
cube33_cluster0,8,169,cube42_cluster0,True,1.1534867850062624,0.4638660746890485,0.175007600808212
cube33_cluster0,8,169,cube34_cluster0,True,0.964312942184184,0.9334699442259967,0.007827141780460815
cube33_cluster0,8,169,cube43_cluster0,True,1.414197688787786,1.2847479372602204,0.03285094270100686
cube33_cluster0,8,169,cube24_cluster0,True,1.8133039011285903,1.3349907173778341,0.12138330747731288
cube33_cluster0,8,169,cube34_cluster0,True,0.8605282356067104,0.6481401985622827,0.053898498475217785
cube33_cluster0,8,169,cube23_cluster0,True,1.0477573445389077,0.8812492355757013,0.04225537926690034
cube33_cluster0,8,169,cube32_cluster0,True,1.2294807992534185,0.8313271161455292,0.10104093422834305
cube33_cluster0,8,169,cube42_cluster0,True,1.2276548284110065,1.0271508363506547,0.05088264038185609
cube33_cluster0,8,169,cube34_cluster0,True,1.6757705702258185,1.3692819792895103,0.07777874442050951
cube33_cluster0,8,169,cube43_cluster0,True,1.630617245901429,1.602189291836002,0.007214267150689232
cube33_cluster0,8,169,cube43_cluster0,True,1.353931032442225,1.2557772774373088,0.0249088417977267
cube33_cluster0,8,169,cube23_cluster0,True,1.5033803836520543,1.2978401052283635,0.052160717417891835
cube33_cluster0,8,169,cube32_cluster0,True,1.7666400830847362,1.367579452687409,0.10127109359973292
cube33_cluster0,8,169,cube43_cluster0,True,1.0381206019192035,1.0170377056107103,0.005350284650442891
cube33_cluster0,8,169,cube32_cluster0,True,0.8633885063340907,0.7685646812163945,0.024063793162000757
cube33_cluster0,8,169,cube23_cluster0,True,1.4384898899519334,1.3506982145352273,0.022279218497576355
cube33_cluster0,8,169,cube32_cluster0,True,1.1964552368532957,0.9280804577528772,0.0681064612839046
cube33_cluster0,8,169,cube34_cluster0,True,0.589513534300647,0.557043978935416,0.008239919275574928
cube33_cluster0,8,169,cube34_cluster0,True,1.3312389109631588,1.031284344805948,0.07612058076169877
cube33_cluster0,8,169,cube22_cluster0,True,1.9918018817732623,1.4421020646674862,0.13949935771526303
cube33_cluster0,8,169,cube24_cluster0,True,0.9656668883170446,0.6030029132177714,0.09203457963508418
cube33_cluster0,8,169,cube43_cluster0,True,0.8663017468166557,0.849462377034971,0.004273389213121771
cube33_cluster0,8,169,cube34_cluster0,True,1.7688779532988106,1.6120367972627065,0.03980216083307474
cube33_cluster0,8,169,cube34_cluster0,True,1.3218041665711984,1.2663656061661903,0.01406884872160925
cube33_cluster0,8,169,cube43_cluster0,True,1.6136448518696151,1.4984275118929649,0.029239130929728897
cube33_cluster0,8,169,cube34_cluster0,True,1.1061249191661524,0.8504633018610839,0.06488019514774492
cube33_cluster0,8,169,cube32_cluster0,True,1.5402147564889772,0.8189111291888371,0.18304789194917437
cube33_cluster0,8,169,cube43_cluster0,True,1.3132635429426835,1.1708043335316405,0.03615240099241402
cube33_cluster0,8,169,cube32_cluster0,True,1.2656273230274395,1.1984047765124,0.017059314504061306
cube33_cluster0,8,169,cube34_cluster0,True,0.9994007951512393,0.6703912257415939,0.08349397650607024
cube34_cluster0,5,80,cube24_cluster0,True,1.1371284157217962,1.0973093280186248,0.010105037306809351
cube34_cluster0,5,80,cube24_cluster0,True,1.5889497690474872,1.3537881095268456,0.059677844964740795
cube34_cluster0,5,80,cube24_cluster0,True,1.5345339894906462,1.5160354620905927,0.004694439784558093
cube34_cluster0,5,80,cube43_cluster0,True,1.4682877678662523,1.2733265844237358,0.04947602131802282
cube34_cluster0,5,80,cube44_cluster0,True,0.9258281371476984,0.7980740026796896,0.03242063968219812
cube34_cluster0,5,80,cube44_cluster0,True,1.0769585168162463,0.8418308445882298,0.05966921988366175
cube34_cluster0,5,80,cube43_cluster0,True,1.375287303004726,1.0178669809326097,0.0907038783930473
cube34_cluster0,5,80,cube24_cluster0,True,0.955318852575945,0.8945602271904826,0.015418941307930843
cube34_cluster0,5,80,cube24_cluster0,True,2.060233354672651,1.8428290173399506,0.055171503570990384
cube34_cluster0,5,80,cube44_cluster0,True,0.8405053731589256,0.8059801507455404,0.008761593512986506
cube34_cluster0,5,80,cube23_cluster0,True,1.3194354197484284,1.1716502694364594,0.037503984732827816
cube34_cluster0,5,80,cube44_cluster0,True,0.8425277452457227,0.7322061909527487,0.027996709271340372
cube34_cluster0,5,80,cube44_cluster0,True,0.9805775530382954,0.9330548211797284,0.01206001960497125
cube34_cluster0,5,80,cube23_cluster0,True,1.0369600025838441,1.0247995964834946,0.0030859912769974607
cube34_cluster0,5,80,cube24_cluster0,True,0.7534034855928696,0.7255275208350258,0.007074186780499221
cube34_cluster0,5,80,cube33_cluster0,True,1.3238843091955255,1.096895703768698,0.05760373876863163
cube34_cluster0,5,80,cube33_cluster0,True,1.5944649146270724,1.4453296202497368,0.03784661579087215
cube34_cluster0,5,80,cube44_cluster0,True,1.0539851680856194,0.7335958722441674,0.08130637776822776
cube34_cluster0,5,80,cube44_cluster0,True,1.2122859663525773,1.2046196103219966,0.0019455195526775263
cube34_cluster0,5,80,cube23_cluster0,True,1.013299220512846,0.9397001725386723,0.018677502886773594
cube34_cluster0,5,80,cube44_cluster0,True,1.1800680531724106,1.1705345398778748,0.0024193549642417883
cube34_cluster0,5,80,cube44_cluster0,True,1.104574601303415,1.0670261990983994,0.009528797041287956
cube34_cluster0,5,80,cube33_cluster0,True,1.3951458487704378,1.3157636297730513,0.020145119608102214
cube34_cluster0,5,80,cube24_cluster0,True,1.1002113941754392,1.027469369970306,0.018460012791984587
cube34_cluster0,5,80,cube24_cluster0,True,0.9953146962909534,0.8959776237562688,0.02520913666819808
cube34_cluster0,5,80,cube33_cluster0,True,1.424213949783157,1.228159829089206,0.04975338005065064
cube34_cluster0,5,80,cube44_cluster0,True,1.6346124395791788,1.4844514547752137,0.03810690904780437
cube34_cluster0,5,80,cube24_cluster0,True,1.4073532419871235,1.3349907173778341,0.01836370577454339
cube34_cluster0,5,80,cube33_cluster0,True,1.5279665698549192,1.378000399603607,0.03805747023752469
cube34_cluster0,5,80,cube24_cluster0,True,0.6586107007975475,0.6030029132177714,0.014111794128272098
cube34_cluster0,5,80,cube24_cluster0,True,0.8942040451902119,0.7334507985493287,0.040794946549402515
cube34_cluster0,5,80,cube24_cluster0,True,1.5780303203653403,1.2733426235417609,0.07732172485415496
cube42_cluster0,6,32,cube50_cluster1,True,0.7375839651883913,0.5341014244849485,0.05163851769835686
cube42_cluster0,6,32,cube32_cluster0,True,1.6597354347173592,1.3945815208594687,0.06728909038684713
cube42_cluster0,6,32,cube42_cluster1,False,1.5255819242639637,1.1357176238745599,0.09893730688647291
cube42_cluster0,6,32,cube50_cluster1,True,1.0374606793728607,0.37374617333768606,0.16843328743621125
cube42_cluster0,6,32,cube50_cluster1,True,2.0556961373996447,1.9595362221014494,0.02440285771365121
cube42_cluster0,6,32,cube50_cluster0,True,1.5994294276270025,1.2388333433717684,0.09150980331973528
cube42_cluster0,6,32,cube32_cluster0,True,1.0372469036599314,0.9924849590333715,0.011359404407969313
cube42_cluster0,6,32,cube32_cluster0,True,1.2162151929868144,1.0365059083827948,0.045605490483374436
cube42_cluster0,6,32,cube43_cluster0,True,1.6436387208440286,1.6008104086118502,0.010868699356448913
cube42_cluster0,6,32,cube33_cluster0,True,1.323829827784622,1.2674322038825099,0.014312233815966016
cube42_cluster0,6,32,cube42_cluster1,False,1.7816181394415302,1.499643435573319,0.07155776454260282
cube42_cluster0,6,32,cube50_cluster1,True,1.3378043456540334,1.3170700872961973,0.0052618095069583756
cube42_cluster0,6,32,cube32_cluster0,True,0.9235305039622259,0.88367360479187,0.01011463286282442
cube43_cluster0,8,144,cube44_cluster0,True,2.1439971615424205,1.3364358407971075,0.2049378261626439
cube43_cluster0,8,144,cube42_cluster0,True,1.2755982575375358,0.573032144182742,0.17829280366422845
cube43_cluster0,8,144,cube50_cluster1,True,0.8973213128177278,0.5341014244849485,0.092175655794483
cube43_cluster0,8,144,cube42_cluster1,False,1.732113387135331,1.6516318827361216,0.020424089334356528
cube43_cluster0,8,144,cube33_cluster0,True,1.4364304661561769,1.1715547764308132,0.0672184844186794
cube43_cluster0,8,144,cube44_cluster0,True,1.8062913205171982,0.9527567625035233,0.21660462478883633
cube43_cluster0,8,144,cube32_cluster0,True,1.7982453497036301,1.3945815208594687,0.10243926431179577
cube43_cluster0,8,144,cube44_cluster0,True,0.940877658850932,0.8418308445882298,0.025135476751907276
cube43_cluster0,8,144,cube42_cluster0,True,1.137320787203457,0.9989946173081111,0.03510354425295358
cube43_cluster0,8,144,cube32_cluster0,True,1.819766533977473,1.6137664694721132,0.05227739903408178
cube43_cluster0,8,144,cube42_cluster1,False,1.8426491160673313,1.1357176238745599,0.17940062201368318
cube43_cluster0,8,144,cube50_cluster1,True,1.3886705909544441,1.0940098720357057,0.07477714154882471
cube43_cluster0,8,144,cube33_cluster0,True,0.945518882755415,0.9361202379463709,0.0023851288893611705
cube43_cluster0,8,144,cube42_cluster0,True,1.731220227953269,1.4296891793927773,0.0765206505377176
cube43_cluster0,8,144,cube42_cluster0,True,0.8378142806965596,0.7610105684763923,0.019490762396960355
cube43_cluster0,8,144,cube44_cluster0,True,1.3056297880754042,0.7517111913480583,0.1405699730388224
cube43_cluster0,8,144,cube50_cluster1,True,1.3749629511594206,0.37374617333768606,0.2540824884666122
cube43_cluster0,8,144,cube44_cluster0,True,1.3580753456044277,0.8059801507455404,0.14010724159596685
cube43_cluster0,8,144,cube50_cluster1,True,2.277930464148327,1.9595362221014494,0.08080008558058278
cube43_cluster0,8,144,cube42_cluster0,True,1.4050165240822443,1.219399438323198,0.04710473505466583
cube43_cluster0,8,144,cube42_cluster0,True,1.1436464517016591,0.7515922965297028,0.09949303444203983
cube43_cluster0,8,144,cube52_cluster0,True,0.8379641124770154,0.7432659479441923,0.02403190381015012
cube43_cluster0,8,144,cube34_cluster0,True,1.1910423932484504,1.1561556020463022,0.008853350163130385
cube43_cluster0,8,144,cube52_cluster0,True,0.8613553213036281,0.6408491742009217,0.05595866132001236
cube43_cluster0,8,144,cube33_cluster0,True,0.9953083769312706,0.8190482706304638,0.04473017973563406
cube43_cluster0,8,144,cube33_cluster0,True,0.8795176367499831,0.7708064784123188,0.027588033127666625
cube43_cluster0,8,144,cube51_cluster0,True,1.0698389876785255,1.0448602531819244,0.006338945930821405
cube43_cluster0,8,144,cube44_cluster0,True,1.1076620285717,0.9330548211797284,0.044310717460087426
cube43_cluster0,8,144,cube50_cluster1,True,1.1846611236671494,0.8177787740820069,0.09310509214585691
cube43_cluster0,8,144,cube33_cluster0,True,1.5885373862778445,1.2928677965488635,0.0750331664294359
cube43_cluster0,8,144,cube34_cluster0,True,1.796068816640448,1.2544566663209653,0.1374469205723089
cube43_cluster0,8,144,cube33_cluster0,True,1.590976840046038,1.5266194808637008,0.01633220530699025
cube43_cluster0,8,144,cube51_cluster0,True,0.8401199524664565,0.6079589438897037,0.058916358665538265
cube43_cluster0,8,144,cube42_cluster0,True,1.4035572050079894,0.9609568243657488,0.1123203372145978
cube43_cluster0,8,144,cube50_cluster0,False,2.0484520276255265,1.6658597770428187,0.0970918518840524
cube43_cluster0,8,144,cube32_cluster0,True,1.4983395969578899,1.0365059083827948,0.11720124497530894
cube43_cluster0,8,144,cube51_cluster0,True,0.7090425311431239,0.6151709517554653,0.02382213823763358
cube43_cluster0,8,144,cube33_cluster0,True,0.7705277148042576,0.6345968387032219,0.034495681678785535
cube43_cluster0,8,144,cube42_cluster0,True,1.4423949368101614,1.3768219067561485,0.016640710604817713
cube43_cluster0,8,144,cube44_cluster0,True,1.3775535171973505,0.7308635365571273,0.1641129105976177
cube43_cluster0,8,144,cube51_cluster0,True,1.2105134382649532,1.1629290284239853,0.012075671854912673
cube43_cluster0,8,144,cube44_cluster0,True,1.2814223683278412,1.086278472621286,0.04952238888571514
cube43_cluster0,8,144,cube44_cluster0,True,1.9644821596942714,1.722549098217444,0.06139624870861183
cube43_cluster0,8,144,cube57_cluster1,False,1.4436492490802189,1.4135244439097034,0.007644883337801237
cube43_cluster0,8,144,cube42_cluster0,True,1.0592699018291156,0.8357549743273421,0.05672221066115278
cube43_cluster0,8,144,cube44_cluster0,True,1.7554926913007385,1.1705345398778748,0.14844699575021855
cube43_cluster0,8,144,cube42_cluster0,True,1.0195263743155467,0.9928989476949449,0.006757340635006039
cube43_cluster0,8,144,cube42_cluster0,True,1.1692090773309622,1.0884828166630844,0.0204862020388064
cube43_cluster0,8,144,cube44_cluster0,True,1.1551244452744682,0.8542042983764866,0.07636561976110934
cube43_cluster0,8,144,cube32_cluster0,True,1.6594973815511729,1.3444193523535124,0.07995851796837479
cube43_cluster0,8,144,cube51_cluster0,True,1.313070913617828,1.142037466826214,0.043403791001565266
cube43_cluster0,8,144,cube44_cluster0,True,1.7196668571470441,1.6500925619524947,0.017656126473231427
cube43_cluster0,8,144,cube50_cluster0,False,1.5733867061774984,1.387155806666641,0.04726050484295737
cube43_cluster0,8,144,cube51_cluster0,True,2.2425319288460566,2.208607106655757,0.00860922772553999
cube43_cluster0,8,144,cube44_cluster0,True,1.6546565869549434,0.6094219821088054,0.26525305539576993
cube43_cluster0,8,144,cube42_cluster0,True,1.6112700202792651,1.300070905174778,0.07897415157822507
cube43_cluster0,8,144,cube33_cluster0,True,1.4949190359438194,1.2674322038825099,0.05773017558622565
cube43_cluster0,8,144,cube51_cluster0,True,0.5685934091801972,0.5021214573141042,0.016868833321106117
cube43_cluster0,8,144,cube33_cluster0,True,1.2593351242429742,1.20195618618106,0.014561265543373232
cube43_cluster0,8,144,cube42_cluster0,True,1.26049373932651,1.091777044862192,0.04281586018626192
cube43_cluster0,8,144,cube52_cluster0,True,1.2681453558930391,0.8347917250388066,0.10997375528707887
cube43_cluster0,8,144,cube44_cluster0,True,1.875152142686381,1.4844514547752137,0.09914956004438989
cube43_cluster0,8,144,cube42_cluster0,True,0.9016128292749497,0.4638660746890485,0.11108861456092421
cube43_cluster0,8,144,cube51_cluster0,True,0.6978291218444679,0.6712538798505066,0.006744097549102745
cube43_cluster0,8,144,cube51_cluster0,True,1.1883244512903117,0.8841427782479752,0.0771933093257604
cube43_cluster0,8,144,cube33_cluster0,True,1.4884625127324882,1.4814669481734069,0.0017752903175147353
cube43_cluster0,8,144,cube42_cluster0,True,1.2497561991599588,1.0271508363506547,0.056491387061705325
cube43_cluster0,8,144,cube50_cluster0,False,2.0994898697649265,2.051342525132461,0.012218529901078558
cube43_cluster0,8,144,cube42_cluster0,True,1.3976168984271535,1.036959293506805,0.0915254156466865
cube43_cluster0,8,144,cube50_cluster1,True,1.608250686482577,1.3170700872961973,0.07389397868005691
cube43_cluster0,8,144,cube34_cluster0,True,1.4575254206273154,1.031284344805948,0.10816877586390355
cube43_cluster0,8,144,cube44_cluster0,True,1.4039811334875343,1.1471358460052619,0.06518057951086155
cube43_cluster0,8,144,cube33_cluster0,True,1.4874505749772293,1.212537826465031,0.06976562598675516
cube43_cluster0,8,144,cube50_cluster1,True,1.3236228748815118,0.6644096111278613,0.16729099051768676
cube43_cluster0,8,144,cube42_cluster0,True,1.5095424508706987,1.49101045730983,0.004702932616088401
cube43_cluster0,8,144,cube32_cluster0,True,1.2465443285693352,0.88367360479187,0.09208704701258509
cube43_cluster0,8,144,cube51_cluster0,True,1.5697714711609247,1.5321303244125752,0.009552333167413643
cube43_cluster0,8,144,cube51_cluster0,True,1.2764719728194545,1.2160970554057027,0.01532156631536548
cube43_cluster0,8,144,cube42_cluster0,True,1.3288466399121803,1.3066982693414035,0.005620673998638902
cube43_cluster0,8,144,cube51_cluster0,True,1.244515587099082,1.1541034216007455,0.022944229967311523
cube43_cluster0,8,144,cube50_cluster1,True,1.017527151301207,0.9386373925753537,0.02002014614178222
cube43_cluster0,8,144,cube51_cluster0,True,1.0870753436840308,0.8088330164257626,0.07061058551209148
cube43_cluster0,8,144,cube44_cluster0,True,1.5170018627769137,1.040859265695172,0.12083246966225397
cube43_cluster0,8,144,cube44_cluster0,True,1.672642641095048,0.9678706418911482,0.1788525994829057
cube43_cluster0,8,144,cube51_cluster0,True,0.9637716424645766,0.8275572213436002,0.03456763794825155
cube43_cluster0,8,144,cube32_cluster0,True,2.1220221138144635,1.976259797026469,0.03699064278040537
cube44_cluster0,5,35,cube43_cluster0,True,1.5992288050334147,1.2354016372696377,0.09232976734398997
cube44_cluster0,5,35,cube43_cluster0,True,1.2822354764155335,1.2733265844237358,0.0022608425037392416
cube44_cluster0,5,35,cube43_cluster0,True,1.4846991517193173,1.2091946572176286,0.06991579555730208
cube44_cluster0,5,35,cube34_cluster0,True,1.1776458609758904,1.1561556020463022,0.0054536625709580445
cube44_cluster0,5,35,cube52_cluster0,True,0.7123737517401182,0.6408491742009217,0.01815105684427305
cube44_cluster0,5,35,cube43_cluster0,True,1.132897146146095,0.9433260381400819,0.048108161919073196
cube44_cluster0,5,35,cube34_cluster0,True,1.3519695336657844,1.2544566663209653,0.02474620136349501
cube44_cluster0,5,35,cube43_cluster0,True,1.647980378732319,1.1379922754045422,0.1294215690869702
cube44_cluster0,5,35,cube34_cluster0,True,1.1289260309303828,1.0597933178461187,0.017544064546255168
cube44_cluster0,5,35,cube52_cluster0,True,1.3691935592242335,1.2748734577818521,0.02393596134000314
cube44_cluster0,5,35,cube51_cluster0,True,1.849435380513145,1.2160970554057027,0.16072461154184417
cube50_cluster0,4,16,cube50_cluster1,False,1.3585788684156843,0.8285070920307265,0.1345182771535493
cube50_cluster0,4,16,cube57_cluster0,True,1.1087375816950278,0.9296999158624184,0.04543505130125041
cube50_cluster0,4,16,cube50_cluster1,False,1.0057800249836373,0.9444471709040276,0.015564665449585053
cube50_cluster0,4,16,cube57_cluster1,False,1.1998061018839536,0.9460526445300019,0.06439595433245725
cube50_cluster0,4,16,cube42_cluster0,True,1.0844449589114615,1.0705668350312256,0.0035219028774266985
cube51_cluster0,13,138,cube50_cluster1,True,0.9082561004672367,0.5341014244849485,0.09495061733965987
cube51_cluster0,13,138,cube43_cluster0,True,1.3028982197083274,1.2354016372696377,0.017128857614956593
cube51_cluster0,13,138,cube42_cluster1,False,1.8119888414666532,1.6516318827361216,0.04069437909923409
cube51_cluster0,13,138,cube52_cluster0,True,1.4590707107786318,0.9972015397518986,0.11721024948842619
cube51_cluster0,13,138,cube43_cluster0,True,1.388984956406181,1.357631459387976,0.007956693016918695
cube51_cluster0,13,138,cube59_cluster3,True,1.963271131453419,1.2290670862944215,0.18632167874983985
cube51_cluster0,13,138,cube52_cluster1,True,1.8594631037512224,1.15297389365126,0.1792883824495504
cube51_cluster0,13,138,cube42_cluster0,True,1.6525181985135708,1.3110819544814587,0.08664753973171911
cube51_cluster0,13,138,cube43_cluster0,True,1.4080445588833816,1.2091946572176286,0.05046287573855604
cube51_cluster0,13,138,cube59_cluster3,True,1.614707764131885,1.2140490526271543,0.10167664455886082
cube51_cluster0,13,138,cube57_cluster1,True,1.7020056550468616,1.4092233148240623,0.07430045843292127
cube51_cluster0,13,138,cube43_cluster0,True,1.0026798215567747,0.7878513118359314,0.05451782626156142
cube51_cluster0,13,138,cube52_cluster1,True,2.216268762778102,1.695100675601327,0.13225875497947004
cube51_cluster0,13,138,cube52_cluster0,True,1.0559879124998208,0.9516293910695234,0.026483448345116862
cube51_cluster0,13,138,cube58_cluster0,True,1.158358830358491,1.144574312117244,0.0034981482278686475
cube51_cluster0,13,138,cube57_cluster1,True,1.6202943913194532,1.1465586641401995,0.12022166937625595
cube51_cluster0,13,138,cube50_cluster1,True,1.1648461482726924,0.37374617333768606,0.2007603694922795
cube51_cluster0,13,138,cube50_cluster0,True,1.1190911904235685,0.37009949589334296,0.19007439527840997
cube51_cluster0,13,138,cube43_cluster0,True,1.2345773717377226,1.1250150116641446,0.027804045743554447
cube51_cluster0,13,138,cube50_cluster1,True,1.2818191788901505,0.8285070920307265,0.11503868655878931
cube51_cluster0,13,138,cube43_cluster0,True,0.7849816178294524,0.5855288284114305,0.05061587279549289
cube51_cluster0,13,138,cube52_cluster0,True,0.8545898556495417,0.7432659479441923,0.028251080207765785
cube51_cluster0,13,138,cube52_cluster1,True,1.4146490776936773,1.281338868734174,0.033830625275903525
cube51_cluster0,13,138,cube52_cluster0,True,1.2763101634576863,0.681385155800199,0.15097632175671208
cube51_cluster0,13,138,cube52_cluster0,True,0.9991908641130874,0.6408491742009217,0.09093769732095443
cube51_cluster0,13,138,cube52_cluster1,True,1.5734695511487786,1.3585063474181893,0.05455200805908608
cube51_cluster0,13,138,cube50_cluster0,True,0.9490010176382345,0.6689624165042568,0.07106643258379236
cube51_cluster0,13,138,cube59_cluster3,True,1.833672080149195,1.525292155746116,0.07825871511656876
cube51_cluster0,13,138,cube52_cluster0,True,1.8084509637446546,0.8618897152944658,0.24021235242934444
cube51_cluster0,13,138,cube59_cluster3,True,1.995520980529576,1.2160266381586158,0.1978151651495023
cube51_cluster0,13,138,cube50_cluster0,True,1.4497619828314465,0.7868811890402589,0.1682217131934402
cube51_cluster0,13,138,cube50_cluster0,True,1.3106091396381943,0.5888248306285238,0.18316987632620768
cube51_cluster0,13,138,cube43_cluster0,True,1.2004096557350992,1.17459764167636,0.0065504103703177795
cube51_cluster0,13,138,cube50_cluster1,True,1.2073391295565623,0.47918111456699736,0.18478735528980378
cube51_cluster0,13,138,cube59_cluster3,True,1.0407104695057754,0.74153698953821,0.07592236162757303
cube51_cluster0,13,138,cube52_cluster1,True,1.511405389460983,0.9586087243770433,0.14028525629199934
cube51_cluster0,13,138,cube52_cluster1,True,1.4015992141919866,0.9966345792022144,0.10276937470328214
cube51_cluster0,13,138,cube50_cluster0,True,2.0454509902497002,1.6658597770428187,0.09633026751858643
cube51_cluster0,13,138,cube50_cluster1,True,1.024341321824205,0.7622974422217389,0.06649984547971143
cube51_cluster0,13,138,cube57_cluster0,True,1.1972865606059102,0.9296999158624184,0.06790645351027376
cube51_cluster0,13,138,cube50_cluster0,True,0.8029330783521421,0.7669512913526024,0.009131231300586958
cube51_cluster0,13,138,cube52_cluster1,True,1.3489964180928922,0.8991240195162906,0.11416578412865784
cube51_cluster0,13,138,cube43_cluster0,True,1.747357632432251,1.743809665679018,0.0009003806584419337
cube51_cluster0,13,138,cube50_cluster0,True,1.3232560352643707,1.3109457336817465,0.0031240308084854633
cube51_cluster0,13,138,cube50_cluster0,True,0.9136660505016466,0.8695915121168997,0.01118495878103195
cube51_cluster0,13,138,cube43_cluster0,True,1.6269986828784149,1.613065155862686,0.003535962736237211
cube51_cluster0,13,138,cube43_cluster0,True,1.7107731679335203,1.6240989571313496,0.02199563536520792
cube51_cluster0,13,138,cube50_cluster1,True,1.1684627966888954,0.9444471709040276,0.056849274718165824
cube51_cluster0,13,138,cube57_cluster1,True,1.546431549677949,1.4135244439097034,0.03372832828666767
cube51_cluster0,13,138,cube52_cluster1,True,1.0366972371259986,0.9007196852140326,0.03450752677213103
cube51_cluster0,13,138,cube57_cluster1,True,1.4484936675512214,0.9460526445300019,0.1275063185763671
cube51_cluster0,13,138,cube50_cluster1,True,1.3521483202328943,0.9022081952324411,0.1141829713139791
cube51_cluster0,13,138,cube43_cluster0,True,1.0722301776717655,0.9074105909948201,0.04182687671497756
cube51_cluster0,13,138,cube57_cluster0,True,1.1869987191012807,0.7276603021327855,0.11656801066157287
cube51_cluster0,13,138,cube57_cluster1,True,1.3680129291731036,1.120440028512052,0.06282749157850943
cube51_cluster0,13,138,cube52_cluster1,True,1.2149144991989562,1.1713111171559087,0.011065391691858438
cube51_cluster0,13,138,cube52_cluster1,True,1.646646816023329,0.7910369884881768,0.21713127361847642
cube51_cluster0,13,138,cube43_cluster0,True,1.393842981091008,1.304017961261256,0.022795227837232472
cube51_cluster0,13,138,cube44_cluster0,True,1.6749076673109204,1.6500925619524947,0.006297421158630045
cube51_cluster0,13,138,cube50_cluster0,True,1.4783720143237518,1.387155806666641,0.023148274722711946
cube51_cluster0,13,138,cube43_cluster0,True,1.7035498106787967,1.6354247688949912,0.017288344069682732
cube51_cluster0,13,138,cube43_cluster0,True,1.5571950162427894,1.3577594526011338,0.05061150134645021
cube51_cluster0,13,138,cube52_cluster0,True,1.6813001701410342,1.124213011127823,0.14137407082092873
cube51_cluster0,13,138,cube59_cluster0,False,2.2062143682630806,1.2691244293489166,0.2378087831431941
cube51_cluster0,13,138,cube50_cluster0,True,1.6776660599435025,1.1845100564225686,0.12515002480227932
cube51_cluster0,13,138,cube43_cluster0,True,1.2169148228460753,0.9423812181819341,0.06966940924874691
cube51_cluster0,13,138,cube52_cluster0,True,1.3762322469850494,0.8347917250388066,0.13740336580461998
cube51_cluster0,13,138,cube57_cluster1,True,1.7800621422570002,1.6202623043800117,0.04055299647762757
cube51_cluster0,13,138,cube43_cluster0,True,0.7294484530647241,0.6802135443436862,0.012494525066274059
cube51_cluster0,13,138,cube52_cluster1,True,1.4444129046139076,0.6050848142835625,0.2129993968888863
cube51_cluster0,13,138,cube58_cluster0,True,1.424685677237148,1.144464641897757,0.0711127295875178
cube51_cluster0,13,138,cube52_cluster1,True,1.1700919413080548,1.1501590955254655,0.005058432070705136
cube51_cluster0,13,138,cube52_cluster0,True,1.3624279987913033,1.2827045109124287,0.020231724675621524
cube51_cluster0,13,138,cube58_cluster0,True,1.2679090114505847,1.0891817057261453,0.045356290067568174
cube51_cluster0,13,138,cube50_cluster0,True,2.0600056074593516,2.051342525132461,0.0021984624750259413
cube51_cluster0,13,138,cube52_cluster0,True,1.103039672596348,0.6397028395384166,0.11758270351574096
cube51_cluster0,13,138,cube50_cluster0,True,1.1360345527121651,0.6057151893532772,0.13458110821655342
cube51_cluster0,13,138,cube43_cluster0,True,1.3532424022189928,1.1654555694179274,0.04765535979447365
cube51_cluster0,13,138,cube52_cluster0,True,1.0476714317928075,0.8348755768020725,0.0540019919452978
cube51_cluster0,13,138,cube50_cluster1,True,1.1729272387815337,0.6644096111278613,0.12904840103107829
cube51_cluster0,13,138,cube57_cluster1,True,1.4447787234428362,0.4558062465541059,0.25097520688733194
cube51_cluster0,13,138,cube52_cluster1,True,1.4126285873069853,0.5216925344103377,0.2260961406151212
cube51_cluster0,13,138,cube43_cluster0,True,0.6967808565516851,0.5613565321757369,0.034367132172126946
cube51_cluster0,13,138,cube52_cluster1,True,0.722193183132029,0.6952715852441169,0.0068319935666081005
cube51_cluster0,13,138,cube50_cluster1,True,1.3276286722159534,0.9778722478089394,0.08875898270887876
cube51_cluster0,13,138,cube50_cluster1,True,1.3709389340766254,1.353453761077902,0.004437277086437169
cube51_cluster0,13,138,cube50_cluster0,True,1.5797631097796196,0.8395226853454607,0.1878535530667067
cube51_cluster0,13,138,cube50_cluster1,True,1.0060434487676568,0.9386373925753537,0.017105884434259908
cube51_cluster0,13,138,cube52_cluster0,True,1.2924805503391712,1.267694737763138,0.006289987420792953
cube51_cluster0,13,138,cube50_cluster1,True,1.095385518601513,1.0820046376635697,0.003395715695041424
cube51_cluster0,13,138,cube52_cluster1,True,1.4065656186015367,0.9042021341230434,0.1274866413333121
cube51_cluster0,13,138,cube43_cluster0,True,1.377953490572181,1.3640457891392523,0.003529408882477172
cube51_cluster0,13,138,cube52_cluster1,True,1.0514026990770933,0.9065780781369288,0.03675268023351338
cube51_cluster0,13,138,cube52_cluster1,True,1.3694116418956306,0.6938916031812025,0.17142922117130563
cube51_cluster0,13,138,cube52_cluster1,True,1.071827660465004,0.9373190178904733,0.03413475621129466
cube51_cluster0,13,138,cube50_cluster0,True,1.367146849046531,0.6756622148997008,0.17548061565917314
cube51_cluster0,13,138,cube50_cluster0,True,1.1348289216426835,0.6972197714870293,0.11105369417521388
cube52_cluster0,5,25,cube43_cluster0,True,1.6299369026696207,1.2354016372696377,0.10012267497030634
cube52_cluster0,5,25,cube51_cluster0,True,1.1052047609181481,0.8183624485977394,0.0727930355606397
cube52_cluster0,5,25,cube43_cluster0,True,1.3991963259769238,1.2091946572176286,0.04821742691547882
cube52_cluster0,5,25,cube44_cluster0,True,1.6107309236347,1.4322324628988772,0.045298215227564685
cube52_cluster0,5,25,cube59_cluster0,False,1.3894700215149116,1.3563751527817622,0.008398607364020474
cube52_cluster0,5,25,cube51_cluster0,True,1.2986526619153658,0.8841427782479752,0.10519170779913617
cube52_cluster0,5,25,cube51_cluster0,True,0.77082663562068,0.7109593952796645,0.015192731225067745
cube52_cluster0,5,25,cube51_cluster0,True,1.2085439678379402,0.8200128911566925,0.09859896977012136
cube52_cluster0,5,25,cube51_cluster0,True,1.2093291692855914,1.0482947018829645,0.040866312983260905
cube52_cluster0,5,25,cube51_cluster0,True,1.7421505068656034,1.2160970554057027,0.13349853196045816
cube52_cluster0,5,25,cube52_cluster1,False,1.1513881007425466,0.9042021341230434,0.0627292978942576
cube52_cluster0,5,25,cube59_cluster2,False,1.620287649791896,1.392618649039257,0.057776405209459154
cube52_cluster1,4,9,cube59_cluster3,True,0.9256598847472981,0.74153698953821,0.04672554878693006
cube57_cluster0,5,32,cube58_cluster0,True,1.3447368449383008,1.0108437329017963,0.08473329119860337
cube57_cluster0,5,32,cube65_cluster0,True,1.7176915433861093,1.696970074400929,0.005258563900510005
cube57_cluster0,5,32,cube58_cluster0,True,1.1262806231270641,0.9867578831164218,0.035407202281118835
cube57_cluster0,5,32,cube50_cluster0,True,0.8998369086788182,0.7513223865911869,0.03768908010865721
cube57_cluster0,5,32,cube65_cluster0,True,1.1095618194163086,0.8460115517679789,0.06688212715114135
cube57_cluster0,5,32,cube50_cluster0,True,0.6572078135520331,0.56393990271678,0.023668943034155353
cube57_cluster0,5,32,cube65_cluster0,True,1.3405523214464183,1.065440147394453,0.06981623494430585
cube57_cluster0,5,32,cube51_cluster0,True,1.3294749368975936,0.9951565588514759,0.08484121252830568
cube57_cluster0,5,32,cube50_cluster0,True,1.2481909146369057,1.1845100564225686,0.01616052715176247
cube57_cluster0,5,32,cube65_cluster0,True,1.565893393016899,1.1519002214671885,0.105060579852033
cube57_cluster0,5,32,cube50_cluster0,True,0.9695535920736946,0.6057151893532772,0.09233261848053129
cube57_cluster0,5,32,cube58_cluster0,True,0.9857493082148341,0.9490001749869736,0.009325963593858535
cube57_cluster0,5,32,cube58_cluster0,True,1.4605539436164032,1.4025945792234817,0.014708562482278614
cube57_cluster0,5,32,cube50_cluster0,True,1.0731337381674801,0.8395226853454607,0.059284341762091644
cube57_cluster0,5,32,cube50_cluster0,True,0.8569739894798856,0.8100702418315654,0.011902937690300154
cube57_cluster0,5,32,cube58_cluster0,True,1.163330049326739,1.1246666748121827,0.009811747692190708
cube57_cluster0,5,32,cube65_cluster0,True,0.9086880917421494,0.8748685009006165,0.008582522776570253
cube57_cluster0,5,32,cube65_cluster0,True,1.0547854301178194,0.9321990429626422,0.03110920131430785
cube57_cluster0,5,32,cube50_cluster0,True,0.9300310656806966,0.6756622148997008,0.06455212500078097
cube58_cluster0,11,194,cube59_cluster3,True,1.5136423842630098,0.9120717692440993,0.15266280214054667
cube58_cluster0,11,194,cube59_cluster3,True,1.6525766795032437,1.1811467527439572,0.1196365178670221
cube58_cluster0,11,194,cube59_cluster3,True,1.0967033542990476,0.9764881696183076,0.03050745248357614
cube58_cluster0,11,194,cube59_cluster3,True,1.4174421085548474,0.8603344960896222,0.14137926136917023
cube58_cluster0,11,194,cube59_cluster0,True,1.8385209142203565,1.3907794331960852,0.11362501329220502
cube58_cluster0,11,194,cube59_cluster0,True,1.7542188998926358,0.5210645997441171,0.3129421321990931
cube58_cluster0,11,194,cube52_cluster0,True,1.3605159061637233,0.9972015397518986,0.09219963184638419
cube58_cluster0,11,194,cube51_cluster0,True,1.7464970153120272,1.5042284558214412,0.06148138928166222
cube58_cluster0,11,194,cube57_cluster1,False,1.7266360170108448,1.2482977870902956,0.12138966353654855
cube58_cluster0,11,194,cube57_cluster0,True,1.8346362379474048,1.1834969052017357,0.1652420391540482
cube58_cluster0,11,194,cube59_cluster0,True,2.0697350295947325,1.3149346314152375,0.19154849150878125
cube58_cluster0,11,194,cube67_cluster0,True,1.560282659184853,1.1053266371676331,0.11545587407004865
cube58_cluster0,11,194,cube59_cluster3,True,1.6664419048773962,1.2140490526271543,0.11480540898877717
cube58_cluster0,11,194,cube57_cluster0,True,1.2404839573199016,0.9775976866041075,0.0667136221912865
cube58_cluster0,11,194,cube57_cluster0,True,1.0414121538152041,0.9410311291434816,0.025474064266990133
cube58_cluster0,11,194,cube58_cluster2,False,1.5253545442713248,1.3306845554362638,0.04940212378441244
cube58_cluster0,11,194,cube52_cluster0,True,1.2116238876740058,0.9516293910695234,0.06597976596897676
cube58_cluster0,11,194,cube59_cluster1,True,1.5936847142076822,1.220183762068584,0.09478471941972184
cube58_cluster0,11,194,cube59_cluster0,True,1.5943705144114895,1.5206944380858196,0.018697050656711317
cube58_cluster0,11,194,cube66_cluster0,True,1.6125301579027573,1.3667956501013085,0.062360955816330756
cube58_cluster0,11,194,cube51_cluster0,True,1.3900383771470382,0.9298325982090205,0.11678812431977287
cube58_cluster0,11,194,cube59_cluster0,True,1.8638548605790448,1.042361310170491,0.20847345966493713
cube58_cluster0,11,194,cube59_cluster3,True,1.7662090111055981,1.325463470038213,0.11184962770859953
cube58_cluster0,11,194,cube59_cluster0,True,1.4657390265248722,1.1565331610340392,0.07846831724425177
cube58_cluster0,11,194,cube59_cluster1,True,1.8311441072320904,1.4888830591564755,0.08685685330747286
cube58_cluster0,11,194,cube59_cluster1,True,0.8347292272245141,0.8337627052347718,0.00024527786364678773
cube58_cluster0,11,194,cube51_cluster0,True,0.987736462768108,0.7666010548893751,0.05611835115682779
cube58_cluster0,11,194,cube50_cluster1,False,1.6647637660303596,0.8285070920307265,0.21221995219547823
cube58_cluster0,11,194,cube59_cluster1,True,1.6122330911096037,1.022402320717639,0.14968353830568026
cube58_cluster0,11,194,cube65_cluster1,False,1.0913683463186576,1.0828038632784067,0.002173440569015815
cube58_cluster0,11,194,cube59_cluster1,True,1.0968934057732604,1.0452866061935153,0.013096448590830548
cube58_cluster0,11,194,cube59_cluster1,True,1.5094706101533686,1.248438610368275,0.06624305699222073
cube58_cluster0,11,194,cube66_cluster0,True,1.1938371753899144,1.0550386923838795,0.035223404899676236
cube58_cluster0,11,194,cube52_cluster0,True,1.4375860268119172,1.3083903844803892,0.032786456469551584
cube58_cluster0,11,194,cube59_cluster1,True,1.2463924235240316,1.0735496863253662,0.043862941326615314
cube58_cluster0,11,194,cube59_cluster1,True,1.644427165085518,1.5414462473803427,0.026133848747553742
cube58_cluster0,11,194,cube59_cluster1,True,1.1268767040286354,1.086292601887816,0.010299177852928991
cube58_cluster0,11,194,cube67_cluster0,True,0.9914745980045654,0.688779171035174,0.07681613915736867
cube58_cluster0,11,194,cube59_cluster1,True,1.0225852543960987,0.4348706372796508,0.1491465142544155
cube58_cluster0,11,194,cube57_cluster0,True,1.4906656899538469,1.3633846140555945,0.032300589857568056
cube58_cluster0,11,194,cube57_cluster0,True,0.9814421041088933,0.7173734538587044,0.0670136790231992
cube58_cluster0,11,194,cube59_cluster0,True,1.87883285827104,0.44371958214196944,0.3641940092370983
cube58_cluster0,11,194,cube59_cluster3,True,1.6648518835886177,1.525292155746116,0.0354165888201481
cube58_cluster0,11,194,cube65_cluster0,True,2.054846942433353,1.6164109407725857,0.11126352734288071
cube58_cluster0,11,194,cube59_cluster3,True,1.8048934004464237,1.4565387938955532,0.0884032382016395
cube58_cluster0,11,194,cube59_cluster3,True,1.224928635630043,0.9594818382183237,0.0673634165306316
cube58_cluster0,11,194,cube51_cluster0,True,1.0697180022043702,0.4525373533567212,0.15662421821757536
cube58_cluster0,11,194,cube51_cluster0,True,1.002502418283106,0.7076002301180078,0.07483842009345389
cube58_cluster0,11,194,cube59_cluster3,True,1.713407561010418,1.2160266381586158,0.12622219822259814
cube58_cluster0,11,194,cube52_cluster0,True,1.8594810149415395,1.6953772194159042,0.04164522774446895
cube58_cluster0,11,194,cube59_cluster3,True,0.9980465263633332,0.74153698953821,0.0650953748235626
cube58_cluster0,11,194,cube67_cluster0,True,1.2125273105350383,0.7050492213469168,0.12878459350604002
cube58_cluster0,11,194,cube59_cluster0,True,1.3935889524789218,1.3909699301382938,0.000664638995667011
cube58_cluster0,11,194,cube57_cluster0,True,1.5247836374213597,1.4122089325144174,0.02856849964438293
cube58_cluster0,11,194,cube59_cluster1,True,0.9832095051885561,0.9245258928231772,0.01489235757159906
cube58_cluster0,11,194,cube59_cluster0,True,1.59078314723138,1.176233050126643,0.10520191291201195
cube58_cluster0,11,194,cube59_cluster1,True,1.2693581884228295,0.9749189306050757,0.07472094054532259
cube58_cluster0,11,194,cube66_cluster0,True,1.8763098977161727,1.776636201643113,0.025294562869797376
cube58_cluster0,11,194,cube57_cluster0,True,1.3673658262121595,0.7235305815819139,0.16338845367140797
cube58_cluster0,11,194,cube57_cluster0,True,1.331659429058051,1.1654520070352024,0.04217907282882635
cube58_cluster0,11,194,cube59_cluster1,True,1.0334209073318041,1.0188481347953444,0.003698186438682362
cube58_cluster0,11,194,cube59_cluster1,True,0.9996950368544416,0.8797854898515023,0.030429889678532357
cube58_cluster0,11,194,cube59_cluster1,True,1.545043498945927,1.2852990989504363,0.06591629802659177
cube58_cluster0,11,194,cube59_cluster1,True,1.6402919321593463,1.2845967368447941,0.0902660865889229
cube58_cluster0,11,194,cube57_cluster0,True,1.1386558077391549,0.9296999158624184,0.05302751028933969
cube58_cluster0,11,194,cube50_cluster0,True,1.05983893909614,0.7669512913526024,0.07432718271233418
cube58_cluster0,11,194,cube58_cluster2,False,1.7606241804072484,1.1992343807509933,0.1424659678663824
cube58_cluster0,11,194,cube65_cluster0,True,1.4166478313227677,1.063265009641923,0.08967926697090252
cube58_cluster0,11,194,cube52_cluster1,True,1.1816346043379753,0.8991240195162906,0.07169375703613318
cube58_cluster0,11,194,cube51_cluster0,True,1.1487324267521037,0.624074764324235,0.13314431741023391
cube58_cluster0,11,194,cube66_cluster0,True,1.8912714994468118,1.6380793611556397,0.06425350631574994
cube58_cluster0,11,194,cube51_cluster0,True,1.2323175486302886,0.6127974009269652,0.15721792150359878
cube58_cluster0,11,194,cube51_cluster0,True,1.0022182303127989,0.8455060768889232,0.039769423362569105
cube58_cluster0,11,194,cube59_cluster0,True,1.6882495648007025,1.4073742754935858,0.07127876203912195
cube58_cluster0,11,194,cube67_cluster0,True,1.6810789302136968,1.4103925063357687,0.06869309593738926
cube58_cluster0,11,194,cube59_cluster3,True,1.8848774057659958,1.4508618234366355,0.11014174116363454
cube58_cluster0,11,194,cube59_cluster3,True,1.2205594045601595,1.1882444142593325,0.008200694726942022
cube58_cluster0,11,194,cube65_cluster0,True,2.116772463285703,1.2457166548208034,0.22105105738396258
cube58_cluster0,11,194,cube58_cluster2,False,1.7037917720665425,1.4338206531423585,0.06851157035103703
cube58_cluster0,11,194,cube65_cluster0,True,1.3809684541722962,0.8460115517679789,0.13575799366945934
cube58_cluster0,11,194,cube59_cluster1,True,1.255321681199076,1.2362420005337262,0.004841921200269287
cube58_cluster0,11,194,cube51_cluster0,True,1.1023994401257164,0.5852452381534994,0.13124013647068694
cube58_cluster0,11,194,cube51_cluster0,True,1.483232464287713,1.4582304466214733,0.0063448545869808325
cube58_cluster0,11,194,cube52_cluster1,True,1.252194464665104,0.9007196852140326,0.08919505603019601
cube58_cluster0,11,194,cube57_cluster0,True,1.383141461116284,1.1194217752808198,0.06692512103171964
cube58_cluster0,11,194,cube59_cluster0,True,1.527376601105705,0.9655157346859903,0.14258551222295437
cube58_cluster0,11,194,cube57_cluster0,True,1.0983523297422373,0.7276603021327855,0.09407188824248147
cube58_cluster0,11,194,cube50_cluster0,True,1.2584414173115523,0.56393990271678,0.17624622057970504
cube58_cluster0,11,194,cube65_cluster0,True,1.7436995462796452,1.065440147394453,0.1721243987436475
cube58_cluster0,11,194,cube59_cluster1,True,1.2745479075205421,0.9864562325248344,0.07311009095220826
cube58_cluster0,11,194,cube57_cluster0,True,0.9936534772546847,0.7861835901784173,0.05265040134955747
cube58_cluster0,11,194,cube57_cluster1,False,1.7988226703735406,1.7808979437806791,0.00454882422936065
cube58_cluster0,11,194,cube59_cluster1,True,0.9067421271576048,0.7884153267717442,0.03002823020978635
cube58_cluster0,11,194,cube59_cluster3,True,1.4293082576156906,0.7724320391720637,0.1666979098770268
cube58_cluster0,11,194,cube66_cluster0,True,1.3774509685786587,1.234150435117628,0.036365906911374674
cube58_cluster0,11,194,cube59_cluster0,True,2.1338970588930004,1.2691244293489166,0.2194565518073031
cube58_cluster0,11,194,cube51_cluster0,True,1.2111841509423933,0.9951565588514759,0.05482212183392257
cube58_cluster0,11,194,cube50_cluster0,True,1.6944390471392268,1.1845100564225686,0.1294065678607967
cube58_cluster0,11,194,cube58_cluster2,False,1.7711332732023928,1.6872251643582097,0.021293671430517434
cube58_cluster0,11,194,cube58_cluster2,False,1.4609694563556723,1.2187696827834937,0.061463933224485026
cube58_cluster0,11,194,cube59_cluster3,True,1.2932814598092732,0.3846673182645213,0.23058237462012454
cube58_cluster0,11,194,cube59_cluster0,True,1.2810881024181662,0.9884430141896816,0.07426562748618225
cube58_cluster0,11,194,cube59_cluster3,True,1.6626262652967154,0.8902891753678042,0.19599884269931725
cube58_cluster0,11,194,cube65_cluster0,True,1.9145274263553713,1.360584391367018,0.14057617482679494
cube58_cluster0,11,194,cube59_cluster3,True,1.2869768561641368,0.49124708900524583,0.20193528900560137
cube58_cluster0,11,194,cube51_cluster0,True,0.9159649021368884,0.8666978788611924,0.012502674895705888
cube58_cluster0,11,194,cube58_cluster2,False,1.7654752630414403,1.2663239949847642,0.12667146527950654
cube58_cluster0,11,194,cube59_cluster1,True,1.184395842530991,0.7810508716508343,0.10235834654577713
cube58_cluster0,11,194,cube57_cluster0,True,1.2258515949218747,1.2249038154356156,0.0002405215091483442
cube58_cluster0,11,194,cube51_cluster0,True,0.891379785995307,0.6533014115453537,0.060418030510771645
cube58_cluster0,11,194,cube65_cluster0,True,1.998639759406773,1.1519002214671885,0.21488022738774434
cube58_cluster0,11,194,cube57_cluster0,True,1.2966696419030646,0.7591749884079958,0.1364020081591584
cube58_cluster0,11,194,cube57_cluster0,True,1.2137359794611944,1.1099989280175817,0.026325735605756143
cube58_cluster0,11,194,cube59_cluster0,True,1.5658538898618606,1.226981903416917,0.08599679859029052
cube58_cluster0,11,194,cube50_cluster0,True,1.4558403301967264,0.6057151893532772,0.2157394043710199
cube58_cluster0,11,194,cube65_cluster1,False,1.8119369325869483,1.7268199212723683,0.02160045908609404
cube58_cluster0,11,194,cube59_cluster0,True,1.6572423484161283,1.3902329928372266,0.06775995270170464
cube58_cluster0,11,194,cube52_cluster0,True,1.2230051786282852,0.8348755768020725,0.09849708600979727
cube58_cluster0,11,194,cube67_cluster0,True,1.226255521928052,0.9167770761104825,0.0785374909629293
cube58_cluster0,11,194,cube57_cluster0,True,1.0009199357971603,0.9723616385886048,0.007247344812684353
cube58_cluster0,11,194,cube57_cluster0,True,1.475713966366718,1.452286286612341,0.005945329026488657
cube58_cluster0,11,194,cube59_cluster1,True,1.2305287167856296,1.1115059831181584,0.030204839775182415
cube58_cluster0,11,194,cube66_cluster0,True,1.178217862580298,1.1671749845120882,0.0028023920509087433
cube58_cluster0,11,194,cube66_cluster0,True,1.1902893798657836,1.1463929179930483,0.011139767645294285
cube58_cluster0,11,194,cube65_cluster1,False,1.2068705622220692,0.93161746934724,0.0698519964357013
cube58_cluster0,11,194,cube66_cluster0,True,1.828869109207331,1.6209118068582955,0.05277409452786298
cube58_cluster0,11,194,cube51_cluster0,True,1.3905735715277525,1.2836138243086093,0.02714357104395077
cube58_cluster0,11,194,cube66_cluster0,True,1.5685670210705416,1.404565705117649,0.04161922112388864
cube58_cluster0,11,194,cube57_cluster0,True,1.553949133587655,1.2127211230257802,0.08659469555304378
cube58_cluster0,11,194,cube59_cluster1,True,1.9154572470459033,1.5515723045681207,0.09234442904705983
cube58_cluster0,11,194,cube50_cluster0,True,1.7649561548312993,0.8395226853454607,0.23485067774115773
cube58_cluster0,11,194,cube51_cluster0,True,1.3622236623826782,1.226068293829557,0.03455265195947933
cube58_cluster0,11,194,cube57_cluster1,False,1.3858526177780748,1.1065136358634946,0.0708888876243178
cube58_cluster0,11,194,cube59_cluster1,True,1.3167786260427317,0.9439969411912763,0.09460218829722655
cube58_cluster0,11,194,cube59_cluster1,True,1.4112572663116167,1.1115382675771346,0.07606079994470252
cube58_cluster0,11,194,cube59_cluster1,True,1.2516580822075891,1.1944763508493097,0.014511219668082507
cube58_cluster0,11,194,cube50_cluster1,False,1.1390095224566774,1.0820046376635697,0.014466340660507988
cube58_cluster0,11,194,cube59_cluster1,True,1.0790479274505282,0.9216965387765712,0.0399316444585935
cube58_cluster0,11,194,cube52_cluster1,True,1.5240099059376357,0.9042021341230434,0.157290912939173
cube58_cluster0,11,194,cube67_cluster0,True,1.4485226254790617,1.2359628485776555,0.053942081534547784
cube58_cluster0,11,194,cube57_cluster0,True,1.7726531412678141,1.5648642938410078,0.05273134509858598
cube58_cluster0,11,194,cube59_cluster1,True,1.419244189953654,1.143275581568022,0.07003357545589788
cube58_cluster0,11,194,cube52_cluster1,True,1.0371591934012234,0.9065780781369288,0.033138053065072455
cube58_cluster0,11,194,cube50_cluster0,True,1.6433408378554029,0.8100702418315654,0.21146216413234153
cube58_cluster0,11,194,cube65_cluster0,True,1.4825774837157513,0.8748685009006165,0.15422055846199104
cube58_cluster0,11,194,cube58_cluster2,False,1.475290482224053,1.0715722954527411,0.10245305892421556
cube58_cluster0,11,194,cube65_cluster0,True,1.5026387306168851,0.9321990429626422,0.14476259144861556
cube58_cluster0,11,194,cube50_cluster0,True,1.5402516367752588,0.6756622148997008,0.21941005851898
cube58_cluster0,11,194,cube57_cluster0,True,1.7550257134270575,1.4938953608748415,0.06626801633806029
cube58_cluster0,11,194,cube59_cluster1,True,1.1641721585817324,0.9682782327522895,0.04971272680680234
cube58_cluster1,2,5,cube57_cluster1,True,1.1465586641401995,1.1465586641401995,0.0
cube58_cluster1,2,5,cube57_cluster1,True,0.5522935515937741,0.5522935515937741,0.0
cube58_cluster1,2,5,cube57_cluster1,True,1.023806908257737,1.023806908257737,0.0
cube58_cluster1,2,5,cube57_cluster1,True,0.421404483176282,0.421404483176282,0.0
cube58_cluster1,2,5,cube57_cluster1,True,0.4558062465541059,0.4558062465541059,0.0
cube59_cluster1,7,54,cube67_cluster1,True,1.471291486388066,1.112020432305271,0.09117354550727721
cube59_cluster1,7,54,cube67_cluster1,True,1.9635396387513326,0.668801497639765,0.3285704915193057
cube59_cluster1,7,54,cube67_cluster0,True,1.2496729686073023,1.1053266371676331,0.03663130293622348
cube59_cluster1,7,54,cube66_cluster0,True,1.4035688781892213,1.3667956501013085,0.009332078235699294
cube59_cluster1,7,54,cube52_cluster0,True,1.3640942563911103,1.3083903844803892,0.014136177804664604
cube59_cluster1,7,54,cube67_cluster0,True,0.6898091983495929,0.688779171035174,0.00026139384500277636
cube59_cluster1,7,54,cube59_cluster3,False,1.1467362385952762,0.9594818382183237,0.04752024244700646
cube59_cluster1,7,54,cube59_cluster3,False,1.6452801848040792,1.2160266381586158,0.10893326173786651
cube59_cluster1,7,54,cube52_cluster0,True,1.7669474918291497,1.6953772194159042,0.018162653001634475
cube59_cluster1,7,54,cube67_cluster0,True,0.9394099630396409,0.7050492213469168,0.059474593082348946
cube59_cluster1,7,54,cube52_cluster1,True,1.3071609598571008,0.9254638609138307,0.09686468593843359
cube59_cluster1,7,54,cube52_cluster1,True,1.1809359221303255,0.8991240195162906,0.07151644986559891
cube59_cluster1,7,54,cube67_cluster0,True,1.399451720725081,1.373753453838592,0.006521544329294895
cube59_cluster1,7,54,cube58_cluster0,True,1.3806411397786593,1.276332742148374,0.02647072824281672
cube59_cluster1,7,54,cube67_cluster0,True,1.4249001433207609,1.4103925063357687,0.0036816567486380783
cube59_cluster1,7,54,cube59_cluster3,False,1.699600107464936,1.4508618234366355,0.06312323523016139
cube59_cluster1,7,54,cube52_cluster0,True,1.493880295451357,1.430130085900944,0.016178126697074708
cube59_cluster1,7,54,cube66_cluster0,True,1.2574268410223643,1.234150435117628,0.005906939701611112
cube59_cluster1,7,54,cube58_cluster2,False,1.574696633082559,1.2187696827834937,0.09032489990935859
cube59_cluster1,7,54,cube59_cluster0,False,1.4366778538668152,1.226981903416917,0.05321531769333576
cube59_cluster1,7,54,cube52_cluster0,True,1.1381170513413765,0.8348755768020725,0.07695471167079221
cube59_cluster1,7,54,cube67_cluster0,True,1.0445420762908253,0.9167770761104825,0.03242339711424474
cube59_cluster1,7,54,cube66_cluster0,True,1.8413639893037264,1.6209118068582955,0.05594496650914466
cube59_cluster1,7,54,cube67_cluster0,True,1.1324393753866675,1.0329427879368929,0.025249617358765207
cube59_cluster2,2,10,cube68_cluster0,True,0.9967615660310876,0.8194797079876157,0.04498947345815462
cube59_cluster2,2,10,cube68_cluster0,True,1.073500685688029,1.01253013527219,0.015472722307489768
cube65_cluster0,5,52,cube72_cluster0,True,1.0968598761424382,0.9537172882403261,0.03632582448213334
cube65_cluster0,5,52,cube58_cluster0,True,1.8055308244865906,1.0108437329017963,0.20167068536491306
cube65_cluster0,5,52,cube58_cluster0,True,1.5375948245791888,0.9867578831164218,0.1397879299732598
cube65_cluster0,5,52,cube77_cluster1,False,1.8207915953013325,1.0346396259432413,0.19950469579825245
cube65_cluster0,5,52,cube72_cluster0,True,1.019373111362535,0.8909552158927686,0.032589084769025965
cube65_cluster0,5,52,cube57_cluster0,True,1.1730427462624906,1.1124397926439054,0.015379435907314014
cube65_cluster0,5,52,cube65_cluster2,False,2.1640512964287058,2.0821640269424293,0.02078083554500093
cube65_cluster0,5,52,cube72_cluster0,True,1.2486659757001302,1.226090931581348,0.005728952524570071
cube65_cluster0,5,52,cube66_cluster0,True,1.4908243561409278,1.0399869883891881,0.1144106679287936
cube65_cluster0,5,52,cube66_cluster0,True,1.4720994332085162,1.2380495251712038,0.05939571167483
cube65_cluster0,5,52,cube57_cluster1,False,1.5528393246283634,1.476258954351454,0.0194340840851512
cube65_cluster0,5,52,cube72_cluster0,True,1.5341939193044614,1.2616000407943597,0.06917715776127743
cube65_cluster0,5,52,cube57_cluster0,True,1.581441654378758,1.1341323965257748,0.11351532641782729
cube65_cluster0,5,52,cube72_cluster0,True,1.383613299963409,1.1613686624286559,0.05639984447328594
cube65_cluster0,5,52,cube72_cluster0,True,1.4986617840154406,1.40215032553631,0.024492070128179305
cube65_cluster0,5,52,cube65_cluster1,False,2.2751959206782737,1.0240387073026067,0.31751079814010347
cube65_cluster0,5,52,cube66_cluster0,True,1.4366194112174167,1.1549404640567256,0.071482709267969
cube65_cluster0,5,52,cube65_cluster2,False,1.2912981294717012,0.9712445812055286,0.08122117386302634
cube65_cluster0,5,52,cube58_cluster0,True,1.4556634562483248,0.9490001749869736,0.12857781668183765
cube65_cluster0,5,52,cube57_cluster0,True,1.3963641592755218,1.2468180589729627,0.03795086753142398
cube65_cluster0,5,52,cube58_cluster0,True,1.8129625953599184,1.4025945792234817,0.10414061074156049
cube65_cluster0,5,52,cube72_cluster0,True,1.3453530830525449,1.0775765243002124,0.06795464869140713
cube65_cluster0,5,52,cube72_cluster0,True,1.2147219803401121,1.2103759497551965,0.0011029082716430374
cube65_cluster0,5,52,cube66_cluster0,True,1.0218824383782323,0.7229287366588992,0.07586658768784423
cube65_cluster0,5,52,cube65_cluster2,False,1.5100614320760568,1.4621069062661554,0.012169597554612254
cube66_cluster0,14,381,cube59_cluster3,True,1.767190873646426,0.9120717692440993,0.21700674099227762
cube66_cluster0,14,381,cube59_cluster3,True,1.7510241970779625,1.1811467527439572,0.1446199088796713
cube66_cluster0,14,381,cube59_cluster3,True,1.634703896700173,1.470837567524076,0.041584965029785925
cube66_cluster0,14,381,cube65_cluster0,True,1.4831620998927846,1.0795265755174404,0.1024320813819537
cube66_cluster0,14,381,cube59_cluster3,True,1.2013738092708275,0.9764881696183076,0.057070061358372184
cube66_cluster0,14,381,cube72_cluster0,True,1.609938066796559,0.9537172882403261,0.16653157647019792
cube66_cluster0,14,381,cube58_cluster0,True,1.1734152147637844,1.0108437329017963,0.04125636683303087
cube66_cluster0,14,381,cube72_cluster1,True,1.2508975415770383,1.1239104352276463,0.03222598811680382
cube66_cluster0,14,381,cube65_cluster2,True,1.8757675868815753,1.3320608756266061,0.13797846505550385
cube66_cluster0,14,381,cube59_cluster3,True,1.702562483393312,0.8603344960896222,0.21373531447996708
cube66_cluster0,14,381,cube59_cluster3,True,1.4351702766072292,1.2044384864707134,0.05855366061062967
cube66_cluster0,14,381,cube73_cluster0,True,1.6487441527679254,1.5137162795322412,0.03426652329849934
cube66_cluster0,14,381,cube58_cluster0,True,0.9208239485225655,0.8155733928532398,0.026709823176492373
cube66_cluster0,14,381,cube59_cluster3,True,1.4685957375802263,0.7803999903462936,0.17464598265099252
cube66_cluster0,14,381,cube65_cluster1,True,1.6857835989475654,0.7754875597082745,0.23100919602488007
cube66_cluster0,14,381,cube59_cluster0,True,1.7894004687174507,0.5210645997441171,0.32187028917086924
cube66_cluster0,14,381,cube67_cluster2,True,2.2876777098272907,1.2311660627354486,0.2681148721569367
cube66_cluster0,14,381,cube58_cluster0,True,1.5987504763132732,1.4689604638717841,0.03293729197286551
cube66_cluster0,14,381,cube67_cluster0,True,1.1632852056958585,0.8575688487680861,0.07758277173715694
cube66_cluster0,14,381,cube73_cluster0,True,1.8503408143153768,1.7398584445107512,0.028037520019112062
cube66_cluster0,14,381,cube65_cluster0,True,1.9220395546895006,1.0254719191159605,0.22752528820058554
cube66_cluster0,14,381,cube58_cluster0,True,1.435757059426549,1.1010812106087233,0.0849319292094896
cube66_cluster0,14,381,cube65_cluster1,True,1.8697186593785906,1.4829327956127432,0.09815608062735881
cube66_cluster0,14,381,cube72_cluster0,True,1.7111078939988467,1.2254682239438328,0.12324257703125736
cube66_cluster0,14,381,cube59_cluster0,True,2.5933800256409913,1.612847342632021,0.24883340914820493
cube66_cluster0,14,381,cube59_cluster0,True,2.354546030634859,1.6599134609709392,0.17627947890980178
cube66_cluster0,14,381,cube67_cluster2,True,1.351271113084872,0.8119279477228887,0.13687111185928572
cube66_cluster0,14,381,cube72_cluster0,True,1.809351133781333,1.6524797918337346,0.03980982122359058
cube66_cluster0,14,381,cube57_cluster1,False,1.949378713134728,1.222330458312213,0.18450572734359752
cube66_cluster0,14,381,cube74_cluster0,True,0.978009493947778,0.9470114942916056,0.007866477135214175
cube66_cluster0,14,381,cube67_cluster3,False,1.7591714651981605,0.7386092380138861,0.25899185477311065
cube66_cluster0,14,381,cube65_cluster2,True,2.0920584895527767,1.280422800521168,0.20597179368700336
cube66_cluster0,14,381,cube67_cluster0,True,1.3658972038553696,0.9761987120134596,0.09889522903751005
cube66_cluster0,14,381,cube65_cluster0,True,1.6217302986771889,1.6006308151930262,0.0053544940394224605
cube66_cluster0,14,381,cube67_cluster3,False,2.8901997552887635,1.7939369883305227,0.278202661014174
cube66_cluster0,14,381,cube65_cluster0,True,1.5342475856970321,0.7714399957003154,0.1935805062208953
cube66_cluster0,14,381,cube73_cluster0,True,1.3592181600277238,1.3046103254439863,0.013858032354387458
cube66_cluster0,14,381,cube67_cluster0,True,1.5108517514889508,1.1053266371676331,0.10291160961828526
cube66_cluster0,14,381,cube65_cluster1,True,1.2261973162989837,0.886760302821395,0.08614018759223843
cube66_cluster0,14,381,cube67_cluster1,False,2.2409426753855346,1.2897335335083862,0.24139186555198588
cube66_cluster0,14,381,cube65_cluster2,True,2.2450248610781496,0.7648787153515902,0.37562216727797326
cube66_cluster0,14,381,cube65_cluster1,True,1.873728413444708,0.6735683076978772,0.3045690733328895
cube66_cluster0,14,381,cube72_cluster1,True,1.6191213379294456,1.2933467876113336,0.08267301373434956
cube66_cluster0,14,381,cube67_cluster2,True,1.3611403987341806,1.002522107111429,0.09100789156109959
cube66_cluster0,14,381,cube65_cluster2,True,2.4197992945635587,0.44468993190040496,0.5012308153195079
cube66_cluster0,14,381,cube67_cluster0,True,1.6492086482255204,1.430058671666494,0.05561450090025488
cube66_cluster0,14,381,cube67_cluster2,True,2.283544095885075,1.4402239809677269,0.21401246774781896
cube66_cluster0,14,381,cube65_cluster2,True,1.7756177579335322,1.3610653648788427,0.10520249556373155
cube66_cluster0,14,381,cube67_cluster3,False,1.5010288971412684,1.4733536421517932,0.0070232519195017815
cube66_cluster0,14,381,cube58_cluster0,True,1.4988565300502632,1.34145836763092,0.03994351440512844
cube66_cluster0,14,381,cube65_cluster0,True,1.468250732301814,0.8888418779447437,0.14703873008892507
cube66_cluster0,14,381,cube58_cluster0,True,1.2609366273888694,0.9867578831164218,0.06957935501336353
cube66_cluster0,14,381,cube78_cluster1,False,1.304651470841695,0.9094718238348756,0.1002862020763376
cube66_cluster0,14,381,cube67_cluster0,True,1.8398524156040483,1.0666925260965416,0.19620764759459042
cube66_cluster0,14,381,cube58_cluster0,True,1.1124985608065012,1.0125973199068374,0.025352307762873418
cube66_cluster0,14,381,cube59_cluster0,True,1.5994065757088174,1.5206944380858196,0.019975070576912158
cube66_cluster0,14,381,cube73_cluster0,True,1.3204794652255554,1.0915738444417333,0.058090226853053845
cube66_cluster0,14,381,cube58_cluster0,True,1.398612371266405,1.0724186137602807,0.08277939749446289
cube66_cluster0,14,381,cube77_cluster1,False,2.5647940748129834,1.0346396259432413,0.3883129595100576
cube66_cluster0,14,381,cube74_cluster0,True,1.141350523071698,0.9965792840975922,0.036739133294353084
cube66_cluster0,14,381,cube67_cluster0,True,1.3860734875747702,0.7054196606074311,0.17273204162283481
cube66_cluster0,14,381,cube67_cluster0,True,1.3685851867484042,1.0816284403407597,0.0728220759226216
cube66_cluster0,14,381,cube65_cluster1,True,1.7279411316434874,0.7255373035835083,0.2543837306003329
cube66_cluster0,14,381,cube73_cluster0,True,1.02433759446466,0.9792495421266014,0.011442161969249897
cube66_cluster0,14,381,cube65_cluster1,True,2.091929372617977,1.6773494391166384,0.10520948460483939
cube66_cluster0,14,381,cube65_cluster0,True,1.6006714453767106,0.9846239261288047,0.156336659723915
cube66_cluster0,14,381,cube59_cluster0,True,1.768733798194157,1.042361310170491,0.18433423550119332
cube66_cluster0,14,381,cube59_cluster0,True,1.9410075413982455,1.131176184114877,0.205513901739158
cube66_cluster0,14,381,cube72_cluster0,True,1.467359820244971,0.8909552158927686,0.14627633044269323
cube66_cluster0,14,381,cube74_cluster0,True,1.1249536565753324,0.8883654530485429,0.06003986431860917
cube66_cluster0,14,381,cube67_cluster0,True,1.2451632253104978,0.9665349398452837,0.07070853155518343
cube66_cluster0,14,381,cube59_cluster3,True,1.848084482306324,1.325463470038213,0.13262746915899606
cube66_cluster0,14,381,cube65_cluster1,True,2.270224685831126,1.7509313802218545,0.13178298472016717
cube66_cluster0,14,381,cube73_cluster0,True,1.133950769465498,0.8675294339237801,0.06761072867986898
cube66_cluster0,14,381,cube67_cluster0,True,1.1292902234893314,1.1226026538430192,0.0016971293082259282
cube66_cluster0,14,381,cube65_cluster1,True,2.441570474182946,1.7711660624402177,0.17013100957534708
cube66_cluster0,14,381,cube67_cluster0,True,1.7651083701833412,1.1187417773405732,0.16403084327899373
cube66_cluster0,14,381,cube72_cluster1,True,1.6055571454890185,0.4027962759249631,0.3052290787954748
cube66_cluster0,14,381,cube65_cluster1,True,1.1807323258257056,0.845488516785613,0.08507606257782728
cube66_cluster0,14,381,cube73_cluster0,True,1.326315243678628,1.1059919846890598,0.05591224912644304
cube66_cluster0,14,381,cube65_cluster1,True,1.2692343946627203,1.0828038632784067,0.047311166162572214
cube66_cluster0,14,381,cube65_cluster0,True,1.6678167888205504,1.4058941092170718,0.06646908810725519
cube66_cluster0,14,381,cube67_cluster2,True,1.7025807160658377,0.4551314954354777,0.31656980709319604
cube66_cluster0,14,381,cube59_cluster1,True,1.6630417514962519,1.248438610368275,0.10521537409017197
cube66_cluster0,14,381,cube65_cluster1,True,1.7704640148244937,0.4630492720577267,0.3317874796533444
cube66_cluster0,14,381,cube57_cluster0,True,1.8203614096797762,1.5145171736126386,0.07761522409979472
cube66_cluster0,14,381,cube59_cluster1,True,1.4012770810080981,1.0735496863253662,0.08316859427868496
cube66_cluster0,14,381,cube65_cluster0,True,1.7484599001321293,0.8322744909787783,0.23250376323191427
cube66_cluster0,14,381,cube65_cluster0,True,1.466526209712906,1.2826030658661176,0.04667485714418897
cube66_cluster0,14,381,cube67_cluster2,True,1.6096682033995457,0.9893400576794382,0.15742297015173196
cube66_cluster0,14,381,cube59_cluster1,True,1.4207565224518068,1.086292601887816,0.0848781473919017
cube66_cluster0,14,381,cube67_cluster0,True,1.1086837819632305,0.688779171035174,0.10656074770872576
cube66_cluster0,14,381,cube59_cluster1,True,1.1409187825257519,0.4348706372796508,0.17917645178865188
cube66_cluster0,14,381,cube59_cluster0,True,1.9088706083518272,0.44371958214196944,0.37181680028247915
cube66_cluster0,14,381,cube59_cluster0,True,2.063955041469841,1.2829458056742267,0.19819960526239694
cube66_cluster0,14,381,cube59_cluster0,True,2.6394212232327434,1.7433672878311182,0.22739492460611022
cube66_cluster0,14,381,cube78_cluster1,False,1.4245454450426864,1.0090875636448497,0.10543228469291983
cube66_cluster0,14,381,cube72_cluster0,True,1.4725742417678565,1.226090931581348,0.06255098216984396
cube66_cluster0,14,381,cube65_cluster0,True,1.9104592407930252,1.6164109407725857,0.07462172573767308
cube66_cluster0,14,381,cube73_cluster0,True,1.7174444908976145,1.6656708676578256,0.01313878404866343
cube66_cluster0,14,381,cube59_cluster3,True,1.8320773562809507,1.4565387938955532,0.09530181131567585
cube66_cluster0,14,381,cube73_cluster0,True,1.7104598953631327,1.4744579136527436,0.05989109663791918
cube66_cluster0,14,381,cube67_cluster0,True,1.4081153691536588,1.115610975729109,0.0742299228448998
cube66_cluster0,14,381,cube58_cluster2,False,1.6607164088588255,1.3780934060727608,0.07172228575915376
cube66_cluster0,14,381,cube65_cluster2,True,1.8801709635282073,1.3772747001060646,0.12762184661832499
cube66_cluster0,14,381,cube74_cluster0,True,0.7830997612720261,0.7616626217508218,0.005440182262030914
cube66_cluster0,14,381,cube65_cluster0,True,1.4290682991484283,0.8934887624909462,0.1359160018690351
cube66_cluster0,14,381,cube67_cluster0,True,1.4088227959664568,1.0811944514510252,0.08314345795102027
cube66_cluster0,14,381,cube67_cluster0,True,1.264349913147564,0.7050492213469168,0.14193580723145693
cube66_cluster0,14,381,cube58_cluster0,True,0.9303629147768665,0.8178254496383393,0.028559049170481153
cube66_cluster0,14,381,cube59_cluster0,True,1.5390964681934234,1.3909699301382938,0.037590619964313815
cube66_cluster0,14,381,cube73_cluster0,True,1.4309048056155358,1.3402078659902839,0.02301649815180499
cube66_cluster0,14,381,cube67_cluster0,True,1.7772453338930845,1.402804539127544,0.09502322676257018
cube66_cluster0,14,381,cube58_cluster0,True,0.9784833056947876,0.9330194596465912,0.011537528530355334
cube66_cluster0,14,381,cube74_cluster0,True,1.0199327210649323,0.48718320720821545,0.1351978165054218
cube66_cluster0,14,381,cube65_cluster2,True,1.6514349350911617,1.1463906151798282,0.12816696686623757
cube66_cluster0,14,381,cube59_cluster1,True,1.411007331973318,0.9749189306050757,0.11066776812523414
cube66_cluster0,14,381,cube67_cluster2,True,2.0836570156534693,1.1702467289164373,0.231799510142117
cube66_cluster0,14,381,cube67_cluster3,False,1.8246998679750912,1.818109670109041,0.0016724189110537998
cube66_cluster0,14,381,cube74_cluster0,True,1.5009381715677643,1.1786490532129592,0.08178850276106685
cube66_cluster0,14,381,cube65_cluster0,True,1.4651631889962302,0.8420736663584509,0.15812373499544816
cube66_cluster0,14,381,cube74_cluster0,True,1.2709904222617192,1.0846243783420109,0.04729480093993038
cube66_cluster0,14,381,cube67_cluster0,True,1.5830466016659497,1.0707494865586535,0.13000753555480682
cube66_cluster0,14,381,cube59_cluster1,True,1.0466526271462226,1.0188481347953444,0.0070560489631745615
cube66_cluster0,14,381,cube59_cluster1,True,1.0921021860656506,0.8797854898515023,0.05388039404859589
cube66_cluster0,14,381,cube67_cluster2,True,1.822985175709855,1.2093748023256992,0.15571817619513817
cube66_cluster0,14,381,cube59_cluster1,True,1.8569216114456186,1.2845967368447941,0.14524100231949041
cube66_cluster0,14,381,cube65_cluster0,True,1.9484802530974894,1.2046649858618066,0.18876075415942536
cube66_cluster0,14,381,cube58_cluster0,True,1.0255194306852353,0.9668619536799989,0.014885725104495956
cube66_cluster0,14,381,cube65_cluster2,True,2.1753887231141813,1.0817351559963444,0.27754051471075425
cube66_cluster0,14,381,cube67_cluster0,True,1.6540971206007802,0.9493959450416067,0.1788346263043764
cube66_cluster0,14,381,cube65_cluster2,True,1.5101410854573665,1.2885114717094188,0.05624376760993407
cube66_cluster0,14,381,cube65_cluster0,True,1.2874756751486298,0.7207580353908231,0.14381803357397036
cube66_cluster0,14,381,cube58_cluster0,True,1.0493259160144177,0.973175396757375,0.019324999200421984
cube66_cluster0,14,381,cube58_cluster2,False,1.685263535524092,1.1992343807509933,0.12334141801013708
cube66_cluster0,14,381,cube65_cluster0,True,1.3644275828857066,1.063265009641923,0.07642714119240743
cube66_cluster0,14,381,cube59_cluster0,True,2.5750656513289254,1.2246287046170867,0.34270538362761066
cube66_cluster0,14,381,cube73_cluster0,True,1.1062580571898086,0.8862266023827378,0.05583819689871748
cube66_cluster0,14,381,cube58_cluster0,True,1.5757576555743804,1.276332742148374,0.0759861688271921
cube66_cluster0,14,381,cube65_cluster1,True,1.6207079884428428,1.4058128151622395,0.05453474371992712
cube66_cluster0,14,381,cube67_cluster2,True,1.9130066862305584,1.3689131884037782,0.13807662131581444
cube66_cluster0,14,381,cube67_cluster2,True,1.4613529334015691,1.216843440504413,0.0620500792487521
cube66_cluster0,14,381,cube67_cluster2,True,1.5061127418275602,1.0171842039676646,0.12407720519032608
cube66_cluster0,14,381,cube59_cluster1,True,1.6328570707879606,1.318669019839174,0.07973266489323258
cube66_cluster0,14,381,cube59_cluster3,True,1.823951988337455,1.4508618234366355,0.0946804724214252
cube66_cluster0,14,381,cube65_cluster1,True,2.161942808960243,1.2384073463048557,0.2343690135208908
cube66_cluster0,14,381,cube65_cluster0,True,2.4262515931625925,1.6538369127677421,0.19601853311911824
cube66_cluster0,14,381,cube58_cluster0,True,0.8607283512352607,0.6034606970715392,0.06528776506732162
cube66_cluster0,14,381,cube67_cluster2,True,1.9200144651214672,0.6450382397543678,0.32355543699720096
cube66_cluster0,14,381,cube67_cluster0,True,1.1731817621806766,0.8298262365046565,0.08713460294016172
cube66_cluster0,14,381,cube59_cluster3,True,1.358067221136377,1.1882444142593325,0.04309656242834854
cube66_cluster0,14,381,cube65_cluster0,True,1.5980763195637278,1.1119788534385011,0.12335875363487259
cube66_cluster0,14,381,cube67_cluster0,True,1.2984657839538867,0.6472363368384411,0.16526490781129266
cube66_cluster0,14,381,cube65_cluster0,True,1.2584798984175016,0.8129566248688073,0.11306209056876045
cube66_cluster0,14,381,cube73_cluster0,True,1.342697825677006,1.010399231926865,0.0843286443897612
cube66_cluster0,14,381,cube73_cluster0,True,0.9153340424172227,0.8933648126836836,0.005575212765148218
cube66_cluster0,14,381,cube65_cluster0,True,1.1100941470668704,1.0590301236076671,0.012958706285225588
cube66_cluster0,14,381,cube65_cluster0,True,1.2718438375928327,0.8460115517679789,0.10806503571304393
cube66_cluster0,14,381,cube67_cluster3,False,2.3408085978131155,1.4585735266001854,0.22388806028000025
cube66_cluster0,14,381,cube67_cluster2,True,1.4362689003076876,0.5269559353313894,0.23075971762956984
cube66_cluster0,14,381,cube67_cluster2,True,1.1903269658457565,1.0327937787219583,0.039977780124273714
cube66_cluster0,14,381,cube58_cluster0,True,1.3294923521894337,1.2211550760905066,0.0274931516477353
cube66_cluster0,14,381,cube65_cluster1,True,1.9977059117769824,1.2009303586699633,0.202200681977423
cube66_cluster0,14,381,cube67_cluster1,False,2.2437820127644676,1.5628869399226157,0.1727932634815634
cube66_cluster0,14,381,cube67_cluster0,True,1.8084029406393787,1.2129720474291452,0.15110470220634925
cube66_cluster0,14,381,cube74_cluster0,True,1.3128377251904046,1.079163788796916,0.05930029995883431
cube66_cluster0,14,381,cube67_cluster2,True,1.4473679349323982,0.6550862911158328,0.20106024597919106
cube66_cluster0,14,381,cube65_cluster0,True,1.4459687399695824,1.396186416035312,0.012633444651606254
cube66_cluster0,14,381,cube67_cluster0,True,1.510949193177973,0.9932207887044284,0.13138585396529232
cube66_cluster0,14,381,cube57_cluster0,True,1.584299394888458,1.1194217752808198,0.11797371462284317
cube66_cluster0,14,381,cube73_cluster0,True,0.9458814071568956,0.669344416290111,0.07017781598243625
cube66_cluster0,14,381,cube72_cluster0,True,1.9565500834560887,1.309636086562122,0.16416976003169526
cube66_cluster0,14,381,cube67_cluster0,True,1.5206770894912114,0.7282158065430505,0.20110583366668575
cube66_cluster0,14,381,cube57_cluster1,False,1.6878853218133063,1.476258954351454,0.05370520676535339
cube66_cluster0,14,381,cube59_cluster0,True,1.5641472750503569,0.9655157346859903,0.15191694228426225
cube66_cluster0,14,381,cube67_cluster2,True,1.6726919323592349,0.8778430560154249,0.20171174208217674
cube66_cluster0,14,381,cube59_cluster3,True,1.322055212117156,1.14910575198854,0.0438900247996643
cube66_cluster0,14,381,cube67_cluster0,True,1.71355456608336,1.1841388057946287,0.1343517975200717
cube66_cluster0,14,381,cube58_cluster0,True,1.0877401638259818,0.9852281114544122,0.026014863055986086
cube66_cluster0,14,381,cube65_cluster1,True,1.8129096822634183,1.5358809458602802,0.07030260806776353
cube66_cluster0,14,381,cube72_cluster0,True,2.4119968597152353,1.2616000407943597,0.2919404597987406
cube66_cluster0,14,381,cube73_cluster0,True,1.3232381358629222,1.2221314491463235,0.02565821821070353
cube66_cluster0,14,381,cube67_cluster0,True,1.0947653423302068,0.9837732343902625,0.028166878152891935
cube66_cluster0,14,381,cube67_cluster2,True,1.342820907473814,1.177662274322875,0.04191291779391905
cube66_cluster0,14,381,cube59_cluster0,True,2.0689967330366956,1.727178492154829,0.08674448048653065
cube66_cluster0,14,381,cube67_cluster0,True,1.6697488255363808,1.2052260483727877,0.117883664942101
cube66_cluster0,14,381,cube78_cluster1,False,1.5750955159057758,1.4505080980192455,0.03161701029132728
cube66_cluster0,14,381,cube65_cluster0,True,1.7503965574786782,1.2240204585689638,0.13358041139832016
cube66_cluster0,14,381,cube57_cluster1,False,1.783528991747869,1.5082431125980764,0.06986031673008185
cube66_cluster0,14,381,cube65_cluster0,True,1.6260740550529562,1.065440147394453,0.14227414235560876
cube66_cluster0,14,381,cube73_cluster0,True,1.4529907621971745,1.0426203252413724,0.10414122508185333
cube66_cluster0,14,381,cube73_cluster0,True,1.2747134300719136,1.1563209589228407,0.03004489572249658
cube66_cluster0,14,381,cube65_cluster0,True,2.2350990514858893,1.619852458095094,0.15613340580392512
cube66_cluster0,14,381,cube57_cluster1,False,2.019449375025863,1.7808979437806791,0.06053807988507374
cube66_cluster0,14,381,cube58_cluster0,True,1.1741600011001352,1.0059970801673057,0.04267532702696578
cube66_cluster0,14,381,cube67_cluster1,False,2.6098546989956324,1.509666693748167,0.27919878326705955
cube66_cluster0,14,381,cube74_cluster0,True,0.9916669315898354,0.9305120043738775,0.015519512290665723
cube66_cluster0,14,381,cube59_cluster0,True,2.380261297922411,1.2149240668862162,0.2957319434944453
cube66_cluster0,14,381,cube67_cluster0,True,1.7003189975563795,1.1072943805915458,0.15049405257490836
cube66_cluster0,14,381,cube67_cluster0,True,2.1396663004417324,1.54026690931942,0.1521118026138847
cube66_cluster0,14,381,cube74_cluster0,True,1.5856189847843807,1.3172146722076141,0.06811395610353788
cube66_cluster0,14,381,cube67_cluster1,False,2.43786379905244,1.6774066706795883,0.19298402087260116
cube66_cluster0,14,381,cube58_cluster0,True,1.21634075211018,0.8264741730567174,0.09893788515148728
cube66_cluster0,14,381,cube65_cluster0,True,1.5969226808400616,0.7735749791384079,0.20894399450312606
cube66_cluster0,14,381,cube65_cluster2,True,1.8632672334966893,1.415603329205737,0.1136053263573819
cube66_cluster0,14,381,cube58_cluster0,True,0.88789432993128,0.49777255190901465,0.0990026479386118
cube66_cluster0,14,381,cube67_cluster2,True,1.5677192593982947,1.0075775947702452,0.1421492240193618
cube66_cluster0,14,381,cube59_cluster0,True,2.065731157235392,0.9852939214794708,0.2741865573708256
cube66_cluster0,14,381,cube73_cluster0,True,1.1324322625866048,0.9290000047842918,0.051625757220377065
cube66_cluster0,14,381,cube67_cluster0,True,1.512552297367372,0.9426867419419704,0.14461689178731915
cube66_cluster0,14,381,cube57_cluster1,False,1.8422578315915412,1.4861107861366312,0.0903807542719055
cube66_cluster0,14,381,cube67_cluster1,False,1.839554947857656,1.2324787190718218,0.15405998212935934
cube66_cluster0,14,381,cube67_cluster0,True,1.2663512062932596,0.6885051998051932,0.14664212039914823
cube66_cluster0,14,381,cube59_cluster3,True,1.4050307190958933,0.3846673182645213,0.25894139787342896
cube66_cluster0,14,381,cube59_cluster0,True,1.3421058679864708,0.9884430141896816,0.08975033175771574
cube66_cluster0,14,381,cube65_cluster1,True,3.05096738074232,2.006832204234078,0.26497404939609914
cube66_cluster0,14,381,cube59_cluster3,True,1.7767830344462177,0.8902891753678042,0.22496882864373824
cube66_cluster0,14,381,cube72_cluster0,True,1.8163409788050742,1.1613686624286559,0.1662147496007023
cube66_cluster0,14,381,cube65_cluster0,True,1.5544639750155078,1.5173820028626503,0.009410429360109262
cube66_cluster0,14,381,cube72_cluster0,True,2.4212719558294813,1.40215032553631,0.25862626916659986
cube66_cluster0,14,381,cube58_cluster2,False,1.8869747356394755,1.1004643696296956,0.19959564744342692
cube66_cluster0,14,381,cube65_cluster0,True,1.8763351186386443,0.9022649216872086,0.24719340013561966
cube66_cluster0,14,381,cube73_cluster0,True,1.5702634547481924,1.5505691550335756,0.004997895351877607
cube66_cluster0,14,381,cube67_cluster0,True,1.0013426408625759,0.9746294676429251,0.00677910086690237
cube66_cluster0,14,381,cube65_cluster1,True,1.648040503188778,1.605989664933071,0.01067139690703364
cube66_cluster0,14,381,cube65_cluster1,True,1.4390736131907405,1.2176408291176977,0.05619381741462001
cube66_cluster0,14,381,cube67_cluster2,True,1.646059929342639,0.8618846162127906,0.19900307242912793
cube66_cluster0,14,381,cube67_cluster2,True,1.8163264059452562,0.6317978095013197,0.30060220734527665
cube66_cluster0,14,381,cube59_cluster0,True,1.7324886631131664,1.2337322033021012,0.12657127332933746
cube66_cluster0,14,381,cube78_cluster1,False,1.8158706708076273,1.2675855095121833,0.13914035527285998
cube66_cluster0,14,381,cube67_cluster0,True,1.1508098070965733,0.9652601061087938,0.047087634571785955
cube66_cluster0,14,381,cube65_cluster0,True,1.9679166691835386,1.4117834795119115,0.14113197848927816
cube66_cluster0,14,381,cube73_cluster0,True,1.5150291715513977,1.3756493782773336,0.03537092615855226
cube66_cluster0,14,381,cube59_cluster1,True,1.5021266933461912,0.7810508716508343,0.18299008087745433
cube66_cluster0,14,381,cube72_cluster0,True,1.3063869171129256,0.896140945526284,0.10410963904431908
cube66_cluster0,14,381,cube67_cluster2,True,1.2699670249106616,0.7301478439978973,0.13699191208793787
cube66_cluster0,14,381,cube65_cluster1,True,1.5670761140820684,1.0240387073026067,0.13780861318081916
cube66_cluster0,14,381,cube65_cluster0,True,1.8330061767433916,1.1519002214671885,0.17284677989766906
cube66_cluster0,14,381,cube65_cluster1,True,1.2218187008149446,0.9817608367330253,0.06092037292324902
cube66_cluster0,14,381,cube67_cluster2,True,1.90728265115572,1.048654314983719,0.2178972917305351
cube66_cluster0,14,381,cube73_cluster0,True,1.159711425135641,0.903755660980917,0.06495484188278834
cube66_cluster0,14,381,cube67_cluster0,True,1.6823582060076312,0.9818407767023173,0.1777729015282433
cube66_cluster0,14,381,cube58_cluster0,True,0.9520047688280602,0.8765992359998037,0.019135941236259925
cube66_cluster0,14,381,cube67_cluster0,True,1.5678636513148183,1.3064119440105286,0.06634956772323095
cube66_cluster0,14,381,cube65_cluster2,True,2.133678973825259,1.3409104492294697,0.20118380351709098
cube66_cluster0,14,381,cube59_cluster0,True,1.3438628226845521,1.226981903416917,0.02966130360539518
cube66_cluster0,14,381,cube67_cluster3,False,2.3810630553800127,0.9681287809115685,0.3585655618733843
cube66_cluster0,14,381,cube73_cluster0,True,1.2895843389358046,1.1109320646480516,0.045337249062094825
cube66_cluster0,14,381,cube59_cluster0,True,1.4566548777977506,1.3902329928372266,0.016856127657119482
cube66_cluster0,14,381,cube74_cluster0,True,1.5407843569930157,1.4125592402929679,0.03254016258691852
cube66_cluster0,14,381,cube67_cluster0,True,1.3167181367266323,0.9167770761104825,0.1014945236359398
cube66_cluster0,14,381,cube65_cluster2,True,2.006467569140587,0.9712445812055286,0.26271237030669675
cube66_cluster0,14,381,cube58_cluster0,True,1.1621475883025119,0.9490001749869736,0.0540912082029413
cube66_cluster0,14,381,cube65_cluster1,True,1.3067240914833609,0.87554266404089,0.10942250718522742
cube66_cluster0,14,381,cube59_cluster1,True,1.373881189822833,1.1115059831181584,0.06658392758509593
cube66_cluster0,14,381,cube67_cluster0,True,1.2195470460775781,0.9146320826476956,0.0773793991422352
cube66_cluster0,14,381,cube67_cluster0,True,1.34461979205855,1.2909879323034725,0.013610355608811735
cube66_cluster0,14,381,cube57_cluster0,True,1.668604824699109,1.6068241194723054,0.015678318293267143
cube66_cluster0,14,381,cube67_cluster0,True,1.9035623538468494,1.1042294696421742,0.2028496653579644
cube66_cluster0,14,381,cube65_cluster2,True,1.908619748861789,1.2417258517102379,0.1692401332907275
cube66_cluster0,14,381,cube78_cluster1,False,1.3308180924995132,1.1036404883227324,0.057651701681128646
cube66_cluster0,14,381,cube73_cluster0,True,1.073281161820489,0.8766075250527074,0.04991059693831245
cube66_cluster0,14,381,cube73_cluster0,True,1.2152843120234587,1.0271515313158879,0.04774315227549452
cube66_cluster0,14,381,cube58_cluster0,True,1.0114463762146202,0.9923923560378894,0.004835409243070807
cube66_cluster0,14,381,cube72_cluster0,True,2.0682074494566955,1.550205161435458,0.13145535840717681
cube66_cluster0,14,381,cube73_cluster0,True,1.4250430947616868,0.9686943801626497,0.115809302822638
cube66_cluster0,14,381,cube67_cluster0,True,0.8720200115154321,0.8484845005342119,0.005972693756143219
cube66_cluster0,14,381,cube65_cluster1,True,1.309532825998261,0.93161746934724,0.09590497919595914
cube66_cluster0,14,381,cube67_cluster0,True,1.8233644523366297,1.0047558258698173,0.2077413418355203
cube66_cluster0,14,381,cube65_cluster0,True,1.7738261393298855,1.0402791751056046,0.18615492888835633
cube66_cluster0,14,381,cube58_cluster0,True,1.6799647260515047,1.4025945792234817,0.07038924905527467
cube66_cluster0,14,381,cube65_cluster1,True,1.6387040839596307,0.4716379234992972,0.2961707003153448
cube66_cluster0,14,381,cube59_cluster1,True,2.0800126081561943,1.5515723045681207,0.13410425226175735
cube66_cluster0,14,381,cube72_cluster0,True,1.9080565526011355,1.0775765243002124,0.2107539914299071
cube66_cluster0,14,381,cube67_cluster2,True,1.4762677185697253,1.0160802703385676,0.11678347246842809
cube66_cluster0,14,381,cube65_cluster0,True,2.161183352425561,1.4378794612322914,0.1835555063228188
cube66_cluster0,14,381,cube72_cluster0,True,2.2729526002447944,1.2103759497551965,0.26965401052336807
cube66_cluster0,14,381,cube57_cluster1,False,1.4499304536702,1.1065136358634946,0.08715015727108476
cube66_cluster0,14,381,cube58_cluster0,True,1.5773501319205783,1.3309375212888421,0.06253304048208168
cube66_cluster0,14,381,cube59_cluster1,True,1.48042734175988,0.9439969411912763,0.13613192875387473
cube66_cluster0,14,381,cube58_cluster0,True,1.210267057986036,1.1636777310958524,0.01182314597044233
cube66_cluster0,14,381,cube57_cluster0,True,1.6294864662771023,1.3660477579848205,0.066853816320336
cube66_cluster0,14,381,cube59_cluster1,True,1.2275350887835645,1.1944763508493097,0.008389438317419616
cube66_cluster0,14,381,cube59_cluster1,True,1.269579455968947,1.143275581568022,0.03205260181574319
cube66_cluster0,14,381,cube67_cluster0,True,1.032875214541888,0.779730132181163,0.06424156475806736
cube66_cluster0,14,381,cube72_cluster0,True,1.974299196490208,1.5055885886087856,0.11894642624777739
cube66_cluster0,14,381,cube67_cluster2,True,1.5855666619901978,0.9310846176925025,0.166090331440173
cube66_cluster0,14,381,cube72_cluster0,True,2.329614427194706,1.3404269969854974,0.2510297563872816
cube66_cluster0,14,381,cube73_cluster0,True,0.9991306736332599,0.7016602726954684,0.07549016495695622
cube66_cluster0,14,381,cube65_cluster0,True,1.4953581113110284,0.8748685009006165,0.15746394564397376
cube66_cluster0,14,381,cube65_cluster0,True,1.4163056723372076,0.9321990429626422,0.12285353162207402
cube66_cluster0,14,381,cube65_cluster0,True,1.7864618947370285,1.3167058379366854,0.11921173369044935
cube66_cluster0,14,381,cube72_cluster0,True,1.4214083985516472,0.9242931189714831,0.12615478494607568
cube66_cluster0,14,381,cube58_cluster0,True,1.8553183691995678,1.6426747821884662,0.05396335033637149
cube66_cluster0,14,381,cube67_cluster0,True,1.2561442567450183,1.0082948075353024,0.06289767232755691
cube66_cluster0,14,381,cube65_cluster1,True,1.938511258932173,1.1254024012134372,0.20634564515878018
cube66_cluster0,14,381,cube57_cluster0,True,1.7283701392521629,1.4938953608748415,0.05950353259399197
cube66_cluster0,14,381,cube58_cluster0,True,1.4309937225400393,1.3231243818696494,0.02737440194161959
cube67_cluster0,9,152,cube59_cluster3,True,1.6891299031558276,1.470837567524076,0.05539685418693585
cube67_cluster0,9,152,cube68_cluster0,True,1.3628265532583819,1.2698545318774812,0.023593854071866427
cube67_cluster0,9,152,cube59_cluster3,True,1.2479477815437041,0.7803999903462936,0.11865133395283305
cube67_cluster0,9,152,cube68_cluster0,True,1.2527726168055877,1.1714107422725255,0.0206475041225782
cube67_cluster0,9,152,cube59_cluster0,True,1.5832773359968446,0.5210645997441171,0.2695616586601745
cube67_cluster0,9,152,cube59_cluster0,True,1.8298652140436604,1.612847342632021,0.05507342868340778
cube67_cluster0,9,152,cube59_cluster0,True,1.707854750472823,1.6599134609709392,0.012166238527722445
cube67_cluster0,9,152,cube59_cluster1,True,1.80748383155676,1.6269480212380667,0.045815240973995315
cube67_cluster0,9,152,cube74_cluster0,True,1.3400738704549116,0.9470114942916056,0.09974889441570481
cube67_cluster0,9,152,cube59_cluster2,True,1.1838019723263127,0.8106980284480981,0.09468396916353199
cube67_cluster0,9,152,cube67_cluster3,False,1.5121182817772683,0.7386092380138861,0.19629625376276166
cube67_cluster0,9,152,cube67_cluster1,False,1.4377737061171205,1.2897335335083862,0.037568702685235295
cube67_cluster0,9,152,cube59_cluster2,True,1.2706239380587498,1.0605239761652538,0.05331784517313052
cube67_cluster0,9,152,cube78_cluster1,False,1.1501517918170479,0.9094718238348756,0.061078246533202846
cube67_cluster0,9,152,cube66_cluster0,True,1.3876881346304002,1.3667956501013085,0.005301963148231381
cube67_cluster0,9,152,cube66_cluster0,True,1.6129549325274448,1.4752424122123975,0.03494781612707463
cube67_cluster0,9,152,cube59_cluster0,True,1.6577253196218145,1.042361310170491,0.15616320291230942
cube67_cluster0,9,152,cube66_cluster0,True,0.9840109523257757,0.9556932161682942,0.00718629674413521
cube67_cluster0,9,152,cube66_cluster0,True,1.818363396330974,1.725947557541919,0.02345270955640455
cube67_cluster0,9,152,cube66_cluster0,True,1.0716476592435233,0.7644028954147831,0.07797064121496608
cube67_cluster0,9,152,cube65_cluster1,False,1.837101672361206,1.7509313802218545,0.021867754060509396
cube67_cluster0,9,152,cube65_cluster1,False,1.8813566499044532,1.7711660624402177,0.027963473334338948
cube67_cluster0,9,152,cube59_cluster2,True,1.9538506745775992,0.8667498878487407,0.27587759137138596
cube67_cluster0,9,152,cube59_cluster1,True,1.33152063755837,1.2379900693374146,0.023735598571349346
cube67_cluster0,9,152,cube59_cluster1,True,0.6390545616161228,0.4348706372796508,0.051816510419611016
cube67_cluster0,9,152,cube68_cluster0,True,1.7132492567164632,0.660313418679102,0.2672074258546278
cube67_cluster0,9,152,cube59_cluster1,True,0.9173259101814509,0.9067019847001674,0.002696072901855617
cube67_cluster0,9,152,cube59_cluster0,True,1.5052235466424302,0.44371958214196944,0.26938179102854876
cube67_cluster0,9,152,cube59_cluster0,True,1.4329628042417881,1.2829458056742267,0.0380703691275186
cube67_cluster0,9,152,cube59_cluster0,True,1.845441033168923,1.7433672878311182,0.025903632257303667
cube67_cluster0,9,152,cube66_cluster0,True,1.1778792623683203,1.0203109748970627,0.0399866876693989
cube67_cluster0,9,152,cube59_cluster3,True,1.772760398958409,1.3966896529643709,0.09543686552031948
cube67_cluster0,9,152,cube74_cluster0,True,1.389499738213458,1.3334869409791357,0.014214574927754905
cube67_cluster0,9,152,cube74_cluster0,True,0.974160257289706,0.7616626217508218,0.05392631169091747
cube67_cluster0,9,152,cube66_cluster0,True,1.2722909946686254,1.1066184011124005,0.042043347428780416
cube67_cluster0,9,152,cube74_cluster0,True,1.3491207207746014,1.2617686332920532,0.022167662640058934
cube67_cluster0,9,152,cube74_cluster0,True,1.0215108074332697,0.48718320720821545,0.1355982933255913
cube67_cluster0,9,152,cube59_cluster1,True,1.2812608392077103,0.9749189306050757,0.0777415203016379
cube67_cluster0,9,152,cube74_cluster0,True,1.4574224635412407,1.1786490532129592,0.07074536042897314
cube67_cluster0,9,152,cube59_cluster1,True,1.7107567272527957,1.2845967368447941,0.10814819851835494
cube67_cluster0,9,152,cube66_cluster0,True,1.9416551287541777,1.494248042812685,0.11354015261403279
cube67_cluster0,9,152,cube59_cluster0,True,1.8545302490220292,1.2246287046170867,0.1598524469791358
cube67_cluster0,9,152,cube58_cluster0,True,1.933509516787173,1.276332742148374,0.16677418313541095
cube67_cluster0,9,152,cube59_cluster1,True,1.5390340400217817,1.318669019839174,0.05592284701901121
cube67_cluster0,9,152,cube59_cluster3,True,1.5973575310647192,1.4508618234366355,0.03717675808909398
cube67_cluster0,9,152,cube68_cluster0,True,1.945186172033172,0.8194797079876157,0.2856746970320665
cube67_cluster0,9,152,cube66_cluster0,True,1.5552622474690443,1.2971388522507694,0.06550492964290634
cube67_cluster0,9,152,cube67_cluster1,False,1.7381144964483923,1.5628869399226157,0.04446814575646314
cube67_cluster0,9,152,cube74_cluster0,True,1.0951549290093532,1.079163788796916,0.0040581308549724965
cube67_cluster0,9,152,cube66_cluster0,True,1.4463041989940753,0.9730357738741697,0.12010308040258424
cube67_cluster0,9,152,cube59_cluster0,True,1.4788306995169735,0.9655157346859903,0.1302658390475251
cube67_cluster0,9,152,cube59_cluster2,True,2.078561491700505,1.2155553453452994,0.21900826482849206
cube67_cluster0,9,152,cube59_cluster0,True,1.3545262242721605,1.0025041497282094,0.0893339451321415
cube67_cluster0,9,152,cube67_cluster1,False,1.7759975817171862,1.509666693748167,0.06758777546448534
cube67_cluster0,9,152,cube74_cluster0,True,1.2431505834527887,0.9305120043738775,0.07933944968027591
cube67_cluster0,9,152,cube68_cluster0,True,1.4252067041056793,0.9548981869217265,0.11935193360734662
cube67_cluster0,9,152,cube59_cluster2,True,1.4168927595145653,0.6931832636681523,0.18365843811729843
cube67_cluster0,9,152,cube74_cluster0,True,1.4566912748283918,1.3172146722076141,0.03539549382488053
cube67_cluster0,9,152,cube66_cluster0,True,1.4315118024690123,1.234150435117628,0.05008512487466662
cube67_cluster0,9,152,cube59_cluster2,True,1.7568882067518048,0.48930095770528714,0.32168030912046003
cube67_cluster0,9,152,cube74_cluster0,True,1.4181383826886163,1.2267361738638753,0.048572847153042005
cube67_cluster0,9,152,cube68_cluster0,True,1.4423216201564157,0.9683169428748521,0.1202899218394407
cube67_cluster0,9,152,cube59_cluster0,True,1.6073758260810433,0.9852939214794708,0.1578680280359421
cube67_cluster0,9,152,cube73_cluster0,True,1.6515819521114938,0.9290000047842918,0.1833722959551073
cube67_cluster0,9,152,cube66_cluster0,True,1.5409871443768524,1.236819070681701,0.07718985816907696
cube67_cluster0,9,152,cube59_cluster3,True,1.6343354121674358,0.3846673182645213,0.3171328987784046
cube67_cluster0,9,152,cube59_cluster3,True,1.600512452717642,0.8902891753678042,0.18023599052001657
cube67_cluster0,9,152,cube68_cluster0,True,1.7065411310093643,0.42236657618326656,0.32588973111856273
cube67_cluster0,9,152,cube67_cluster2,False,1.6478207640426545,1.2966219014399705,0.0891250355900665
cube67_cluster0,9,152,cube68_cluster0,True,1.550651090290191,0.6645623515695291,0.22486601975069317
cube67_cluster0,9,152,cube68_cluster0,True,1.894555312239923,0.593127270294106,0.3302682124217251
cube67_cluster0,9,152,cube74_cluster0,True,1.1854676372480553,1.1426021932245272,0.010878122428611041
cube67_cluster0,9,152,cube68_cluster0,True,2.302895226933756,1.01253013527219,0.3274607265702391
cube67_cluster0,9,152,cube59_cluster1,True,1.340711496728396,0.7810508716508343,0.14202714883170392
cube67_cluster0,9,152,cube59_cluster0,True,1.3002057909673368,1.226981903416917,0.01858229703709844
cube67_cluster0,9,152,cube67_cluster3,False,1.7164792975643821,0.9681287809115685,0.18991168119465582
cube67_cluster0,9,152,cube74_cluster0,True,1.602402662491744,1.344648682890987,0.06541118167397841
cube67_cluster0,9,152,cube59_cluster1,True,1.732268239081635,1.689517802554852,0.010848936550375079
cube67_cluster0,9,152,cube74_cluster0,True,1.601182850510023,1.4125592402929679,0.04786771189729185
cube67_cluster0,9,152,cube66_cluster0,True,1.834775537502832,1.6111465342953775,0.05675116007532071
cube67_cluster0,9,152,cube68_cluster0,True,1.4551782833726652,1.3763597728839074,0.020002065212875432
cube67_cluster0,9,152,cube66_cluster0,True,1.4153288702267295,1.2944320782072805,0.030680426501403808
cube67_cluster0,9,152,cube68_cluster0,True,1.4436757544461407,1.3875613040675603,0.01424037182251905
cube67_cluster0,9,152,cube74_cluster0,True,1.2024078537550815,1.0508654953132444,0.038457465350083195
cube67_cluster0,9,152,cube74_cluster0,True,1.632604122370514,1.3303885589884674,0.07669436239823135
cube67_cluster0,9,152,cube68_cluster0,True,2.1777781200364843,1.4431800852686716,0.1864216629515185
cube67_cluster0,9,152,cube59_cluster1,True,1.8570067524750697,1.5515723045681207,0.07751123064124384
cube67_cluster0,9,152,cube66_cluster0,True,1.6743242054144938,1.2311628766351956,0.11246269110011137
cube67_cluster0,9,152,cube59_cluster1,True,1.0953033972452904,0.9439969411912763,0.038397599527754775
cube67_cluster0,9,152,cube59_cluster1,True,1.506452704662326,1.1944763508493097,0.07917139432282362
cube67_cluster0,9,152,cube59_cluster1,True,1.159278034567089,1.143275581568022,0.004061001742718379
cube67_cluster0,9,152,cube59_cluster3,True,1.9980179099640163,1.7626711640772803,0.0597248150171013
cube67_cluster0,9,152,cube74_cluster0,True,1.6494527835971138,1.3058343841944213,0.08720131337900465
cube67_cluster0,9,152,cube68_cluster0,True,0.9693426932737321,0.914991524962688,0.01379289720412233
cube68_cluster0,2,5,cube59_cluster2,True,0.5583228001652858,0.48930095770528714,0.01751592849746413
cube72_cluster0,6,77,cube65_cluster2,False,1.6245594490636757,1.189717847068885,0.1103513632322654
cube72_cluster0,6,77,cube65_cluster1,False,1.8081598006745747,1.4829327956127432,0.08253406114751168
cube72_cluster0,6,77,cube65_cluster1,False,1.6435574531786696,1.4913481079261774,0.03862672906237769
cube72_cluster0,6,77,cube65_cluster2,False,1.5978991010926817,1.2047897119502349,0.09976082507347538
cube72_cluster0,6,77,cube65_cluster0,True,1.2942336275314088,1.1251489924558145,0.04290923383739507
cube72_cluster0,6,77,cube65_cluster0,True,1.1756226639707577,1.10189258311176,0.01871075558707239
cube72_cluster0,6,77,cube65_cluster1,False,1.7991310925549675,1.1327597224094528,0.16910752967787795
cube72_cluster0,6,77,cube65_cluster0,True,0.9590394309934481,0.8888418779447437,0.017814292926339195
cube72_cluster0,6,77,cube77_cluster1,True,1.2944673553196941,1.0346396259432413,0.06593744483210506
cube72_cluster0,6,77,cube65_cluster2,False,1.3493733757220732,1.044631304532306,0.07733552363837015
cube72_cluster0,6,77,cube65_cluster2,False,1.6116481618978853,0.9489618270890152,0.16817236461756094
cube72_cluster0,6,77,cube65_cluster0,True,1.1150390873059417,0.8322744909787783,0.07175821847629363
cube72_cluster0,6,77,cube65_cluster0,True,1.6516138927276274,1.2826030658661176,0.09364524370444409
cube72_cluster0,6,77,cube65_cluster0,True,0.6881952584077987,0.5967929866293186,0.023195492903648477
cube72_cluster0,6,77,cube73_cluster0,True,0.933694353086407,0.905404246766626,0.007179285017929265
cube72_cluster0,6,77,cube66_cluster0,True,1.6536436922650917,1.0399869883891881,0.15572993365555624
cube72_cluster0,6,77,cube66_cluster0,True,1.670382118481799,1.3617341721520746,0.07832673203317884
cube72_cluster0,6,77,cube77_cluster0,True,1.266571366018418,1.0201066773735297,0.06254625651228532
cube72_cluster0,6,77,cube65_cluster1,False,1.7912266797033305,0.8850463658580975,0.22996473315416935
cube72_cluster0,6,77,cube78_cluster0,True,1.1417834306937613,1.031064230854629,0.02809762125377379
cube72_cluster0,6,77,cube77_cluster0,True,1.4871824674633911,0.827626847632973,0.1673778714867772
cube72_cluster0,6,77,cube65_cluster0,True,1.0095048443181331,0.7207580353908231,0.07327634671550319
cube72_cluster0,6,77,cube77_cluster0,True,1.6126057937311051,1.0576075276696935,0.14084396472293836
cube72_cluster0,6,77,cube65_cluster0,True,1.1426484978992615,1.1164715506687417,0.006643020812395813
cube72_cluster0,6,77,cube78_cluster0,True,0.8547806073880008,0.4299973969021935,0.10779880798031076
cube72_cluster0,6,77,cube77_cluster1,True,0.8146316992249125,0.7156474011194912,0.025119611795223405
cube72_cluster0,6,77,cube77_cluster1,True,1.0089919932118112,0.4616778464961505,0.13889393730800578
cube72_cluster0,6,77,cube65_cluster0,True,0.8781277115437353,0.8363404915069046,0.010604497535647798
cube72_cluster0,6,77,cube77_cluster1,True,1.2481212081245916,0.46167784649615207,0.19957864349350696
cube72_cluster0,6,77,cube78_cluster1,False,1.700025775934891,1.4505080980192455,0.06332102490246701
cube72_cluster0,6,77,cube77_cluster1,True,1.4589912866794885,1.2282620506308661,0.058553012450289085
cube72_cluster0,6,77,cube77_cluster0,True,1.9027983301358184,1.2925071967248147,0.154875840378482
cube72_cluster0,6,77,cube65_cluster0,True,1.4682440282299118,1.2240204585689638,0.061977519450539156
cube72_cluster0,6,77,cube77_cluster1,True,1.1657262486054287,1.0583766672913755,0.027242500685480904
cube72_cluster0,6,77,cube77_cluster1,True,1.1709577883309488,1.002505472148101,0.04274876793097763
cube72_cluster0,6,77,cube77_cluster0,True,1.7216061242977518,0.9793820599888075,0.1883569487016696
cube72_cluster0,6,77,cube77_cluster1,True,1.2427957459067958,1.224268477933066,0.004701733386344831
cube72_cluster0,6,77,cube77_cluster0,True,1.1964156877536314,1.1304573358175458,0.016738495165390752
cube72_cluster0,6,77,cube65_cluster2,False,1.4865918766089439,1.328345881241147,0.0401586721113504
cube72_cluster0,6,77,cube65_cluster1,False,2.0458374337229617,1.8653536850279455,0.045802029103009394
cube72_cluster0,6,77,cube77_cluster0,True,1.0768475454256057,0.5620835428240033,0.13063356672728094
cube72_cluster0,6,77,cube77_cluster1,True,1.2232526535963903,1.032778845271964,0.04833724352090275
cube72_cluster0,6,77,cube77_cluster0,True,1.2143258569333726,0.7161729576057958,0.1264181055509084
cube72_cluster0,6,77,cube77_cluster0,True,1.3542980166913399,0.6786648254017976,0.1714579363192119
cube72_cluster0,6,77,cube72_cluster1,False,1.5495631292871963,1.4942898999343583,0.014026892048402502
cube72_cluster0,6,77,cube65_cluster0,True,1.2091421719276556,1.0402791751056046,0.04285298787723226
cube72_cluster0,6,77,cube78_cluster1,False,1.5375722349329162,1.1372748507966908,0.10158494917482956
cube72_cluster0,6,77,cube65_cluster0,True,1.6652061195748444,1.3167058379366854,0.0884402067078669
cube73_cluster0,13,327,cube74_cluster0,True,1.8246081956821711,1.8008750275274692,0.006022853948834736
cube73_cluster0,13,327,cube72_cluster1,True,1.3959059179392443,1.3032872739587937,0.023504176180661335
cube73_cluster0,13,327,cube74_cluster0,True,1.6525216575527995,1.1878860691528528,0.11791229346720628
cube73_cluster0,13,327,cube65_cluster0,True,1.3078924758597543,1.0795265755174404,0.05795325999843019
cube73_cluster0,13,327,cube66_cluster0,True,1.5081174640315178,1.4255736968991082,0.020947437383181167
cube73_cluster0,13,327,cube72_cluster0,True,1.377261340822767,0.9537172882403261,0.10748434229149621
cube73_cluster0,13,327,cube65_cluster2,True,1.6611119576671134,1.3320608756266061,0.08350451132009439
cube73_cluster0,13,327,cube72_cluster1,True,1.5399864028059795,1.275679937071638,0.06707403033906592
cube73_cluster0,13,327,cube67_cluster2,True,0.8758306713770665,0.8322489742323953,0.011059888634914486
cube73_cluster0,13,327,cube65_cluster1,True,1.9014100073727183,0.7754875597082745,0.2857295079946578
cube73_cluster0,13,327,cube78_cluster1,True,1.9918311300723774,1.3635904807452783,0.15943095548617608
cube73_cluster0,13,327,cube78_cluster1,True,1.5458780660992402,0.8449284281823497,0.17788258470774912
cube73_cluster0,13,327,cube72_cluster0,True,2.085122321853046,1.9152676626474032,0.04310464571170239
cube73_cluster0,13,327,cube78_cluster0,True,1.8131880528158009,1.5778572047313772,0.05972078057295079
cube73_cluster0,13,327,cube65_cluster1,True,1.8856693738029568,1.4829327956127432,0.10220395248042603
cube73_cluster0,13,327,cube72_cluster0,True,1.379297908756681,1.2254682239438328,0.0390379286315178
cube73_cluster0,13,327,cube65_cluster1,True,1.6543294848561567,1.4913481079261774,0.04136038742197063
cube73_cluster0,13,327,cube72_cluster1,True,1.3644428073465171,0.6775477460489832,0.17431590276544293
cube73_cluster0,13,327,cube67_cluster2,True,1.0534908694549223,0.8119279477228887,0.06130231697522419
cube73_cluster0,13,327,cube65_cluster2,True,2.0218559533555522,1.2047897119502349,0.20734992506816347
cube73_cluster0,13,327,cube72_cluster0,True,1.771159364534745,1.6524797918337346,0.030117754546254604
cube73_cluster0,13,327,cube65_cluster1,True,1.8684394690707602,0.9160414641522908,0.24169356772745482
cube73_cluster0,13,327,cube65_cluster1,True,2.091665464703438,1.7125210766217294,0.09621687505231118
cube73_cluster0,13,327,cube65_cluster1,True,2.067533132805901,1.5159734140569703,0.13997135184107465
cube73_cluster0,13,327,cube65_cluster0,True,1.3700604816951947,1.10189258311176,0.06805396044918538
cube73_cluster0,13,327,cube65_cluster0,True,1.6236525986759742,1.6006308151930262,0.005842323226957021
cube73_cluster0,13,327,cube65_cluster2,True,1.9282441023527217,0.7648787153515902,0.2952315413333998
cube73_cluster0,13,327,cube65_cluster1,True,1.727565391175049,1.1327597224094528,0.150946036684294
cube73_cluster0,13,327,cube74_cluster0,True,1.4208402630513073,0.6775741427005809,0.18862139512134873
cube73_cluster0,13,327,cube72_cluster1,True,1.5612904627507402,0.6754867427044443,0.2247936895064878
cube73_cluster0,13,327,cube67_cluster0,True,2.324106537298018,1.7857035061622326,0.1366325305160878
cube73_cluster0,13,327,cube72_cluster1,True,1.5452742576411644,1.2933467876113336,0.06393256676894626
cube73_cluster0,13,327,cube67_cluster2,True,1.2238221556580051,1.002522107111429,0.05616013262864795
cube73_cluster0,13,327,cube72_cluster1,True,1.3125582052654952,1.185648833682908,0.03220626107723791
cube73_cluster0,13,327,cube74_cluster0,True,1.1566425975605914,1.1021091057906371,0.0138391661032977
cube73_cluster0,13,327,cube67_cluster0,True,2.0547588768000034,1.430058671666494,0.15853248385554525
cube73_cluster0,13,327,cube72_cluster0,True,1.0722563077873977,0.6937143876848805,0.09606398452274234
cube73_cluster0,13,327,cube74_cluster0,True,1.672407535744432,1.2115017405245887,0.1169657700432498
cube73_cluster0,13,327,cube65_cluster2,True,1.5905227152941739,1.3610653648788427,0.05823024132428515
cube73_cluster0,13,327,cube78_cluster0,True,0.9728776751223237,0.33831457980396223,0.1610354260126795
cube73_cluster0,13,327,cube65_cluster0,True,1.125978931084503,0.8888418779447437,0.06017914791687316
cube73_cluster0,13,327,cube78_cluster1,True,1.5756027818101996,0.9094718238348756,0.16904651939138177
cube73_cluster0,13,327,cube72_cluster0,True,1.6450219710243772,1.2855517119740587,0.09122409848939303
cube73_cluster0,13,327,cube77_cluster1,True,2.040308795569834,1.0346396259432413,0.25521238841881627
cube73_cluster0,13,327,cube74_cluster0,True,1.1927412037356377,0.9965792840975922,0.04978073658779258
cube73_cluster0,13,327,cube78_cluster1,True,1.8330822086513654,1.2906153303725836,0.13766382805096022
cube73_cluster0,13,327,cube65_cluster2,True,1.9214263861547691,1.044631304532306,0.2225075339814044
cube73_cluster0,13,327,cube77_cluster0,True,1.6674136695211184,1.4886778791811757,0.04535844323985664
cube73_cluster0,13,327,cube65_cluster1,True,2.288387616368035,1.6773494391166384,0.15506542045960453
cube73_cluster0,13,327,cube65_cluster0,True,1.310668455919496,0.9846239261288047,0.08274152742463861
cube73_cluster0,13,327,cube66_cluster0,True,1.310186150978579,1.1506085286252647,0.040496604021486464
cube73_cluster0,13,327,cube66_cluster0,True,1.368120006439287,0.9556932161682942,0.10466307347579154
cube73_cluster0,13,327,cube72_cluster0,True,1.0974311803915815,0.8909552158927686,0.05239816993732305
cube73_cluster0,13,327,cube74_cluster0,True,1.2300303370134489,0.8883654530485429,0.0867055625339473
cube73_cluster0,13,327,cube67_cluster2,True,1.686830674953761,1.382058112296399,0.0773432615709888
cube73_cluster0,13,327,cube66_cluster0,True,1.974368650057663,1.725947557541919,0.06304274036569636
cube73_cluster0,13,327,cube78_cluster0,True,1.297849575921631,1.1533862128276777,0.036661002492412095
cube73_cluster0,13,327,cube74_cluster0,True,1.1341123572167833,0.7698914519332365,0.09242968757209825
cube73_cluster0,13,327,cube66_cluster0,True,1.0886942418712537,0.8801277987861581,0.05292867842764666
cube73_cluster0,13,327,cube66_cluster0,True,1.1159481298847111,0.7025035629405085,0.10492135843021969
cube73_cluster0,13,327,cube72_cluster1,True,1.788922133407306,1.0712189314029277,0.18213419869218006
cube73_cluster0,13,327,cube67_cluster0,True,2.1075485274723467,1.1187417773405732,0.2509331497946565
cube73_cluster0,13,327,cube72_cluster1,True,1.5075697054083799,0.4027962759249631,0.2803624433518221
cube73_cluster0,13,327,cube72_cluster0,True,1.2481979676564936,0.8475336686218848,0.10167806252700444
cube73_cluster0,13,327,cube78_cluster1,True,1.5070000930052962,1.114844668852477,0.09951873384623693
cube73_cluster0,13,327,cube67_cluster2,True,1.4021519174198083,0.4551314954354777,0.24032887859708063
cube73_cluster0,13,327,cube66_cluster0,True,1.485790248194328,1.2977160962568932,0.04772827383543849
cube73_cluster0,13,327,cube72_cluster1,True,1.7120139265795657,1.1908600430173424,0.13225515047561986
cube73_cluster0,13,327,cube78_cluster0,True,1.6603784342405723,1.3837268844785597,0.07020688801740436
cube73_cluster0,13,327,cube66_cluster0,True,1.496423929171414,1.198253716778954,0.0756677587006872
cube73_cluster0,13,327,cube66_cluster0,True,1.2674640987922539,1.0475501522617154,0.055808376388336356
cube73_cluster0,13,327,cube65_cluster0,True,1.461391215578139,0.8322744909787783,0.15965328035147108
cube73_cluster0,13,327,cube65_cluster0,True,1.5174455238255373,1.2826030658661176,0.05959684000278427
cube73_cluster0,13,327,cube67_cluster2,True,1.3356596982316367,0.9893400576794382,0.08788681734619555
cube73_cluster0,13,327,cube74_cluster0,True,1.3374123164351002,0.7685656662298188,0.14435832043736335
cube73_cluster0,13,327,cube77_cluster1,True,2.195038571761805,1.6670324481617473,0.13399406879875392
cube73_cluster0,13,327,cube67_cluster0,True,2.350011676754792,1.2031315320380462,0.2910480203663376
cube73_cluster0,13,327,cube78_cluster1,True,1.3846978341469038,1.0120287082932131,0.09457362378364183
cube73_cluster0,13,327,cube59_cluster0,False,2.487546336589057,1.2829458056742267,0.3056959364673545
cube73_cluster0,13,327,cube78_cluster1,True,1.5848837555589015,0.6192486004027703,0.24505280835055826
cube73_cluster0,13,327,cube78_cluster1,True,1.6408160807299672,1.0090875636448497,0.16031608460010066
cube73_cluster0,13,327,cube72_cluster0,True,1.306656676455372,1.226090931581348,0.020445467351529887
cube73_cluster0,13,327,cube78_cluster0,True,1.6248774719001569,1.200336055280085,0.10773744705582078
cube73_cluster0,13,327,cube67_cluster3,False,1.868636930983371,1.14773597183338,0.1829457053619313
cube73_cluster0,13,327,cube67_cluster0,True,1.7570339574304727,1.115610975729109,0.16277628477713557
cube73_cluster0,13,327,cube78_cluster0,True,1.0236265606226795,0.8062979658263418,0.05515228210711952
cube73_cluster0,13,327,cube66_cluster0,True,1.3431276429271657,1.0203109748970627,0.08192238099529008
cube73_cluster0,13,327,cube67_cluster2,True,1.9178651262377797,1.5432157559430515,0.09507615774681175
cube73_cluster0,13,327,cube78_cluster1,True,2.168524878406406,1.3448900059212447,0.20901687089603593
cube73_cluster0,13,327,cube78_cluster0,True,1.02783783331927,0.9555839868356338,0.01833612612424233
cube73_cluster0,13,327,cube74_cluster0,True,1.1409887163877908,0.7616626217508218,0.09626298739756345
cube73_cluster0,13,327,cube66_cluster0,True,1.2596640192553812,1.0399869883891881,0.05574825342307348
cube73_cluster0,13,327,cube67_cluster2,True,1.473462834769817,0.9860113617156293,0.12370236498611259
cube73_cluster0,13,327,cube67_cluster3,False,1.7239962437818461,1.024118815790072,0.1776104860254589
cube73_cluster0,13,327,cube77_cluster0,True,1.7911946953687976,1.1714438488676233,0.15727646679163493
cube73_cluster0,13,327,cube78_cluster1,True,1.8749023065784265,1.1716463726852562,0.1784678619761431
cube73_cluster0,13,327,cube78_cluster0,True,1.2476352072815833,1.1096980737382474,0.03500481705759264
cube73_cluster0,13,327,cube74_cluster0,True,1.424106577822068,1.3190731242455436,0.026654728374635117
cube73_cluster0,13,327,cube78_cluster0,True,1.107094859717017,1.0474947496876716,0.015124940576890929
cube73_cluster0,13,327,cube78_cluster0,True,1.1863960077688296,0.8441372210303095,0.08685627943958624
cube73_cluster0,13,327,cube78_cluster1,True,1.4290275932786503,0.7755106359308266,0.1658454177519071
cube73_cluster0,13,327,cube66_cluster0,True,1.4158910599055516,1.3617341721520746,0.013743593907752564
cube73_cluster0,13,327,cube78_cluster0,True,0.9549856177270591,0.9327614347090274,0.005639913204055729
cube73_cluster0,13,327,cube66_cluster0,True,1.2784963604015642,1.0133068009566721,0.06729813629942955
cube73_cluster0,13,327,cube78_cluster0,True,1.5337507143721232,1.303787084264812,0.058358721796094894
cube73_cluster0,13,327,cube78_cluster1,True,2.186745708740075,1.2424861947040862,0.23962823276544748
cube73_cluster0,13,327,cube74_cluster0,True,1.1114519740680593,0.48718320720821545,0.1584229961675431
cube73_cluster0,13,327,cube78_cluster0,True,1.6179126857896207,1.559574151250783,0.014804785893991933
cube73_cluster0,13,327,cube66_cluster0,True,1.5303926880548437,1.3380766992913,0.048804740471157404
cube73_cluster0,13,327,cube65_cluster2,True,1.533635130355129,1.1463906151798282,0.09827247429357978
cube73_cluster0,13,327,cube78_cluster1,True,1.891510691954344,0.758048075128219,0.28764300463843884
cube73_cluster0,13,327,cube66_cluster0,True,1.6685100627563683,1.5902674620211203,0.019855914462563067
cube73_cluster0,13,327,cube78_cluster1,True,1.3795580467436284,1.0853103068228644,0.07467233833955557
cube73_cluster0,13,327,cube65_cluster1,True,1.8653567285993984,1.0654309460005675,0.20300012737850973
cube73_cluster0,13,327,cube67_cluster3,False,1.860967199929521,1.1970353212269271,0.16848845090279105
cube73_cluster0,13,327,cube74_cluster0,True,1.6419884717147841,1.1786490532129592,0.11758335963340977
cube73_cluster0,13,327,cube74_cluster0,True,1.3357085452576458,1.0846243783420109,0.06371855861553448
cube73_cluster0,13,327,cube67_cluster0,True,1.9174290799386369,1.0707494865586535,0.21486501503492436
cube73_cluster0,13,327,cube67_cluster2,True,1.5368007953448304,1.2093748023256992,0.0830921064626475
cube73_cluster0,13,327,cube67_cluster2,True,1.6991221386059716,1.0784212567138365,0.15751756079007137
cube73_cluster0,13,327,cube74_cluster0,True,1.7492253950640102,1.1320117989641187,0.15663257936375602
cube73_cluster0,13,327,cube78_cluster0,True,1.3782055972976548,0.8786918648183802,0.1267634492179647
cube73_cluster0,13,327,cube66_cluster0,True,1.2870828193845218,0.9081417236360433,0.09616528480426757
cube73_cluster0,13,327,cube66_cluster0,True,1.6463164307028375,1.494248042812685,0.038590957790676804
cube73_cluster0,13,327,cube65_cluster1,True,1.3819653618147023,0.8850463658580975,0.1261049733242332
cube73_cluster0,13,327,cube78_cluster0,True,1.439927970731021,1.031064230854629,0.10375886498583622
cube73_cluster0,13,327,cube66_cluster0,True,1.092855264801628,0.9092263488276268,0.04660018984760551
cube73_cluster0,13,327,cube72_cluster0,True,1.4551927195109748,1.1213078608793592,0.08473119670148853
cube73_cluster0,13,327,cube72_cluster0,True,1.3563800153729082,1.0426846237715952,0.07960764090667416
cube73_cluster0,13,327,cube65_cluster0,True,1.0298761201298015,0.7207580353908231,0.078446040797867
cube73_cluster0,13,327,cube72_cluster0,True,1.4323853133865454,0.6014727610289401,0.21086375466108528
cube73_cluster0,13,327,cube67_cluster2,True,1.0112032229262742,0.8058963509734967,0.05210148499363813
cube73_cluster0,13,327,cube78_cluster0,True,1.6380341919061192,1.0914643862656488,0.13870504311761506
cube73_cluster0,13,327,cube77_cluster0,True,2.1874244056165244,1.0576075276696935,0.28671781198558915
cube73_cluster0,13,327,cube78_cluster0,True,1.35388952565124,0.9362366471732652,0.10598931722838315
cube73_cluster0,13,327,cube78_cluster1,True,1.5703730821360231,0.8938417180244,0.17168586896153526
cube73_cluster0,13,327,cube67_cluster2,True,1.5772093860508896,1.3689131884037782,0.05286009724233215
cube73_cluster0,13,327,cube67_cluster2,True,1.3847098068211499,1.0171842039676646,0.09326833290925123
cube73_cluster0,13,327,cube67_cluster2,True,1.8848991687917256,1.7190356585711386,0.04209179705751757
cube73_cluster0,13,327,cube65_cluster1,True,2.316239391935486,1.2384073463048557,0.27352542862765505
cube73_cluster0,13,327,cube67_cluster0,True,1.6308006563767112,0.8298262365046565,0.20326624394165727
cube73_cluster0,13,327,cube65_cluster0,True,1.2769253880535134,1.1119788534385011,0.041859092763214305
cube73_cluster0,13,327,cube77_cluster0,True,1.9041419347558053,1.4189571645236505,0.12312713541905575
cube73_cluster0,13,327,cube78_cluster0,True,1.1288402740923749,1.044402090374429,0.021428190493703994
cube73_cluster0,13,327,cube67_cluster0,True,1.7252203347208852,0.6472363368384411,0.27356399011316374
cube73_cluster0,13,327,cube78_cluster0,True,1.1743665800648861,0.878919449528822,0.07497671213644899
cube73_cluster0,13,327,cube78_cluster0,True,1.10846447573686,0.4299973969021935,0.17217710245330953
cube73_cluster0,13,327,cube67_cluster2,True,1.026183438196183,0.5269559353313894,0.12669081166900312
cube73_cluster0,13,327,cube78_cluster0,True,1.7585543067620382,1.2300793349392702,0.13411305014802635
cube73_cluster0,13,327,cube67_cluster2,True,1.14975952315072,1.0327937787219583,0.02968283000057854
cube73_cluster0,13,327,cube65_cluster1,True,2.3256806814460935,1.2009303586699633,0.28543205352224643
cube73_cluster0,13,327,cube77_cluster1,True,1.4605379898165514,0.7156474011194912,0.18903364246779225
cube73_cluster0,13,327,cube67_cluster1,False,2.531406194474785,1.5628869399226157,0.24578471693195933
cube73_cluster0,13,327,cube67_cluster0,True,2.1923847858025347,1.2129720474291452,0.24854919665171407
cube73_cluster0,13,327,cube78_cluster0,True,1.352410799395831,0.9180013131512555,0.110241703618531
cube73_cluster0,13,327,cube66_cluster0,True,1.3333914748225044,1.286553407109849,0.011886269849862706
cube73_cluster0,13,327,cube78_cluster1,True,2.1384443896199703,1.4081719136778068,0.18532394987401615
cube73_cluster0,13,327,cube78_cluster0,True,1.4053544491535543,1.3430225189541074,0.015818204695349693
cube73_cluster0,13,327,cube66_cluster0,True,1.5877875219252169,1.3805604172532344,0.052588789559979976
cube73_cluster0,13,327,cube74_cluster0,True,1.6187627702793963,1.079163788796916,0.13693603126328047
cube73_cluster0,13,327,cube67_cluster2,True,1.1371742484768204,0.6550862911158328,0.12234124575155189
cube73_cluster0,13,327,cube67_cluster0,True,1.888701214873572,0.9932207887044284,0.2272493830449065
cube73_cluster0,13,327,cube72_cluster1,True,1.6332709487308563,0.7783240363508115,0.21696304318528456
cube73_cluster0,13,327,cube67_cluster2,True,1.6169879593198617,0.8778430560154249,0.18757553861371967
cube73_cluster0,13,327,cube66_cluster0,True,1.3131309845492467,1.207267645430179,0.026865331501213365
cube73_cluster0,13,327,cube65_cluster1,True,1.8188678659226103,1.5358809458602802,0.0718146383936658
cube73_cluster0,13,327,cube72_cluster0,True,1.9208140390968107,1.2616000407943597,0.16729117692685536
cube73_cluster0,13,327,cube74_cluster0,True,1.0974127122855153,0.8204011985870808,0.07029823739822808
cube73_cluster0,13,327,cube77_cluster1,True,1.8793734227083887,0.46167784649615207,0.35977385504445475
cube73_cluster0,13,327,cube78_cluster1,True,1.6038939502079248,1.4505080980192455,0.038925295583301364
cube73_cluster0,13,327,cube77_cluster0,True,2.544564676041967,1.2925071967248147,0.31773926196108737
cube73_cluster0,13,327,cube65_cluster0,True,1.4915695379941005,1.2240204585689638,0.06789692042035844
cube73_cluster0,13,327,cube72_cluster0,True,1.417825857252527,0.9883186491897161,0.10899763433486577
cube73_cluster0,13,327,cube67_cluster2,True,1.307545732475534,0.8456242357766743,0.11722352836796464
cube73_cluster0,13,327,cube77_cluster1,True,1.408391932755945,1.0583766672913755,0.08882466976235
cube73_cluster0,13,327,cube66_cluster0,True,1.3284813867102905,1.2931513152629253,0.008965843032095152
cube73_cluster0,13,327,cube66_cluster0,True,1.2132699750233535,1.0367109770923888,0.04480603057119197
cube73_cluster0,13,327,cube65_cluster0,True,1.8791668393376635,1.619852458095094,0.06580717057562434
cube73_cluster0,13,327,cube67_cluster1,False,2.9913636770431853,1.509666693748167,0.3760157290693157
cube73_cluster0,13,327,cube74_cluster0,True,1.1000328693510888,0.9305120043738775,0.04301993751456229
cube73_cluster0,13,327,cube67_cluster2,True,1.5400164395190192,1.2161772964542912,0.08218185827028912
cube73_cluster0,13,327,cube77_cluster0,True,2.0179818629385653,1.367801857691701,0.16499858706300244
cube73_cluster0,13,327,cube67_cluster2,True,2.6146250432193336,2.0758387421413595,0.1367297943482797
cube73_cluster0,13,327,cube66_cluster0,True,1.5201474848551793,1.3414955806886206,0.04533715513506905
cube73_cluster0,13,327,cube67_cluster0,True,1.9602309002918548,1.1072943805915458,0.2164528583919637
cube73_cluster0,13,327,cube77_cluster0,True,1.7021358551968377,1.0613405260009805,0.16261700307708424
cube73_cluster0,13,327,cube66_cluster0,True,1.72234501370489,1.7002708329685898,0.0056018465696741375
cube73_cluster0,13,327,cube74_cluster0,True,1.8310722625419886,1.3172146722076141,0.1304035431304581
cube73_cluster0,13,327,cube67_cluster2,True,2.51734421474245,1.9184002238459759,0.15199623401256643
cube73_cluster0,13,327,cube67_cluster1,False,2.7427374820037858,1.6774066706795883,0.2703529441149673
cube73_cluster0,13,327,cube78_cluster1,True,2.1542078029970786,1.6402889965635377,0.1304190781665811
cube73_cluster0,13,327,cube72_cluster0,True,1.2142600911283599,0.9515493625747805,0.0666690742068796
cube73_cluster0,13,327,cube77_cluster0,True,1.8824357590073468,1.1304573358175458,0.1908323484679785
cube73_cluster0,13,327,cube67_cluster2,True,1.3211335739078982,1.0075775947702452,0.07957226168963082
cube73_cluster0,13,327,cube72_cluster0,True,1.2799356543999412,0.6290740914054989,0.1651715484959052
cube73_cluster0,13,327,cube74_cluster0,True,0.7861936255544442,0.7666795988840268,0.004952146794034524
cube73_cluster0,13,327,cube65_cluster2,True,1.98232093733083,1.328345881241147,0.16596167116562657
cube73_cluster0,13,327,cube72_cluster0,True,1.5364701695468064,1.1613686624286559,0.09519089818241697
cube73_cluster0,13,327,cube72_cluster0,True,2.032566771360583,1.40215032553631,0.15998311541861518
cube73_cluster0,13,327,cube72_cluster0,True,1.1137480770634,0.5070754365602428,0.15395756203667807
cube73_cluster0,13,327,cube65_cluster2,True,2.0215276296306346,1.532889728606442,0.12400344920451836
cube73_cluster0,13,327,cube65_cluster1,True,2.0233317193893616,1.8653536850279455,0.04009067065470147
cube73_cluster0,13,327,cube72_cluster0,True,1.0028146241154903,0.8822593809441778,0.030593750385711622
cube73_cluster0,13,327,cube67_cluster0,True,1.4941688820159145,0.9746294676429251,0.131845440652293
cube73_cluster0,13,327,cube78_cluster1,True,1.3969922618167523,1.2428019582626275,0.03912944418459373
cube73_cluster0,13,327,cube77_cluster0,True,1.570516286568255,0.5620835428240033,0.2559137108541078
cube73_cluster0,13,327,cube67_cluster2,True,1.603198485111076,0.6317978095013197,0.24651594582149572
cube73_cluster0,13,327,cube72_cluster0,True,1.6144520683166903,1.3071376127127965,0.07798832715476346
cube73_cluster0,13,327,cube78_cluster1,True,1.979405273576869,1.2675855095121833,0.1806411368642428
cube73_cluster0,13,327,cube78_cluster0,True,0.9251255899086932,0.7081835932079004,0.05505417367712877
cube73_cluster0,13,327,cube67_cluster0,True,1.5027810852385726,0.9652601061087938,0.13640868891294297
cube73_cluster0,13,327,cube78_cluster0,True,1.6270906631103452,1.2954455595614671,0.08416280576200008
cube73_cluster0,13,327,cube78_cluster0,True,1.2407760683416562,0.8836815868329019,0.09062118862693845
cube73_cluster0,13,327,cube74_cluster0,True,1.6068180986766476,0.9467228699914922,0.16751481002361293
cube73_cluster0,13,327,cube72_cluster0,True,0.9949172537405438,0.896140945526284,0.025066829430511965
cube73_cluster0,13,327,cube67_cluster2,True,0.8806981778082161,0.7301478439978973,0.03820571558661565
cube73_cluster0,13,327,cube67_cluster2,True,1.4778168096646542,1.048654314983719,0.10891015514373066
cube73_cluster0,13,327,cube72_cluster1,True,1.3578575643605724,0.9713644179936213,0.09808179664932673
cube73_cluster0,13,327,cube65_cluster2,True,1.2395583847808944,1.1500604373014234,0.022712225475996738
cube73_cluster0,13,327,cube67_cluster2,True,3.0071911854074376,2.3336571513600917,0.1709252254142465
cube73_cluster0,13,327,cube78_cluster0,True,1.4907381486544613,1.2656735737862261,0.05711547041052788
cube73_cluster0,13,327,cube67_cluster2,True,2.214017121205874,1.792578628999362,0.10695000643957747
cube73_cluster0,13,327,cube65_cluster2,True,1.6848927169191266,1.3409104492294697,0.08729365358132044
cube73_cluster0,13,327,cube66_cluster0,True,1.1451959906259652,0.8654265842697397,0.07099811802841474
cube73_cluster0,13,327,cube77_cluster0,True,2.190302678555262,1.4033563455926696,0.19970628439110258
cube73_cluster0,13,327,cube78_cluster0,True,1.3961861957481434,1.1008614358112851,0.07494565769644146
cube73_cluster0,13,327,cube66_cluster0,True,0.8538283557147971,0.8339542982701371,0.005043513136539439
cube73_cluster0,13,327,cube77_cluster1,True,1.6362610612136466,1.032778845271964,0.15314791618395066
cube73_cluster0,13,327,cube74_cluster0,True,1.7180033693416745,1.4125592402929679,0.0775136874604297
cube73_cluster0,13,327,cube77_cluster0,True,1.9444794971485624,1.1047084010859025,0.2131118200936956
cube73_cluster0,13,327,cube67_cluster2,True,1.530522841780404,1.1990022057090202,0.08413121918942613
cube73_cluster0,13,327,cube72_cluster0,True,1.5349526324322023,1.3206701726640546,0.054379253143450226
cube73_cluster0,13,327,cube65_cluster1,True,1.476663713681979,0.87554266404089,0.1525487142702117
cube73_cluster0,13,327,cube77_cluster0,True,1.905971045936898,0.7161729576057958,0.3019394658104799
cube73_cluster0,13,327,cube57_cluster0,False,1.776249032070978,1.6068241194723054,0.042995587324220465
cube73_cluster0,13,327,cube74_cluster0,True,1.513335109185686,0.6743786493769779,0.2129050868355399
cube73_cluster0,13,327,cube72_cluster1,True,1.6846929568006457,1.1186400381845605,0.14364934482886918
cube73_cluster0,13,327,cube65_cluster2,True,1.5652139065374786,1.2417258517102379,0.08209276130844415
cube73_cluster0,13,327,cube78_cluster0,True,1.5114169853567068,1.3462624261548337,0.041911883932781814
cube73_cluster0,13,327,cube78_cluster1,True,1.577938336427979,1.1036404883227324,0.12036432088475961
cube73_cluster0,13,327,cube66_cluster0,True,0.9601736893749819,0.876347735064034,0.02127282277046141
cube73_cluster0,13,327,cube77_cluster0,True,1.9118590138802782,0.6786648254017976,0.3129522548082642
cube73_cluster0,13,327,cube66_cluster0,True,1.3057439820867973,0.9564986057395671,0.08862929215071773
cube73_cluster0,13,327,cube67_cluster2,True,1.0728055210692762,0.7361841064322432,0.08542566265040863
cube73_cluster0,13,327,cube72_cluster1,True,1.04237346577055,0.9091754470881173,0.03380215433393441
cube73_cluster0,13,327,cube65_cluster0,True,1.4213817077408117,1.0402791751056046,0.09671380064520098
cube73_cluster0,13,327,cube67_cluster2,True,1.5360689396524234,1.032555995854943,0.12777834388028175
cube73_cluster0,13,327,cube72_cluster0,True,1.4929926217592844,1.0775765243002124,0.10542168102808475
cube73_cluster0,13,327,cube74_cluster0,True,0.802175439028493,0.6598991319693689,0.03610598518541658
cube73_cluster0,13,327,cube67_cluster2,True,1.0427620384149368,1.0160802703385676,0.0067711310674219835
cube73_cluster0,13,327,cube72_cluster0,True,1.8894340901310227,1.2103759497551965,0.17232709832886955
cube73_cluster0,13,327,cube66_cluster0,True,1.6519370995691929,1.426520794311841,0.05720473033356926
cube73_cluster0,13,327,cube78_cluster0,True,0.9971273831879949,0.7898696932574617,0.05259655129427678
cube73_cluster0,13,327,cube78_cluster1,True,1.3713761780181764,1.1372748507966908,0.05940876051156451
cube73_cluster0,13,327,cube74_cluster0,True,1.2946481281985442,0.5650299841974649,0.1851578976348242
cube73_cluster0,13,327,cube66_cluster0,True,1.10282182558286,0.9855055819679666,0.029771777476680167
cube73_cluster0,13,327,cube67_cluster2,True,1.0679975732001148,0.9430363703743481,0.03171186707920409
cube73_cluster0,13,327,cube72_cluster0,True,0.977354400258591,0.7618822266640074,0.054681171225807616
cube73_cluster0,13,327,cube67_cluster2,True,1.384717260653638,0.9310846176925025,0.11512003526750073
cube73_cluster0,13,327,cube72_cluster0,True,1.8348396003631515,1.3404269969854974,0.12546891680017103
cube73_cluster0,13,327,cube78_cluster0,True,1.0752222463009904,0.9785270510234992,0.024538697695739537
cube73_cluster0,13,327,cube65_cluster0,True,1.6277684503289576,1.3167058379366854,0.07893951077957859
cube73_cluster0,13,327,cube66_cluster0,True,1.066191255080251,0.9546782347880095,0.028299072009084228
cube73_cluster0,13,327,cube74_cluster0,True,1.0530683083345835,0.7323894803625447,0.08137985340892828
cube73_cluster0,13,327,cube67_cluster2,True,2.0851168096158936,1.723493573640094,0.09177046741463973
cube73_cluster0,13,327,cube72_cluster0,True,1.379421955319425,1.2040153936171851,0.044513572562816836
cube73_cluster0,13,327,cube67_cluster0,True,1.6892251525610469,1.0082948075353024,0.1728022146342564
cube73_cluster0,13,327,cube65_cluster1,True,2.1140406154846345,1.1254024012134372,0.25089037982535556
cube73_cluster0,13,327,cube65_cluster2,True,1.8137039613906665,1.3191660663202633,0.1255007125369016
cube73_cluster0,13,327,cube78_cluster1,True,1.585584909258322,1.2003045755578892,0.09777401668880391
cube73_cluster0,13,327,cube78_cluster1,True,1.6372763684153124,0.5687633352076507,0.2711605083437276
cube73_cluster0,13,327,cube78_cluster0,True,1.0460116445658119,0.9907156105887158,0.014032679262328984
cube74_cluster0,6,95,cube78_cluster1,True,1.5549223947791864,0.9550396848338691,0.15223445622096765
cube74_cluster0,6,95,cube73_cluster0,True,1.5140064188738735,1.5137162795322412,7.362973489557245e-05
cube74_cluster0,6,95,cube67_cluster2,True,1.1351538694719447,0.8322489742323953,0.07686929669579143
cube74_cluster0,6,95,cube68_cluster0,False,1.6165567812745332,1.1714107422725255,0.11296635836122966
cube74_cluster0,6,95,cube78_cluster1,True,1.3775788110667924,0.8449284281823497,0.13517265967157974
cube74_cluster0,6,95,cube67_cluster0,True,1.5830476571983105,1.430058671666494,0.03882458126248814
cube74_cluster0,6,95,cube78_cluster1,True,1.173399904053011,0.9094718238348756,0.06697800604573903
cube74_cluster0,6,95,cube66_cluster0,True,0.9719559910838419,0.9556932161682942,0.004127064599241543
cube74_cluster0,6,95,cube66_cluster0,True,1.7753629047554798,1.725947557541919,0.012540315610550724
cube74_cluster0,6,95,cube78_cluster1,True,1.6347063399151585,1.2115841694862386,0.1073772796954823
cube74_cluster0,6,95,cube67_cluster0,True,1.380396828903942,1.1187417773405732,0.06640117114868957
cube74_cluster0,6,95,cube67_cluster2,True,1.6519361278943925,0.4551314954354777,0.3037175424538008
cube74_cluster0,6,95,cube67_cluster0,True,0.9619703988921869,0.9525461163117352,0.002391635081528825
cube74_cluster0,6,95,cube67_cluster0,True,1.4859823612124687,1.2031315320380462,0.07178010210519846
cube74_cluster0,6,95,cube67_cluster0,True,0.8860888339191851,0.7727731101427606,0.028756550746331475
cube74_cluster0,6,95,cube59_cluster0,False,1.8574478969496542,1.2829458056742267,0.1457935226556135
cube74_cluster0,6,95,cube78_cluster1,True,1.3371208708497484,0.6192486004027703,0.18217710381679292
cube74_cluster0,6,95,cube67_cluster3,False,1.1919014941194412,1.14773597183338,0.011208048102514
cube74_cluster0,6,95,cube67_cluster0,True,1.2810276180174274,1.115610975729109,0.04197839372792717
cube74_cluster0,6,95,cube66_cluster0,True,1.0461483905696123,1.0203109748970627,0.006556856631897663
cube74_cluster0,6,95,cube67_cluster2,True,1.8959886189594104,1.5432157559430515,0.08952447550239405
cube74_cluster0,6,95,cube67_cluster2,True,1.5602794608307828,0.9860113617156293,0.14573414159880235
cube74_cluster0,6,95,cube67_cluster3,False,1.1684948456231865,1.024118815790072,0.0366388396074791
cube74_cluster0,6,95,cube67_cluster0,True,1.591496162984933,1.3426256745606349,0.06315678522918793
cube74_cluster0,6,95,cube78_cluster1,True,1.4514359129295538,1.2424861947040862,0.05302594357900076
cube74_cluster0,6,95,cube67_cluster3,False,1.399092690701791,1.1970353212269271,0.05127684671933456
cube74_cluster0,6,95,cube67_cluster0,True,1.3661823859800948,1.0932179953330787,0.06927118399799223
cube74_cluster0,6,95,cube67_cluster0,True,1.2756067694270075,1.0707494865586535,0.05198739110719098
cube74_cluster0,6,95,cube66_cluster0,True,1.7061955055571634,1.494248042812685,0.05378669230400168
cube74_cluster0,6,95,cube67_cluster0,True,1.2345426999260949,1.064321823752259,0.04319758194754896
cube74_cluster0,6,95,cube73_cluster0,True,1.8234256255479742,1.821328434993421,0.0005322118113610382
cube74_cluster0,6,95,cube67_cluster2,True,1.975700803972296,1.7190356585711386,0.06513486418800528
cube74_cluster0,6,95,cube67_cluster0,True,0.9965806850097929,0.8298262365046565,0.042317893764467485
cube74_cluster0,6,95,cube67_cluster0,True,0.9271565140469885,0.6472363368384411,0.07103637970580047
cube74_cluster0,6,95,cube67_cluster2,True,1.549197124617424,0.5269559353313894,0.25941793120161843
cube74_cluster0,6,95,cube67_cluster1,False,1.9780003438276126,1.5628869399226157,0.1053448653642187
cube74_cluster0,6,95,cube67_cluster0,True,1.5079954716066477,1.2129720474291452,0.07486918660516824
cube74_cluster0,6,95,cube78_cluster1,True,1.5451881995313286,1.4081719136778068,0.03477113013013649
cube74_cluster0,6,95,cube67_cluster2,True,1.578675779475532,0.6550862911158328,0.23438272382389086
cube74_cluster0,6,95,cube67_cluster0,True,1.1997715577178703,0.9932207887044284,0.05241715335594574
cube74_cluster0,6,95,cube67_cluster2,True,1.5453959787447993,0.8778430560154249,0.16940737665149178
cube74_cluster0,6,95,cube67_cluster0,True,1.4246752021288593,1.3300315761292083,0.024018063364671546
cube74_cluster0,6,95,cube67_cluster1,False,2.2143490197333002,1.509666693748167,0.17882984277818628
cube74_cluster0,6,95,cube67_cluster0,True,1.1342866058531973,1.1072943805915458,0.006849916936722428
cube74_cluster0,6,95,cube73_cluster0,True,1.1445362231524918,0.9290000047842918,0.05469742410511828
cube74_cluster0,6,95,cube65_cluster2,False,2.365832250743823,1.532889728606442,0.21137890760756267
cube74_cluster0,6,95,cube67_cluster0,True,1.9064568304302563,1.7257414902236368,0.04586080093831957
cube74_cluster0,6,95,cube67_cluster2,True,1.7016925218511338,0.6317978095013197,0.27151114217495875
cube74_cluster0,6,95,cube67_cluster0,True,1.391276827703992,1.3899206075044037,0.00034417302112112945
cube74_cluster0,6,95,cube67_cluster0,True,0.9879810544808637,0.9652601061087938,0.005765979187101506
cube74_cluster0,6,95,cube66_cluster0,True,0.9423115940403799,0.8339542982701371,0.027498232113842964
cube74_cluster0,6,95,cube67_cluster0,True,1.4020508948752186,0.8787793342932735,0.13279256121309282
cube74_cluster0,6,95,cube67_cluster2,True,1.2736140655468462,0.7361841064322432,0.13638559042671258
cube74_cluster0,6,95,cube67_cluster2,True,2.1506876654786065,1.032555995854943,0.28375241340781004
cube74_cluster0,6,95,cube67_cluster2,True,1.2204711532136066,0.9430363703743481,0.07040565197514484
cube74_cluster0,6,95,cube73_cluster0,True,1.1605984907942808,1.1537099164475404,0.0017481390152240335
cube74_cluster0,6,95,cube67_cluster0,True,1.2982307535790885,1.2843669402832405,0.003518271227445152
cube74_cluster0,6,95,cube67_cluster2,True,2.080850694664169,1.723493573640094,0.0906878396290996
cube74_cluster0,6,95,cube67_cluster0,True,1.1480170283513378,1.0082948075353024,0.035457825263632024
cube74_cluster0,6,95,cube73_cluster0,True,1.349743171578056,1.269660140476562,0.020322967290345953
cube77_cluster0,3,15,cube78_cluster0,True,0.9797819750593969,0.9282171332542073,0.013085800811043258
cube77_cluster0,3,15,cube78_cluster0,True,1.0961263837458906,0.9280171026996133,0.04266171463436693
cube77_cluster0,3,15,cube78_cluster0,True,0.7506524427700094,0.4299973969021935,0.08137381813629224
cube77_cluster0,3,15,cube72_cluster0,True,1.0364527828779095,0.9184882120554789,0.029936305872408878
cube77_cluster0,3,15,cube77_cluster1,False,1.1856683149647822,1.032778845271964,0.03879932675959264
cube77_cluster0,3,15,cube77_cluster1,False,1.1966433153949267,0.9287602542811049,0.0679816761899811
cube78_cluster0,5,39,cube72_cluster1,False,1.5165112914890018,1.275679937071638,0.061116664429332404
cube78_cluster0,5,39,cube77_cluster0,True,1.6316210789057461,1.556070872326742,0.019172655629606128
cube78_cluster0,5,39,cube73_cluster0,True,1.1401376785282524,1.0876620807270725,0.013316926731995726
cube78_cluster0,5,39,cube77_cluster0,True,1.3018763537924594,1.1714438488676233,0.033100339669034834
cube78_cluster0,5,39,cube73_cluster0,True,1.1191986219736914,0.8337136751853684,0.07244857188425036
cube78_cluster0,5,39,cube77_cluster0,True,1.3408266583636048,0.7233244188713501,0.15670582946606718
cube78_cluster0,5,39,cube73_cluster0,True,0.9535450727543475,0.9378628147178711,0.003979744681618687
cube78_cluster0,5,39,cube77_cluster1,True,1.252711832543181,0.46167784649615207,0.20074362324786985
cube78_cluster0,5,39,cube77_cluster1,True,1.2432536956948932,1.0583766672913755,0.04691692795967308
cube78_cluster0,5,39,cube77_cluster0,True,1.1043737880928022,0.9484625781719865,0.0395661649645013
cube78_cluster0,5,39,cube77_cluster0,True,0.7392219665400065,0.5620835428240033,0.04495307359784259
cube78_cluster0,5,39,cube72_cluster1,False,1.4215687917381044,0.9713644179936213,0.11425003069606753
cube78_cluster0,5,39,cube77_cluster1,True,1.0542311916103169,1.032778845271964,0.005444041352318218
cube78_cluster0,5,39,cube77_cluster0,True,1.256269964663161,0.6786648254017976,0.14658099463127616
cube78_cluster0,5,39,cube73_cluster0,True,1.4152651429847367,1.1537099164475404,0.06637583818222016
cube78_cluster0,5,39,cube77_cluster0,True,0.9037959920843788,0.5418837912740887,0.09184379909050959
cube78_cluster0,5,39,cube77_cluster1,True,1.3669591169065702,0.9287602542811049,0.11120334769194319
