pitcher_id,pitch_a,cluster_a,pitch_b,cluster_b,same_cluster
445276,FC,cube13_cluster0,SI,cube13_cluster0,True
445276,SL,cube58_cluster0,ST,cube58_cluster0,True
445926,CH,cube13_cluster0,FC,cube23_cluster0,False
445926,CH,cube13_cluster0,SI,cube13_cluster0,True
445926,CU,cube73_cluster0,SL,cube66_cluster0,False
445926,FC,cube23_cluster0,SI,cube13_cluster0,False
448179,CH,cube12_cluster0,FC,cube23_cluster0,False
448179,CH,cube12_cluster0,FF,cube13_cluster0,True
448179,CH,cube12_cluster0,SI,cube13_cluster0,True
448179,FC,cube23_cluster0,FF,cube13_cluster0,False
448179,FC,cube23_cluster0,SI,cube13_cluster0,False
448179,FF,cube13_cluster0,SI,cube13_cluster0,True
450203,CH,cube23_cluster1,FF,cube13_cluster0,False
450203,CH,cube23_cluster1,SI,cube13_cluster0,False
450203,FF,cube13_cluster0,SI,cube13_cluster0,True
453286,CH,cube13_cluster0,FC,cube23_cluster0,False
453286,CH,cube13_cluster0,FF,cube13_cluster0,True
453286,FC,cube23_cluster0,FF,cube13_cluster0,False
453286,FC,cube23_cluster0,SL,cube43_cluster0,False
455119,FC,cube23_cluster0,FF,cube13_cluster0,False
455119,FC,cube23_cluster0,FS,cube13_cluster0,False
455119,FC,cube23_cluster0,SI,cube13_cluster0,False
455119,FF,cube13_cluster0,FS,cube13_cluster0,True
455119,FF,cube13_cluster0,SI,cube13_cluster0,True
455119,FS,cube13_cluster0,SI,cube13_cluster0,True
458677,FC,cube22_cluster0,FF,cube12_cluster0,False
458677,FC,cube22_cluster0,FS,cube12_cluster0,False
458677,FC,cube22_cluster0,SL,cube32_cluster0,False
458677,FF,cube12_cluster0,FS,cube12_cluster0,True
471911,CH,cube12_cluster0,FF,cube13_cluster0,True
471911,CH,cube12_cluster0,SI,cube13_cluster0,True
471911,CU,cube66_cluster0,ST,cube66_cluster0,True
471911,FF,cube13_cluster0,SI,cube13_cluster0,True
472610,FF,cube13_cluster0,FS,cube12_cluster0,True
472610,FF,cube13_cluster0,SI,cube4_cluster0,True
472610,FS,cube12_cluster0,SI,cube4_cluster0,True
476594,FF,cube14_cluster0,SI,cube14_cluster0,True
477132,FF,cube13_cluster0,FS,cube3_cluster0,False
477132,FF,cube13_cluster0,SI,cube14_cluster0,False
477132,FF,cube13_cluster0,SL,cube33_cluster0,False
477132,FS,cube3_cluster0,SI,cube14_cluster0,False
489119,CH,cube12_cluster0,FC,cube22_cluster0,False
489119,CH,cube12_cluster0,FF,cube12_cluster0,True
489119,CH,cube12_cluster0,SI,cube12_cluster0,True
489119,CU,cube65_cluster0,ST,cube57_cluster0,True
489119,FC,cube22_cluster0,FF,cube12_cluster0,False
489119,FC,cube22_cluster0,SI,cube12_cluster0,False
489119,FF,cube12_cluster0,SI,cube12_cluster0,True
489119,SL,cube42_cluster0,ST,cube57_cluster0,False
489446,FF,cube13_cluster0,FS,cube13_cluster0,True
493603,FF,cube5_cluster0,SI,cube14_cluster0,True
500779,CH,cube13_cluster0,FF,cube13_cluster0,True
500779,CH,cube13_cluster0,SI,cube13_cluster0,True
500779,CU,cube66_cluster0,SV,cube66_cluster0,True
500779,FF,cube13_cluster0,SI,cube13_cluster0,True
502043,CH,cube13_cluster0,FF,cube13_cluster0,True
502043,CH,cube13_cluster0,SI,cube13_cluster0,True
502043,CU,cube66_cluster0,SL,cube58_cluster0,True
502043,CU,cube66_cluster0,ST,cube66_cluster0,True
502043,FF,cube13_cluster0,SI,cube13_cluster0,True
502043,SL,cube58_cluster0,ST,cube66_cluster0,True
502085,CH,cube13_cluster0,FC,cube23_cluster0,False
502085,CH,cube13_cluster0,SI,cube13_cluster0,True
502085,FC,cube23_cluster0,SI,cube13_cluster0,False
502085,KC,cube66_cluster0,SL,cube58_cluster0,False
506433,CH,cube13_cluster0,FC,cube24_cluster0,False
506433,CH,cube13_cluster0,FF,cube14_cluster0,True
506433,CH,cube13_cluster0,FS,cube13_cluster0,True
506433,CH,cube13_cluster0,PO,cube14_cluster0,True
506433,CH,cube13_cluster0,SI,cube14_cluster0,True
506433,CU,cube73_cluster0,KC,cube73_cluster0,True
506433,CU,cube73_cluster0,ST,cube67_cluster0,False
506433,FC,cube24_cluster0,FF,cube14_cluster0,False
506433,FC,cube24_cluster0,FS,cube13_cluster0,False
506433,FC,cube24_cluster0,PO,cube14_cluster0,False
506433,FC,cube24_cluster0,SI,cube14_cluster0,False
506433,FF,cube14_cluster0,FS,cube13_cluster0,False
506433,FF,cube14_cluster0,PO,cube14_cluster0,True
506433,FF,cube14_cluster0,SI,cube14_cluster0,True
506433,FS,cube13_cluster0,PO,cube14_cluster0,False
506433,FS,cube13_cluster0,SI,cube14_cluster0,False
506433,KC,cube73_cluster0,ST,cube67_cluster0,False
506433,PO,cube14_cluster0,SI,cube14_cluster0,True
518397,CH,cube12_cluster0,SI,cube13_cluster0,True
518489,FC,cube23_cluster0,FF,cube13_cluster0,False
518489,FF,cube13_cluster0,SI,cube4_cluster0,True
518585,FF,cube13_cluster0,FS,cube13_cluster1,False
518585,FF,cube13_cluster0,SI,cube4_cluster0,True
518585,FS,cube13_cluster1,SI,cube4_cluster0,False
518876,CH,cube13_cluster0,FC,cube13_cluster0,True
518876,CH,cube13_cluster0,FF,cube13_cluster0,True
518876,CH,cube13_cluster0,SI,cube13_cluster0,True
518876,FC,cube13_cluster0,FF,cube13_cluster0,True
518876,FC,cube13_cluster0,SI,cube13_cluster0,True
518876,FC,cube13_cluster0,SL,cube33_cluster0,False
518876,FF,cube13_cluster0,SI,cube13_cluster0,True
518886,CH,cube14_cluster0,FC,cube14_cluster0,True
518886,CH,cube14_cluster0,FF,cube14_cluster0,True
518886,FC,cube14_cluster0,FF,cube14_cluster0,True
519008,FF,cube12_cluster0,SI,cube13_cluster0,True
519151,CH,cube13_cluster0,FF,cube13_cluster0,True
519151,CH,cube13_cluster0,SI,cube13_cluster0,True
519151,FF,cube13_cluster0,SI,cube13_cluster0,True
519242,CH,cube14_cluster0,FF,cube14_cluster0,True
519242,CH,cube14_cluster0,SI,cube14_cluster0,True
519242,FF,cube14_cluster0,SI,cube14_cluster0,True
519326,CH,cube12_cluster0,FF,cube13_cluster0,True
519326,CH,cube12_cluster0,SI,cube13_cluster0,True
519326,FF,cube13_cluster0,SI,cube13_cluster0,True
519326,SL,cube58_cluster0,ST,cube73_cluster0,False
527048,CH,cube12_cluster0,FC,cube22_cluster0,False
527048,CH,cube12_cluster0,FF,cube12_cluster0,True
527048,CH,cube12_cluster0,SI,cube12_cluster0,True
527048,FC,cube22_cluster0,FF,cube12_cluster0,False
527048,FC,cube22_cluster0,SI,cube12_cluster0,False
527048,FF,cube12_cluster0,SI,cube12_cluster0,True
534910,CU,cube78_cluster0,ST,cube73_cluster0,False
534910,FF,cube4_cluster0,SI,cube14_cluster0,False
541640,CH,cube13_cluster0,FC,cube23_cluster0,False
541640,CH,cube13_cluster0,FF,cube13_cluster0,True
541640,CH,cube13_cluster0,SI,cube13_cluster0,True
541640,FC,cube23_cluster0,FF,cube13_cluster0,False
541640,FC,cube23_cluster0,SI,cube13_cluster0,False
541640,FF,cube13_cluster0,SI,cube13_cluster0,True
542881,FC,cube22_cluster0,FF,cube12_cluster0,False
542881,FC,cube22_cluster0,SI,cube13_cluster0,False
542881,FC,cube22_cluster0,SL,cube33_cluster0,False
542881,FF,cube12_cluster0,SI,cube13_cluster0,False
542888,FC,cube23_cluster0,FF,cube13_cluster0,False
542888,FF,cube13_cluster0,SI,cube4_cluster0,False
542888,ST,cube58_cluster0,SV,cube66_cluster0,False
543101,FF,cube4_cluster0,FS,cube13_cluster0,False
543101,FF,cube4_cluster0,SI,cube4_cluster0,True
543101,FS,cube13_cluster0,SI,cube4_cluster0,False
543135,FC,cube14_cluster0,FF,cube5_cluster0,False
543135,FC,cube14_cluster0,FS,cube13_cluster0,True
543135,FC,cube14_cluster0,SI,cube5_cluster0,False
543135,FF,cube5_cluster0,FS,cube13_cluster0,False
543135,FF,cube5_cluster0,SI,cube5_cluster0,True
543135,FS,cube13_cluster0,SI,cube5_cluster0,False
543243,CH,cube13_cluster0,FF,cube23_cluster0,False
543243,CH,cube13_cluster0,PO,cube22_cluster0,False
543243,CH,cube13_cluster0,SI,cube13_cluster0,True
543243,CS,cube73_cluster0,CU,cube73_cluster0,True
543243,CS,cube73_cluster0,ST,cube66_cluster0,False
543243,CU,cube73_cluster0,ST,cube66_cluster0,False
543243,FC,cube51_cluster0,SL,cube58_cluster0,False
543243,FF,cube23_cluster0,PO,cube22_cluster0,True
543243,FF,cube23_cluster0,SI,cube13_cluster0,False
543243,PO,cube22_cluster0,SI,cube13_cluster0,False
543243,SL,cube58_cluster0,ST,cube66_cluster0,False
543391,FF,cube12_cluster0,SI,cube12_cluster0,True
543518,FF,cube13_cluster0,FS,cube12_cluster0,False
543518,FF,cube13_cluster0,SI,cube13_cluster0,True
543518,FS,cube12_cluster0,SI,cube13_cluster0,False
543859,FF,cube14_cluster0,SI,cube14_cluster0,True
544150,CH,cube13_cluster0,FC,cube23_cluster0,False
544150,CH,cube13_cluster0,FF,cube12_cluster0,True
544150,CU,cube65_cluster0,SV,cube58_cluster0,True
544150,FC,cube23_cluster0,FF,cube12_cluster0,False
547001,CU,cube72_cluster0,ST,cube66_cluster0,True
547001,FF,cube12_cluster0,SI,cube12_cluster0,True
547179,CH,cube12_cluster0,FC,cube23_cluster0,False
547179,CH,cube12_cluster0,FF,cube13_cluster0,True
547179,CH,cube12_cluster0,SI,cube13_cluster0,True
547179,CU,cube66_cluster0,SL,cube58_cluster0,False
547179,CU,cube66_cluster0,ST,cube66_cluster0,True
547179,FC,cube23_cluster0,FF,cube13_cluster0,False
547179,FC,cube23_cluster0,SI,cube13_cluster0,False
547179,FF,cube13_cluster0,SI,cube13_cluster0,True
547179,SL,cube58_cluster0,ST,cube66_cluster0,False
547184,CH,cube12_cluster0,FF,cube12_cluster0,True
547184,CH,cube12_cluster0,SI,cube12_cluster0,True
547184,FF,cube12_cluster0,SI,cube12_cluster0,True
547973,FF,cube13_cluster0,SI,cube4_cluster0,True
548384,CH,cube13_cluster0,SI,cube13_cluster0,True
552640,FF,cube13_cluster0,FS,cube4_cluster0,False
552640,FF,cube13_cluster0,SI,cube13_cluster0,True
552640,FS,cube4_cluster0,SI,cube13_cluster0,True
554340,CH,cube13_cluster0,FF,cube14_cluster0,False
554340,CH,cube13_cluster0,SI,cube14_cluster0,False
554340,FF,cube14_cluster0,SI,cube14_cluster0,True
554430,CU,cube74_cluster0,ST,cube67_cluster0,False
554430,FC,cube24_cluster0,FF,cube14_cluster0,False
554430,FC,cube24_cluster0,FS,cube14_cluster0,False
554430,FC,cube24_cluster0,SI,cube14_cluster0,False
554430,FF,cube14_cluster0,FS,cube14_cluster0,True
554430,FF,cube14_cluster0,SI,cube14_cluster0,True
554430,FS,cube14_cluster0,SI,cube14_cluster0,True
554431,FF,cube13_cluster0,SI,cube13_cluster0,True
570632,CH,cube13_cluster0,FF,cube4_cluster0,True
570632,CH,cube13_cluster0,FS,cube3_cluster0,True
570632,CH,cube13_cluster0,SI,cube4_cluster0,True
570632,CH,cube13_cluster0,SL,cube23_cluster0,False
570632,FF,cube4_cluster0,FS,cube3_cluster0,True
570632,FF,cube4_cluster0,SI,cube4_cluster0,True
570632,FS,cube3_cluster0,SI,cube4_cluster0,True
571510,CH,cube12_cluster0,FF,cube13_cluster0,True
571510,CH,cube12_cluster0,SI,cube13_cluster0,True
571510,FF,cube13_cluster0,SI,cube13_cluster0,True
571578,CH,cube12_cluster0,FC,cube23_cluster0,False
571578,CH,cube12_cluster0,FF,cube13_cluster0,True
571578,CH,cube12_cluster0,SI,cube4_cluster0,True
571578,FC,cube23_cluster0,FF,cube13_cluster0,False
571578,FF,cube13_cluster0,SI,cube4_cluster0,True
571760,CU,cube67_cluster1,SL,cube59_cluster1,True
571927,PO,cube13_cluster0,SI,cube4_cluster0,True
571927,PO,cube13_cluster0,SL,cube23_cluster0,False
571945,CH,cube12_cluster0,FF,cube12_cluster0,True
571945,CH,cube12_cluster0,PO,cube12_cluster0,True
571945,CH,cube12_cluster0,SI,cube13_cluster0,True
571945,CH,cube12_cluster0,SL,cube22_cluster0,False
571945,CU,cube72_cluster0,ST,cube66_cluster0,False
571945,FF,cube12_cluster0,PO,cube12_cluster0,True
571945,FF,cube12_cluster0,SI,cube13_cluster0,True
571945,FF,cube12_cluster0,SL,cube22_cluster0,False
571945,PO,cube12_cluster0,SI,cube13_cluster0,False
571945,PO,cube12_cluster0,SL,cube22_cluster0,False
571945,SI,cube13_cluster0,SL,cube22_cluster0,False
571946,FC,cube14_cluster0,FF,cube5_cluster0,False
571946,FC,cube14_cluster0,FS,cube13_cluster0,True
571946,FC,cube14_cluster0,SL,cube24_cluster0,False
571946,FF,cube5_cluster0,FS,cube13_cluster0,False
571946,FS,cube13_cluster0,SL,cube24_cluster0,False
572955,FC,cube23_cluster0,FF,cube12_cluster0,False
573009,FF,cube14_cluster0,SI,cube14_cluster0,True
573186,CU,cube73_cluster0,SL,cube66_cluster0,False
573186,CU,cube73_cluster0,SV,cube73_cluster0,True
573186,FC,cube23_cluster0,FF,cube13_cluster0,False
573186,FC,cube23_cluster0,SI,cube13_cluster0,False
573186,FF,cube13_cluster0,SI,cube13_cluster0,True
573186,SL,cube66_cluster0,SV,cube73_cluster0,False
579328,CH,cube13_cluster0,FF,cube5_cluster0,False
579328,CH,cube13_cluster0,SI,cube14_cluster0,False
579328,CU,cube66_cluster0,ST,cube67_cluster0,True
579328,FF,cube5_cluster0,SI,cube14_cluster0,True
592094,CH,cube12_cluster0,FF,cube13_cluster0,False
592155,CH,cube13_cluster0,FF,cube13_cluster0,True
592254,CH,cube14_cluster0,FF,cube14_cluster0,True
592332,FF,cube4_cluster0,FS,cube13_cluster0,True
592332,FF,cube4_cluster0,SI,cube4_cluster0,True
592332,FS,cube13_cluster0,SI,cube4_cluster0,True
592351,CH,cube13_cluster0,FF,cube13_cluster0,True
592426,CH,cube13_cluster0,FC,cube23_cluster0,False
592426,CH,cube13_cluster0,FF,cube13_cluster0,True
592426,CH,cube13_cluster0,SI,cube13_cluster0,True
592426,FC,cube23_cluster0,FF,cube13_cluster0,False
592426,FC,cube23_cluster0,SI,cube13_cluster0,False
592426,FF,cube13_cluster0,SI,cube13_cluster0,True
592454,CH,cube13_cluster0,FF,cube13_cluster0,True
592662,FF,cube13_cluster0,SI,cube13_cluster0,True
592662,FF,cube13_cluster0,SL,cube23_cluster0,False
592662,SI,cube13_cluster0,SL,cube23_cluster0,False
592779,CH,cube13_cluster0,FC,cube24_cluster0,False
592779,CH,cube13_cluster0,FF,cube14_cluster0,True
592779,CH,cube13_cluster0,SI,cube14_cluster0,True
592779,FC,cube24_cluster0,FF,cube14_cluster0,False
592779,FC,cube24_cluster0,SI,cube14_cluster0,False
592779,FF,cube14_cluster0,SI,cube14_cluster0,True
592791,CH,cube12_cluster0,FF,cube13_cluster0,True
592791,CH,cube12_cluster0,SI,cube4_cluster0,True
592791,CU,cube72_cluster0,ST,cube66_cluster0,True
592791,FF,cube13_cluster0,SI,cube4_cluster0,True
592836,FC,cube22_cluster0,FS,cube12_cluster0,False
592836,FF,cube3_cluster0,FS,cube12_cluster0,True
592836,FF,cube3_cluster0,SI,cube3_cluster0,True
592836,FS,cube12_cluster0,SI,cube3_cluster0,True
592866,CH,cube13_cluster0,FF,cube14_cluster0,True
592866,CH,cube13_cluster0,SI,cube14_cluster0,True
592866,FF,cube14_cluster0,SI,cube14_cluster0,True
593423,FC,cube22_cluster0,FF,cube12_cluster0,False
593423,FC,cube22_cluster0,FS,cube12_cluster0,False
593423,FC,cube22_cluster0,SI,cube12_cluster0,False
593423,FF,cube12_cluster0,FS,cube12_cluster0,True
593423,FF,cube12_cluster0,SI,cube12_cluster0,True
593423,FS,cube12_cluster0,SI,cube12_cluster0,True
593576,CH,cube12_cluster0,FF,cube13_cluster0,True
593576,CH,cube12_cluster0,FS,cube12_cluster0,True
593576,CH,cube12_cluster0,SI,cube13_cluster0,True
593576,CH,cube12_cluster0,SL,cube22_cluster0,False
593576,FF,cube13_cluster0,FS,cube12_cluster0,False
593576,FF,cube13_cluster0,SI,cube13_cluster0,True
593576,FF,cube13_cluster0,SL,cube22_cluster0,False
593576,FS,cube12_cluster0,SI,cube13_cluster0,False
593576,FS,cube12_cluster0,SL,cube22_cluster0,False
593576,SI,cube13_cluster0,SL,cube22_cluster0,False
593958,CH,cube12_cluster0,FC,cube23_cluster0,False
593958,CH,cube12_cluster0,FF,cube13_cluster0,True
593958,CH,cube12_cluster0,PO,cube12_cluster0,True
593958,CH,cube12_cluster0,SI,cube13_cluster0,True
593958,FC,cube23_cluster0,FF,cube13_cluster0,False
593958,FC,cube23_cluster0,PO,cube12_cluster0,False
593958,FC,cube23_cluster0,SI,cube13_cluster0,False
593958,FF,cube13_cluster0,PO,cube12_cluster0,True
593958,FF,cube13_cluster0,SI,cube13_cluster0,True
593958,PO,cube12_cluster0,SI,cube13_cluster0,True
593974,CH,cube12_cluster0,FF,cube3_cluster0,False
593974,CH,cube12_cluster0,SI,cube3_cluster0,False
593974,CH,cube12_cluster0,SL,cube22_cluster0,False
593974,FF,cube3_cluster0,SI,cube3_cluster0,True
594798,CH,cube13_cluster0,FF,cube14_cluster0,False
595014,FC,cube23_cluster0,FF,cube13_cluster0,False
595014,FC,cube23_cluster0,SI,cube13_cluster0,False
595014,FF,cube13_cluster0,SI,cube13_cluster0,True
595345,FC,cube13_cluster0,FF,cube13_cluster0,True
595345,FC,cube13_cluster0,PO,cube13_cluster0,True
595345,FF,cube13_cluster0,PO,cube13_cluster0,True
595897,CH,cube13_cluster0,FF,cube13_cluster0,True
595897,CH,cube13_cluster0,SI,cube13_cluster0,True
595897,FF,cube13_cluster0,SI,cube13_cluster0,True
595928,CH,cube12_cluster0,FC,cube23_cluster0,False
595928,CH,cube12_cluster0,FF,cube13_cluster0,True
595928,FC,cube23_cluster0,FF,cube13_cluster0,False
596001,CH,cube12_cluster0,FF,cube13_cluster0,True
596001,CH,cube12_cluster0,SI,cube13_cluster0,True
596001,FF,cube13_cluster0,SI,cube13_cluster0,True
596112,FC,cube51_cluster0,SL,cube57_cluster0,False
596112,FF,cube4_cluster0,FS,cube3_cluster0,False
596133,CH,cube13_cluster0,FC,cube23_cluster0,False
596133,CH,cube13_cluster0,FF,cube13_cluster0,True
596133,CH,cube13_cluster0,SL,cube22_cluster0,False
596133,FC,cube23_cluster0,FF,cube13_cluster0,False
596133,FC,cube23_cluster0,SL,cube22_cluster0,True
596133,FF,cube13_cluster0,SL,cube22_cluster0,False
596271,FF,cube13_cluster0,SI,cube13_cluster0,True
596295,CH,cube12_cluster0,FC,cube23_cluster0,False
596295,CH,cube12_cluster0,FF,cube12_cluster0,True
596295,CH,cube12_cluster0,SI,cube13_cluster0,True
596295,FC,cube23_cluster0,FF,cube12_cluster0,False
596295,FC,cube23_cluster0,SI,cube13_cluster0,False
596295,FF,cube12_cluster0,SI,cube13_cluster0,True
600917,CU,cube72_cluster0,SL,cube65_cluster1,False
600917,FF,cube12_cluster0,SI,cube12_cluster0,True
601713,FF,cube12_cluster0,FS,cube3_cluster0,True
601713,FF,cube12_cluster0,SI,cube13_cluster0,True
601713,FS,cube3_cluster0,SI,cube13_cluster0,True
605130,CH,cube14_cluster0,FF,cube14_cluster0,True
605130,CH,cube14_cluster0,PO,cube14_cluster0,True
605130,CH,cube14_cluster0,SI,cube14_cluster0,True
605130,CU,cube73_cluster0,ST,cube59_cluster2,False
605130,FF,cube14_cluster0,PO,cube14_cluster0,True
605130,FF,cube14_cluster0,SI,cube14_cluster0,True
605130,PO,cube14_cluster0,SI,cube14_cluster0,True
605135,CH,cube13_cluster0,FC,cube23_cluster0,False
605135,CH,cube13_cluster0,FF,cube13_cluster0,True
605135,CH,cube13_cluster0,FS,cube13_cluster0,True
605135,CH,cube13_cluster0,SI,cube13_cluster0,True
605135,CU,cube72_cluster1,ST,cube73_cluster0,True
605135,FC,cube23_cluster0,FF,cube13_cluster0,False
605135,FC,cube23_cluster0,FS,cube13_cluster0,False
605135,FC,cube23_cluster0,SI,cube13_cluster0,False
605135,FF,cube13_cluster0,FS,cube13_cluster0,True
605135,FF,cube13_cluster0,SI,cube13_cluster0,True
605135,FS,cube13_cluster0,SI,cube13_cluster0,True
605154,CH,cube13_cluster0,FF,cube4_cluster0,True
605177,CH,cube12_cluster0,FF,cube12_cluster0,True
605177,CH,cube12_cluster0,SI,cube3_cluster0,True
605177,FF,cube12_cluster0,SI,cube3_cluster0,True
605182,CH,cube4_cluster0,FF,cube14_cluster0,False
605182,CH,cube4_cluster0,SI,cube13_cluster0,True
605182,CU,cube66_cluster0,ST,cube73_cluster0,True
605182,FF,cube14_cluster0,SI,cube13_cluster0,True
605218,CH,cube4_cluster0,FF,cube13_cluster0,False
605242,CH,cube13_cluster0,FF,cube13_cluster0,True
605242,CH,cube13_cluster0,SI,cube13_cluster0,True
605242,CU,cube73_cluster0,ST,cube66_cluster0,True
605242,FF,cube13_cluster0,SI,cube13_cluster0,True
605280,FF,cube12_cluster0,SI,cube12_cluster0,True
605288,CH,cube13_cluster0,FF,cube4_cluster0,True
605288,CH,cube13_cluster0,SI,cube13_cluster0,True
605288,FF,cube4_cluster0,SI,cube13_cluster0,True
605347,CH,cube12_cluster0,FF,cube4_cluster0,True
605347,CH,cube12_cluster0,PO,cube13_cluster0,True
605347,CH,cube12_cluster0,SI,cube4_cluster0,True
605347,FF,cube4_cluster0,PO,cube13_cluster0,True
605347,FF,cube4_cluster0,SI,cube4_cluster0,True
605347,PO,cube13_cluster0,SI,cube4_cluster0,True
605400,CH,cube13_cluster0,FC,cube24_cluster0,False
605400,CH,cube13_cluster0,FF,cube14_cluster0,True
605400,CH,cube13_cluster0,SI,cube14_cluster0,True
605400,FC,cube24_cluster0,FF,cube14_cluster0,False
605400,FC,cube24_cluster0,SI,cube14_cluster0,False
605400,FF,cube14_cluster0,SI,cube14_cluster0,True
605452,CH,cube13_cluster0,FF,cube13_cluster0,True
605452,CH,cube13_cluster0,SI,cube13_cluster0,True
605452,FF,cube13_cluster0,SI,cube13_cluster0,True
605483,CH,cube12_cluster0,FF,cube13_cluster0,True
605483,CH,cube12_cluster0,SL,cube23_cluster0,False
605483,FF,cube13_cluster0,SL,cube23_cluster0,False
605488,CH,cube12_cluster0,FC,cube23_cluster0,False
605488,CH,cube12_cluster0,FF,cube4_cluster0,False
605507,CH,cube12_cluster0,FF,cube12_cluster0,True
605513,CH,cube13_cluster0,FF,cube23_cluster0,False
605513,CH,cube13_cluster0,SI,cube13_cluster0,True
605513,CU,cube73_cluster0,ST,cube58_cluster0,False
605513,FF,cube23_cluster0,SI,cube13_cluster0,False
605513,SL,cube51_cluster0,ST,cube58_cluster0,True
605540,CH,cube12_cluster0,FC,cube23_cluster0,False
605540,CH,cube12_cluster0,FF,cube13_cluster0,True
605540,CH,cube12_cluster0,SI,cube13_cluster0,True
605540,CU,cube65_cluster0,ST,cube57_cluster0,True
605540,FC,cube23_cluster0,FF,cube13_cluster0,False
605540,FC,cube23_cluster0,SI,cube13_cluster0,False
605540,FF,cube13_cluster0,SI,cube13_cluster0,True
606160,FF,cube13_cluster0,FS,cube13_cluster0,True
606160,FF,cube13_cluster0,SI,cube14_cluster0,True
606160,FS,cube13_cluster0,SI,cube14_cluster0,False
606303,CH,cube13_cluster0,FC,cube23_cluster0,False
606303,CH,cube13_cluster0,FF,cube13_cluster0,True
606303,CH,cube13_cluster0,SI,cube13_cluster0,True
606303,FC,cube23_cluster0,FF,cube13_cluster0,False
606303,FC,cube23_cluster0,SI,cube13_cluster0,False
606303,FF,cube13_cluster0,SI,cube13_cluster0,True
606930,FF,cube13_cluster0,FS,cube12_cluster0,True
606965,FF,cube3_cluster0,SI,cube4_cluster0,True
606996,CH,cube13_cluster0,FF,cube13_cluster0,True
606996,CH,cube13_cluster0,FS,cube13_cluster0,True
606996,CH,cube13_cluster0,SI,cube13_cluster0,True
606996,CH,cube13_cluster0,SL,cube23_cluster0,False
606996,FF,cube13_cluster0,FS,cube13_cluster0,True
606996,FF,cube13_cluster0,SI,cube13_cluster0,True
606996,FF,cube13_cluster0,SL,cube23_cluster0,False
606996,FS,cube13_cluster0,SI,cube13_cluster0,True
606996,FS,cube13_cluster0,SL,cube23_cluster0,False
606996,SI,cube13_cluster0,SL,cube23_cluster0,False
607067,CH,cube13_cluster0,FC,cube23_cluster0,False
607067,CH,cube13_cluster0,FF,cube13_cluster0,True
607067,CH,cube13_cluster0,PO,cube4_cluster0,False
607067,CH,cube13_cluster0,SI,cube13_cluster0,True
607067,CU,cube66_cluster0,SL,cube51_cluster0,False
607067,CU,cube66_cluster0,ST,cube66_cluster0,True
607067,FC,cube23_cluster0,FF,cube13_cluster0,False
607067,FC,cube23_cluster0,SI,cube13_cluster0,False
607067,FF,cube13_cluster0,PO,cube4_cluster0,True
607067,FF,cube13_cluster0,SI,cube13_cluster0,True
607067,PO,cube4_cluster0,SI,cube13_cluster0,True
607067,SL,cube51_cluster0,ST,cube66_cluster0,False
607074,CH,cube12_cluster0,FC,cube13_cluster0,True
607074,CH,cube12_cluster0,FF,cube3_cluster0,False
607074,CH,cube12_cluster0,SI,cube13_cluster0,True
607074,CU,cube72_cluster0,SL,cube58_cluster0,False
607074,FC,cube13_cluster0,FF,cube3_cluster0,False
607074,FC,cube13_cluster0,SI,cube13_cluster0,True
607074,FF,cube3_cluster0,SI,cube13_cluster0,False
607179,FF,cube13_cluster0,FS,cube3_cluster0,True
607200,CH,cube13_cluster0,FC,cube23_cluster0,False
607200,CH,cube13_cluster0,FF,cube13_cluster0,True
607200,CH,cube13_cluster0,SI,cube13_cluster0,True
607200,FC,cube23_cluster0,FF,cube13_cluster0,False
607200,FC,cube23_cluster0,SI,cube13_cluster0,False
607200,FF,cube13_cluster0,SI,cube13_cluster0,True
607259,FC,cube22_cluster0,FF,cube12_cluster0,False
607259,FC,cube22_cluster0,PO,cube12_cluster0,False
607259,FC,cube22_cluster0,SI,cube12_cluster0,False
607259,FF,cube12_cluster0,PO,cube12_cluster0,True
607259,FF,cube12_cluster0,SI,cube12_cluster0,True
607259,PO,cube12_cluster0,SI,cube12_cluster0,True
607455,CH,cube13_cluster0,FF,cube4_cluster0,True
607455,CH,cube13_cluster0,SI,cube4_cluster0,True
607455,FF,cube4_cluster0,SI,cube4_cluster0,True
607481,CU,cube66_cluster0,ST,cube66_cluster0,True
607481,FC,cube24_cluster0,FF,cube14_cluster0,False
607481,FC,cube24_cluster0,SI,cube14_cluster0,False
607481,FF,cube14_cluster0,SI,cube14_cluster0,True
607536,CH,cube13_cluster0,FC,cube23_cluster0,False
607536,CH,cube13_cluster0,FF,cube13_cluster0,True
607536,CH,cube13_cluster0,SI,cube13_cluster0,True
607536,FC,cube23_cluster0,FF,cube13_cluster0,False
607536,FC,cube23_cluster0,SI,cube13_cluster0,False
607536,FF,cube13_cluster0,SI,cube13_cluster0,True
607536,KC,cube66_cluster0,ST,cube66_cluster0,True
607625,CH,cube12_cluster0,FC,cube22_cluster0,False
607625,CH,cube12_cluster0,FF,cube13_cluster0,True
607625,CH,cube12_cluster0,FS,cube12_cluster0,True
607625,CH,cube12_cluster0,SI,cube13_cluster0,True
607625,CU,cube78_cluster0,SV,cube73_cluster0,False
607625,FC,cube22_cluster0,FF,cube13_cluster0,False
607625,FC,cube22_cluster0,FS,cube12_cluster0,False
607625,FC,cube22_cluster0,SI,cube13_cluster0,False
607625,FF,cube13_cluster0,FS,cube12_cluster0,False
607625,FF,cube13_cluster0,SI,cube13_cluster0,True
607625,FS,cube12_cluster0,SI,cube13_cluster0,False
607625,ST,cube65_cluster1,SV,cube73_cluster0,False
608032,CH,cube12_cluster0,FF,cube4_cluster0,True
608331,CH,cube13_cluster0,FC,cube23_cluster0,False
608331,CH,cube13_cluster0,FF,cube13_cluster0,True
608331,CH,cube13_cluster0,SI,cube13_cluster0,True
608331,CU,cube77_cluster0,ST,cube73_cluster0,False
608331,FC,cube23_cluster0,FF,cube13_cluster0,False
608331,FC,cube23_cluster0,SI,cube13_cluster0,False
608331,FF,cube13_cluster0,SI,cube13_cluster0,True
608334,CH,cube13_cluster0,FF,cube13_cluster0,True
608334,CH,cube13_cluster0,PO,cube13_cluster0,True
608334,CH,cube13_cluster0,SI,cube13_cluster0,True
608334,FF,cube13_cluster0,PO,cube13_cluster0,True
608334,FF,cube13_cluster0,SI,cube13_cluster0,True
608334,PO,cube13_cluster0,SI,cube13_cluster0,True
608337,CH,cube3_cluster0,FF,cube13_cluster0,False
608337,CH,cube3_cluster0,PO,cube4_cluster0,False
608337,FF,cube13_cluster0,PO,cube4_cluster0,True
608337,FF,cube13_cluster0,SL,cube22_cluster0,False
608371,CU,cube73_cluster0,ST,cube66_cluster0,True
608371,FC,cube23_cluster0,FF,cube13_cluster0,False
608371,FC,cube23_cluster0,FS,cube12_cluster0,False
608371,FC,cube23_cluster0,SI,cube13_cluster0,False
608371,FF,cube13_cluster0,FS,cube12_cluster0,True
608371,FF,cube13_cluster0,SI,cube13_cluster0,True
608371,FS,cube12_cluster0,SI,cube13_cluster0,True
608372,CU,cube73_cluster0,ST,cube66_cluster0,False
608372,FF,cube13_cluster0,FS,cube12_cluster0,True
608372,FF,cube13_cluster0,SI,cube13_cluster0,True
608372,FS,cube12_cluster0,SI,cube13_cluster0,True
608379,FC,cube22_cluster0,FF,cube12_cluster0,False
608379,FC,cube22_cluster0,SL,cube32_cluster0,False
608379,FF,cube12_cluster0,SI,cube4_cluster0,True
608566,FF,cube12_cluster0,SI,cube12_cluster0,True
608566,FF,cube12_cluster0,SL,cube23_cluster0,False
608566,SI,cube12_cluster0,SL,cube23_cluster0,False
608650,CH,cube12_cluster0,FF,cube12_cluster0,True
608650,CH,cube12_cluster0,SI,cube4_cluster0,False
608650,FF,cube12_cluster0,SI,cube4_cluster0,True
608665,CH,cube12_cluster0,FF,cube13_cluster0,True
608665,CH,cube12_cluster0,SI,cube13_cluster0,True
608665,CU,cube66_cluster0,SL,cube51_cluster0,False
608665,FF,cube13_cluster0,SI,cube13_cluster0,True
608717,CH,cube13_cluster0,FF,cube13_cluster0,True
608717,CH,cube13_cluster0,SI,cube13_cluster0,True
608717,CU,cube73_cluster0,ST,cube66_cluster0,True
608717,FF,cube13_cluster0,SI,cube13_cluster0,True
608717,SL,cube58_cluster0,ST,cube66_cluster0,False
612434,CH,cube14_cluster0,FF,cube14_cluster0,True
612434,CH,cube14_cluster0,SI,cube14_cluster0,True
612434,FF,cube14_cluster0,SI,cube14_cluster0,True
614179,CH,cube12_cluster0,FF,cube12_cluster0,True
614179,CH,cube12_cluster0,SI,cube3_cluster0,True
614179,CH,cube12_cluster0,SL,cube22_cluster0,False
614179,FF,cube12_cluster0,SI,cube3_cluster0,True
614179,FF,cube12_cluster0,SL,cube22_cluster0,False
615698,CH,cube3_cluster0,FF,cube3_cluster0,True
615698,CH,cube3_cluster0,FS,cube3_cluster0,True
615698,CH,cube3_cluster0,SI,cube4_cluster0,False
615698,FF,cube3_cluster0,FS,cube3_cluster0,True
615698,FF,cube3_cluster0,SI,cube4_cluster0,True
615698,FS,cube3_cluster0,SI,cube4_cluster0,False
620454,CH,cube13_cluster0,FF,cube13_cluster0,True
620454,CH,cube13_cluster0,SI,cube13_cluster0,True
620454,FF,cube13_cluster0,SI,cube13_cluster0,True
621051,CH,cube13_cluster0,FF,cube13_cluster0,True
621053,CH,cube13_cluster0,FC,cube23_cluster0,False
621053,CH,cube13_cluster0,FF,cube13_cluster0,True
621053,CH,cube13_cluster0,SI,cube13_cluster0,True
621053,FC,cube23_cluster0,FF,cube13_cluster0,False
621053,FC,cube23_cluster0,SI,cube13_cluster0,False
621053,FF,cube13_cluster0,SI,cube13_cluster0,True
621107,CH,cube13_cluster0,FC,cube23_cluster0,False
621107,CH,cube13_cluster0,FF,cube13_cluster0,True
621107,CH,cube13_cluster0,SI,cube13_cluster0,True
621107,CU,cube66_cluster0,ST,cube66_cluster0,True
621107,FC,cube23_cluster0,FF,cube13_cluster0,False
621107,FC,cube23_cluster0,SI,cube13_cluster0,False
621107,FF,cube13_cluster0,SI,cube13_cluster0,True
621111,CH,cube4_cluster0,FF,cube13_cluster0,True
621111,CH,cube4_cluster0,SI,cube4_cluster0,True
621111,FC,cube23_cluster0,FF,cube13_cluster0,False
621111,FC,cube23_cluster0,SL,cube43_cluster0,False
621111,FF,cube13_cluster0,SI,cube4_cluster0,True
621111,KC,cube73_cluster0,ST,cube66_cluster0,True
621112,CH,cube13_cluster0,FF,cube13_cluster0,True
621112,CH,cube13_cluster0,SI,cube13_cluster0,True
621112,CU,cube73_cluster0,SL,cube66_cluster0,False
621112,CU,cube73_cluster0,ST,cube73_cluster0,True
621112,FF,cube13_cluster0,SI,cube13_cluster0,True
621112,SL,cube66_cluster0,ST,cube73_cluster0,False
621121,CH,cube13_cluster0,FF,cube13_cluster0,True
621121,CH,cube13_cluster0,SI,cube13_cluster0,True
621121,FF,cube13_cluster0,SI,cube13_cluster0,True
621121,KC,cube74_cluster0,ST,cube66_cluster0,False
621139,FF,cube12_cluster0,FS,cube12_cluster0,True
621237,FF,cube4_cluster0,SI,cube4_cluster0,True
621244,CH,cube13_cluster0,FC,cube23_cluster0,False
621244,CH,cube13_cluster0,FF,cube4_cluster0,False
621244,CH,cube13_cluster0,SI,cube4_cluster0,False
621244,FF,cube4_cluster0,SI,cube4_cluster0,True
621345,CH,cube13_cluster0,FF,cube13_cluster0,True
621366,FS,cube13_cluster0,SI,cube13_cluster0,True
621381,CH,cube13_cluster0,FC,cube23_cluster0,False
621381,CH,cube13_cluster0,FF,cube13_cluster0,True
621381,CH,cube13_cluster0,SI,cube14_cluster0,False
621381,FC,cube23_cluster0,FF,cube13_cluster0,False
621381,FC,cube23_cluster0,SI,cube14_cluster0,False
621381,FF,cube13_cluster0,SI,cube14_cluster0,True
621383,CH,cube12_cluster0,SI,cube12_cluster0,True
622253,CH,cube13_cluster0,FF,cube13_cluster0,True
622253,CH,cube13_cluster0,SI,cube13_cluster0,True
622253,FF,cube13_cluster0,SI,cube13_cluster0,True
622379,FF,cube14_cluster0,SI,cube14_cluster0,True
622491,FF,cube13_cluster0,SI,cube13_cluster0,True
622503,CH,cube13_cluster0,FF,cube13_cluster0,True
622503,CH,cube13_cluster0,SI,cube13_cluster0,True
622503,FF,cube13_cluster0,SI,cube13_cluster0,True
622554,CU,cube66_cluster0,ST,cube58_cluster0,False
622554,FF,cube13_cluster0,FS,cube12_cluster0,True
622554,FF,cube13_cluster0,PO,cube13_cluster0,True
622554,FF,cube13_cluster0,SI,cube13_cluster0,True
622554,FS,cube12_cluster0,PO,cube13_cluster0,True
622554,FS,cube12_cluster0,SI,cube13_cluster0,True
622554,PO,cube13_cluster0,SI,cube13_cluster0,True
622608,CH,cube13_cluster0,FC,cube23_cluster0,True
622608,CH,cube13_cluster0,FF,cube13_cluster0,True
622608,CH,cube13_cluster0,SI,cube13_cluster0,True
622608,CH,cube13_cluster0,SL,cube32_cluster0,False
622608,FC,cube23_cluster0,FF,cube13_cluster0,False
622608,FC,cube23_cluster0,SI,cube13_cluster0,False
622608,FC,cube23_cluster0,SL,cube32_cluster0,False
622608,FF,cube13_cluster0,SI,cube13_cluster0,True
622663,CH,cube13_cluster0,FC,cube23_cluster0,False
622663,CH,cube13_cluster0,FF,cube13_cluster0,True
622663,CH,cube13_cluster0,SI,cube4_cluster0,True
622663,FC,cube23_cluster0,FF,cube13_cluster0,False
622663,FF,cube13_cluster0,SI,cube4_cluster0,True
622663,SL,cube51_cluster0,ST,cube66_cluster0,False
622780,CH,cube13_cluster0,FF,cube13_cluster0,True
622786,CH,cube13_cluster0,FF,cube14_cluster0,True
622786,CH,cube13_cluster0,SI,cube13_cluster0,True
622786,FF,cube14_cluster0,SI,cube13_cluster0,True
623211,CH,cube12_cluster0,FC,cube22_cluster0,False
623211,CH,cube12_cluster0,FF,cube4_cluster0,False
623211,CH,cube12_cluster0,SI,cube4_cluster0,False
623211,CH,cube12_cluster0,SL,cube22_cluster0,False
623211,FC,cube22_cluster0,SL,cube22_cluster0,True
623211,FF,cube4_cluster0,SI,cube4_cluster0,True
623352,CH,cube14_cluster0,SI,cube5_cluster0,True
623433,CH,cube12_cluster0,FF,cube12_cluster0,True
623433,CH,cube12_cluster0,SI,cube3_cluster0,True
623433,FF,cube12_cluster0,SI,cube3_cluster0,True
623437,CH,cube23_cluster1,PO,cube13_cluster0,False
623437,CH,cube23_cluster1,SI,cube13_cluster0,False
623437,FC,cube23_cluster0,PO,cube13_cluster0,False
623437,FC,cube23_cluster0,SI,cube13_cluster0,False
623437,PO,cube13_cluster0,SI,cube13_cluster0,True
623465,FC,cube23_cluster0,FF,cube14_cluster0,False
623465,FF,cube14_cluster0,SI,cube5_cluster0,True
624133,CH,cube12_cluster0,FC,cube23_cluster0,False
624133,CH,cube12_cluster0,FF,cube13_cluster0,False
624133,CH,cube12_cluster0,SI,cube13_cluster0,False
624133,CU,cube66_cluster0,SL,cube58_cluster0,False
624133,FC,cube23_cluster0,FF,cube13_cluster0,False
624133,FC,cube23_cluster0,SI,cube13_cluster0,False
624133,FF,cube13_cluster0,SI,cube13_cluster0,True
625643,CH,cube3_cluster0,FF,cube4_cluster0,True
628317,FC,cube12_cluster0,FF,cube13_cluster0,True
628317,FC,cube12_cluster0,FS,cube12_cluster0,True
628317,FC,cube12_cluster0,SI,cube13_cluster0,True
628317,FF,cube13_cluster0,FS,cube12_cluster0,True
628317,FF,cube13_cluster0,SI,cube13_cluster0,True
628317,FS,cube12_cluster0,SI,cube13_cluster0,True
628317,SL,cube58_cluster0,ST,cube66_cluster0,False
628317,SL,cube58_cluster0,SV,cube66_cluster0,False
628317,ST,cube66_cluster0,SV,cube66_cluster0,True
628452,CH,cube13_cluster0,FF,cube13_cluster0,True
628452,CH,cube13_cluster0,SI,cube13_cluster0,True
628452,FF,cube13_cluster0,SI,cube13_cluster0,True
640448,FF,cube4_cluster0,FS,cube13_cluster0,True
640451,FF,cube4_cluster0,FS,cube12_cluster0,True
640454,FC,cube23_cluster0,SI,cube12_cluster0,False
640455,CH,cube14_cluster0,FF,cube14_cluster0,True
640462,FF,cube5_cluster0,SI,cube5_cluster0,True
641154,CH,cube13_cluster0,FF,cube14_cluster0,True
641154,CH,cube13_cluster0,PO,cube13_cluster0,True
641154,CH,cube13_cluster0,SI,cube14_cluster0,True
641154,CU,cube66_cluster0,ST,cube67_cluster0,False
641154,FF,cube14_cluster0,PO,cube13_cluster0,True
641154,FF,cube14_cluster0,SI,cube14_cluster0,True
641154,PO,cube13_cluster0,SI,cube14_cluster0,True
641302,CH,cube13_cluster0,FC,cube23_cluster0,False
641302,CH,cube13_cluster0,FF,cube13_cluster0,True
641302,CH,cube13_cluster0,SI,cube13_cluster0,True
641302,FC,cube23_cluster0,FF,cube13_cluster0,False
641302,FC,cube23_cluster0,SI,cube13_cluster0,False
641302,FF,cube13_cluster0,SI,cube13_cluster0,True
641312,CH,cube12_cluster0,FF,cube13_cluster0,True
641312,CH,cube12_cluster0,SI,cube13_cluster0,True
641312,FF,cube13_cluster0,SI,cube13_cluster0,True
641329,CH,cube12_cluster0,FF,cube12_cluster0,True
641386,CH,cube3_cluster0,FF,cube3_cluster0,True
641401,CH,cube13_cluster0,FF,cube5_cluster0,False
641482,CH,cube12_cluster0,FC,cube22_cluster0,False
641482,CH,cube12_cluster0,FF,cube12_cluster0,True
641482,FC,cube22_cluster0,FF,cube12_cluster0,False
641540,CH,cube13_cluster0,FC,cube13_cluster0,True
641540,CH,cube13_cluster0,FF,cube13_cluster0,True
641540,CH,cube13_cluster0,SI,cube13_cluster0,True
641540,FC,cube13_cluster0,FF,cube13_cluster0,True
641540,FC,cube13_cluster0,SI,cube13_cluster0,True
641540,FF,cube13_cluster0,SI,cube13_cluster0,True
641540,KC,cube73_cluster0,SL,cube58_cluster0,False
641585,CH,cube13_cluster0,FF,cube13_cluster0,True
641585,CU,cube73_cluster0,ST,cube66_cluster0,True
641585,FC,cube58_cluster0,ST,cube66_cluster0,False
641656,FF,cube13_cluster0,SI,cube13_cluster0,True
641658,CU,cube19_cluster1,SL,cube19_cluster1,True
641672,CH,cube13_cluster0,FC,cube23_cluster0,False
641672,CH,cube13_cluster0,FF,cube13_cluster0,True
641672,CH,cube13_cluster0,SI,cube13_cluster0,True
641672,FC,cube23_cluster0,FF,cube13_cluster0,False
641672,FC,cube23_cluster0,SI,cube13_cluster0,False
641672,FF,cube13_cluster0,SI,cube13_cluster0,True
641672,SL,cube43_cluster0,ST,cube58_cluster0,False
641745,CH,cube12_cluster0,FF,cube12_cluster0,True
641745,CH,cube12_cluster0,SI,cube12_cluster0,True
641745,FF,cube12_cluster0,SI,cube12_cluster0,True
641778,CH,cube12_cluster0,FF,cube13_cluster0,False
641778,CH,cube12_cluster0,SI,cube4_cluster0,False
641778,FC,cube32_cluster0,SL,cube42_cluster0,False
641778,FF,cube13_cluster0,SI,cube4_cluster0,True
641793,FF,cube12_cluster0,FS,cube12_cluster0,True
641793,FF,cube12_cluster0,SI,cube3_cluster0,True
641793,FF,cube12_cluster0,SL,cube22_cluster0,False
641793,FS,cube12_cluster0,SI,cube3_cluster0,False
641793,FS,cube12_cluster0,SL,cube22_cluster0,False
641816,FC,cube33_cluster0,SL,cube43_cluster0,False
641816,FF,cube4_cluster0,FS,cube13_cluster0,True
641835,FF,cube13_cluster0,SI,cube4_cluster0,True
641927,CH,cube13_cluster0,FF,cube13_cluster0,True
641927,CH,cube13_cluster0,SI,cube4_cluster0,False
641927,FF,cube13_cluster0,SI,cube4_cluster0,True
641941,FF,cube14_cluster0,FS,cube13_cluster0,False
642016,FF,cube13_cluster0,SI,cube13_cluster0,True
642048,CH,cube13_cluster0,FF,cube13_cluster0,True
642048,CH,cube13_cluster0,SI,cube13_cluster0,True
642048,FF,cube13_cluster0,SI,cube13_cluster0,True
642048,SL,cube51_cluster0,ST,cube58_cluster0,False
642100,FF,cube13_cluster0,SI,cube4_cluster0,True
642121,CH,cube12_cluster0,FC,cube23_cluster0,False
642121,CH,cube12_cluster0,FF,cube4_cluster0,False
642152,CH,cube12_cluster0,FC,cube23_cluster0,False
642152,CH,cube12_cluster0,FF,cube4_cluster0,False
642152,CH,cube12_cluster0,SI,cube4_cluster0,False
642152,CU,cube65_cluster0,ST,cube66_cluster0,True
642152,FF,cube4_cluster0,SI,cube4_cluster0,True
642207,FC,cube14_cluster0,FF,cube5_cluster0,False
642216,CH,cube13_cluster0,FF,cube13_cluster0,True
642216,CH,cube13_cluster0,SI,cube13_cluster0,True
642216,CU,cube66_cluster0,ST,cube73_cluster0,True
642216,FF,cube13_cluster0,SI,cube13_cluster0,True
642232,FF,cube13_cluster0,SI,cube13_cluster0,True
642239,CH,cube13_cluster0,FF,cube13_cluster0,True
642239,CH,cube13_cluster0,FS,cube13_cluster0,True
642239,FC,cube43_cluster0,ST,cube58_cluster0,False
642239,FF,cube13_cluster0,FS,cube13_cluster0,True
642397,FF,cube13_cluster0,FS,cube13_cluster0,True
642397,FF,cube13_cluster0,SI,cube5_cluster0,True
642397,FS,cube13_cluster0,SI,cube5_cluster0,False
642520,CH,cube13_cluster0,FF,cube14_cluster0,True
642520,CH,cube13_cluster0,SI,cube14_cluster0,True
642520,FF,cube14_cluster0,SI,cube14_cluster0,True
642528,CH,cube13_cluster0,FF,cube14_cluster0,True
642528,CH,cube13_cluster0,SI,cube14_cluster0,True
642528,FF,cube14_cluster0,SI,cube14_cluster0,True
642547,CH,cube14_cluster0,FF,cube14_cluster0,True
642547,SL,cube59_cluster2,ST,cube67_cluster0,False
642585,PO,cube12_cluster0,SI,cube12_cluster0,True
642701,CH,cube13_cluster0,FC,cube23_cluster0,False
642701,CH,cube13_cluster0,FF,cube13_cluster0,True
642701,CH,cube13_cluster0,SI,cube13_cluster0,True
642701,FC,cube23_cluster0,FF,cube13_cluster0,False
642701,FC,cube23_cluster0,SI,cube13_cluster0,False
642701,FC,cube23_cluster0,SL,cube33_cluster0,False
642701,FF,cube13_cluster0,SI,cube13_cluster0,True
643338,FF,cube13_cluster0,PO,cube12_cluster0,True
643338,FF,cube13_cluster0,SI,cube13_cluster0,True
643338,PO,cube12_cluster0,SI,cube13_cluster0,True
643361,CH,cube12_cluster0,FC,cube22_cluster0,False
643361,CH,cube12_cluster0,FF,cube12_cluster0,True
643361,FC,cube22_cluster0,FF,cube12_cluster0,False
643377,CH,cube13_cluster0,FC,cube23_cluster0,False
643377,CH,cube13_cluster0,FF,cube13_cluster0,True
643377,CH,cube13_cluster0,SI,cube13_cluster0,True
643377,FC,cube23_cluster0,FF,cube13_cluster0,False
643377,FC,cube23_cluster0,SI,cube13_cluster0,False
643377,FF,cube13_cluster0,SI,cube13_cluster0,True
643410,FF,cube4_cluster0,FS,cube3_cluster0,False
643410,FF,cube4_cluster0,SI,cube4_cluster0,True
643410,FS,cube3_cluster0,SI,cube4_cluster0,False
645261,CH,cube13_cluster0,FF,cube4_cluster0,True
645261,CH,cube13_cluster0,SI,cube13_cluster0,True
645261,FF,cube4_cluster0,SI,cube13_cluster0,True
645444,EP,cube18_cluster0,FA,cube18_cluster0,True
646242,FF,cube13_cluster0,SI,cube14_cluster0,True
647315,FC,cube13_cluster0,SI,cube13_cluster0,True
647315,SL,cube67_cluster0,ST,cube67_cluster0,True
647336,CH,cube13_cluster0,FF,cube13_cluster0,True
647336,CH,cube13_cluster0,PO,cube13_cluster0,True
647336,CH,cube13_cluster0,SI,cube13_cluster0,True
647336,FF,cube13_cluster0,PO,cube13_cluster0,True
647336,FF,cube13_cluster0,SI,cube13_cluster0,True
647336,PO,cube13_cluster0,SI,cube13_cluster0,True
650556,CH,cube13_cluster0,FF,cube14_cluster0,True
650556,CH,cube13_cluster0,SI,cube5_cluster0,True
650556,FF,cube14_cluster0,SI,cube5_cluster0,True
650633,CH,cube13_cluster0,FF,cube13_cluster0,True
650633,CH,cube13_cluster0,SI,cube14_cluster0,True
650633,FF,cube13_cluster0,SI,cube14_cluster0,True
650633,SL,cube58_cluster0,ST,cube66_cluster0,True
650644,FF,cube12_cluster0,SI,cube12_cluster0,True
650671,CH,cube4_cluster0,FF,cube14_cluster0,True
650893,FC,cube22_cluster0,FF,cube12_cluster0,False
650893,FC,cube22_cluster0,FS,cube12_cluster0,False
650893,FF,cube12_cluster0,FS,cube12_cluster0,True
650893,FF,cube12_cluster0,SI,cube4_cluster0,True
650893,FS,cube12_cluster0,SI,cube4_cluster0,False
650911,CH,cube13_cluster0,SI,cube13_cluster0,True
655889,FF,cube13_cluster0,SI,cube4_cluster0,False
656186,CH,cube13_cluster0,FF,cube13_cluster0,True
656186,CH,cube13_cluster0,SI,cube13_cluster0,True
656186,FF,cube13_cluster0,SI,cube13_cluster0,True
656222,CH,cube12_cluster0,FF,cube13_cluster0,True
656234,CU,cube73_cluster0,ST,cube66_cluster0,False
656234,FC,cube23_cluster0,SI,cube13_cluster0,False
656240,FF,cube13_cluster0,FS,cube13_cluster1,False
656240,FF,cube13_cluster0,SI,cube4_cluster0,False
656240,FS,cube13_cluster1,SI,cube4_cluster0,True
656257,FC,cube23_cluster0,FF,cube13_cluster0,False
656271,CH,cube13_cluster0,FF,cube4_cluster0,False
656271,CH,cube13_cluster0,SI,cube4_cluster0,False
656271,CH,cube13_cluster0,SL,cube23_cluster0,False
656271,FF,cube4_cluster0,SI,cube4_cluster0,True
656288,CH,cube12_cluster0,FC,cube23_cluster0,False
656288,CH,cube12_cluster0,FF,cube3_cluster0,True
656288,KC,cube65_cluster0,SL,cube58_cluster0,True
656288,KC,cube65_cluster0,ST,cube66_cluster0,True
656288,SL,cube58_cluster0,ST,cube66_cluster0,True
656302,FF,cube13_cluster0,SI,cube13_cluster0,True
656302,KC,cube73_cluster0,ST,cube73_cluster0,True
656420,CH,cube12_cluster0,FF,cube12_cluster0,True
656427,CH,cube13_cluster0,FF,cube14_cluster0,True
656427,CH,cube13_cluster0,SI,cube14_cluster0,True
656427,FF,cube14_cluster0,SI,cube14_cluster0,True
656457,FC,cube23_cluster0,FF,cube14_cluster0,False
656457,FC,cube23_cluster0,FS,cube13_cluster0,False
656457,FC,cube23_cluster0,SI,cube14_cluster0,False
656457,FF,cube14_cluster0,FS,cube13_cluster0,False
656457,FF,cube14_cluster0,SI,cube14_cluster0,True
656457,FS,cube13_cluster0,SI,cube14_cluster0,False
656458,FF,cube13_cluster0,FS,cube12_cluster0,True
656464,FF,cube13_cluster0,SI,cube4_cluster0,True
656546,FF,cube5_cluster0,FS,cube13_cluster0,True
656546,FF,cube5_cluster0,PO,cube4_cluster0,True
656546,FF,cube5_cluster0,SI,cube5_cluster0,True
656546,FS,cube13_cluster0,PO,cube4_cluster0,True
656546,FS,cube13_cluster0,SI,cube5_cluster0,True
656546,PO,cube4_cluster0,SI,cube5_cluster0,True
656550,CH,cube13_cluster0,FC,cube23_cluster0,False
656550,CH,cube13_cluster0,FF,cube13_cluster0,True
656550,CH,cube13_cluster0,SI,cube13_cluster0,True
656550,CU,cube66_cluster0,SL,cube66_cluster0,True
656550,FC,cube23_cluster0,FF,cube13_cluster0,False
656550,FC,cube23_cluster0,SI,cube13_cluster0,False
656550,FF,cube13_cluster0,SI,cube13_cluster0,True
656557,FF,cube13_cluster0,FS,cube13_cluster0,True
656557,FF,cube13_cluster0,SI,cube13_cluster0,True
656557,FS,cube13_cluster0,SI,cube13_cluster0,True
656605,CH,cube13_cluster0,FC,cube23_cluster0,False
656605,CH,cube13_cluster0,FF,cube13_cluster0,True
656605,CH,cube13_cluster0,SI,cube13_cluster0,True
656605,CU,cube73_cluster0,ST,cube66_cluster0,True
656605,FC,cube23_cluster0,FF,cube13_cluster0,False
656605,FC,cube23_cluster0,SI,cube13_cluster0,False
656605,FF,cube13_cluster0,SI,cube13_cluster0,True
656605,SL,cube51_cluster0,ST,cube66_cluster0,False
656629,CH,cube13_cluster0,FF,cube14_cluster0,False
656638,CH,cube13_cluster0,FF,cube13_cluster0,True
656638,CH,cube13_cluster0,SI,cube4_cluster0,False
656638,FF,cube13_cluster0,SI,cube4_cluster0,True
656641,CH,cube13_cluster0,FF,cube4_cluster0,True
656686,CH,cube13_cluster0,FF,cube13_cluster0,True
656731,CH,cube13_cluster0,FF,cube14_cluster0,True
656731,CH,cube13_cluster0,SI,cube14_cluster0,True
656731,CU,cube73_cluster0,SL,cube67_cluster0,False
656731,CU,cube73_cluster0,ST,cube67_cluster0,True
656731,FF,cube14_cluster0,SI,cube14_cluster0,True
656731,SL,cube67_cluster0,ST,cube67_cluster0,True
656794,CH,cube12_cluster0,FC,cube23_cluster0,False
656794,CH,cube12_cluster0,FF,cube12_cluster0,True
656794,CH,cube12_cluster0,SI,cube13_cluster0,False
656794,FC,cube23_cluster0,FF,cube12_cluster0,False
656794,FC,cube23_cluster0,SI,cube13_cluster0,False
656794,FF,cube12_cluster0,SI,cube13_cluster0,True
656848,CH,cube3_cluster0,FF,cube3_cluster0,True
656848,CH,cube3_cluster0,SI,cube4_cluster0,True
656848,FF,cube3_cluster0,SI,cube4_cluster0,True
656849,CH,cube13_cluster0,FF,cube13_cluster0,True
656849,CH,cube13_cluster0,SI,cube13_cluster0,True
656849,CU,cube66_cluster0,SL,cube51_cluster0,False
656849,FF,cube13_cluster0,SI,cube13_cluster0,True
656876,CH,cube3_cluster0,FF,cube13_cluster0,False
656876,CH,cube3_cluster0,SI,cube13_cluster0,True
656876,CU,cube73_cluster0,SL,cube66_cluster0,False
656876,CU,cube73_cluster0,ST,cube66_cluster0,True
656876,FF,cube13_cluster0,SI,cube13_cluster0,True
656876,SL,cube66_cluster0,ST,cube66_cluster0,True
656945,FF,cube14_cluster0,SI,cube14_cluster0,True
656986,FC,cube50_cluster0,SL,cube50_cluster0,True
656986,FF,cube12_cluster0,SI,cube12_cluster0,True
657006,CH,cube3_cluster0,FF,cube13_cluster0,False
657006,CH,cube3_cluster0,SI,cube13_cluster0,False
657006,CU,cube72_cluster0,SL,cube65_cluster0,True
657006,FF,cube13_cluster0,SI,cube13_cluster0,True
657024,FF,cube13_cluster0,FS,cube12_cluster0,False
657053,FS,cube13_cluster0,SI,cube14_cluster0,True
657097,CH,cube13_cluster0,FF,cube14_cluster0,True
657277,FC,cube14_cluster0,FF,cube14_cluster0,True
657277,FC,cube14_cluster0,SI,cube14_cluster0,True
657277,FF,cube14_cluster0,SI,cube14_cluster0,True
657376,FC,cube23_cluster0,FF,cube13_cluster0,False
657376,FC,cube23_cluster0,SI,cube13_cluster0,False
657376,FF,cube13_cluster0,SI,cube13_cluster0,True
657376,KC,cube73_cluster0,ST,cube73_cluster0,True
657424,CH,cube12_cluster0,FF,cube12_cluster0,True
657424,CH,cube12_cluster0,SI,cube12_cluster0,True
657424,FF,cube12_cluster0,SI,cube12_cluster0,True
657514,FF,cube13_cluster0,SI,cube13_cluster0,True
657571,FF,cube13_cluster0,SI,cube13_cluster0,True
657585,FC,cube23_cluster0,FF,cube13_cluster0,False
657585,FC,cube23_cluster0,FS,cube13_cluster0,False
657585,FC,cube23_cluster0,SI,cube13_cluster0,False
657585,FF,cube13_cluster0,FS,cube13_cluster0,True
657585,FF,cube13_cluster0,SI,cube13_cluster0,True
657585,FS,cube13_cluster0,SI,cube13_cluster0,True
657649,CH,cube13_cluster0,FC,cube23_cluster0,False
657649,CH,cube13_cluster0,FF,cube13_cluster0,True
657649,CH,cube13_cluster0,SI,cube13_cluster0,True
657649,FC,cube23_cluster0,FF,cube13_cluster0,False
657649,FC,cube23_cluster0,SI,cube13_cluster0,False
657649,FF,cube13_cluster0,SI,cube13_cluster0,True
657746,FF,cube14_cluster0,FS,cube14_cluster0,True
657746,FF,cube14_cluster0,SI,cube14_cluster0,True
657746,FF,cube14_cluster0,SL,cube24_cluster0,False
657746,FS,cube14_cluster0,SI,cube14_cluster0,True
657746,FS,cube14_cluster0,SL,cube24_cluster0,False
657746,KC,cube74_cluster0,ST,cube67_cluster0,True
657746,SI,cube14_cluster0,SL,cube24_cluster0,False
660271,CU,cube73_cluster0,ST,cube58_cluster0,False
660271,FC,cube24_cluster0,FF,cube14_cluster0,False
660271,FC,cube24_cluster0,FS,cube13_cluster0,False
660271,FC,cube24_cluster0,SI,cube14_cluster0,False
660271,FF,cube14_cluster0,FS,cube13_cluster0,False
660271,FF,cube14_cluster0,SI,cube14_cluster0,True
660271,FS,cube13_cluster0,SI,cube14_cluster0,False
660271,SL,cube51_cluster0,ST,cube58_cluster0,True
660730,CH,cube13_cluster0,FF,cube13_cluster0,True
660730,CU,cube73_cluster0,ST,cube58_cluster0,False
660761,CH,cube12_cluster0,FF,cube13_cluster0,True
660761,CH,cube12_cluster0,SI,cube4_cluster0,False
660761,CU,cube73_cluster0,SL,cube58_cluster0,False
660761,CU,cube73_cluster0,ST,cube73_cluster0,True
660761,FF,cube13_cluster0,SI,cube4_cluster0,True
660761,SL,cube58_cluster0,ST,cube73_cluster0,False
660787,CH,cube13_cluster0,FF,cube4_cluster0,False
660787,CH,cube13_cluster0,SI,cube4_cluster0,False
660787,FF,cube4_cluster0,SI,cube4_cluster0,True
660825,FF,cube4_cluster0,FS,cube3_cluster0,True
660825,FF,cube4_cluster0,SI,cube4_cluster0,True
660825,FS,cube3_cluster0,SI,cube4_cluster0,True
660853,CH,cube13_cluster0,FF,cube13_cluster0,True
660853,CH,cube13_cluster0,SL,cube23_cluster0,False
660853,FF,cube13_cluster0,SL,cube23_cluster0,False
660896,CH,cube12_cluster0,FF,cube12_cluster0,True
660896,CH,cube12_cluster0,SI,cube3_cluster0,True
660896,FF,cube12_cluster0,SI,cube3_cluster0,True
661395,FF,cube4_cluster0,FS,cube13_cluster0,True
661395,KC,cube66_cluster0,ST,cube66_cluster0,True
661527,FF,cube14_cluster0,SI,cube14_cluster0,True
661563,CH,cube14_cluster0,FF,cube14_cluster0,True
662253,CH,cube14_cluster0,FF,cube5_cluster0,False
662253,CH,cube14_cluster0,SI,cube5_cluster0,False
662253,FF,cube5_cluster0,SI,cube5_cluster0,True
663158,CH,cube4_cluster0,FF,cube13_cluster0,True
663158,CH,cube4_cluster0,SI,cube4_cluster0,True
663158,FC,cube23_cluster0,FF,cube13_cluster0,False
663158,FF,cube13_cluster0,SI,cube4_cluster0,True
663321,FF,cube13_cluster0,FS,cube13_cluster0,True
663362,FF,cube13_cluster0,SI,cube13_cluster0,True
663372,CU,cube73_cluster0,ST,cube66_cluster0,True
663372,FF,cube13_cluster0,SI,cube13_cluster0,True
663372,FF,cube13_cluster0,SL,cube33_cluster0,False
663399,CH,cube13_cluster0,FF,cube13_cluster0,True
663399,CH,cube13_cluster0,SI,cube13_cluster0,True
663399,FF,cube13_cluster0,SI,cube13_cluster0,True
663423,CH,cube13_cluster0,FF,cube13_cluster0,True
663423,CH,cube13_cluster0,FS,cube13_cluster0,True
663423,CH,cube13_cluster0,SI,cube13_cluster0,True
663423,CU,cube73_cluster0,SL,cube67_cluster0,False
663423,CU,cube73_cluster0,ST,cube73_cluster0,True
663423,FF,cube13_cluster0,FS,cube13_cluster0,True
663423,FF,cube13_cluster0,SI,cube13_cluster0,True
663423,FS,cube13_cluster0,SI,cube13_cluster0,True
663423,SL,cube67_cluster0,ST,cube73_cluster0,True
663436,CH,cube13_cluster0,FC,cube23_cluster0,False
663436,CH,cube13_cluster0,FF,cube13_cluster0,True
663436,CH,cube13_cluster0,SI,cube13_cluster0,True
663436,CH,cube13_cluster0,UN,cube12_cluster0,True
663436,CU,cube73_cluster0,ST,cube66_cluster0,False
663436,FC,cube23_cluster0,FF,cube13_cluster0,False
663436,FC,cube23_cluster0,SI,cube13_cluster0,False
663436,FC,cube23_cluster0,SL,cube43_cluster0,False
663436,FC,cube23_cluster0,UN,cube12_cluster0,False
663436,FF,cube13_cluster0,SI,cube13_cluster0,True
663436,FF,cube13_cluster0,UN,cube12_cluster0,True
663436,SI,cube13_cluster0,UN,cube12_cluster0,True
663455,CH,cube13_cluster0,FF,cube14_cluster0,True
663460,CH,cube13_cluster0,FF,cube13_cluster0,True
663460,CH,cube13_cluster0,SI,cube14_cluster0,False
663460,FF,cube13_cluster0,SI,cube14_cluster0,True
663460,SL,cube58_cluster0,ST,cube66_cluster0,False
663462,CU,cube73_cluster0,ST,cube66_cluster0,True
663462,FF,cube13_cluster0,SI,cube13_cluster0,True
663465,CH,cube12_cluster0,FF,cube13_cluster0,True
663465,CH,cube12_cluster0,SI,cube4_cluster0,True
663465,FF,cube13_cluster0,SI,cube4_cluster0,True
663474,FF,cube13_cluster0,SL,cube23_cluster0,False
663485,FC,cube23_cluster0,FF,cube13_cluster0,False
663485,FC,cube23_cluster0,FS,cube13_cluster0,False
663485,FC,cube23_cluster0,SI,cube13_cluster0,False
663485,FF,cube13_cluster0,FS,cube13_cluster0,True
663485,FF,cube13_cluster0,SI,cube13_cluster0,True
663485,FS,cube13_cluster0,SI,cube13_cluster0,True
663542,CH,cube15_cluster2,SI,cube14_cluster0,True
663546,FC,cube23_cluster0,SI,cube13_cluster0,False
663554,FF,cube4_cluster0,FS,cube13_cluster0,True
663554,FF,cube4_cluster0,SI,cube4_cluster0,True
663554,FS,cube13_cluster0,SI,cube4_cluster0,True
663558,CH,cube12_cluster0,FF,cube13_cluster0,True
663558,CU,cube66_cluster0,ST,cube66_cluster0,True
663559,FF,cube13_cluster0,SI,cube13_cluster0,True
663562,CU,cube73_cluster0,ST,cube73_cluster0,True
663562,FC,cube23_cluster0,FF,cube13_cluster0,False
663562,FC,cube23_cluster0,SC,cube13_cluster0,False
663562,FC,cube23_cluster0,SI,cube13_cluster0,False
663562,FF,cube13_cluster0,SC,cube13_cluster0,True
663562,FF,cube13_cluster0,SI,cube13_cluster0,True
663562,SC,cube13_cluster0,SI,cube13_cluster0,True
663568,CH,cube13_cluster0,FC,cube24_cluster0,False
663568,CH,cube13_cluster0,FF,cube13_cluster0,True
663568,CH,cube13_cluster0,SI,cube14_cluster0,True
663568,CU,cube73_cluster0,ST,cube67_cluster0,False
663568,FC,cube24_cluster0,FF,cube13_cluster0,False
663568,FC,cube24_cluster0,SI,cube14_cluster0,False
663568,FF,cube13_cluster0,SI,cube14_cluster0,True
663568,SL,cube59_cluster1,ST,cube67_cluster0,False
663574,CH,cube13_cluster0,FF,cube13_cluster0,True
663574,SL,cube58_cluster0,SV,cube66_cluster0,False
663623,CH,cube13_cluster0,FF,cube14_cluster0,True
663623,CH,cube13_cluster0,PO,cube13_cluster0,True
663623,CH,cube13_cluster0,SI,cube14_cluster0,True
663623,CU,cube66_cluster0,SL,cube52_cluster1,False
663623,FC,cube34_cluster0,PO,cube13_cluster0,False
663623,FF,cube14_cluster0,PO,cube13_cluster0,True
663623,FF,cube14_cluster0,SI,cube14_cluster0,True
663623,PO,cube13_cluster0,SI,cube14_cluster0,True
663671,CH,cube3_cluster0,FF,cube13_cluster0,False
663687,CH,cube13_cluster0,FC,cube13_cluster0,True
663687,CH,cube13_cluster0,FF,cube13_cluster0,True
663687,FC,cube13_cluster0,FF,cube13_cluster0,True
663738,CH,cube13_cluster0,FF,cube13_cluster0,True
663738,CH,cube13_cluster0,SI,cube4_cluster0,False
663738,FF,cube13_cluster0,SI,cube4_cluster0,True
663765,FC,cube23_cluster0,FF,cube13_cluster0,False
663765,FC,cube23_cluster0,FS,cube13_cluster0,False
663765,FC,cube23_cluster0,SI,cube14_cluster0,False
663765,FF,cube13_cluster0,FS,cube13_cluster0,True
663765,FF,cube13_cluster0,SI,cube14_cluster0,True
663765,FS,cube13_cluster0,SI,cube14_cluster0,False
663767,CH,cube13_cluster0,FF,cube13_cluster0,True
663767,CH,cube13_cluster0,SI,cube13_cluster0,True
663767,FF,cube13_cluster0,SI,cube13_cluster0,True
663773,FF,cube4_cluster0,FS,cube12_cluster0,False
663773,FF,cube4_cluster0,SI,cube13_cluster0,True
663773,FS,cube12_cluster0,SI,cube13_cluster0,False
663795,CH,cube14_cluster0,FC,cube24_cluster0,False
663795,CH,cube14_cluster0,SI,cube14_cluster0,True
663795,FC,cube24_cluster0,SI,cube14_cluster0,False
663804,FF,cube3_cluster0,SI,cube3_cluster0,True
663855,FF,cube4_cluster0,FS,cube12_cluster0,True
663855,FF,cube4_cluster0,SI,cube4_cluster0,True
663855,FS,cube12_cluster0,SI,cube4_cluster0,True
663855,SL,cube58_cluster0,ST,cube58_cluster0,True
663878,FF,cube13_cluster0,SI,cube4_cluster0,True
663893,FC,cube22_cluster0,SI,cube12_cluster0,False
663903,FC,cube23_cluster0,FF,cube14_cluster0,False
663903,FC,cube23_cluster0,SI,cube14_cluster0,False
663903,FF,cube14_cluster0,SI,cube14_cluster0,True
663903,SL,cube58_cluster0,ST,cube58_cluster0,True
663941,CU,cube73_cluster0,ST,cube73_cluster0,True
663947,CH,cube12_cluster0,FC,cube23_cluster0,False
663947,CH,cube12_cluster0,FF,cube13_cluster0,True
663947,CH,cube12_cluster0,SI,cube13_cluster0,True
663947,CU,cube73_cluster0,ST,cube66_cluster0,True
663947,FC,cube23_cluster0,FF,cube13_cluster0,False
663947,FC,cube23_cluster0,SI,cube13_cluster0,False
663947,FF,cube13_cluster0,SI,cube13_cluster0,True
663969,CU,cube66_cluster0,ST,cube58_cluster0,True
663969,FC,cube23_cluster0,FF,cube13_cluster0,False
663969,FC,cube23_cluster0,FS,cube12_cluster0,False
663969,FC,cube23_cluster0,SI,cube13_cluster0,False
663969,FF,cube13_cluster0,FS,cube12_cluster0,True
663969,FF,cube13_cluster0,SI,cube13_cluster0,True
663969,FS,cube12_cluster0,SI,cube13_cluster0,True
663978,CH,cube13_cluster0,FC,cube23_cluster0,False
663978,CH,cube13_cluster0,FF,cube4_cluster0,False
663978,CH,cube13_cluster0,SI,cube4_cluster0,False
663978,CH,cube13_cluster0,SL,cube23_cluster0,False
663978,FC,cube23_cluster0,SL,cube23_cluster0,True
663978,FF,cube4_cluster0,SI,cube4_cluster0,True
663992,FF,cube14_cluster0,SI,cube14_cluster0,True
664062,FF,cube3_cluster0,FS,cube12_cluster0,False
664076,FF,cube13_cluster0,SI,cube13_cluster0,True
664129,FF,cube13_cluster0,SI,cube14_cluster0,True
664139,CH,cube13_cluster0,FC,cube23_cluster0,False
664139,CH,cube13_cluster0,FF,cube13_cluster0,True
664139,CH,cube13_cluster0,PO,cube13_cluster0,True
664139,FC,cube23_cluster0,FF,cube13_cluster0,False
664139,FC,cube23_cluster0,PO,cube13_cluster0,False
664139,FF,cube13_cluster0,PO,cube13_cluster0,True
664141,CH,cube12_cluster0,FF,cube12_cluster0,True
664141,CH,cube12_cluster0,SI,cube12_cluster0,True
664141,FF,cube12_cluster0,SI,cube12_cluster0,True
664192,FF,cube13_cluster0,SI,cube13_cluster0,True
664199,CH,cube12_cluster0,FF,cube12_cluster0,True
664199,CH,cube12_cluster0,SI,cube12_cluster0,True
664199,FF,cube12_cluster0,SI,cube12_cluster0,True
664208,FC,cube24_cluster0,SI,cube14_cluster0,False
664285,CH,cube12_cluster0,FF,cube12_cluster0,True
664285,CH,cube12_cluster0,SI,cube12_cluster0,True
664285,FF,cube12_cluster0,SI,cube12_cluster0,True
664294,CH,cube3_cluster0,FF,cube4_cluster0,True
664299,CH,cube13_cluster0,FF,cube13_cluster0,True
664299,CH,cube13_cluster0,SI,cube4_cluster0,False
664299,FF,cube13_cluster0,SI,cube4_cluster0,False
664299,KC,cube77_cluster0,ST,cube72_cluster0,False
664351,CH,cube13_cluster0,FF,cube14_cluster0,False
664351,CH,cube13_cluster0,SI,cube14_cluster0,False
664351,FF,cube14_cluster0,SI,cube14_cluster0,True
664353,CH,cube12_cluster0,FC,cube23_cluster0,False
664353,CH,cube12_cluster0,FF,cube3_cluster0,True
664744,FF,cube12_cluster0,FS,cube3_cluster0,True
664849,FC,cube24_cluster0,SI,cube14_cluster0,False
664875,FF,cube15_cluster0,SI,cube15_cluster0,True
664948,CH,cube12_cluster0,FF,cube12_cluster0,True
664991,CU,cube66_cluster0,ST,cube66_cluster0,True
664991,FF,cube13_cluster0,FS,cube12_cluster0,False
664991,FF,cube13_cluster0,SI,cube4_cluster0,False
664991,FS,cube12_cluster0,SI,cube4_cluster0,False
665152,FC,cube32_cluster0,SL,cube50_cluster0,False
665152,FF,cube13_cluster0,FS,cube3_cluster0,False
665152,FF,cube13_cluster0,PO,cube4_cluster0,True
665152,FF,cube13_cluster0,SI,cube4_cluster0,True
665152,FS,cube3_cluster0,PO,cube4_cluster0,False
665152,FS,cube3_cluster0,SI,cube4_cluster0,False
665152,PO,cube4_cluster0,SI,cube4_cluster0,True
665660,CH,cube13_cluster0,FF,cube4_cluster0,False
665660,CH,cube13_cluster0,SI,cube13_cluster0,True
665660,FF,cube4_cluster0,SI,cube13_cluster0,True
665665,CH,cube14_cluster0,FF,cube14_cluster0,True
665665,CH,cube14_cluster0,SI,cube14_cluster0,True
665665,FF,cube14_cluster0,SI,cube14_cluster0,True
665795,CH,cube4_cluster0,FF,cube4_cluster0,True
665795,CH,cube4_cluster0,SI,cube4_cluster0,True
665795,FF,cube4_cluster0,SI,cube4_cluster0,True
665871,CH,cube12_cluster0,FC,cube23_cluster0,False
665871,CH,cube12_cluster0,FF,cube13_cluster0,True
665871,CH,cube12_cluster0,SI,cube4_cluster0,True
665871,CU,cube65_cluster0,SL,cube51_cluster0,False
665871,CU,cube65_cluster0,ST,cube66_cluster0,True
665871,FC,cube23_cluster0,FF,cube13_cluster0,False
665871,FF,cube13_cluster0,SI,cube4_cluster0,True
665871,SL,cube51_cluster0,ST,cube66_cluster0,False
666120,CH,cube4_cluster0,FF,cube4_cluster0,True
666142,CH,cube12_cluster0,FC,cube23_cluster0,False
666142,CH,cube12_cluster0,FF,cube4_cluster0,True
666142,KC,cube72_cluster0,SL,cube58_cluster0,False
666157,CH,cube14_cluster0,FF,cube14_cluster0,True
666157,CH,cube14_cluster0,SI,cube14_cluster0,True
666157,FF,cube14_cluster0,SI,cube14_cluster0,True
666168,CH,cube13_cluster0,FF,cube4_cluster0,False
666168,CH,cube13_cluster0,SI,cube4_cluster0,False
666168,FF,cube4_cluster0,SI,cube4_cluster0,True
666171,CU,cube66_cluster0,SL,cube51_cluster0,False
666171,CU,cube66_cluster0,ST,cube66_cluster0,True
666171,FC,cube33_cluster0,SL,cube51_cluster0,False
666171,FF,cube13_cluster0,SI,cube4_cluster0,True
666171,SL,cube51_cluster0,ST,cube66_cluster0,False
666200,CH,cube13_cluster0,FF,cube4_cluster0,True
666200,CH,cube13_cluster0,SI,cube13_cluster0,True
666200,FF,cube4_cluster0,SI,cube13_cluster0,True
666214,FC,cube33_cluster0,SL,cube43_cluster0,False
666215,CH,cube13_cluster0,FF,cube4_cluster0,True
666215,CH,cube13_cluster0,SI,cube4_cluster0,True
666215,CU,cube73_cluster0,SV,cube73_cluster0,True
666215,FF,cube4_cluster0,SI,cube4_cluster0,True
666277,CH,cube13_cluster0,FF,cube14_cluster0,False
666277,CH,cube13_cluster0,SI,cube14_cluster0,False
666277,FF,cube14_cluster0,SI,cube14_cluster0,True
666277,SL,cube59_cluster1,ST,cube67_cluster0,False
666374,CH,cube13_cluster0,FF,cube14_cluster0,True
666374,CH,cube13_cluster0,SI,cube14_cluster0,True
666374,FF,cube14_cluster0,SI,cube14_cluster0,True
666374,KC,cube74_cluster0,SL,cube67_cluster0,True
666659,CH,cube12_cluster0,FF,cube12_cluster0,True
666659,CH,cube12_cluster0,SI,cube13_cluster0,True
666659,CH,cube12_cluster0,SL,cube22_cluster0,False
666659,FF,cube12_cluster0,SI,cube13_cluster0,True
666659,FF,cube12_cluster0,SL,cube22_cluster0,False
666659,SI,cube13_cluster0,SL,cube22_cluster0,False
666661,CH,cube13_cluster0,FF,cube13_cluster0,True
666661,CH,cube13_cluster0,SI,cube4_cluster0,True
666661,FF,cube13_cluster0,SI,cube4_cluster0,True
666808,FC,cube14_cluster0,SI,cube13_cluster0,True
666808,FC,cube14_cluster0,UN,cube14_cluster0,True
666808,SI,cube13_cluster0,UN,cube14_cluster0,True
666974,CH,cube13_cluster0,FF,cube13_cluster0,True
666974,CH,cube13_cluster0,SI,cube13_cluster0,True
666974,FF,cube13_cluster0,SI,cube13_cluster0,True
666974,SL,cube58_cluster0,ST,cube66_cluster0,False
667463,CH,cube12_cluster0,FF,cube13_cluster0,True
667463,CH,cube12_cluster0,SI,cube13_cluster0,True
667463,CU,cube73_cluster0,SL,cube66_cluster0,False
667463,CU,cube73_cluster0,ST,cube73_cluster0,True
667463,FF,cube13_cluster0,SI,cube13_cluster0,True
667463,SL,cube66_cluster0,ST,cube73_cluster0,False
667755,CH,cube12_cluster0,FF,cube13_cluster0,True
667755,CH,cube12_cluster0,FS,cube13_cluster0,True
667755,CH,cube12_cluster0,SI,cube13_cluster0,True
667755,FF,cube13_cluster0,FS,cube13_cluster0,True
667755,FF,cube13_cluster0,SI,cube13_cluster0,True
667755,FS,cube13_cluster0,SI,cube13_cluster0,True
668390,CU,cube74_cluster0,SL,cube66_cluster0,False
668390,FC,cube23_cluster0,FF,cube14_cluster0,False
668390,FC,cube23_cluster0,FS,cube13_cluster0,False
668390,FC,cube23_cluster0,SI,cube14_cluster0,False
668390,FF,cube14_cluster0,FS,cube13_cluster0,True
668390,FF,cube14_cluster0,SI,cube14_cluster0,True
668390,FS,cube13_cluster0,SI,cube14_cluster0,True
668674,CH,cube13_cluster0,FF,cube4_cluster0,True
668674,CH,cube13_cluster0,SI,cube4_cluster0,True
668674,FF,cube4_cluster0,SI,cube4_cluster0,True
668678,CH,cube13_cluster0,FC,cube13_cluster0,True
668678,CH,cube13_cluster0,FF,cube13_cluster0,True
668678,CH,cube13_cluster0,PO,cube13_cluster0,True
668678,CH,cube13_cluster0,SI,cube13_cluster0,True
668678,FC,cube13_cluster0,FF,cube13_cluster0,True
668678,FC,cube13_cluster0,PO,cube13_cluster0,True
668678,FC,cube13_cluster0,SI,cube13_cluster0,True
668678,FC,cube13_cluster0,SL,cube33_cluster0,False
668678,FF,cube13_cluster0,PO,cube13_cluster0,True
668678,FF,cube13_cluster0,SI,cube13_cluster0,True
668678,PO,cube13_cluster0,SI,cube13_cluster0,True
668716,FC,cube34_cluster0,PO,cube13_cluster0,False
668716,FS,cube13_cluster0,PO,cube13_cluster0,True
668716,FS,cube13_cluster0,SI,cube14_cluster0,True
668716,PO,cube13_cluster0,SI,cube14_cluster0,True
668820,FF,cube13_cluster0,SL,cube23_cluster0,False
668834,CH,cube13_cluster0,FC,cube23_cluster0,False
668834,CH,cube13_cluster0,FF,cube13_cluster0,True
668834,CH,cube13_cluster0,SI,cube13_cluster0,True
668834,CU,cube66_cluster0,ST,cube66_cluster0,True
668834,FC,cube23_cluster0,FF,cube13_cluster0,False
668834,FC,cube23_cluster0,SI,cube13_cluster0,False
668834,FF,cube13_cluster0,SI,cube13_cluster0,True
668881,FF,cube4_cluster0,FS,cube12_cluster0,True
668909,CU,cube73_cluster0,ST,cube58_cluster0,False
668909,FC,cube14_cluster0,FF,cube5_cluster0,False
668909,FC,cube14_cluster0,SI,cube5_cluster0,False
668909,FF,cube5_cluster0,SI,cube5_cluster0,True
668941,FF,cube13_cluster0,SI,cube13_cluster0,True
668964,CH,cube3_cluster0,FF,cube13_cluster0,False
668964,FC,cube23_cluster0,FF,cube13_cluster0,False
668964,FC,cube23_cluster0,SL,cube42_cluster0,False
668984,FF,cube14_cluster0,SI,cube14_cluster0,True
669020,CH,cube13_cluster0,FF,cube13_cluster0,True
669020,CU,cube73_cluster0,SL,cube58_cluster0,False
669022,CH,cube13_cluster0,FC,cube23_cluster0,False
669022,CH,cube13_cluster0,FF,cube13_cluster0,True
669022,FC,cube23_cluster0,FF,cube13_cluster0,False
669060,CH,cube13_cluster0,FC,cube23_cluster0,False
669060,CH,cube13_cluster0,FF,cube13_cluster0,True
669060,CH,cube13_cluster0,FS,cube13_cluster0,True
669060,CH,cube13_cluster0,SI,cube13_cluster0,True
669060,FC,cube23_cluster0,FF,cube13_cluster0,False
669060,FC,cube23_cluster0,FS,cube13_cluster0,False
669060,FC,cube23_cluster0,SI,cube13_cluster0,False
669060,FF,cube13_cluster0,FS,cube13_cluster0,True
669060,FF,cube13_cluster0,SI,cube13_cluster0,True
669060,FS,cube13_cluster0,SI,cube13_cluster0,True
669062,CH,cube13_cluster0,FF,cube4_cluster0,False
669062,CH,cube13_cluster0,SI,cube4_cluster0,False
669062,FF,cube4_cluster0,SI,cube4_cluster0,True
669084,CH,cube14_cluster0,FC,cube24_cluster0,False
669084,CH,cube14_cluster0,FF,cube14_cluster0,True
669084,CH,cube14_cluster0,SI,cube5_cluster0,False
669084,FC,cube24_cluster0,FF,cube14_cluster0,False
669084,FF,cube14_cluster0,SI,cube5_cluster0,True
669145,CU,cube65_cluster0,SL,cube58_cluster0,False
669145,FC,cube22_cluster0,FF,cube12_cluster0,False
669145,FC,cube22_cluster0,FS,cube12_cluster0,False
669145,FC,cube22_cluster0,SI,cube12_cluster0,False
669145,FF,cube12_cluster0,FS,cube12_cluster0,True
669145,FF,cube12_cluster0,SI,cube12_cluster0,True
669145,FS,cube12_cluster0,SI,cube12_cluster0,True
669160,CH,cube13_cluster0,FC,cube24_cluster0,False
669160,CH,cube13_cluster0,FF,cube14_cluster0,True
669160,CH,cube13_cluster0,SI,cube14_cluster0,True
669160,FC,cube24_cluster0,FF,cube14_cluster0,False
669160,FC,cube24_cluster0,SI,cube14_cluster0,False
669160,FF,cube14_cluster0,SI,cube14_cluster0,True
669194,CH,cube4_cluster0,FF,cube13_cluster0,True
669194,FC,cube23_cluster0,FF,cube13_cluster0,False
669199,FF,cube13_cluster0,FS,cube12_cluster0,True
669203,CH,cube13_cluster0,FC,cube23_cluster0,False
669203,CH,cube13_cluster0,SI,cube13_cluster0,True
669203,FC,cube23_cluster0,SI,cube13_cluster0,False
669211,CH,cube12_cluster0,FF,cube3_cluster0,True
669276,CH,cube3_cluster0,FF,cube12_cluster0,True
669276,FF,cube12_cluster0,SL,cube22_cluster0,False
669308,CH,cube12_cluster0,FF,cube4_cluster0,True
669330,FC,cube22_cluster0,FF,cube12_cluster0,False
669358,CH,cube13_cluster0,FC,cube23_cluster0,False
669358,CH,cube13_cluster0,FF,cube13_cluster0,True
669358,FC,cube23_cluster0,FF,cube13_cluster0,False
669371,CH,cube14_cluster0,FF,cube14_cluster0,True
669371,CH,cube14_cluster0,SI,cube14_cluster0,True
669371,FF,cube14_cluster0,SI,cube14_cluster0,True
669372,CH,cube13_cluster0,FC,cube13_cluster0,True
669372,CH,cube13_cluster0,SI,cube13_cluster0,True
669372,FC,cube13_cluster0,SI,cube13_cluster0,True
669373,CH,cube13_cluster0,FF,cube13_cluster0,True
669373,CH,cube13_cluster0,SI,cube4_cluster0,True
669373,FF,cube13_cluster0,SI,cube4_cluster0,True
669387,FC,cube24_cluster0,FF,cube14_cluster0,False
669387,FC,cube24_cluster0,FS,cube13_cluster0,False
669387,FC,cube24_cluster0,SI,cube14_cluster0,False
669387,FF,cube14_cluster0,FS,cube13_cluster0,False
669387,FF,cube14_cluster0,SI,cube14_cluster0,True
669387,FS,cube13_cluster0,SI,cube14_cluster0,False
669391,CH,cube13_cluster0,FF,cube13_cluster0,True
669391,CH,cube13_cluster0,SI,cube13_cluster0,True
669391,CU,cube73_cluster0,ST,cube73_cluster0,True
669391,FF,cube13_cluster0,SI,cube13_cluster0,True
669422,CU,cube66_cluster0,SL,cube66_cluster0,True
669422,FF,cube13_cluster0,FS,cube13_cluster0,True
669422,FF,cube13_cluster0,SI,cube4_cluster0,True
669422,FS,cube13_cluster0,SI,cube4_cluster0,True
669432,CH,cube13_cluster0,FF,cube13_cluster0,True
669432,CH,cube13_cluster0,SI,cube13_cluster0,True
669432,FC,cube43_cluster0,ST,cube43_cluster0,True
669432,FF,cube13_cluster0,SI,cube13_cluster0,True
669438,CH,cube13_cluster0,FF,cube13_cluster0,True
669438,CH,cube13_cluster0,SI,cube13_cluster0,True
669438,CU,cube72_cluster0,ST,cube65_cluster0,False
669438,CU,cube72_cluster0,SV,cube57_cluster0,False
669438,FF,cube13_cluster0,SI,cube13_cluster0,True
669438,ST,cube65_cluster0,SV,cube57_cluster0,True
669449,CH,cube13_cluster0,FF,cube13_cluster0,True
669456,CH,cube13_cluster0,FC,cube23_cluster0,False
669456,CH,cube13_cluster0,FF,cube13_cluster0,True
669456,FC,cube23_cluster0,FF,cube13_cluster0,False
669456,KC,cube66_cluster0,SL,cube58_cluster0,False
669459,FC,cube12_cluster0,FF,cube12_cluster0,True
669461,CH,cube3_cluster0,FF,cube12_cluster0,True
669461,CH,cube3_cluster0,SI,cube3_cluster0,True
669461,FC,cube22_cluster0,FF,cube12_cluster0,False
669461,FF,cube12_cluster0,SI,cube3_cluster0,True
669467,FF,cube23_cluster0,SI,cube13_cluster0,False
669467,KC,cube73_cluster0,ST,cube66_cluster0,True
669467,SL,cube51_cluster0,ST,cube66_cluster0,False
669620,CH,cube12_cluster0,FC,cube22_cluster0,False
669620,CH,cube12_cluster0,FF,cube12_cluster0,True
669620,CH,cube12_cluster0,SI,cube12_cluster0,True
669620,FC,cube22_cluster0,FF,cube12_cluster0,False
669620,FC,cube22_cluster0,SI,cube12_cluster0,False
669620,FF,cube12_cluster0,SI,cube12_cluster0,True
669622,CH,cube13_cluster0,FF,cube13_cluster0,True
669622,CH,cube13_cluster0,SI,cube13_cluster0,True
669622,FF,cube13_cluster0,SI,cube13_cluster0,True
669622,SL,cube58_cluster0,ST,cube66_cluster0,True
669674,CU,cube72_cluster0,ST,cube66_cluster0,True
669674,FF,cube13_cluster0,FS,cube12_cluster0,True
669674,FF,cube13_cluster0,SI,cube13_cluster0,True
669674,FS,cube12_cluster0,SI,cube13_cluster0,True
669684,CH,cube13_cluster0,FF,cube13_cluster0,True
669684,CH,cube13_cluster0,FS,cube13_cluster0,True
669684,CH,cube13_cluster0,SI,cube13_cluster0,True
669684,CU,cube73_cluster0,ST,cube66_cluster0,True
669684,FF,cube13_cluster0,FS,cube13_cluster0,True
669684,FF,cube13_cluster0,SI,cube13_cluster0,True
669684,FS,cube13_cluster0,SI,cube13_cluster0,True
669704,CU,cube73_cluster0,ST,cube66_cluster0,True
669704,FF,cube13_cluster0,SI,cube13_cluster0,True
669711,FF,cube13_cluster0,SI,cube13_cluster0,True
669713,CH,cube13_cluster0,FF,cube13_cluster0,True
669713,CH,cube13_cluster0,SI,cube13_cluster0,True
669713,CU,cube73_cluster0,ST,cube66_cluster0,True
669713,FF,cube13_cluster0,SI,cube13_cluster0,True
669721,FF,cube13_cluster0,FS,cube12_cluster0,True
669721,SL,cube58_cluster0,ST,cube58_cluster0,True
669724,CH,cube13_cluster0,FF,cube13_cluster0,True
669724,CH,cube13_cluster0,SI,cube13_cluster0,True
669724,FF,cube13_cluster0,SI,cube13_cluster0,True
669854,CH,cube12_cluster0,FF,cube13_cluster0,True
669854,CH,cube12_cluster0,SL,cube23_cluster0,False
669854,FF,cube13_cluster0,SL,cube23_cluster0,False
669920,CH,cube13_cluster0,FC,cube23_cluster0,False
669920,CH,cube13_cluster0,FF,cube13_cluster0,True
669920,CH,cube13_cluster0,SI,cube13_cluster0,True
669920,FC,cube23_cluster0,FF,cube13_cluster0,False
669920,FC,cube23_cluster0,SI,cube13_cluster0,False
669920,FF,cube13_cluster0,SI,cube13_cluster0,True
669923,CH,cube4_cluster0,FF,cube13_cluster0,True
669923,CH,cube4_cluster0,FS,cube12_cluster0,True
669923,CH,cube4_cluster0,SI,cube4_cluster0,True
669923,FF,cube13_cluster0,FS,cube12_cluster0,True
669923,FF,cube13_cluster0,SI,cube4_cluster0,True
669923,FS,cube12_cluster0,SI,cube4_cluster0,True
669923,KC,cube66_cluster0,ST,cube66_cluster0,True
669947,FF,cube13_cluster0,FS,cube12_cluster0,True
670036,FC,cube33_cluster0,FF,cube24_cluster0,False
670036,FF,cube24_cluster0,SI,cube14_cluster0,False
670059,FC,cube23_cluster0,FF,cube13_cluster0,False
670059,FC,cube23_cluster0,FS,cube13_cluster0,False
670059,FF,cube13_cluster0,FS,cube13_cluster0,True
670059,FF,cube13_cluster0,SI,cube4_cluster0,True
670059,FS,cube13_cluster0,SI,cube4_cluster0,True
670102,FF,cube13_cluster0,FS,cube12_cluster0,True
670102,FF,cube13_cluster0,SI,cube4_cluster0,True
670102,FS,cube12_cluster0,SI,cube4_cluster0,True
670167,FC,cube24_cluster0,FF,cube14_cluster0,False
670167,FC,cube24_cluster0,SI,cube14_cluster0,False
670167,FF,cube14_cluster0,SI,cube14_cluster0,True
670174,CH,cube4_cluster0,FF,cube13_cluster0,True
670174,CH,cube4_cluster0,SI,cube4_cluster0,True
670174,FF,cube13_cluster0,SI,cube4_cluster0,True
670183,CH,cube12_cluster0,FF,cube13_cluster0,True
670280,FF,cube13_cluster0,FS,cube13_cluster0,True
670329,CH,cube12_cluster0,FF,cube13_cluster0,True
670766,CH,cube12_cluster0,FF,cube13_cluster0,True
670766,CH,cube12_cluster0,SI,cube13_cluster0,True
670766,FF,cube13_cluster0,SI,cube13_cluster0,True
670810,CH,cube12_cluster0,FC,cube12_cluster0,True
670810,CH,cube12_cluster0,FF,cube12_cluster0,True
670810,CH,cube12_cluster0,SI,cube3_cluster0,True
670810,FC,cube12_cluster0,FF,cube12_cluster0,True
670810,FC,cube12_cluster0,SI,cube3_cluster0,False
670810,FF,cube12_cluster0,SI,cube3_cluster0,True
670912,CH,cube14_cluster0,FF,cube14_cluster0,True
670970,CH,cube13_cluster0,FC,cube23_cluster0,False
670970,CH,cube13_cluster0,FF,cube13_cluster0,True
670970,CH,cube13_cluster0,SI,cube13_cluster0,True
670970,FC,cube23_cluster0,FF,cube13_cluster0,False
670970,FC,cube23_cluster0,SI,cube13_cluster0,False
670970,FF,cube13_cluster0,SI,cube13_cluster0,True
670990,CU,cube66_cluster0,SL,cube59_cluster1,False
670990,CU,cube66_cluster0,ST,cube67_cluster0,True
670990,FC,cube24_cluster0,FF,cube14_cluster0,False
670990,FC,cube24_cluster0,SI,cube14_cluster0,False
670990,FF,cube14_cluster0,SI,cube14_cluster0,True
670990,SL,cube59_cluster1,ST,cube67_cluster0,False
671096,CH,cube13_cluster0,FF,cube13_cluster0,True
671096,CU,cube66_cluster0,ST,cube66_cluster0,True
671106,CH,cube13_cluster0,FF,cube13_cluster0,True
671106,CH,cube13_cluster0,SI,cube13_cluster0,True
671106,FF,cube13_cluster0,SI,cube13_cluster0,True
671109,CH,cube13_cluster0,FF,cube4_cluster0,True
671109,CH,cube13_cluster0,SL,cube23_cluster0,False
671111,CH,cube14_cluster0,SI,cube14_cluster0,True
671131,FC,cube23_cluster0,FF,cube13_cluster0,False
671131,FC,cube23_cluster0,FS,cube12_cluster0,False
671131,FF,cube13_cluster0,FS,cube12_cluster0,True
671131,FF,cube13_cluster0,SI,cube4_cluster0,True
671131,FS,cube12_cluster0,SI,cube4_cluster0,True
671162,FF,cube13_cluster0,SI,cube13_cluster0,True
671212,FF,cube13_cluster0,FS,cube13_cluster0,True
671305,FF,cube5_cluster0,SI,cube4_cluster0,True
671737,FF,cube13_cluster0,FS,cube3_cluster0,True
671737,FF,cube13_cluster0,SI,cube3_cluster0,True
671737,FS,cube3_cluster0,SI,cube3_cluster0,True
672282,CH,cube3_cluster0,FF,cube4_cluster0,False
672282,CH,cube3_cluster0,SI,cube4_cluster0,False
672282,FF,cube4_cluster0,SI,cube4_cluster0,True
672335,FC,cube23_cluster0,FF,cube13_cluster0,False
672335,FC,cube23_cluster0,SI,cube13_cluster0,False
672335,FF,cube13_cluster0,SI,cube13_cluster0,True
672391,CH,cube13_cluster0,FC,cube23_cluster0,False
672391,CH,cube13_cluster0,FF,cube13_cluster0,True
672391,FC,cube23_cluster0,FF,cube13_cluster0,False
672456,CH,cube13_cluster0,FF,cube13_cluster0,True
672456,CH,cube13_cluster0,SI,cube13_cluster0,True
672456,FF,cube13_cluster0,SI,cube13_cluster0,True
672456,KC,cube73_cluster0,SL,cube66_cluster0,False
672578,FF,cube4_cluster0,FS,cube4_cluster0,True
672578,FF,cube4_cluster0,SI,cube4_cluster0,True
672578,FS,cube4_cluster0,SI,cube4_cluster0,True
672578,KC,cube66_cluster0,ST,cube66_cluster0,True
672582,CH,cube13_cluster0,FF,cube13_cluster0,True
672582,CH,cube13_cluster0,SI,cube13_cluster0,True
672582,FF,cube13_cluster0,SI,cube13_cluster0,True
672710,CH,cube12_cluster0,FF,cube12_cluster0,True
672710,CH,cube12_cluster0,SI,cube4_cluster0,True
672710,CU,cube65_cluster0,SL,cube57_cluster0,False
672710,FF,cube12_cluster0,SI,cube4_cluster0,True
672724,CU,cube18_cluster0,SL,cube18_cluster0,True
672782,CH,cube13_cluster0,FC,cube23_cluster0,False
672782,CH,cube13_cluster0,FF,cube14_cluster0,True
672782,CH,cube13_cluster0,SI,cube14_cluster0,True
672782,CU,cube73_cluster0,ST,cube66_cluster0,False
672782,FC,cube23_cluster0,FF,cube14_cluster0,False
672782,FC,cube23_cluster0,SI,cube14_cluster0,False
672782,FF,cube14_cluster0,SI,cube14_cluster0,True
672841,CH,cube13_cluster0,FC,cube13_cluster0,True
672841,CH,cube13_cluster0,FF,cube14_cluster0,True
672841,CH,cube13_cluster0,SI,cube14_cluster0,True
672841,FC,cube13_cluster0,FF,cube14_cluster0,True
672841,FC,cube13_cluster0,SI,cube14_cluster0,True
672841,FF,cube14_cluster0,SI,cube14_cluster0,True
673380,CH,cube13_cluster0,FF,cube13_cluster0,True
673513,CU,cube72_cluster0,ST,cube66_cluster0,True
673513,FF,cube12_cluster0,FS,cube12_cluster0,True
673513,FF,cube12_cluster0,SI,cube12_cluster0,True
673513,FS,cube12_cluster0,SI,cube12_cluster0,True
673540,CU,cube72_cluster0,ST,cube66_cluster0,False
673540,FC,cube23_cluster0,FF,cube13_cluster0,False
673540,FC,cube23_cluster0,FO,cube12_cluster0,False
673540,FC,cube23_cluster0,PO,cube12_cluster0,False
673540,FC,cube23_cluster0,SI,cube13_cluster0,False
673540,FF,cube13_cluster0,FO,cube12_cluster0,False
673540,FF,cube13_cluster0,PO,cube12_cluster0,False
673540,FF,cube13_cluster0,SI,cube13_cluster0,True
673540,FO,cube12_cluster0,PO,cube12_cluster0,True
673540,FO,cube12_cluster0,SI,cube13_cluster0,False
673540,PO,cube12_cluster0,SI,cube13_cluster0,False
673820,FF,cube13_cluster0,FS,cube3_cluster0,True
673820,FF,cube13_cluster0,SI,cube13_cluster0,True
673820,FS,cube3_cluster0,SI,cube13_cluster0,True
673929,FF,cube13_cluster0,SI,cube4_cluster0,True
674072,CH,cube12_cluster0,FF,cube13_cluster0,True
674072,CH,cube12_cluster0,SI,cube13_cluster0,True
674072,CH,cube12_cluster0,SL,cube23_cluster0,False
674072,FF,cube13_cluster0,SI,cube13_cluster0,True
674072,FF,cube13_cluster0,SL,cube23_cluster0,False
674072,SI,cube13_cluster0,SL,cube23_cluster0,False
674285,CH,cube13_cluster0,FF,cube4_cluster0,True
674285,CH,cube13_cluster0,SI,cube13_cluster0,True
674285,FF,cube4_cluster0,SI,cube13_cluster0,True
674370,CH,cube13_cluster0,FF,cube13_cluster0,True
674370,CH,cube13_cluster0,PO,cube13_cluster0,True
674370,CH,cube13_cluster0,SI,cube13_cluster0,True
674370,FF,cube13_cluster0,PO,cube13_cluster0,True
674370,FF,cube13_cluster0,SI,cube13_cluster0,True
674370,PO,cube13_cluster0,SI,cube13_cluster0,True
674841,CH,cube12_cluster0,FF,cube12_cluster0,True
674841,CH,cube12_cluster0,SI,cube13_cluster0,True
674841,CU,cube72_cluster0,SL,cube57_cluster0,False
674841,FF,cube12_cluster0,SI,cube13_cluster0,True
674944,FF,cube13_cluster0,FS,cube13_cluster0,True
674944,FF,cube13_cluster0,SI,cube13_cluster0,True
674944,FS,cube13_cluster0,SI,cube13_cluster0,True
675512,CH,cube13_cluster0,FF,cube14_cluster0,True
675512,CH,cube13_cluster0,FS,cube13_cluster0,True
675512,CH,cube13_cluster0,SI,cube5_cluster0,False
675512,FF,cube14_cluster0,FS,cube13_cluster0,True
675512,FF,cube14_cluster0,SI,cube5_cluster0,True
675512,FS,cube13_cluster0,SI,cube5_cluster0,False
675540,CU,cube72_cluster0,ST,cube57_cluster0,False
675540,SL,cube57_cluster0,ST,cube57_cluster0,True
675650,FF,cube4_cluster0,FS,cube12_cluster0,True
675848,CH,cube12_cluster0,FF,cube13_cluster0,True
675911,CH,cube13_cluster0,FF,cube13_cluster0,True
675919,CH,cube13_cluster0,FF,cube13_cluster0,True
675919,CH,cube13_cluster0,SI,cube13_cluster0,True
675919,FF,cube13_cluster0,SI,cube13_cluster0,True
675989,FF,cube13_cluster0,SI,cube13_cluster0,True
676051,CH,cube13_cluster0,FF,cube14_cluster0,True
676083,CH,cube3_cluster0,FF,cube12_cluster0,False
676083,CU,cube66_cluster0,ST,cube58_cluster0,True
676092,FC,cube59_cluster0,ST,cube67_cluster0,False
676092,FC,cube59_cluster0,SV,cube67_cluster0,False
676092,FF,cube24_cluster0,SI,cube24_cluster0,True
676092,ST,cube67_cluster0,SV,cube67_cluster0,True
676106,CH,cube13_cluster0,FF,cube13_cluster0,True
676106,CH,cube13_cluster0,SI,cube14_cluster0,False
676106,FF,cube13_cluster0,SI,cube14_cluster0,True
676106,SL,cube58_cluster0,ST,cube66_cluster0,True
676130,CH,cube13_cluster0,FF,cube13_cluster0,True
676130,CH,cube13_cluster0,SI,cube13_cluster0,True
676130,FF,cube13_cluster0,SI,cube13_cluster0,True
676130,SL,cube58_cluster0,ST,cube66_cluster0,False
676206,CH,cube12_cluster0,FF,cube12_cluster0,True
676206,CH,cube12_cluster0,SI,cube12_cluster0,True
676206,FF,cube12_cluster0,SI,cube12_cluster0,True
676254,CH,cube14_cluster0,SI,cube14_cluster0,True
676272,CH,cube13_cluster0,FF,cube4_cluster0,True
676272,CH,cube13_cluster0,SI,cube4_cluster0,True
676272,FF,cube4_cluster0,SI,cube4_cluster0,True
676395,CH,cube13_cluster0,FF,cube14_cluster0,True
676428,CH,cube13_cluster0,FF,cube13_cluster0,True
676428,CH,cube13_cluster0,SI,cube13_cluster0,True
676428,FF,cube13_cluster0,SI,cube13_cluster0,True
676440,CH,cube12_cluster0,FF,cube13_cluster0,True
676440,CH,cube12_cluster0,SI,cube13_cluster0,True
676440,CU,cube73_cluster0,ST,cube66_cluster0,True
676440,FC,cube58_cluster0,ST,cube66_cluster0,False
676440,FF,cube13_cluster0,SI,cube13_cluster0,True
676467,CH,cube13_cluster0,FF,cube4_cluster0,True
676467,CH,cube13_cluster0,SI,cube5_cluster0,False
676467,CU,cube66_cluster0,ST,cube59_cluster2,True
676467,FF,cube4_cluster0,SI,cube5_cluster0,True
676508,FF,cube12_cluster0,SI,cube12_cluster0,True
676534,CH,cube12_cluster0,FF,cube13_cluster0,True
676534,CH,cube12_cluster0,SI,cube13_cluster0,True
676534,CU,cube73_cluster0,ST,cube66_cluster0,True
676534,FC,cube43_cluster0,SL,cube43_cluster0,True
676534,FF,cube13_cluster0,SI,cube13_cluster0,True
676571,FF,cube14_cluster0,SI,cube14_cluster0,True
676604,CH,cube13_cluster0,FF,cube13_cluster0,True
676604,CH,cube13_cluster0,SI,cube13_cluster0,True
676604,FF,cube13_cluster0,SI,cube13_cluster0,True
676617,CH,cube13_cluster0,SI,cube14_cluster0,True
676664,FF,cube5_cluster0,SI,cube13_cluster0,True
676680,FF,cube13_cluster0,SI,cube13_cluster0,True
676684,CH,cube13_cluster0,FF,cube13_cluster0,True
676684,CH,cube13_cluster0,SI,cube4_cluster0,True
676684,FF,cube13_cluster0,SI,cube4_cluster0,True
676702,FC,cube23_cluster0,FF,cube13_cluster0,False
676702,FC,cube23_cluster0,SI,cube13_cluster0,False
676702,FF,cube13_cluster0,FS,cube3_cluster0,False
676702,FF,cube13_cluster0,SI,cube13_cluster0,True
676702,FS,cube3_cluster0,SI,cube13_cluster0,True
676742,CH,cube13_cluster0,FF,cube13_cluster0,True
676755,CH,cube13_cluster0,FF,cube13_cluster0,True
676775,FF,cube12_cluster0,FS,cube12_cluster0,True
676775,FF,cube12_cluster0,SI,cube13_cluster0,True
676775,FS,cube12_cluster0,SI,cube13_cluster0,True
676879,FF,cube12_cluster0,SI,cube3_cluster0,False
676917,CH,cube13_cluster0,FC,cube23_cluster0,False
676917,CH,cube13_cluster0,FF,cube13_cluster0,True
676917,CH,cube13_cluster0,SI,cube13_cluster0,True
676917,FC,cube23_cluster0,FF,cube13_cluster0,False
676917,FC,cube23_cluster0,SI,cube13_cluster0,False
676917,FF,cube13_cluster0,SI,cube13_cluster0,True
676961,CH,cube12_cluster0,FC,cube23_cluster0,False
676961,CH,cube12_cluster0,FF,cube13_cluster0,False
676961,CH,cube12_cluster0,SI,cube13_cluster0,False
676961,FC,cube23_cluster0,FF,cube13_cluster0,False
676961,FC,cube23_cluster0,SI,cube13_cluster0,False
676961,FF,cube13_cluster0,SI,cube13_cluster0,True
676962,CH,cube3_cluster0,FF,cube4_cluster0,True
676969,FC,cube22_cluster0,FS,cube12_cluster0,False
676969,FS,cube12_cluster0,SI,cube3_cluster0,True
676974,CH,cube13_cluster0,FF,cube13_cluster0,True
676974,CH,cube13_cluster0,SI,cube13_cluster0,True
676974,FF,cube13_cluster0,SI,cube13_cluster0,True
676974,SL,cube58_cluster0,ST,cube66_cluster0,False
676979,CH,cube13_cluster0,FF,cube13_cluster0,True
676979,CH,cube13_cluster0,SI,cube14_cluster0,False
676979,FF,cube13_cluster0,SI,cube14_cluster0,True
677020,FF,cube14_cluster0,SI,cube14_cluster0,True
677161,CU,cube67_cluster0,ST,cube67_cluster0,True
677161,FC,cube24_cluster0,PO,cube14_cluster0,False
677161,FF,cube5_cluster0,PO,cube14_cluster0,True
677161,FF,cube5_cluster0,SI,cube5_cluster0,True
677161,PO,cube14_cluster0,SI,cube5_cluster0,True
677649,EP,cube18_cluster1,SL,cube18_cluster1,True
677651,CH,cube12_cluster0,FF,cube13_cluster0,True
677651,CU,cube72_cluster0,ST,cube66_cluster0,False
677944,CH,cube13_cluster0,FC,cube23_cluster0,False
677944,CH,cube13_cluster0,FF,cube13_cluster0,True
677944,CH,cube13_cluster0,SI,cube13_cluster0,True
677944,CU,cube72_cluster0,SL,cube58_cluster0,False
677944,CU,cube72_cluster0,ST,cube66_cluster0,False
677944,FC,cube23_cluster0,FF,cube13_cluster0,False
677944,FC,cube23_cluster0,SI,cube13_cluster0,False
677944,FF,cube13_cluster0,SI,cube13_cluster0,True
677944,SL,cube58_cluster0,ST,cube66_cluster0,True
677952,CH,cube12_cluster0,FF,cube13_cluster0,True
677952,CH,cube12_cluster0,SI,cube13_cluster0,True
677952,FF,cube13_cluster0,SI,cube13_cluster0,True
677955,CH,cube12_cluster0,FF,cube13_cluster0,True
677955,CH,cube12_cluster0,PO,cube13_cluster0,True
677955,CH,cube12_cluster0,SI,cube13_cluster0,True
677955,FF,cube13_cluster0,PO,cube13_cluster0,True
677955,FF,cube13_cluster0,SI,cube13_cluster0,True
677955,PO,cube13_cluster0,SI,cube13_cluster0,True
677958,CH,cube4_cluster0,FF,cube14_cluster0,True
677958,CH,cube4_cluster0,SI,cube14_cluster0,True
677958,CU,cube66_cluster0,SL,cube58_cluster0,False
677958,FC,cube23_cluster0,FF,cube14_cluster0,False
677958,FC,cube23_cluster0,SI,cube14_cluster0,False
677958,FF,cube14_cluster0,SI,cube14_cluster0,True
677960,CH,cube13_cluster0,FF,cube13_cluster0,True
677960,CH,cube13_cluster0,SI,cube13_cluster0,True
677960,FF,cube13_cluster0,SI,cube13_cluster0,True
677961,FF,cube13_cluster0,SI,cube4_cluster0,True
677976,FF,cube12_cluster0,SI,cube13_cluster0,True
678020,FF,cube5_cluster0,FS,cube13_cluster0,True
678022,CH,cube13_cluster0,FC,cube23_cluster0,False
678022,CH,cube13_cluster0,FF,cube4_cluster0,False
678022,CU,cube66_cluster0,ST,cube66_cluster0,True
678024,CH,cube12_cluster0,FF,cube13_cluster0,True
678024,CH,cube12_cluster0,SI,cube13_cluster0,True
678024,CU,cube72_cluster0,ST,cube73_cluster0,True
678024,FF,cube13_cluster0,SI,cube13_cluster0,True
678215,FF,cube12_cluster0,FS,cube3_cluster0,True
678215,FF,cube12_cluster0,SI,cube3_cluster0,True
678215,FS,cube3_cluster0,SI,cube3_cluster0,True
678316,CH,cube12_cluster0,FF,cube4_cluster0,False
678368,CH,cube12_cluster0,FF,cube12_cluster0,True
678368,CH,cube12_cluster0,FS,cube12_cluster0,True
678368,CU,cube72_cluster0,ST,cube66_cluster0,False
678368,FF,cube12_cluster0,FS,cube12_cluster0,True
678394,CH,cube13_cluster0,FF,cube13_cluster0,True
678394,CH,cube13_cluster0,SI,cube13_cluster0,True
678394,FF,cube13_cluster0,SI,cube13_cluster0,True
678606,FF,cube13_cluster0,SI,cube13_cluster0,True
678692,CH,cube13_cluster0,FF,cube14_cluster0,True
678692,CH,cube13_cluster0,SI,cube14_cluster0,True
678692,FF,cube14_cluster0,SI,cube14_cluster0,True
678821,CH,cube13_cluster0,FF,cube13_cluster0,True
678906,CH,cube13_cluster0,FF,cube13_cluster0,True
678906,CH,cube13_cluster0,SI,cube14_cluster0,True
678906,CU,cube73_cluster0,ST,cube66_cluster0,False
678906,FF,cube13_cluster0,SI,cube14_cluster0,True
679358,FF,cube4_cluster0,FS,cube13_cluster0,False
679883,CH,cube13_cluster0,FF,cube13_cluster0,True
679883,CH,cube13_cluster0,SI,cube13_cluster0,True
679883,CU,cube73_cluster0,SL,cube58_cluster0,False
679883,FF,cube13_cluster0,SI,cube13_cluster0,True
679885,FF,cube4_cluster0,SI,cube4_cluster0,True
679922,FF,cube13_cluster0,SI,cube14_cluster0,True
680573,FF,cube12_cluster0,FS,cube3_cluster0,True
680604,FF,cube13_cluster0,SI,cube13_cluster0,True
680684,CH,cube13_cluster0,FF,cube13_cluster0,True
680684,CH,cube13_cluster0,SI,cube13_cluster0,True
680684,CH,cube13_cluster0,SL,cube23_cluster0,False
680684,FF,cube13_cluster0,SI,cube13_cluster0,True
680684,FF,cube13_cluster0,SL,cube23_cluster0,False
680684,SI,cube13_cluster0,SL,cube23_cluster0,False
680689,CH,cube12_cluster0,FF,cube13_cluster0,True
680689,CH,cube12_cluster0,SI,cube13_cluster0,True
680689,CU,cube65_cluster0,SL,cube66_cluster0,True
680689,FF,cube13_cluster0,SI,cube13_cluster0,True
680694,FF,cube12_cluster0,SI,cube12_cluster0,True
680701,FF,cube14_cluster0,SI,cube14_cluster0,True
680702,CH,cube13_cluster0,FF,cube13_cluster0,True
680704,FF,cube14_cluster0,FS,cube24_cluster2,False
680704,FF,cube14_cluster0,PO,cube14_cluster0,True
680704,FF,cube14_cluster0,SI,cube14_cluster0,True
680704,FS,cube24_cluster2,PO,cube14_cluster0,False
680704,FS,cube24_cluster2,SI,cube14_cluster0,False
680704,PO,cube14_cluster0,SI,cube14_cluster0,True
680729,FF,cube12_cluster0,SI,cube12_cluster0,True
680730,CU,cube66_cluster0,SL,cube58_cluster0,False
680732,CH,cube13_cluster0,FF,cube13_cluster0,True
680732,CH,cube13_cluster0,SI,cube4_cluster0,True
680732,FF,cube13_cluster0,SI,cube4_cluster0,False
680735,FC,cube12_cluster0,FF,cube12_cluster0,True
680735,FC,cube12_cluster0,SI,cube3_cluster0,False
680735,FC,cube12_cluster0,SL,cube32_cluster0,False
680735,FF,cube12_cluster0,SI,cube3_cluster0,True
680736,CH,cube13_cluster0,FC,cube23_cluster0,False
680736,CH,cube13_cluster0,FF,cube13_cluster0,True
680736,CH,cube13_cluster0,SI,cube13_cluster0,True
680736,FC,cube23_cluster0,FF,cube13_cluster0,False
680736,FC,cube23_cluster0,SI,cube13_cluster0,False
680736,FF,cube13_cluster0,SI,cube13_cluster0,True
680742,CH,cube13_cluster0,FF,cube13_cluster0,True
680742,CH,cube13_cluster0,SI,cube4_cluster0,True
680742,CU,cube66_cluster0,SL,cube58_cluster0,False
680742,FF,cube13_cluster0,SI,cube4_cluster0,True
680767,CH,cube14_cluster0,FF,cube14_cluster0,True
680767,CH,cube14_cluster0,SI,cube13_cluster0,True
680767,FF,cube14_cluster0,SI,cube13_cluster0,True
680880,FF,cube4_cluster0,FS,cube13_cluster1,False
680880,FF,cube4_cluster0,PO,cube4_cluster0,True
680880,FS,cube13_cluster1,PO,cube4_cluster0,False
680885,CU,cube67_cluster0,SL,cube59_cluster1,False
680885,FC,cube14_cluster0,FF,cube14_cluster0,True
680885,FC,cube14_cluster0,FS,cube13_cluster0,True
680885,FC,cube14_cluster0,SI,cube14_cluster0,True
680885,FF,cube14_cluster0,FS,cube13_cluster0,True
680885,FF,cube14_cluster0,SI,cube14_cluster0,True
680885,FS,cube13_cluster0,SI,cube14_cluster0,True
680951,CH,cube14_cluster0,FF,cube5_cluster0,False
680951,CU,cube74_cluster0,ST,cube67_cluster0,False
681006,CH,cube13_cluster0,FF,cube13_cluster0,True
681006,CH,cube13_cluster0,SI,cube13_cluster0,True
681006,FF,cube13_cluster0,SI,cube13_cluster0,True
681151,CH,cube13_cluster0,FC,cube23_cluster0,False
681151,CH,cube13_cluster0,FF,cube13_cluster0,True
681151,CH,cube13_cluster0,SI,cube13_cluster0,True
681151,CU,cube72_cluster0,ST,cube66_cluster0,True
681151,FC,cube23_cluster0,FF,cube13_cluster0,False
681151,FC,cube23_cluster0,SI,cube13_cluster0,False
681151,FF,cube13_cluster0,SI,cube13_cluster0,True
681168,FF,cube14_cluster0,SI,cube14_cluster0,True
681190,CH,cube13_cluster0,FC,cube23_cluster0,False
681190,CH,cube13_cluster0,FF,cube13_cluster0,True
681190,CH,cube13_cluster0,SI,cube13_cluster0,True
681190,CU,cube73_cluster0,ST,cube66_cluster0,False
681190,FC,cube23_cluster0,FF,cube13_cluster0,False
681190,FC,cube23_cluster0,SI,cube13_cluster0,False
681190,FF,cube13_cluster0,SI,cube13_cluster0,True
681217,FF,cube13_cluster0,FS,cube12_cluster0,False
681217,FF,cube13_cluster0,SI,cube13_cluster0,True
681217,FS,cube12_cluster0,SI,cube13_cluster0,False
681293,CH,cube14_cluster0,FF,cube5_cluster0,True
681293,CH,cube14_cluster0,SI,cube14_cluster0,True
681293,CU,cube74_cluster0,ST,cube67_cluster0,True
681293,FF,cube5_cluster0,SI,cube14_cluster0,True
681343,CH,cube13_cluster0,FF,cube13_cluster0,True
681343,CH,cube13_cluster0,SI,cube4_cluster0,True
681343,FF,cube13_cluster0,SI,cube4_cluster0,True
681347,CH,cube3_cluster0,FF,cube13_cluster0,False
681347,CH,cube3_cluster0,SI,cube4_cluster0,False
681347,FF,cube13_cluster0,SI,cube4_cluster0,True
681517,CH,cube13_cluster0,FF,cube14_cluster0,True
681517,CH,cube13_cluster0,SI,cube5_cluster0,True
681517,CU,cube66_cluster0,ST,cube67_cluster0,False
681517,FF,cube14_cluster0,SI,cube5_cluster0,False
681676,CH,cube3_cluster0,FF,cube4_cluster0,True
681799,FC,cube24_cluster0,SI,cube24_cluster0,True
681810,CH,cube13_cluster0,FC,cube23_cluster0,False
681810,CH,cube13_cluster0,FF,cube14_cluster0,True
681810,CH,cube13_cluster0,SI,cube14_cluster0,True
681810,CU,cube74_cluster0,ST,cube67_cluster0,True
681810,FC,cube23_cluster0,FF,cube14_cluster0,False
681810,FC,cube23_cluster0,SI,cube14_cluster0,False
681810,FF,cube14_cluster0,SI,cube14_cluster0,True
681857,CH,cube13_cluster0,FF,cube13_cluster0,True
681857,CH,cube13_cluster0,SI,cube4_cluster0,False
681857,FF,cube13_cluster0,SI,cube4_cluster0,True
681857,SL,cube66_cluster0,ST,cube66_cluster0,True
681867,FC,cube24_cluster0,SI,cube14_cluster0,False
681869,CH,cube13_cluster0,FC,cube23_cluster0,False
681869,CH,cube13_cluster0,FF,cube13_cluster0,True
681869,CH,cube13_cluster0,SI,cube13_cluster0,True
681869,CU,cube73_cluster0,ST,cube66_cluster0,True
681869,FC,cube23_cluster0,FF,cube13_cluster0,False
681869,FC,cube23_cluster0,SI,cube13_cluster0,False
681869,FF,cube13_cluster0,SI,cube13_cluster0,True
681882,FF,cube13_cluster0,SI,cube4_cluster0,True
681892,CH,cube14_cluster0,FC,cube13_cluster0,True
681892,CH,cube14_cluster0,SI,cube14_cluster0,True
681892,FC,cube13_cluster0,SI,cube14_cluster0,True
681895,FF,cube14_cluster0,SI,cube14_cluster0,True
681911,CH,cube12_cluster0,FF,cube12_cluster0,True
681916,FF,cube13_cluster0,FS,cube12_cluster0,True
681916,FF,cube13_cluster0,SI,cube4_cluster0,False
681916,FS,cube12_cluster0,SI,cube4_cluster0,True
681982,FF,cube14_cluster0,SI,cube14_cluster0,True
682052,FC,cube14_cluster0,FF,cube14_cluster0,True
682052,FC,cube14_cluster0,SI,cube14_cluster0,True
682052,FF,cube14_cluster0,SI,cube14_cluster0,True
682120,FF,cube13_cluster0,SI,cube13_cluster0,True
682144,FF,cube4_cluster0,FS,cube12_cluster0,False
682144,FF,cube4_cluster0,SI,cube4_cluster0,True
682144,FS,cube12_cluster0,SI,cube4_cluster0,False
682243,FC,cube23_cluster0,FF,cube13_cluster0,False
682243,FC,cube23_cluster0,FS,cube12_cluster0,False
682243,FC,cube23_cluster0,PO,cube13_cluster0,False
682243,FC,cube23_cluster0,SI,cube13_cluster0,False
682243,FF,cube13_cluster0,FS,cube12_cluster0,True
682243,FF,cube13_cluster0,PO,cube13_cluster0,True
682243,FF,cube13_cluster0,SI,cube13_cluster0,True
682243,FS,cube12_cluster0,PO,cube13_cluster0,True
682243,FS,cube12_cluster0,SI,cube13_cluster0,True
682243,KC,cube66_cluster0,ST,cube66_cluster0,True
682243,PO,cube13_cluster0,SI,cube13_cluster0,True
682274,FF,cube12_cluster0,SI,cube3_cluster0,True
682610,CH,cube12_cluster0,FC,cube23_cluster0,False
682610,CH,cube12_cluster0,FF,cube13_cluster0,True
682610,CH,cube12_cluster0,SI,cube13_cluster0,True
682610,FC,cube23_cluster0,FF,cube13_cluster0,False
682610,FC,cube23_cluster0,SI,cube13_cluster0,False
682610,FF,cube13_cluster0,SI,cube13_cluster0,True
682790,CH,cube13_cluster0,FF,cube14_cluster0,True
682790,SL,cube58_cluster0,SV,cube73_cluster0,False
682825,FF,cube13_cluster0,SI,cube13_cluster0,True
682842,FF,cube13_cluster0,SI,cube13_cluster0,True
682847,CH,cube13_cluster0,FC,cube24_cluster0,False
682847,CH,cube13_cluster0,FF,cube14_cluster0,True
682847,CH,cube13_cluster0,SI,cube14_cluster0,True
682847,FC,cube24_cluster0,FF,cube14_cluster0,False
682847,FC,cube24_cluster0,SI,cube14_cluster0,False
682847,FF,cube14_cluster0,SI,cube14_cluster0,True
682989,CH,cube14_cluster0,FC,cube24_cluster0,False
682989,CH,cube14_cluster0,SI,cube14_cluster0,True
682989,FC,cube24_cluster0,SI,cube14_cluster0,False
682990,CH,cube12_cluster0,FC,cube13_cluster0,True
682990,CH,cube12_cluster0,SI,cube13_cluster0,True
682990,CU,cube66_cluster0,SL,cube51_cluster0,False
682990,FC,cube13_cluster0,SI,cube13_cluster0,True
683004,CH,cube13_cluster0,FF,cube5_cluster0,False
683004,CH,cube13_cluster0,PO,cube5_cluster0,False
683004,CH,cube13_cluster0,SI,cube5_cluster0,False
683004,FF,cube5_cluster0,PO,cube5_cluster0,True
683004,FF,cube5_cluster0,SI,cube5_cluster0,True
683004,PO,cube5_cluster0,SI,cube5_cluster0,True
683155,CH,cube12_cluster0,FF,cube13_cluster0,True
683155,CH,cube12_cluster0,SI,cube13_cluster0,True
683155,FF,cube13_cluster0,SI,cube13_cluster0,True
683175,CU,cube57_cluster0,ST,cube66_cluster0,True
683232,CU,cube66_cluster0,SL,cube51_cluster0,False
683409,CH,cube13_cluster0,FF,cube13_cluster0,True
683409,CH,cube13_cluster0,SL,cube23_cluster0,False
683409,FF,cube13_cluster0,SL,cube23_cluster0,False
683618,FC,cube23_cluster0,FF,cube14_cluster0,False
683618,FF,cube14_cluster0,SI,cube5_cluster0,True
683627,CH,cube12_cluster0,FC,cube12_cluster0,True
683627,CH,cube12_cluster0,FF,cube13_cluster0,True
683627,CH,cube12_cluster0,SI,cube3_cluster0,False
683627,CH,cube12_cluster0,SL,cube22_cluster0,False
683627,FC,cube12_cluster0,FF,cube13_cluster0,True
683627,FC,cube12_cluster0,SI,cube3_cluster0,False
683627,FC,cube12_cluster0,SL,cube22_cluster0,True
683627,FF,cube13_cluster0,SI,cube3_cluster0,True
683627,FF,cube13_cluster0,SL,cube22_cluster0,False
683769,CH,cube13_cluster0,FF,cube13_cluster0,True
684007,CU,cube73_cluster0,ST,cube66_cluster0,False
684007,FF,cube13_cluster0,FS,cube13_cluster0,True
684007,FF,cube13_cluster0,SI,cube4_cluster0,True
684007,FS,cube13_cluster0,SI,cube4_cluster0,True
684320,FF,cube13_cluster0,FS,cube13_cluster0,True
684320,FF,cube13_cluster0,PO,cube13_cluster0,True
684320,FF,cube13_cluster0,SI,cube13_cluster0,True
684320,FS,cube13_cluster0,PO,cube13_cluster0,True
684320,FS,cube13_cluster0,SI,cube13_cluster0,True
684320,PO,cube13_cluster0,SI,cube13_cluster0,True
684974,FC,cube24_cluster0,FF,cube14_cluster0,False
685005,CH,cube12_cluster0,FF,cube4_cluster0,True
685005,CH,cube12_cluster0,SI,cube4_cluster0,True
685005,FF,cube4_cluster0,SI,cube4_cluster0,True
685068,FF,cube13_cluster0,FS,cube12_cluster0,True
685068,FF,cube13_cluster0,SI,cube13_cluster0,True
685068,FF,cube13_cluster0,SL,cube23_cluster0,False
685068,FS,cube12_cluster0,SI,cube13_cluster0,True
685068,FS,cube12_cluster0,SL,cube23_cluster0,False
685068,SI,cube13_cluster0,SL,cube23_cluster0,False
685107,CH,cube12_cluster0,FF,cube13_cluster0,True
685107,CH,cube12_cluster0,SI,cube12_cluster0,True
685107,FF,cube13_cluster0,SI,cube12_cluster0,True
685126,FF,cube14_cluster0,SI,cube14_cluster0,True
685299,CH,cube13_cluster0,FF,cube13_cluster0,True
685314,FF,cube22_cluster0,SI,cube12_cluster0,False
685326,CH,cube14_cluster0,FF,cube5_cluster0,False
685326,CH,cube14_cluster0,PO,cube13_cluster0,True
685326,FF,cube5_cluster0,PO,cube13_cluster0,False
685801,FF,cube13_cluster0,SI,cube4_cluster0,True
686218,CH,cube12_cluster0,FF,cube13_cluster0,True
686228,CH,cube13_cluster0,FC,cube23_cluster0,False
686228,CH,cube13_cluster0,SI,cube14_cluster0,True
686228,FC,cube23_cluster0,SI,cube14_cluster0,False
686249,CH,cube12_cluster0,FC,cube23_cluster0,False
686249,CH,cube12_cluster0,FF,cube13_cluster0,True
686249,FC,cube23_cluster0,FF,cube13_cluster0,False
686563,CH,cube13_cluster0,FC,cube23_cluster0,False
686563,CH,cube13_cluster0,FF,cube13_cluster0,True
686563,CH,cube13_cluster0,SI,cube13_cluster0,True
686563,FC,cube23_cluster0,FF,cube13_cluster0,False
686563,FC,cube23_cluster0,SI,cube13_cluster0,False
686563,FF,cube13_cluster0,SI,cube13_cluster0,True
686580,CU,cube73_cluster0,ST,cube66_cluster0,False
686613,CH,cube4_cluster0,FF,cube13_cluster0,True
686613,CH,cube4_cluster0,SI,cube4_cluster0,True
686613,FC,cube23_cluster0,FF,cube13_cluster0,False
686613,FC,cube23_cluster0,SL,cube23_cluster0,True
686613,FF,cube13_cluster0,SI,cube4_cluster0,True
686613,FF,cube13_cluster0,SL,cube23_cluster0,False
686642,CH,cube13_cluster0,FF,cube13_cluster0,True
686642,CH,cube13_cluster0,SI,cube13_cluster0,True
686642,FF,cube13_cluster0,SI,cube13_cluster0,True
686654,FC,cube22_cluster0,FF,cube13_cluster0,False
686654,FC,cube22_cluster0,SI,cube12_cluster0,False
686654,FF,cube13_cluster0,FS,cube3_cluster0,False
686654,FF,cube13_cluster0,SI,cube12_cluster0,True
686654,FS,cube3_cluster0,SI,cube12_cluster0,True
686701,CH,cube4_cluster0,FF,cube13_cluster0,True
686701,CH,cube4_cluster0,SI,cube4_cluster0,True
686701,CU,cube73_cluster0,ST,cube66_cluster0,True
686701,FF,cube13_cluster0,SI,cube4_cluster0,True
686730,CH,cube13_cluster0,FC,cube24_cluster0,False
686730,CH,cube13_cluster0,FF,cube13_cluster0,True
686730,CH,cube13_cluster0,SI,cube14_cluster0,True
686730,FC,cube24_cluster0,FF,cube13_cluster0,False
686730,FC,cube24_cluster0,SI,cube14_cluster0,False
686730,FF,cube13_cluster0,SI,cube14_cluster0,True
686747,CH,cube13_cluster0,FF,cube14_cluster0,True
686747,CH,cube13_cluster0,SI,cube14_cluster0,True
686747,FF,cube14_cluster0,SI,cube14_cluster0,True
686751,FF,cube4_cluster0,FS,cube12_cluster0,True
686752,FC,cube23_cluster0,FF,cube13_cluster0,False
686752,FC,cube23_cluster0,SL,cube33_cluster0,False
686752,FF,cube13_cluster0,PO,cube4_cluster0,True
686752,FF,cube13_cluster0,SI,cube4_cluster0,True
686752,PO,cube4_cluster0,SI,cube4_cluster0,True
686753,CH,cube13_cluster0,FF,cube13_cluster0,True
686753,CH,cube13_cluster0,SI,cube13_cluster0,True
686753,FF,cube13_cluster0,SI,cube13_cluster0,True
686790,CH,cube13_cluster0,SI,cube13_cluster0,True
686799,CH,cube13_cluster0,FF,cube13_cluster0,True
686799,CH,cube13_cluster0,PO,cube12_cluster0,True
686799,CH,cube13_cluster0,SI,cube13_cluster0,True
686799,FF,cube13_cluster0,PO,cube12_cluster0,True
686799,FF,cube13_cluster0,SI,cube13_cluster0,True
686799,PO,cube12_cluster0,SI,cube13_cluster0,True
686826,CH,cube13_cluster0,FC,cube23_cluster0,False
686826,CH,cube13_cluster0,FF,cube4_cluster0,False
686826,CH,cube13_cluster0,SI,cube4_cluster0,False
686826,CU,cube66_cluster0,SL,cube58_cluster0,True
686826,FF,cube4_cluster0,SI,cube4_cluster0,True
686930,CH,cube12_cluster0,FF,cube13_cluster0,False
686930,CU,cube72_cluster0,ST,cube66_cluster0,False
686973,CH,cube14_cluster0,FF,cube5_cluster0,True
686973,CH,cube14_cluster0,SI,cube5_cluster0,True
686973,FF,cube5_cluster0,SI,cube5_cluster0,True
686993,FF,cube14_cluster0,PO,cube14_cluster0,True
687003,CH,cube13_cluster0,FF,cube13_cluster0,True
687003,CH,cube13_cluster0,SI,cube13_cluster0,True
687003,CH,cube13_cluster0,SL,cube23_cluster0,False
687003,FF,cube13_cluster0,SI,cube13_cluster0,True
687003,FF,cube13_cluster0,SL,cube23_cluster0,False
687003,SI,cube13_cluster0,SL,cube23_cluster0,False
687064,CH,cube3_cluster0,FF,cube13_cluster0,True
687064,CH,cube3_cluster0,FS,cube3_cluster0,True
687064,CH,cube3_cluster0,PO,cube12_cluster0,True
687064,FC,cube32_cluster0,SL,cube42_cluster0,False
687064,FF,cube13_cluster0,FS,cube3_cluster0,True
687064,FF,cube13_cluster0,PO,cube12_cluster0,True
687064,FS,cube3_cluster0,PO,cube12_cluster0,True
687074,FC,cube23_cluster0,FF,cube13_cluster0,False
687075,CH,cube13_cluster0,FF,cube4_cluster0,True
687075,CH,cube13_cluster0,SI,cube4_cluster0,True
687075,CH,cube13_cluster0,SL,cube23_cluster0,False
687075,CU,cube73_cluster0,ST,cube58_cluster0,False
687075,FF,cube4_cluster0,SI,cube4_cluster0,True
687134,CU,cube65_cluster0,SL,cube58_cluster0,False
687134,FF,cube12_cluster0,FS,cube12_cluster0,True
687166,FF,cube13_cluster0,SI,cube13_cluster0,True
687209,FC,cube23_cluster0,FF,cube13_cluster0,False
687223,CH,cube14_cluster0,FF,cube5_cluster0,False
687287,CH,cube12_cluster0,FC,cube22_cluster0,False
687287,CH,cube12_cluster0,FF,cube12_cluster0,True
687287,CH,cube12_cluster0,SI,cube3_cluster0,True
687287,CU,cube72_cluster0,SL,cube57_cluster0,False
687287,FC,cube22_cluster0,FF,cube12_cluster0,False
687287,FF,cube12_cluster0,SI,cube3_cluster0,False
687362,CH,cube12_cluster0,FC,cube23_cluster0,False
687362,CH,cube12_cluster0,FF,cube13_cluster0,True
687362,CU,cube72_cluster0,ST,cube66_cluster0,True
687362,FC,cube23_cluster0,FF,cube13_cluster0,False
687377,CH,cube12_cluster0,FF,cube13_cluster0,True
687377,CH,cube12_cluster0,SI,cube13_cluster0,True
687377,FF,cube13_cluster0,SI,cube13_cluster0,True
687396,FF,cube13_cluster0,FS,cube3_cluster0,False
687473,CH,cube13_cluster0,FF,cube13_cluster0,True
687473,CH,cube13_cluster0,SI,cube13_cluster0,True
687473,CU,cube73_cluster0,ST,cube58_cluster0,False
687473,FF,cube13_cluster0,SI,cube13_cluster0,True
687589,CH,cube13_cluster0,FC,cube13_cluster0,True
687589,CH,cube13_cluster0,FF,cube13_cluster0,True
687589,CH,cube13_cluster0,SI,cube13_cluster0,True
687589,FC,cube13_cluster0,FF,cube13_cluster0,True
687589,FC,cube13_cluster0,SI,cube13_cluster0,True
687589,FF,cube13_cluster0,SI,cube13_cluster0,True
687606,CH,cube12_cluster0,FC,cube23_cluster0,True
687606,CH,cube12_cluster0,FF,cube13_cluster0,True
687606,FC,cube23_cluster0,FF,cube13_cluster0,False
687765,CH,cube12_cluster0,SI,cube13_cluster0,True
687765,CU,cube73_cluster0,SL,cube66_cluster0,False
687765,FC,cube33_cluster0,PO,cube33_cluster0,True
687765,FC,cube33_cluster0,SI,cube13_cluster0,False
687765,PO,cube33_cluster0,SI,cube13_cluster0,False
687830,CH,cube13_cluster0,FC,cube24_cluster0,False
687830,CH,cube13_cluster0,FF,cube14_cluster0,True
687830,CH,cube13_cluster0,SI,cube14_cluster0,True
687830,FC,cube24_cluster0,FF,cube14_cluster0,False
687830,FC,cube24_cluster0,SI,cube14_cluster0,False
687830,FF,cube14_cluster0,SI,cube14_cluster0,True
687847,CH,cube3_cluster0,FF,cube12_cluster0,True
687849,CU,cube72_cluster0,ST,cube66_cluster0,True
687888,FC,cube23_cluster0,FF,cube13_cluster0,False
687888,FC,cube23_cluster0,SI,cube14_cluster0,False
687888,FF,cube13_cluster0,SI,cube14_cluster0,True
687911,CH,cube13_cluster0,FF,cube13_cluster0,True
687911,CH,cube13_cluster0,SI,cube14_cluster0,True
687911,CU,cube73_cluster0,ST,cube66_cluster0,False
687911,FF,cube13_cluster0,SI,cube14_cluster0,True
687922,CH,cube3_cluster0,FF,cube13_cluster0,True
687922,FC,cube23_cluster0,FF,cube13_cluster0,False
687922,SL,cube43_cluster0,ST,cube58_cluster0,False
687931,CH,cube13_cluster0,FF,cube4_cluster0,False
688107,CH,cube14_cluster0,FC,cube24_cluster0,False
688107,CH,cube14_cluster0,FF,cube14_cluster0,True
688107,CH,cube14_cluster0,SI,cube14_cluster0,True
688107,FC,cube24_cluster0,FF,cube14_cluster0,False
688107,FC,cube24_cluster0,SI,cube14_cluster0,False
688107,FF,cube14_cluster0,SI,cube14_cluster0,True
688138,CH,cube13_cluster0,FF,cube12_cluster0,True
688138,CH,cube13_cluster0,SI,cube13_cluster0,True
688138,CU,cube73_cluster0,ST,cube66_cluster0,True
688138,FF,cube12_cluster0,SI,cube13_cluster0,True
688158,CH,cube14_cluster0,FF,cube13_cluster0,True
688158,CH,cube14_cluster0,SI,cube14_cluster0,True
688158,FF,cube13_cluster0,SI,cube14_cluster0,True
688297,FF,cube14_cluster0,SI,cube14_cluster0,True
688642,CU,cube73_cluster0,ST,cube66_cluster0,True
688642,FC,cube23_cluster0,FF,cube13_cluster0,False
688642,FC,cube23_cluster0,FS,cube12_cluster0,False
688642,FF,cube13_cluster0,FS,cube12_cluster0,True
689017,CH,cube12_cluster0,FF,cube12_cluster0,True
689147,FF,cube4_cluster0,SI,cube4_cluster0,True
689225,CH,cube12_cluster0,FF,cube12_cluster0,True
689225,CH,cube12_cluster0,SI,cube12_cluster0,True
689225,FF,cube12_cluster0,SI,cube12_cluster0,True
689266,CH,cube13_cluster0,FC,cube23_cluster0,True
689266,CH,cube13_cluster0,SI,cube4_cluster0,False
689520,CH,cube13_cluster0,FF,cube4_cluster0,False
690382,FF,cube13_cluster0,SI,cube4_cluster0,True
690544,FF,cube13_cluster0,SI,cube13_cluster0,True
690829,CH,cube13_cluster0,FF,cube14_cluster0,True
690829,CH,cube13_cluster0,SI,cube14_cluster0,True
690829,FF,cube14_cluster0,SI,cube14_cluster0,True
690916,CH,cube13_cluster0,FF,cube13_cluster0,True
690916,CH,cube13_cluster0,SI,cube13_cluster0,True
690916,CU,cube66_cluster0,ST,cube66_cluster0,True
690916,FF,cube13_cluster0,SI,cube13_cluster0,True
690928,CU,cube66_cluster0,ST,cube66_cluster0,True
690928,FF,cube13_cluster0,FS,cube13_cluster0,True
690928,FF,cube13_cluster0,SI,cube13_cluster0,True
690928,FS,cube13_cluster0,SI,cube13_cluster0,True
690953,CH,cube13_cluster0,FF,cube14_cluster0,False
690953,CH,cube13_cluster0,SI,cube14_cluster0,False
690953,CU,cube73_cluster0,ST,cube67_cluster0,True
690953,FF,cube14_cluster0,SI,cube14_cluster0,True
690986,CH,cube14_cluster0,FC,cube23_cluster0,False
690986,CH,cube14_cluster0,FF,cube14_cluster0,True
690986,CH,cube14_cluster0,SI,cube14_cluster0,True
690986,FC,cube23_cluster0,FF,cube14_cluster0,False
690986,FC,cube23_cluster0,SI,cube14_cluster0,False
690986,FF,cube14_cluster0,SI,cube14_cluster0,True
690990,CH,cube13_cluster0,FF,cube13_cluster0,True
690990,CH,cube13_cluster0,SI,cube13_cluster0,True
690990,CU,cube66_cluster0,SL,cube58_cluster0,True
690990,CU,cube66_cluster0,ST,cube66_cluster0,True
690990,FF,cube13_cluster0,SI,cube13_cluster0,True
690990,SL,cube58_cluster0,ST,cube66_cluster0,True
690997,CH,cube13_cluster0,FF,cube14_cluster0,True
690997,CH,cube13_cluster0,SI,cube14_cluster0,True
690997,FF,cube14_cluster0,SI,cube14_cluster0,True
691094,CH,cube12_cluster0,FC,cube23_cluster0,False
691094,CH,cube12_cluster0,FF,cube4_cluster0,True
691094,CH,cube12_cluster0,SI,cube4_cluster0,True
691094,CU,cube73_cluster0,SL,cube58_cluster0,False
691094,FF,cube4_cluster0,SI,cube4_cluster0,True
691172,CH,cube13_cluster0,FF,cube4_cluster0,False
691172,CH,cube13_cluster0,SI,cube13_cluster0,True
691172,FF,cube4_cluster0,SI,cube13_cluster0,True
691251,FF,cube3_cluster0,FS,cube3_cluster0,True
691251,FF,cube3_cluster0,SI,cube3_cluster0,True
691251,FS,cube3_cluster0,SI,cube3_cluster0,True
691441,CH,cube13_cluster0,FF,cube13_cluster0,True
691548,FF,cube13_cluster0,SI,cube13_cluster0,True
691587,CH,cube4_cluster0,FF,cube13_cluster0,True
691587,CH,cube4_cluster0,SI,cube4_cluster0,True
691587,FF,cube13_cluster0,SI,cube4_cluster0,True
691587,SL,cube43_cluster0,ST,cube51_cluster0,False
691769,CU,cube58_cluster0,SL,cube66_cluster0,True
691951,CH,cube12_cluster0,FF,cube12_cluster0,True
691951,CU,cube72_cluster0,SL,cube57_cluster0,False
692024,FF,cube13_cluster0,FS,cube13_cluster0,True
692030,CH,cube13_cluster0,FC,cube13_cluster0,True
692030,CH,cube13_cluster0,FF,cube4_cluster0,True
692030,FC,cube13_cluster0,FF,cube4_cluster0,False
692230,CH,cube13_cluster0,FC,cube23_cluster0,False
692230,CH,cube13_cluster0,FF,cube13_cluster0,True
692230,CH,cube13_cluster0,SI,cube4_cluster0,True
692230,CU,cube65_cluster0,ST,cube57_cluster0,True
692230,FC,cube23_cluster0,FF,cube13_cluster0,False
692230,FF,cube13_cluster0,SI,cube4_cluster0,True
692285,CH,cube12_cluster0,FF,cube3_cluster0,True
692285,CH,cube12_cluster0,PO,cube3_cluster0,True
692285,FF,cube3_cluster0,PO,cube3_cluster0,True
692285,SL,cube57_cluster0,ST,cube65_cluster1,False
693312,CH,cube4_cluster0,FF,cube13_cluster0,True
693313,FC,cube23_cluster0,FF,cube13_cluster0,False
693313,FC,cube23_cluster0,SI,cube13_cluster0,False
693313,FF,cube13_cluster0,SI,cube13_cluster0,True
693433,CH,cube13_cluster0,FF,cube14_cluster0,True
693433,CH,cube13_cluster0,SI,cube14_cluster0,True
693433,FF,cube14_cluster0,SI,cube14_cluster0,True
693645,FC,cube43_cluster0,SL,cube51_cluster0,False
693645,FC,cube43_cluster0,ST,cube51_cluster0,False
693645,FF,cube13_cluster0,SI,cube4_cluster0,True
693645,SL,cube51_cluster0,ST,cube51_cluster0,True
693821,CH,cube12_cluster0,FF,cube12_cluster0,True
693821,CH,cube12_cluster0,SI,cube12_cluster0,True
693821,FF,cube12_cluster0,SI,cube12_cluster0,True
693855,CH,cube12_cluster0,FC,cube13_cluster0,False
693855,CH,cube12_cluster0,FF,cube13_cluster0,False
693855,CH,cube12_cluster0,SI,cube12_cluster0,True
693855,FC,cube13_cluster0,FF,cube13_cluster0,True
693855,FC,cube13_cluster0,SI,cube12_cluster0,True
693855,FF,cube13_cluster0,SI,cube12_cluster0,True
693855,SL,cube58_cluster0,ST,cube66_cluster0,False
694037,FF,cube4_cluster0,FS,cube12_cluster0,True
694037,FF,cube4_cluster0,SI,cube4_cluster0,True
694037,FS,cube12_cluster0,SI,cube4_cluster0,True
694297,CH,cube14_cluster0,FF,cube13_cluster0,True
694297,CH,cube14_cluster0,PO,cube13_cluster0,True
694297,CH,cube14_cluster0,SI,cube14_cluster0,True
694297,CU,cube73_cluster0,ST,cube59_cluster1,False
694297,FF,cube13_cluster0,PO,cube13_cluster0,True
694297,FF,cube13_cluster0,SI,cube14_cluster0,True
694297,PO,cube13_cluster0,SI,cube14_cluster0,True
694335,FC,cube23_cluster0,FF,cube13_cluster0,False
694335,FF,cube13_cluster0,SI,cube4_cluster0,True
694350,CH,cube13_cluster0,FF,cube13_cluster0,True
694361,CU,cube66_cluster0,ST,cube66_cluster0,True
694363,CH,cube13_cluster0,FF,cube13_cluster0,True
694363,CH,cube13_cluster0,SI,cube13_cluster0,True
694363,CH,cube13_cluster0,SL,cube23_cluster0,False
694363,FF,cube13_cluster0,SI,cube13_cluster0,True
694363,FF,cube13_cluster0,SL,cube23_cluster0,False
694363,SI,cube13_cluster0,SL,cube23_cluster0,False
694462,CU,cube65_cluster0,SL,cube50_cluster0,False
694462,FC,cube22_cluster0,FF,cube12_cluster0,False
694462,FC,cube22_cluster0,SI,cube12_cluster0,False
694462,FF,cube12_cluster0,SI,cube12_cluster0,True
694477,CH,cube13_cluster0,FF,cube13_cluster0,True
694477,CH,cube13_cluster0,SI,cube4_cluster0,False
694477,FC,cube33_cluster0,SL,cube51_cluster0,False
694477,FF,cube13_cluster0,SI,cube4_cluster0,True
694477,SL,cube51_cluster0,SV,cube58_cluster0,True
694646,CU,cube78_cluster0,ST,cube66_cluster0,False
694646,FF,cube13_cluster0,FS,cube12_cluster0,True
694646,SL,cube58_cluster0,ST,cube66_cluster0,False
694738,CH,cube13_cluster0,FC,cube13_cluster0,True
694738,CH,cube13_cluster0,FF,cube13_cluster0,True
694738,CH,cube13_cluster0,SI,cube14_cluster0,True
694738,FC,cube13_cluster0,FF,cube13_cluster0,True
694738,FC,cube13_cluster0,SI,cube14_cluster0,True
694738,FF,cube13_cluster0,SI,cube14_cluster0,True
694851,CH,cube12_cluster0,FF,cube13_cluster0,False
694918,CH,cube12_cluster0,FF,cube13_cluster0,True
694918,CH,cube12_cluster0,SI,cube4_cluster0,False
694918,FF,cube13_cluster0,SI,cube4_cluster0,True
694918,SL,cube43_cluster0,ST,cube58_cluster0,False
694973,CH,cube13_cluster0,FF,cube5_cluster0,False
694973,CH,cube13_cluster0,FS,cube13_cluster0,True
694973,CH,cube13_cluster0,SI,cube14_cluster0,True
694973,CU,cube58_cluster0,SL,cube52_cluster0,False
694973,CU,cube58_cluster0,ST,cube58_cluster0,True
694973,FF,cube5_cluster0,FS,cube13_cluster0,False
694973,FF,cube5_cluster0,SI,cube14_cluster0,True
694973,FS,cube13_cluster0,SI,cube14_cluster0,True
694973,SL,cube52_cluster0,ST,cube58_cluster0,False
695243,CH,cube13_cluster0,FF,cube4_cluster0,True
695418,FF,cube13_cluster0,SI,cube13_cluster0,True
695505,CH,cube3_cluster0,FF,cube13_cluster0,False
695505,CH,cube3_cluster0,PO,cube13_cluster0,False
695505,CH,cube3_cluster0,SI,cube4_cluster0,True
695505,FF,cube13_cluster0,PO,cube13_cluster0,True
695505,FF,cube13_cluster0,SI,cube4_cluster0,False
695505,PO,cube13_cluster0,SI,cube4_cluster0,False
695534,CH,cube13_cluster0,FF,cube4_cluster0,False
695534,CH,cube13_cluster0,SI,cube4_cluster0,False
695534,FF,cube4_cluster0,SI,cube4_cluster0,True
695549,CH,cube12_cluster0,FF,cube13_cluster0,True
695549,CH,cube12_cluster0,SI,cube13_cluster0,True
695549,CU,cube73_cluster0,ST,cube72_cluster0,True
695549,FF,cube13_cluster0,SI,cube13_cluster0,True
696131,CH,cube13_cluster0,FC,cube13_cluster0,True
696131,CH,cube13_cluster0,FF,cube4_cluster0,True
696131,CH,cube13_cluster0,SI,cube13_cluster0,True
696131,FC,cube13_cluster0,FF,cube4_cluster0,False
696131,FC,cube13_cluster0,SI,cube13_cluster0,True
696131,FF,cube4_cluster0,SI,cube13_cluster0,True
696136,CH,cube12_cluster0,FF,cube13_cluster0,False
696136,CH,cube12_cluster0,SI,cube13_cluster0,False
696136,CU,cube73_cluster0,ST,cube66_cluster0,True
696136,FF,cube13_cluster0,SI,cube13_cluster0,True
696136,SL,cube51_cluster0,ST,cube66_cluster0,False
696147,CH,cube13_cluster0,FF,cube13_cluster0,True
696147,CH,cube13_cluster0,PO,cube13_cluster0,True
696147,CH,cube13_cluster0,SI,cube5_cluster0,False
696147,FF,cube13_cluster0,PO,cube13_cluster0,True
696147,FF,cube13_cluster0,SI,cube5_cluster0,True
696147,PO,cube13_cluster0,SI,cube5_cluster0,False
696149,CH,cube13_cluster0,FF,cube4_cluster0,True
696149,CU,cube58_cluster0,SL,cube43_cluster0,False
696270,FS,cube13_cluster0,SI,cube13_cluster0,True
696270,SL,cube51_cluster0,ST,cube58_cluster0,True
697812,CH,cube13_cluster0,FF,cube13_cluster0,True
697812,CH,cube13_cluster0,SI,cube13_cluster0,True
697812,FF,cube13_cluster0,SI,cube13_cluster0,True
699134,CH,cube3_cluster0,FF,cube4_cluster0,True
699134,CH,cube3_cluster0,SI,cube4_cluster0,True
699134,FF,cube4_cluster0,SI,cube4_cluster0,True
700187,CH,cube13_cluster0,FF,cube4_cluster0,True
700187,CH,cube13_cluster0,SI,cube4_cluster0,True
700187,FF,cube4_cluster0,SI,cube4_cluster0,True
700241,CH,cube13_cluster0,FC,cube23_cluster0,False
700241,CH,cube13_cluster0,FF,cube13_cluster0,True
700241,CH,cube13_cluster0,SI,cube13_cluster0,True
700241,CU,cube73_cluster0,SL,cube58_cluster0,False
700241,CU,cube73_cluster0,ST,cube66_cluster0,False
700241,FC,cube23_cluster0,FF,cube13_cluster0,False
700241,FC,cube23_cluster0,SI,cube13_cluster0,False
700241,FF,cube13_cluster0,SI,cube13_cluster0,True
700241,SL,cube58_cluster0,ST,cube66_cluster0,True
700249,CH,cube12_cluster0,FC,cube13_cluster0,False
700249,CH,cube12_cluster0,FF,cube13_cluster0,False
700249,CH,cube12_cluster0,SI,cube4_cluster0,False
700249,CU,cube72_cluster0,ST,cube65_cluster0,False
700249,FC,cube13_cluster0,FF,cube13_cluster0,True
700249,FC,cube13_cluster0,SI,cube4_cluster0,False
700249,FF,cube13_cluster0,SI,cube4_cluster0,True
700363,FF,cube4_cluster0,FS,cube4_cluster0,True
700669,CH,cube13_cluster0,FF,cube13_cluster0,True
700669,CH,cube13_cluster0,SI,cube4_cluster0,True
700669,FF,cube13_cluster0,SI,cube4_cluster0,True
701121,CH,cube14_cluster0,FF,cube14_cluster0,True
701121,CH,cube14_cluster0,SI,cube14_cluster0,True
701121,FF,cube14_cluster0,SI,cube14_cluster0,True
701487,FC,cube22_cluster0,FF,cube12_cluster0,False
701519,CH,cube13_cluster0,FF,cube13_cluster0,True
701519,CH,cube13_cluster0,SI,cube13_cluster0,True
701519,CU,cube66_cluster0,SL,cube51_cluster0,False
701519,FF,cube13_cluster0,SI,cube13_cluster0,True
701542,CH,cube13_cluster0,FF,cube14_cluster0,True
701542,CH,cube13_cluster0,SI,cube14_cluster0,True
701542,CU,cube73_cluster0,ST,cube74_cluster0,True
701542,FF,cube14_cluster0,SI,cube14_cluster0,True
701552,CH,cube12_cluster0,FF,cube12_cluster0,True
701552,CH,cube12_cluster0,SI,cube12_cluster0,True
701552,FF,cube12_cluster0,SI,cube12_cluster0,True
701581,CH,cube13_cluster0,FF,cube13_cluster0,True
701581,CH,cube13_cluster0,SI,cube13_cluster0,True
701581,FF,cube13_cluster0,SI,cube13_cluster0,True
702070,CU,cube65_cluster0,SL,cube57_cluster0,False
702352,CH,cube12_cluster0,FC,cube12_cluster0,True
702352,CH,cube12_cluster0,FF,cube13_cluster0,True
702352,CH,cube12_cluster0,SI,cube4_cluster0,False
702352,FC,cube12_cluster0,FF,cube13_cluster0,True
702352,FC,cube12_cluster0,SI,cube4_cluster0,False
702352,FF,cube13_cluster0,SI,cube4_cluster0,True
702352,ST,cube57_cluster0,SV,cube57_cluster0,True
702674,CH,cube13_cluster0,FF,cube4_cluster0,True
702795,CH,cube12_cluster0,FF,cube3_cluster0,False
702795,CH,cube12_cluster0,SI,cube4_cluster0,False
702795,FF,cube3_cluster0,SI,cube4_cluster0,True
702795,SL,cube58_cluster0,ST,cube57_cluster0,True
800048,CH,cube12_cluster0,FF,cube13_cluster0,True
800048,CH,cube12_cluster0,SI,cube13_cluster0,True
800048,FF,cube13_cluster0,SI,cube13_cluster0,True
800049,CH,cube12_cluster0,FF,cube13_cluster0,True
800049,CH,cube12_cluster0,SI,cube13_cluster0,True
800049,CU,cube66_cluster0,ST,cube66_cluster0,True
800049,FF,cube13_cluster0,SI,cube13_cluster0,True
800311,FF,cube5_cluster0,FS,cube14_cluster0,True
801139,FC,cube24_cluster0,FF,cube14_cluster0,False
801216,CH,cube3_cluster0,FF,cube12_cluster0,True
801216,CH,cube3_cluster0,SI,cube3_cluster0,True
801216,FF,cube12_cluster0,SI,cube3_cluster0,True
801403,CH,cube13_cluster0,FF,cube14_cluster0,True
801403,CH,cube13_cluster0,SI,cube14_cluster0,True
801403,FF,cube14_cluster0,SI,cube14_cluster0,True
801434,FC,cube24_cluster0,FF,cube14_cluster0,False
802419,FF,cube4_cluster0,FS,cube12_cluster0,False
802419,FF,cube4_cluster0,SI,cube13_cluster0,True
802419,FS,cube12_cluster0,SI,cube13_cluster0,False
802686,FF,cube15_cluster0,FS,cube14_cluster0,False
804636,CH,cube13_cluster0,FF,cube13_cluster0,True
805123,CH,cube13_cluster0,FC,cube23_cluster0,False
805123,CH,cube13_cluster0,FF,cube4_cluster0,False
805123,CU,cube72_cluster0,ST,cube66_cluster0,True
805299,CH,cube12_cluster0,SI,cube13_cluster0,True
805673,CH,cube13_cluster0,FC,cube23_cluster0,False
805673,CH,cube13_cluster0,FF,cube4_cluster0,True
805673,CH,cube13_cluster0,SI,cube4_cluster0,True
805673,FF,cube4_cluster0,SI,cube4_cluster0,True
806185,CH,cube12_cluster0,FF,cube13_cluster0,True
806185,CH,cube12_cluster0,SL,cube23_cluster0,False
806185,CU,cube73_cluster0,SV,cube58_cluster0,False
806185,FF,cube13_cluster0,SL,cube23_cluster0,False
806188,CH,cube12_cluster0,FF,cube12_cluster0,True
806188,CH,cube12_cluster0,SI,cube12_cluster0,True
806188,CU,cube77_cluster0,ST,cube73_cluster0,False
806188,FF,cube12_cluster0,SI,cube12_cluster0,True
806960,CH,cube13_cluster0,FF,cube13_cluster0,True
806960,CH,cube13_cluster0,SI,cube13_cluster0,True
806960,FF,cube13_cluster0,SI,cube13_cluster0,True
806960,SL,cube58_cluster0,ST,cube73_cluster0,False
808963,FF,cube4_cluster0,SI,cube4_cluster0,True
808967,CU,cube78_cluster0,ST,cube73_cluster0,False
808967,FC,cube23_cluster0,FF,cube13_cluster0,False
808967,FC,cube23_cluster0,FS,cube13_cluster0,False
808967,FC,cube23_cluster0,SI,cube13_cluster0,False
808967,FF,cube13_cluster0,FS,cube13_cluster0,True
808967,FF,cube13_cluster0,SI,cube13_cluster0,True
808967,FS,cube13_cluster0,SI,cube13_cluster0,True
813349,CH,cube13_cluster0,FF,cube14_cluster0,False
813349,CH,cube13_cluster0,SI,cube5_cluster0,False
813349,CH,cube13_cluster0,SL,cube24_cluster0,False
813349,CU,cube67_cluster0,ST,cube67_cluster0,True
813349,FF,cube14_cluster0,SI,cube5_cluster0,True
813349,FF,cube14_cluster0,SL,cube24_cluster0,False
820862,CH,cube3_cluster0,FF,cube4_cluster0,True
820862,CH,cube3_cluster0,SI,cube4_cluster0,True
820862,FF,cube4_cluster0,SI,cube4_cluster0,True
829272,CH,cube12_cluster0,FF,cube13_cluster0,False
829272,CH,cube12_cluster0,SI,cube4_cluster0,False
829272,FF,cube13_cluster0,SI,cube4_cluster0,True
829272,KC,cube77_cluster0,ST,cube73_cluster0,True
